id,type,text1,text2,text3,notes
,,,,,
# Ships,,,,,
,,,,,
tahlan_Yukikaze,SHIP,"Часть секретного проекта корпорации Tri-Tachyon под названием «проект Kaze», Yukikaze — уникальный крейсер для чёрных операций, созданный для совместных действий с меньшими фрегатами Korikaze и автономного выполнения поставленных задач. Хотя корпорация Tri-Tachyon по-прежнему отрицает причастность к разработке и строительству этого корабля, его появление почти всегда связано с инцидентами, чрезвычайно выгодными для корпорации, и потому мало кто сомневается в этой связи.",,,
tahlan_Korikaze,SHIP,"Созданные как корабли поддержки для Yukikaze, эти небольшие дрон-фрегаты могут подключаться к нейросети Yukikaze, повышая эффективность всех связанных судов в бою и позволяя выполнять сложные атакующие манёвры, требующие предельно точной координации.",,,
tahlan_Firemane,SHIP,"Модификация Colossus, появившаяся из потребности в дешёвой платформе под тяжёлое вооружение. Поскольку энергопотребление такого оружия превышает возможности поточной сети Colossus, генератор щита был снят и заменён дополнительной бронёй. Боевые качества Firemane вызывают вопросы, но как недорогая платформа для тяжёлых орудий он всё же несомненно дешевле Dominator.",,,
tahlan_Castigator,SHIP,"Предположительно предшественник современного Eagle, Castigator был для своего времени чрезмерно переусложнённым штурмовым крейсером, который так и не пошёл в массовое производство из-за множества проблем. Он не только был слишком дорогим, но и уменьшенные TPC в его передних выступах страдали от проблем с надёжностью магнитных систем удержания. Даже с учётом этих недостатков характеристики Castigator без всяких сомнений впечатляют. Тяжёлая броня, многочисленные точки вооружения и достойная манёвренность объединены здесь в тяжёлый крейсер, созданный для боёв на передовой. Врываясь в сражение с эффектным штурмовым форсажем, Castigator производит грозное впечатление и остаётся противником, с которым большинство предпочло бы не сталкиваться лоб в лоб.",,,
tahlan_Castigator_xiv,SHIP,"Во время испытаний в флоте Домена некоторое количество кораблей класса Castigator было построено по альтернативным спецификациям, лучше соответствовавшим доктринам разных боевых групп. Для Четырнадцатой боевой группы разработали вариант с парой стандартных TPC; и хотя флот Домена отверг его как непрактичный из-за необходимости пожертвовать двумя средними орудийными слотами ради дополнительного оборудования и вспомогательных генераторов, среди командования этой боевой группы он пользовался любовью. В серию этот вариант в итоге так и не пошёл, и известных уцелевших кораблей не осталось, однако ходят слухи, что планы постройки всё ещё где-то существуют в Персеанском секторе.

Предположительно предшественник современного Eagle, Castigator был для своего времени чрезмерно переусложнённым штурмовым крейсером, который так и не пошёл в массовое производство из-за множества проблем. Он не только был слишком дорогим, но и уменьшенные TPC в его передних выступах страдали от проблем с надёжностью магнитных систем удержания. Даже с учётом этих недостатков характеристики Castigator без всяких сомнений впечатляют. Тяжёлая броня, многочисленные точки вооружения и достойная манёвренность объединены здесь в тяжёлый крейсер, созданный для боёв на передовой. Врываясь в сражение с эффектным штурмовым форсажем, Castigator производит грозное впечатление и остаётся противником, с которым большинство предпочло бы не сталкиваться лоб в лоб.",,,
tahlan_Bento,SHIP,"Любовно прозванный многими капитанами «Ланчбоксом» за то, как жадно он кормит прожорливые корабельные двигатели, боевой танкер класса Bento — крепкое маленькое судно, способное постоять за себя в бою. Его часто можно встретить в небольших флотилиях, которые не могут выделить эскорт для логистических кораблей, или в торговых караванах, желающих лучше защищаться от пиратских нападений на дальних маршрутах. Bento — достойная альтернатива вездесущему Dram. Да, ради этого приходится жертвовать запасом топлива, но зачастую проще просто взять второй Bento.",,,
tahlan_Bento_rg,SHIP,"Под яркой окраской Красной гвардии этот корабль был разобран и перестроен ради максимальной живучести при минимальных затратах. Сложные сенсорные массивы и капризные высокотехнологичные консоли связи были удалены, оставив лишь системы, абсолютно необходимые судну как беспощадно эффективному оружию войны. Особенно заметно то, что у этого корпуса класса Bento сняли большой топливный бак и заменили его кустарно смонтированным крупным креплением.

Любовно прозванный многими капитанами «Ланчбоксом» за то, как жадно он кормит прожорливые корабельные двигатели, боевой танкер класса Bento — крепкое маленькое судно, способное постоять за себя в бою. Его часто можно встретить в небольших флотилиях, которые не могут выделить эскорт для логистических кораблей, или в торговых караванах, желающих лучше защищаться от пиратских нападений на дальних маршрутах. Bento — достойная альтернатива вездесущему Dram. Да, ради этого приходится жертвовать запасом топлива, но зачастую проще просто взять второй Bento.",,,
tahlan_Bento_lp,SHIP,"Фанатики Луддического Пути приспособили этот корабль под свои нужды, выбросив всё лишнее и превратив его в небрежно собранную машину священной войны.

Любовно прозванный многими капитанами «Ланчбоксом» за то, как жадно он кормит прожорливые корабельные двигатели, боевой танкер класса Bento — крепкое маленькое судно, способное постоять за себя в бою. Его часто можно встретить в небольших флотилиях, которые не могут выделить эскорт для логистических кораблей, или в торговых караванах, желающих лучше защищаться от пиратских нападений на дальних маршрутах. Bento — достойная альтернатива вездесущему Dram. Да, ради этого приходится жертвовать запасом топлива, но зачастую проще просто взять второй Bento.",,,
tahlan_Vale,SHIP,"«С праведной яростью он ищет по всей земле тех, кто посмеет ослушаться воли его бога, неся им бойню и смерть. Он — святой воин, ведомый несокрушимой верой.»",,,
tahlan_Exa_Pico,SHIP,"Ходят слухи, что происхождение этого необычного судна — результат пари между инженерами Великих Домов, решившими превратить Kite в пригодный для боя корабль. Как бы то ни было, Exa Pico действительно значительно превосходит скромный Kite во всех боевых аспектах, хотя и остаётся крайне хрупким.",,,
tahlan_Kodai,SHIP,"Построенный на базе надёжного шасси горнодобывающего крейсера, Kodai был полностью переработан для военного применения. Улучшенное оружие, усиленная броня и новый генератор щита превращают его в опасный корабль, хотя размеры промышленного корпуса всё ещё делают его довольно неповоротливым.",,,
tahlan_raba,SHIP,"Редко встречающийся в действующей службе, Raba — старый горнодобывающий баркас, который никогда не пользовался особой популярностью и оказался коммерческим провалом. Некоторые из уцелевших корпусов всё же были переоборудованы в вооружённые грузовые суда и до сих пор встречаются у самых разных владельцев.",,,
tahlan_Ambrosia,SHIP,"Необычный проект: Ambrosia, по-видимому, был построен вокруг спасённого ангарного модуля неизвестного авианосца. На основе громоздкой гражданской рамы он получился странным, но удивительно функциональным кораблём поддержки.",,,
tahlan_Castella,SHIP,"Устаревший проект авианосца, Castella в флотах Домена в основном был вытеснен Legion, но зато нашёл свою нишу в периферийных силах и у частных военных формирований. Несмотря на возраст, он по-прежнему остаётся вполне надёжной платформой для авиакрыла.",,,
tahlan_Castella_lp,SHIP,"Фанатики Луддического Пути приспособили этот корабль под свои нужды, выбросив всё лишнее и превратив его в небрежно собранную машину священной войны.

Устаревший проект авианосца, Castella в флотах Домена в основном был вытеснен Legion, но зато нашёл свою нишу в периферийных силах и у частных военных формирований. Несмотря на возраст, он по-прежнему остаётся вполне надёжной платформой для авиакрыла.",,,
tahlan_Nessie,SHIP,"Что за безумие заставило мусорщиков создать это чудовище фазового корабля — неизвестно, но грубая мешанина из деталей самых разных судов каким-то образом всё же способна действовать. Практичность такого решения спорна, зато зрелище оно производит незабываемое.",,,
tahlan_Bungalow,SHIP,"Ранний конкурент Mora, создатели Bungalow делали ставку на максимальную проекцию истребителей за счёт почти всего остального. В итоге получился специализированный носитель, не слишком универсальный, но весьма опасный, если ему удаётся реализовать своё авиакрыло.",,,
tahlan_Yosei,SHIP,"Модификация Tempest, Yosei — более тяжёлый фрегат, жертвующий частью подвижности ради дополнительной огневой мощи.",,,
tahlan_Skola,SHIP,"Малый и быстрый, Skola — ударный фрегат, построенный вокруг пары призматических катушек, мощных дуговых орудий, способных разрывать лёгкие цели. Он полагается на скорость и внезапность, а не на выносливость.",,,
tahlan_Haelequin,SHIP,"Агрессивная рама в сочетании с темпоральная оболочка делает Haelequin по-настоящему пугающим противником. Хотя у конструкции есть очевидные ограничения по живучести, при правильном использовании корабль способен нанести удар с чудовищной скоростью.",,,
tahlan_Izanami,SHIP,"Последний проект корабля, созданный верфями Kassadari до коллапса, Izanami представляет собой вершину инженерного искусства Kassadari. Сочетая передовые системы с разрушительной огневой мощью, этот корабль остаётся символом утраченного величия.",,,
tahlan_Renki,SHIP,"Специализированный ракетный и вспомогательный фрегат, оснащённый активной системой ECCM, которая при работе даёт преимущества ECCM ближайшим союзникам. Особенно популярен во флотах с большим количеством ракетного вооружения. Renki — рабочая лошадка среди фрегатов, способная и сама больно ударить.",,,
tahlan_Timeless,SHIP,Необычный дрон-корабль неизвестного происхождения и конструкции.,,,
tahlan_Timeless_retro,SHIP,"Судя по чертежу, найденному в скрытом хранилище данных, этот необычный проект является прототипом дрон-материнского корабля. Хотя он не способен на те же подвиги, что и завершённый вариант, поскольку ради жилого пространства пришлось пожертвовать частью ангаров и брони, это всё равно впечатляющий образец техники.",,,
tahlan_Nameless,SHIP,Необычный дрон-корабль неизвестного происхождения и конструкции.,,,
tahlan_Fragmenta,SHIP,"Необычный дрон-истребитель, выпускаемый роем более крупными дрон-кораблями.",,,
tahlan_Defiance,SHIP,"Созданный уже после коллапса из частей существующих проектов, Defiance задумывался как более дешёвая альтернатива Gryphon в роли достойного ракетного крейсера. Хотя по чистой ракетной мощи он не дотягивает до оригинала, это компенсируется большим количеством баллистических слотов.",,,
tahlan_Torii,SHIP,"Небольшой эсминец, спроектированный с одной-единственной целью — навести на противника как можно больше стволов на лёгкой платформе. С этой задачей он справляется неплохо, но чрезвычайно широкий силуэт делает корабль довольно хрупким и лёгкой мишенью.",,,
tahlan_Eagle_P,SHIP,"Этот Eagle был с энтузиазмом «улучшен» весёлой пиратской бандой: ему поставили более крупные орудийные крепления и ангар. Опасения из-за почти полного отсутствия средств ПВО были радостно отброшены — «истребители сами с этой дрянью разберутся».

Крейсеры класса Eagle часто составляют ядро боевых флотов, и нетрудно понять почему: сильный общий профиль, надёжный двигатель и смертоносный набор вооружения делают Eagle угрозой для любого противника.

Eagle способен нанести мощный тактический удар по вражескому строю. Многочисленные турели и жёсткие точки вооружения делают его крайне опасным для более мелких целей. Достойная броня и мощный генератор щита позволяют удерживать пространство даже в меньшинстве или при столкновении с более крупным кораблём.

Частично эти достоинства нивелируются ударной авиацией — капитан Eagle обязан постоянно следить за сенсорами на случай приближающегося ударного звена, поскольку несколько попаданий современного ударного вооружения могут легко искалечить корабль.

Воплощение стремительного и мощного космического крейсера времён Домена, корабли класса Eagle остаются прекрасным напоминанием о технологических и эстетических достижениях прошлого человечества.",,,
tahlan_Tempest_P,SHIP,"Редко попадающий в руки пиратов, Tempest высоко ценится теми, кому всё же удаётся им завладеть. Этот экземпляр был «улучшен» в лучших пиратских традициях: получил возможность ставить баллистическое вооружение, а его моторный блок заменили на более крупный — хотя не факт, что более удачный. К сожалению, оригинальная дрон-автокузница Terminator была непоправимо повреждена при захвате и её пришлось заменить пиратской имитацией сомнительного качества.

Асимметричный передовой проект поздней эпохи Экспансии, класса Tempest — эталонный ударный фрегат: быстрый, смертоносный и очень трудный для уничтожения.",,,
tahlan_Castigator_commie,SHIP,"Крайне необычный вариант Castigator: эта модель была превращена в специализированный авианосец, где большую часть оружейных креплений заменили на полётные палубы и ангарные отсеки. Удивительно эффективен, но страдает от замедленного обслуживания авиакрыла из-за тесноты импровизированных ангаров.

Предположительно предшественник современного Eagle, Castigator был для своего времени чрезмерно переусложнённым штурмовым крейсером, который так и не пошёл в массовое производство из-за множества проблем. Он не только был слишком дорогим, но и уменьшенные TPC в его передних выступах страдали от проблем с надёжностью магнитных систем удержания. Даже с учётом этих недостатков характеристики Castigator без всяких сомнений впечатляют. Тяжёлая броня, многочисленные точки вооружения и достойная манёвренность объединены здесь в тяжёлый крейсер, созданный для боёв на передовой. Врываясь в сражение с эффектным штурмовым форсажем, Castigator производит грозное впечатление и остаётся противником, с которым большинство предпочло бы не сталкиваться лоб в лоб.",,,
tahlan_Hresvelgr,SHIP,"До того как Legion стал основным боевым авианосцем, Hresvelgr довольно широко использовался во флоте Домена благодаря своей отличной вместимости авиакрыла. Однако со временем проект вышел из моды: те боевые группы Домена, которые делали ставку на флотские авианосцы, начали переходить на Astral за его более высокую ударную мощь.

Во времена коллапса в Персеанском секторе таких кораблей было немного, но затем они снова вошли в строй у разных флотов благодаря меньшим требованиям к производству и способности обеспечивать большие и надёжные истребительные завесы, бесценные во время ИИ-войн.",,,
tahlan_Hresvelgr_rg,SHIP,"Под яркой окраской Красной гвардии этот корабль был разобран и перестроен ради максимальной живучести при минимальных затратах. Сложные сенсорные массивы и капризные высокотехнологичные консоли связи были удалены, оставив лишь системы, абсолютно необходимые судну как беспощадно эффективному оружию войны. Этот конкретный корпус дополнительно оснастили парой крупных баллистических креплений и распределителем потока, чтобы справляться с возросшей нагрузкой.

До того как Legion стал основным боевым авианосцем, Hresvelgr довольно широко использовался во флоте Домена благодаря своей отличной вместимости авиакрыла. Однако со временем проект вышел из моды: те боевые группы Домена, которые делали ставку на флотские авианосцы, начали переходить на Astral за его более высокую ударную мощь.

Во времена коллапса в Персеанском секторе таких кораблей было немного, но затем они снова вошли в строй у разных флотов благодаря меньшим требованиям к производству и способности обеспечивать большие и надёжные истребительные завесы, бесценные во время ИИ-войн.",,,
tahlan_Glint,SHIP,"Yari — то, что многие назвали бы показушным кораблём, якобы созданным как демонстрационная платформа вооружения для руководителей. Благодаря изящному корпусу и роскошному интерьеру он больше напоминает частную яхту, чем специально спроектированный боевой корабль. И хотя изначально он не предназначался для массового производства, проект обрёл популярность у частных сил безопасности и независимых флотов как за внешний вид, так и за впечатляющую пару крупных энергетических слотов, благодаря чему и вышел на открытый рынок.",,,
tahlan_Bronco,SHIP,"Изначально созданный как лёгкий грузовик, Bronco не добился большого коммерческого успеха в своей изначальной конфигурации. Однако пираты часто переделывали его в ракетный эсминец, что и вдохновило полноценный редизайн корпуса: грузовые отсеки заменили крупными блоками хранения ракет, связанными с парой носовых ракетных креплений. Для самообороны также добавили один средний баллистический слот и оснастили его современной системой подачи боеприпасов, чтобы дать кораблю дополнительный укус на ближней дистанции.",,,
tahlan_Nibelung,SHIP,"Древний проект: линкор класса Nibelung появился ещё до почтенного Onslaught и относится к совершенно иной школе кораблестроения. Построенный вокруг мощного бортового залпа для действий в составе огромной боевой линии, Nibelung вышел из фавора вместе со сменой военной доктрины Домена.

Хотя проект относится ко времени до модульного вооружения и щитов, его ориентация на башни оказалась хорошо приспособлена к внедрению модульных орудийных креплений, и ряд крупных модернизаций сохранял актуальность корабля долгие годы в планетарной обороне и полувоенных силах.

Особая странность корпуса — пара торпедных аппаратов с автозарядкой в носу. Когда-то они были рассчитаны на дальнобойные ракеты, но это вооружение устарело с развитием современной брони, и теперь их обычно заменяют доступными торпедами класса Hammer. Менее опытные капитаны часто недооценивают эти трубы, но мастера Nibelung умеют использовать маневровые двигатели, чтобы резко довернуть нос и нанести сокрушительный удар по уязвимому противнику.",,,
tahlan_Phoca,SHIP,"Phoca — лёгкий крейсер, делающий ставку на мощный баллистический бортовой залп, усиленный продвинутыми системами подачи боеприпасов. Огневая мощь у него впечатляющая, но сам корабль довольно хрупок и полагается на скоростные налёты и проходы мимо цели, чтобы выживать, нанося урон.",,,
tahlan_Ristreza,SHIP,"Редкий пример кораблестроения Kassadari доколлапсной эпохи, Ristreza восходит к раннему этапу развития фирменной технологии темпоральной контурной сетки Великих Домов. Оснащённая первой полностью рабочей сеткой и рядом других прототипов, она на протяжении всей службы была испытательным стендом для множества технологий Kassadari. Точное число построенных кораблей этого типа остаётся загадкой, но известно, что когда-то именно они составляли основу флота Kassadari до перехода к доктрине рефитов после коллапса.

Хотя изначально Ristreza задумывалась как экспериментальное судно, сама по себе она является очень способным боевым кораблём и именно в таком качестве использовалась большую часть своей службы.",,,
tahlan_Ristreza_b,SHIP,"Редкий вариант линейного крейсера класса Ristreza, оснащённый парой VLS-массивов микроркет. Специализируясь на насыщении цели ракетами, эти установки снабжены большими магазинами и встроенной нанокузницей, обеспечивающей длительный ракетный обстрел. Однако из-за требований к объёму вторичный конденсаторный массив спинального орудия Gleipnir был снят, и теперь оно использует только кинетические боеприпасы, полагаясь на ракеты как на источник фугасного урона.

Редкий пример кораблестроения Kassadari доколлапсной эпохи, Ristreza восходит к раннему этапу развития фирменной технологии темпоральной контурной сетки Великих Домов. Оснащённая первой полностью рабочей сеткой и рядом других прототипов, она на протяжении всей службы была испытательным стендом для множества технологий Kassadari. Точное число построенных кораблей этого типа остаётся загадкой, но известно, что когда-то именно они составляли основу флота Kassadari до перехода к доктрине рефитов после коллапса.

Хотя изначально Ristreza задумывалась как экспериментальное судно, сама по себе она является очень способным боевым кораблём и именно в таком качестве использовалась большую часть своей службы.",,,
tahlan_Trill,SHIP,"Trill когда-то был прототипом судна для нового типа поточного ядра. На протяжении веков многие инженеры пытались найти способ использовать накопление потока, и Trill — одна из самых удачных таких попыток. На первый взгляд заметно недовооружённый, этот корабль использует накопленный поток, чтобы разгонять своё единственное орудие до чрезмерного уровня эффективности.

Хотя эксперимент технически удался, попытки масштабировать технологию хотя бы на более чем одно малое крепление столкнулись со слишком большим числом серьёзных проблем, и финансирование в итоге прекратили. Несколько прототипов всё ещё существуют где-то по сектору и желанны для многих коллекционеров.",,,
tahlan_Flagellator,SHIP,"Построенный ради скорости и оснащённый ранним вариантом гравитонного луча, Flagellator — специализированный охотник-истребитель, созданный для преследования и уничтожения быстрых целей.",,,
tahlan_Nightingale,SHIP,"Ответвление программы разработки ИИ-флотов корпорации Tri-Tachyon. Songbird задумывался как исключительно живучий корабль поддержки. Утыканный оружием и несущий три крыла рой-дронов, он способен стать кошмаром для любого флота, которому не хватает ПВО.",,,
tahlan_Prim,SHIP,"Небольшой дрон-истребитель, вооружённый роевыми SRM. Сам по себе слаб, но становится опасным за счёт численности.",,,
tahlan_darnus,SHIP,"Происхождение Darnus окутано тайной. Судя по необычному пространственному скачковому приводу, это, вероятно, прототип, обладающий превосходными боевыми возможностями.",,,
tahlan_providence,SHIP,"Достаточно манёвренный, хорошо бронированный и удивительно тяжело вооружённый, Providence — исключительно гибкий линейный крейсер, который, вероятно, встречался бы в флотах Домена чаще, если бы не высокая цена и наличие более дешёвых альтернатив.

Линейный крейсер класса Providence от Astra Mechanica часто описывают как «корабль с кризисом идентичности». Изначально задуманный в рамках того, что сейчас обычно называют «среднетехнологичным»-доктриной, проект прошёл через бюрократический ад: финансирование шаталось, а состав комитета надзора постоянно менялся. Сначала корабль предназначался для стандартных лобовых столкновений, но появление Conquest привело к изменению требований: теперь проект должен был иметь мощный бортовой ударный потенциал. Это было достигнуто добавлением множества малых боковых креплений и возможностью ставить ракеты в крупный слот на противоположной стороне корпуса, однако всенаправленный щитовой генератор для такого стиля боя так и не установили. Щиты вообще пострадали сильнее всего: генератор уменьшали несколько раз, чтобы освободить место под всё более тяжёлую броню, вероятно из-за неугасающего восхищения членов комитета почтенным Onslaught.

Несмотря на то, что Providence — образцовый пример корабля, спроектированного комитетом, итог получился на удивление прочным, пусть и дорогим в производстве, вероятно благодаря выдающемуся таланту инженеров, которые его создавали. Главные достоинства проекта — крайне лёгкая конструкция в сочетании с отличными двигателями, обеспечивающими выдающуюся максимальную скорость для корабля капитального класса, а также уникальный Induction Ammo Feeder, придающий ему по-настоящему страшный удар.",,,
tahlan_blockhead,SHIP,"Плод изобретательности сил планетарной обороны, Blockhead — переделанный гражданский проект, довольно часто встречающийся в оборонительных флотах небольших независимых миров. Предлагая исключительную огневую мощь и крепкую броню, этот гадкий утёнок оказывается крайне привлекательным вариантом для тех, кто хочет отпугивать пиратов демонстрацией огня, обычно доступной лишь обладателям куда более дорогих кораблей.

Существует много предположений о происхождении этой конкретной модификации, но говорят, что её варианты уходят корнями ко времени первого появления Onslaught во флоте Домена, а возможно и ещё дальше. С тех пор проект пережил множество неофициальных переработок — насколько вообще можно говорить о «ревизиях», когда речь идёт о таком самодельном боевом корабле.",,,
tahlan_throne,SHIP,"Сочетая манёвренность и впечатляющую броню, этот крепкий крейсер способен надёжно справляться почти с любой боевой ситуацией, несмотря на слабоватое поточное ядро. Благодаря гибким вариантам оснащения он является любимцем многих каперов, но в целом встречается редко из-за ограниченной серии производства до Коллапса.

Вероятно, ответвление программы Providence. Throne получил куда более чёткие требования, чем его старшая сестра, созданная «по комитету». Используя многие компоненты, разработанные для Providence, оба корабля имеют немало общих черт, особенно отличную максимальную скорость и неожиданно тяжёлую броню. В итоге получился эффективный ударный крейсер, способный сильно бить и быстро отходить, но с ограниченной стойкостью из-за слабых щитов.",,,
tahlan_Cobalt,SHIP,"Быстрый и тяжело вооружённый, Cordite — разрушительный штурмовой крейсер, способный перестрелять большинство противников в прямой дуэли.

Хотя мощный крупный слот, усиленный системой фокусировки высокой энергии, исключительно силён, в остальном корпус слегка недовооружён, особенно если говорить о сильно ограниченной сетке ПВО.",,,
tahlan_Poltergeist,SHIP,"Оснащённый множеством ракетных креплений и автокузницей для их пополнения в бою, Poltergeist — неуловимая и разрушительная платформа залпового обстрела, но при этом несёт лишь ограниченное количество обычного вооружения. Благодаря возможностям фазирования он способен гибко выбирать позицию, однако базовая скорость у него ниже, чем у других фазовых кораблей, и он склонен слишком глубоко врываться в бой.",,,
tahlan_skyrend,SHIP,"Линейный крейсер класса Skysplitter — технологически продвинутый боевой корабль, делающий тяжёлую ставку на лобовую огневую мощь. Вдохновлённый эсминцем класса Sunder, Skysplitter изначально разрабатывался Red Monarch Starworks как крейсер, призванный закрыть часть слабостей Sunder. Но по мере того как инженеры «решали» всё новые недостатки, масштаб проекта быстро вышел из-под контроля, и список функций разросся до такого уровня, что вместить их удалось лишь в корпус капитального класса. В итоге проект вылился в на удивление подвижный, тяжело вооружённый и мощный корабль, способный выдавать исключительную огневую мощь против любого противника.

Однако за эти достоинства пришлось платить. Чтобы сохранить для Skysplitter высокую скорость в своей размерной категории, его броню пришлось урезать до сравнительно хрупкой оболочки. Система перегруза вооружения оказалась несовместима с более эффективными и гибкими щитовыми решениями. Практически во все аспекты работы корабля пришлось внедрять обширную и дорогую автоматизацию, чтобы компенсировать повышенные требования к экипажу из-за двух ангаров. И, пожалуй, хуже всего то, что расползание масштаба и бесконечные компромиссы при разработке вывели бюджет проекта далеко за все допустимые пределы. Хотя Skysplitter впоследствии доказал свою ценность, в своё время высокая цена за единицу и отсутствие проверенной репутации привели к тому, что кораблей приняли на вооружение очень мало.

Тем не менее немногие суда этого класса, добравшиеся до Персеанского сектора, проявили себя под давлением весьма достойно. Производство таких корпусов всё ещё ограничено, но те немногие, что обращаются в секторе, ценятся как по-настоящему страшные линейные крейсеры.",,,
tahlan_nelson,SHIP,"Немногие корабли воплощают дерзость так же ярко, как Nelson. Вооружённый до зубов самым разным арсеналом, этот тяжёлый крейсер способен разнести почти всё, что осмелится подойти к нему спереди. Созданный для агрессивной штурмовой тактики, Nelson оснащён массивным тяжёлым ускорителем Starburn Mk.69, позволяющим стремительно сближаться и легко использовать любые слабые места в строю противника.

Из-за некоторого сходства компоновки Nelson часто называют более агрессивным кузеном Champion, и капитаны обоих классов давно состоят в затяжном споре о том, чей корабль лучше. Впрочем, обычно все соглашаются, что роли у них разные и взаимодополняющие. В боевых флотах Лиги эти корабли нередко используют вместе в тактике «молот и наковальня», так что соперничество между ними вряд ли скоро исчезнет.",,,
tahlan_tower,SHIP,"Результат попыток скрестить тяжёлый крейсер с эскортным авианосцем, Tower — довольно неуклюжий проект, родившийся из необходимости противостоять флотам с упором на авианосцы. Ради этого его оснастили парой полностью встроенных спаренных флак-пушек и ангарами, способными нести два крыла перехватчиков, что теоретически позволяло отбивать атаки авиации.

В конечном счёте проект не оправдал надежд просто потому, что корабль не мог догнать авианосцы, против которых создавался. Однако он обрёл новую популярность среди командиров, ценящих возможность нести небольшой ударный авиапакет на борту полноценного фронтового бойца.",,,
tahlan_equinox,SHIP,"Остаток автономных ИИ-флотов, разработанных корпорацией Tri-Tachyon. Незаконные по законам Домена (и Гегемонии) и считающиеся мерзостью Церковью Галактического Искупления, эти творения якобы были полностью очищены из Сектора во время Первой ИИ-войны. Так говорят официальные хроники.

Сочетая мощное авиакрыло с эффективным корабельным вооружением, это судно представляет серьёзную угрозу для любого корабля в Персеанском секторе. Equinox отнюдь не тыловая единица: она легко держится на передовой, обеспечивая либо значительный ударный потенциал, либо превосходство в воздухе.",,,
tahlan_flare,SHIP,"Остаток автономных ИИ-флотов, разработанных корпорацией Tri-Tachyon. Незаконные по законам Домена (и Гегемонии) и считающиеся мерзостью Церковью Галактического Искупления, эти творения якобы были полностью очищены из Сектора во время Первой ИИ-войны. Так говорят официальные хроники.

Несущее два крыла дронов Terminator, судно Flare является настоящей крепостью ПВО и при этом не вынуждено жертвовать огневой мощью.",,,
tahlan_landsknecht,SHIP,"Неудачная попытка возродить концепцию линейного крейсера класса Retribution в более компактном исполнении, соответствующем крейсерской школе проектирования. Пытаясь исправить недостатки Retribution, конструкторы Landsknecht создали корабль, который должен был быть менее хрупким для своих размеров, сохранив при этом выдающуюся мобильность, обеспечиваемую Orion Device. Эти улучшения действительно были достигнуты, но ценой огневой мощи, из-за чего Landsknecht получился несколько растерянным по концепции.

В рамках проекта сам Orion Device тоже был модифицирован под новый корпус. Обновлённые заряды антиматерии обладают большим радиусом взрыва, что делает их особенно опасными для находящихся поблизости истребителей.",,,
,,,,,
,,,,,
#LosTech,,,,,
tahlan_karma,SHIP,"На первый взгляд это выглядит как грубо собранный проект на базе крейсера класса Brilliant. Однако при ближайшем рассмотрении выясняется, что корабль совсем не так прост. Сложные технологии Remnant безупречно интегрированы с изготовленной на заказ центральной секцией корпуса и содержат ряд необычных модификаций с использованием аппаратуры, по-видимому относящейся к поздней эпохе Домена, которую современные базы данных не способны опознать.

Кто построил этот корабль и с какой целью — остаётся загадкой.",,,
tahlan_samsara,SHIP,"На первый взгляд это выглядит как грубо собранный проект на базе крейсера класса Brilliant. Однако при ближайшем рассмотрении выясняется, что корабль совсем не так прост. Сложные технологии Remnant безупречно интегрированы с изготовленной на заказ центральной секцией корпуса и содержат ряд необычных модификаций с использованием аппаратуры, по-видимому относящейся к поздней эпохе Домена, которую современные базы данных не способны опознать.

Кто построил этот корабль и с какой целью — остаётся загадкой.",,,
tahlan_Castigator_relic,SHIP,"Хотя в основе явно лежит корпус Castigator, этот корабль выглядит как крайне глубоко модифицированная машина, вобравшая в себя по-настоящему пёстрый набор технологий. Многие изменённые элементы корпуса, похоже, сняты с дронов Explorarium, однако внутренности находятся на поразительно высоком уровне: часть узлов, вероятно, каннибализирована из дрон-кораблей Remnant, другие же имеют вовсе неизвестное происхождение. В частности, поточная сеть была серьёзно усилена тем, что почти наверняка является утраченных технологий поздней эпохи Домена. Результат этих переделок — корабль, показывающий характеристики намного выше любых ожиданий.

Кто построил этот корабль и с какой целью — остаётся загадкой.",,,
tahlan_nirvana,SHIP,"Необычная смесь разных корабельных проектов. Внешне он напоминает дрон-корабли Domain Explorarium, но его внутренние системы куда более совершенны.

Кто построил этот корабль и с какой целью — остаётся загадкой.",,,
tahlan_rigveda,SHIP,"То, что поначалу кажется сильно модифицированным дрон-кораблём Remnant, на деле имеет с проектами Remnant лишь поверхностное сходство. Построенный на основе неизвестной и крайне продвинутой технологии, он скрывает свои настоящие возможности.

Кто построил этот корабль и с какой целью — остаётся загадкой.",,,
tahlan_yajurveda,SHIP,"Похоже на гибрид корпусов Lasher и Remnant: этот необычный фрегат оснащён технологией неизвестного происхождения.

Кто построил этот корабль и с какой целью — остаётся загадкой.",,,
tahlan_sutra,SHIP,"Необычный дрон, оснащённый конденсаторной версией Project Velvet.",,,
tahlan_samaveda,SHIP,"Явно основанный на конструкции корпуса Remnant, этот необычный корабль в первую очередь служит носителем ударных дронов класса Sutra.",,,
tahlan_kelpia,SHIP,"Пугающе агрессивный проект: эта необычная смесь технологий оснащена странной полуфазовой двигательной системой, которая, по-видимому, создана с единственной целью — пронзать другие корабли насквозь.",,,
tahlan_melusia,SHIP,"Наступательный эсминец неизвестной конструкции, сочетающий высокую скорость с впечатляющей огневой мощью.",,,
tahlan_asria,SHIP,"Линейный крейсер с невероятной мобильностью и мощным вооружением. Его безынерционная двигательная система словно нарушает все законы физики, делая встречу с ним настоящим кошмаром.",,,
tahlan_impia,SHIP,"Судя по всему, модификация дрон-корабля Remnant: этот быстрый скользящий фрегат является выдающимся рейдером.",,,
,,,,,
,,,,,
,,,,,
#Legio Infernalis,,,,,
tahlan_lasher_pi,SHIP,"После большой популярности среди командиров флотов Legio, Lasher прошёл серьёзную переработку силами Infernal Engineering Corps. Получив пару средних креплений, Lasher (PI) стал особенно свиреп: агрессивная система подачи боеприпасов в сочетании с возможностью ставить ракеты среднего класса даёт ему ужасающую ударную мощь.",,,
tahlan_Castigator_P,SHIP,"Сам по себе редкий проект, Castigator почти не попадает в руки пиратов, а уж в исправном состоянии — и подавно. Не имея технической возможности восстановить фирменные UTPC, команда этого конкретного корпуса решила выдрать их, освободить место под крупную жёсткую точку и одновременно вывести вспомогательные двигатели на режим далеко за пределами безопасных значений.

Предположительно предшественник современного Eagle, Castigator был для своего времени чрезмерно переусложнённым штурмовым крейсером, который так и не пошёл в массовое производство из-за множества проблем. Он не только был слишком дорогим, но и уменьшенные TPC в его передних выступах страдали от проблем с надёжностью магнитных систем удержания. Даже с учётом этих недостатков характеристики Castigator без всяких сомнений впечатляют. Тяжёлая броня, многочисленные точки вооружения и достойная манёвренность объединены здесь в тяжёлый крейсер, созданный для боёв на передовой. Врываясь в сражение с эффектным штурмовым форсажем, Castigator производит грозное впечатление и остаётся противником, с которым большинство предпочло бы не сталкиваться лоб в лоб.",,,
tahlan_Hresvelgr_p,SHIP,"Переделанный пиратами ради большей ударной мощи, этот необычный вариант Hresvelgr получил значительно увеличенную ракетную нагрузку ценой баллистического потенциала и запасов авиакрыла. Корабль очень опасен, но базовый корпус всё ещё остаётся довольно хрупким по меркам капитального класса.

До того как Legion стал основным боевым авианосцем, Hresvelgr довольно широко использовался во флоте Домена благодаря своей отличной вместимости авиакрыла. Однако со временем проект вышел из моды: те боевые группы Домена, которые делали ставку на флотские авианосцы, начали переходить на Astral за его более высокую ударную мощь.

Во времена коллапса в Персеанском секторе таких кораблей было немного, но затем они снова вошли в строй у разных флотов благодаря меньшим требованиям к производству и способности обеспечивать большие и надёжные истребительные завесы, бесценные во время ИИ-войн.",,,
tahlan_Dominator_PH,SHIP,"Хотя пираты славятся любовью к послепродажным модификациям своих кораблей, немногие из них столь амбициозны, как безумец, сумевший пересадить комплект трофейных фазовых катушек в корпус Dominator и подключить их к комично огромному силовому ядру. Результат можно описать только как абсурд: в фазе корабль обладает необычной подвижностью, а вне фазы — той огневой мощью и бронёй, которых и ждёшь от Dominator. Остаётся лишь гадать, что настолько перенастроенное фазовое поле делает с психикой экипажа, хотя вряд ли люди, добровольно подписавшиеся служить на таком судне, вообще когда-то отличались здравым смыслом.

Тяжеловесный и зловещий, класс Dominator — один из самых распространённых системных оборонительных крейсеров в пространстве Гегемонии.

Пусть этот корпус и не относится к вершинам технологий, он полагается на множество баллистических креплений для выполнения своей задачи — а чаще всего это защита орбитальных объектов и ключевых точек внутрисистемной торговли. Слабый и неудобный в использовании щитовой генератор, которым поэтому редко пользуются, компенсируется почти непробиваемой взаимосвязанной броневой схемой, защищающей Dominator от большинства видов вооружения. Даже ударная авиация с трудом прорывается сквозь град снарядов, выпускаемых на перехват её боекомплекта. Этот корпус наглядно доказывает, что проверенную военную инженерию трудно превзойти новыми идеями и технологиями — особенно в руках жёстких, решительных экипажей и опытных офицеров.

Надёжный, живучий и постоянно присутствующий в домашнем пространстве вокруг цивилизованных миров и аванпостов, Dominator, пожалуй, больше всего ненавистен и страшен пиратам и корпоративным агентам, нарушающим закон.",,,
tahlan_Castella_pirates,SHIP,"Этот редко встречающийся рефит корпуса типа Castella считается среди пиратов почти легендой и демонстрирует немало признаков компетентной инженерии, редко свойственной этим беззаконным группам. Главная его особенность — массивная спинальная пушка, способная внушить страх любому несчастному торговцу, оказавшемуся у неё в прицеле.

Устаревший проект авианосца, Castella в основном был вытеснен Legion во флотах Домена, но оставался популярен у меньших системных оборонительных сил и независимых флотов. Особенно его полюбили спасатели и сборщики трофеев.",,,
tahlan_Bronco_p,SHIP,"По иронии судьбы этот Bronco был снова переоборудован пиратами. Как всегда проявив кристальную ясность мысли, они заметили отличную систему подачи боеприпасов и потому превратили носовые ракетные крепления в ещё одну пару баллистических слотов, чтобы выжать из неё максимум. Не желая пропадать большому ракетному отсеку, они также модифицировали предназначенные для передних турелей ПВО места так, чтобы те принимали ракеты, а завершили переделку форсированными двигателями — ведь такая штука всегда особенно любима вне закона.

Изначально созданный как лёгкий грузовик, Bronco не добился большого коммерческого успеха в своей изначальной конфигурации. Однако пираты часто переделывали его в ракетный эсминец, что и вдохновило полноценный редизайн корпуса: грузовые отсеки заменили крупными блоками хранения ракет, связанными с парой носовых ракетных креплений. Для самообороны также добавили один средний баллистический слот и оснастили его современной системой подачи боеприпасов, чтобы дать кораблю дополнительный укус на ближней дистанции.",,,
tahlan_DunScaith,SHIP,"Построенный вокруг останков линкора класса Onslaught, Dun Scaith — колоссальная машина войны, которую могли породить лишь умы Legio Infernalis. Закованный в тяжёлую броню и покрытый оружием, этот гигантский дредноут производит подавляющее впечатление и становится кошмаром для любого командира патруля в цивилизованном космосе. Где он проходит — за ним остаётся разрушение, и немногие пережили встречу с этим чудовищем.

Хотя точные спецификации проекта неизвестны, ясно, что у него нет строгого единого чертежа: отдельные экземпляры этого класса собираются из любых доступных деталей, чтобы максимально приблизиться к задуманной конструкции. Их общее количество неизвестно, хотя вряд ли велико, учитывая колоссальные трудности даже с добычей необходимого лома без прямой охоты на патрульные флоты Гегемонии.

Редкие источники изнутри Legio Infernalis намекают, что класс Dun Scaith должен стать авангардом нового боевого флота, с помощью которого Персеанский сектор однажды будет покорён и приведён под пяту самопровозглашённых «законных владельцев».",,,
tahlan_Flagellator_pi,SHIP,"Сочтя конструкцию Flagellator идеальной для пиратских действий, Legio переделали большое количество таких кораблей под свои нужды, заменив гравитонного луча на очередную залповую версию Goll Overcharge Cannon для выведения добычи из строя.

Построенный ради скорости и оснащённый ранним вариантом гравитонного луча, Flagellator — специализированный охотник-истребитель, созданный для преследования и уничтожения быстрых целей.",,,
tahlan_eagle_nw,SHIP,"Оснащённый стелс-обшивкой и усиленным ракетным вооружением, этот необычный вариант Eagle когда-то принадлежал печально известной Nightwatch — по крайней мере, так утверждают его журналы. Многие из использованных в нём технологий давно потеряны во времени и являются реликтами эпохи Домена.

О Nightwatch, одной из многочисленных ветвей военного аппарата Домена, известно очень мало. По слухам, это были элитные каратели, действовавшие тайно для выявления и устранения инакомыслящих и лиц, признанных проблемными во флоте Домена, но официально их как бы не существовало вовсе. Чем именно занималась одна из их ячеек в Персеанском секторе — можно лишь гадать, однако с учётом прибытия XIV боевой группы в сектор незадолго до Коллапса, можно предположить, что связь есть.",,,
tahlan_falcon_nw,SHIP,"Оснащённый стелс-обшивкой, этот необычный вариант Falcon когда-то принадлежал печально известной Nightwatch — по крайней мере, так утверждают его журналы. Многие из использованных в нём технологий давно потеряны во времени и являются реликтами эпохи Домена.

Говорят, Nightwatch особенно любила Falcon, часто предпочитая его Eagle за лёгкость и скорость. Прямая огневая мощь никогда не была главным для организации, предпочитавшей действовать из тени и решать проблемы без открытых корабельных столкновений. Хотя эта философия не полностью перешла к предполагаемому преемнику Nightwatch, склонность к меньшим и более манёвренным кораблям сохранилась.",,,
tahlan_mora_pi,SHIP,"Как бы распространён ни был Mora, было лишь вопросом времени, когда инженеры Legio доберутся до этого корпуса и создадут вариант, лучше соответствующий боевой доктрине фракции. Итоговая модификация сделана с упором на наступление: отказавшись от демпферного поля, прославившего базовую модель своей живучестью, корабль получил значительно усиленное ракетное вооружение.

Одна из средних ракетных турелей была заменена крупной жёсткой точкой, а добавление системы заряжания ракет сделало альфа-удар авианосца, сочетающего ракеты и ударную авиацию, по-настоящему ужасающим.",,,
tahlan_imperator,SHIP,"В доколлапсную эпоху всем было известно, что время от времени могучий флот Домена с гордостью представляет галактике новый величайший боевой корабль — акт одновременно дерзкой демонстрации и тщательно просчитанной пропаганды, призванный напоминать всем под властью Домена о его абсолютной силе. Imperator — как раз один из таких кораблей: гигантский по масштабу и способный нести поистине ошеломляющее количество огневой мощи, очередной проект престижа из длинного ряда подобных.",,,
tahlan_illustrious,SHIP,"Линкоры-звёзды класса Illustrious долгое время считались мифом: огромные корабли, построенные для войны лишь во вторую очередь, покрытые стелс-обшивкой и оснащённые передовыми системами командования и управления, сенсорными массивами и комплексами радиоэлектронной борьбы. Окрашенные в чёрно-красные цвета Nightwatch, эти гиганты служили мобильными штабами для многочисленных ветвей этой теневой организации на просторах пространства Домена.

До Коллапса никто бы и не подумал, что подразделение Nightwatch вообще может действовать в такой глухой дыре, как Персеанский сектор; да и само название не сказало бы ничего никому, кроме высокопоставленных чиновников Домена и тех, кто работал на грани его законов.

Согласно восстановленным журналам, именно этот Illustrious служил командным штабом Бюро 83 Nightwatch, которому было поручено расследовать и преследовать ряд подозрительных лиц внутри XIV боевой группы — задание, которое так и не было выполнено после отключения сети врат. Когда цель оказалась безнадёжно недосягаемой, руководство Nightwatch быстро погрузилось во внутреннюю борьбу: умеренные и радикальные элементы организации столкнулись из-за вопроса о том, каким должен быть дальнейший курс.

Умеренные хотели использовать свои ресурсы для стабилизации сектора в сотрудничестве с местными властями, тогда как радикалы видели лишь один правильный путь — подчинение сектора единственному истинному наследнику правительства Домена. Разногласия продолжались много лет: мелкие отряды Nightwatch действовали самостоятельно, расчищая путь к целям своих фракций, но консенсус так и не был найден, а борьба за власть внутри организации всё чаще переходила в насилие.

Лишь с прибытием XIV боевой группы события по-настоящему обострились, запустив цепь процессов, которые привели к концу Nightwatch и рождению того, что ныне известно как Legio Infernalis.",,,
tahlan_raven,SHIP,"Быстрый, неплохо вооружённый и несущий собственное авиакрыло, Raven — корабль, созданный быть самодостаточным и способным справиться почти с любой ситуацией, в которой может оказаться. Эти возможности дополнительно усиливаются встроенным комплексом радиоэлектронной борьбы эпохи Домена.

Нет сомнений, что Raven проектировался и строился напрямую по требованиям командования Nightwatch BlackOps, прежде всего как главный узел и база операций для агентов в поле, вдали от основной военной инфраструктуры Домена. Поэтому неудивительно, что у отряда Nightwatch в Персеанском секторе было довольно много таких судов. К сожалению, несмотря на отличные характеристики, теперь эти корабли весьма редки из-за периодических потерь и трудностей с производством замен.",,,
tahlan_raven_phantom,SHIP,"Этот корабль неизвестного происхождения явно является вариантом Raven, глубоко улучшенным тем, что выглядит как спасённая экспериментальная техника — возможно, добытая на одном из бесчисленных секретных объектов корпорации Tri-Tachyon. Кто именно собрал конечный результат, остаётся загадкой.",,,
,,,,,
,,,,,
tahlan_vanguard_dmn,SHIP,"#> Классификация корабля: Неизвестно
#> Запрос ближайшего совпадения.
#> Совпадение найдено.
#> >> Фрегат класса Vanguard : совпадение 72%
#> ПРЕДУПРЕЖДЕНИЕ: Анализ показывает признаки [УДАЛЕНО]
#> >> Возможности цели: Неизвестно
#> .
#> ТРЕВОГА. Обнаружена попытка вторжения в систему.
#> .
#> .
#> .",,,
tahlan_centurion_dmn,SHIP,"#> Классификация корабля: Неизвестно
#> Запрос ближайшего совпадения.
#> Совпадение найдено.
#> >> Фрегат класса Centurion : совпадение 67%
#> ПРЕДУПРЕЖДЕНИЕ: Анализ показывает признаки [УДАЛЕНО]
#> >> Возможности цели: Неизвестно
#> .
#> ТРЕВОГА. Обнаружена попытка вторжения в систему.
#> .
#> .
#> .",,,
tahlan_hammerhead_dmn,SHIP,"#> Классификация корабля: Неизвестно
#> Запрос ближайшего совпадения.
#> Совпадение найдено.
#> >> Эсминец класса Hammerhead : совпадение 59%
#> ПРЕДУПРЕЖДЕНИЕ: Анализ показывает признаки [УДАЛЕНО]
#> >> Возможности цели: Неизвестно
#> .
#> ТРЕВОГА. Обнаружена попытка вторжения в систему.
#> .
#> .
#> .",,,
tahlan_manticore_dmn,SHIP,"#> Классификация корабля: Неизвестно
#> Запрос ближайшего совпадения.
#> Совпадение найдено.
#> >> Эсминец класса Manticore : совпадение 78%
#> ПРЕДУПРЕЖДЕНИЕ: Анализ показывает признаки [УДАЛЕНО]
#> >> Возможности цели: Неизвестно
#> .
#> ТРЕВОГА. Обнаружена попытка вторжения в систему.
#> .
#> .
#> .",,,
tahlan_champion_dmn,SHIP,"#> Классификация корабля: Неизвестно
#> Запрос ближайшего совпадения.
#> Совпадение найдено.
#> >> Крейсер класса Champion : совпадение 81%
#> ПРЕДУПРЕЖДЕНИЕ: Анализ показывает признаки [УДАЛЕНО]
#> >> Возможности цели: Неизвестно
#> .
#> ТРЕВОГА. Обнаружена попытка вторжения в систему.
#> .
#> .
#> .",,,
tahlan_dominator_dmn,SHIP,"#> Классификация корабля: Неизвестно
#> Запрос ближайшего совпадения.
#> Совпадение найдено.
#> >> Крейсер класса Dominator : совпадение 68%
#> ПРЕДУПРЕЖДЕНИЕ: Анализ показывает признаки [УДАЛЕНО]
#> >> Возможности цели: Неизвестно
#> .
#> ТРЕВОГА. Обнаружена попытка вторжения в систему.
#> .
#> .
#> .",,,
tahlan_sunder_dmn,SHIP,"#> Классификация корабля: Неизвестно
#> Запрос ближайшего совпадения.
#> Совпадение найдено.
#> >> Эсминец класса Sunder : совпадение 62%
#> ПРЕДУПРЕЖДЕНИЕ: Анализ показывает признаки [УДАЛЕНО]
#> >> Возможности цели: Неизвестно
#> .
#> ТРЕВОГА. Обнаружена попытка вторжения в систему.
#> .
#> .
#> .",,,
tahlan_hound_dmn,SHIP,"#> Классификация корабля: Неизвестно
#> Запрос ближайшего совпадения.
#> Совпадение найдено.
#> >> Фрегат класса Hound : совпадение 81%
#> ПРЕДУПРЕЖДЕНИЕ: Анализ показывает признаки [УДАЛЕНО]
#> >> Возможности цели: Неизвестно
#> .
#> ТРЕВОГА. Обнаружена попытка вторжения в систему.
#> .
#> .
#> .",,,
tahlan_kodai_dmn,SHIP,"#> Классификация корабля: Неизвестно
#> Запрос ближайшего совпадения.
#> Совпадение найдено.
#> >> Крейсер класса Kodai : совпадение 84%
#> ПРЕДУПРЕЖДЕНИЕ: Анализ показывает признаки [УДАЛЕНО]
#> >> Возможности цели: Неизвестно
#> .
#> ТРЕВОГА. Обнаружена попытка вторжения в систему.
#> .
#> .
#> .",,,
tahlan_afflictor_dmn,SHIP,"#> Классификация корабля: Неизвестно
#> Запрос ближайшего совпадения.
#> Совпадение найдено.
#> >> Фрегат класса Afflictor : совпадение 68%
#> ПРЕДУПРЕЖДЕНИЕ: Анализ показывает признаки [УДАЛЕНО]
#> >> Возможности цели: Неизвестно
#> .
#> ТРЕВОГА. Обнаружена попытка вторжения в систему.
#> .
#> .
#> .",,,
tahlan_mudskipper_dmn,SHIP,"#> Классификация корабля: Неизвестно
#> Запрос ближайшего совпадения.
#> Совпадение найдено.
#> >> Фрегат класса Mudskipper : совпадение 74%
#> ПРЕДУПРЕЖДЕНИЕ: Анализ показывает признаки [УДАЛЕНО]
#> >> Возможности цели: Неизвестно
#> .
#> ТРЕВОГА. Обнаружена попытка вторжения в систему.
#> .
#> .
#> .",,,
tahlan_doom_dmn,SHIP,"#> Классификация корабля: Неизвестно
#> Запрос ближайшего совпадения.
#> Совпадение найдено.
#> >> Крейсер класса Doom : совпадение 84%
#> ПРЕДУПРЕЖДЕНИЕ: Анализ показывает признаки [УДАЛЕНО]
#> >> Возможности цели: Неизвестно
#> .
#> ТРЕВОГА. Обнаружена попытка вторжения в систему.
#> .
#> .
#> .",,,
tahlan_retribution_dmn,SHIP,"#> Классификация корабля: Неизвестно
#> Запрос ближайшего совпадения.
#> Совпадение найдено.
#> >> Линейный крейсер класса Retribution : совпадение 73%
#> ПРЕДУПРЕЖДЕНИЕ: Анализ показывает признаки [УДАЛЕНО]
#> >> Возможности цели: Неизвестно
#> .
#> ТРЕВОГА. Обнаружена попытка вторжения в систему.
#> .
#> .
#> .",,,
tahlan_DunScaith_dmn,SHIP,"#> Классификация корабля: Неизвестно
#> Запрос ближайшего совпадения5##6sf...
#> .
#> ..
#> ...
#> ....
#> _не_бойся_",,,
tahlan_miasma,SHIP,"#> Классификация объекта: Неизвестно
#> Запрос ближайшего совпадения.
#> Совпадение не найдено.
#> Запрос прогнозируемых возможностей.
#> >> Автономный истребительный аппарат
#> >> Возможности: неизвестны",,,
,,,,,
tahlan_spark_dmn,SHIP,"Вариант дрона-перехватчика класса Spark, где залповый лазер заменён парой стандартных PD-лазеров.",,,
tahlan_lux_dmn,SHIP,"Вариант дрона-истребителя класса Lux, вооружённый нидлером для подавления щитов.",,,
tahlan_flash_dmn,SHIP,"Вариант ударного дрона класса Flash, несущий разрушительную торпеду класса Reaper.",,,
tahlan_thunder_dmn,SHIP,"Дрон-версия перехватчика класса Thunder, улучшенная генератором щита и серьёзно усиленным вооружением.",,,
tahlan_gaze_dmn,SHIP,"Тяжёлый ударный дрон, несущий один громобоем.",,,
,,,,,
#HVBs,,,,,
tahlan_Cuchulainn,SHIP,"Cuchulainn — экспериментальный корабль, построенный вокруг чудовищно увеличенного тахионного лучевого орудия. Изначально он задумывался как возможное осадное средство против станций и для орбитальных бомбардировок, но финальный прототип так и не показал ожидаемых результатов, после чего проект был закрыт. Оставшиеся прототипы с тех пор разошлись по рукам различных коллекционеров по всему сектору.",,,
tahlan_Ristreza_g,SHIP,"Изначально Numistri задумывался как уникальный проект линкора, развивающий идеи линейного крейсера класса Ristreza, однако за несколько десятилетий до Коллапса концепцию отложили на неопределённый срок. Но в конце c+201 проект был восстановлен неким независимым капитаном, который затем потратил целое состояние, чтобы переделать собственную Ristreza по этому образцу. Пушку Gleipnir тщательно демонтировали, а её огромные банки конденсаторов теперь питают мощное лучевое оружие, а ряд элементов корабля вдобавок получил позолоченную отделку.

Хотя Numistri и не обладает всей стойкостью настоящего линкора, недооценивать его нельзя — при бою с этим судном критически важно заходить во фланг, поскольку его спинальный луч представляет реальную угрозу даже для крупнейших боевых кораблей.",,,
tahlan_Nibelung_n,SHIP,"Настоящая редкость по нынешним временам: этот конкретный Nibelung, должно быть, насчитывает не одну сотню лет и до сих пор несёт свои оригинальные интегрированные орудия главной батареи. Лишь частично модернизированный ради установки модульного вооружения на вторичные позиции, этот рефит явно является индивидуальной работой человека, особенно ценившего массивные батареи сингулярных боеголовок.

Древний проект: линкор класса Nibelung появился ещё до почтенного Onslaught и относится к совершенно иной школе кораблестроения. Построенный вокруг мощного бортового залпа для действий в составе огромной боевой линии, Nibelung вышел из фавора вместе со сменой военной доктрины Домена.

Хотя проект относится ко времени до модульного вооружения и щитов, его ориентация на башни оказалась хорошо приспособлена к внедрению модульных орудийных креплений, и ряд крупных модернизаций сохранял актуальность корабля долгие годы в планетарной обороне и полувоенных силах.",,,
tahlan_Castigator_NC,SHIP,"Уникальный, глубоко модернизированный вариант Castigator неизвестного происхождения. Оснащён тем, что похоже на технологии Remnant, и управляется одним пилотом, нейронно связанным с системами корабля.

Предположительно предшественник современного Eagle, Castigator был для своего времени чрезмерно переусложнённым штурмовым крейсером, который так и не пошёл в массовое производство из-за множества проблем. Он не только был слишком дорогим, но и уменьшенные TPC в его передних выступах страдали от проблем с надёжностью магнитных систем удержания. Даже с учётом этих недостатков характеристики Castigator без всяких сомнений впечатляют. Тяжёлая броня, многочисленные точки вооружения и достойная манёвренность объединены здесь в тяжёлый крейсер, созданный для боёв на передовой. Врываясь в сражение с эффектным штурмовым форсажем, Castigator производит грозное впечатление и остаётся противником, с которым большинство предпочло бы не сталкиваться лоб в лоб.",,,
tahlan_Sophrosyne,SHIP,-ЗАСЕКРЕЧЕНО-,,,
tahlan_Phronesis,SHIP,-ЗАСЕКРЕЧЕНО-,,,
tahlan_Andreia,SHIP,-ЗАСЕКРЕЧЕНО-,,,
tahlan_Hresvelgr_X,SHIP,"Гибридный ИИ-рефит Hresvelgr, в котором большинство систем передано под контроль альфа-ядру, так что кораблю требуется лишь минимальный человеческий или роботизированный экипаж. Освободившееся пространство пошло на установку новейшего генератора щита-крепости, что дало этой версии непревзойдённую защиту по сравнению с базовым вариантом.

До того как Legion стал основным боевым авианосцем, Hresvelgr довольно широко использовался во флоте Домена благодаря своей отличной вместимости авиакрыла. Однако со временем проект вышел из моды: те боевые группы Домена, которые делали ставку на флотские авианосцы, начали переходить на Astral за его более высокую ударную мощь.

Во времена коллапса в Персеанском секторе таких кораблей было немного, но затем они снова вошли в строй у разных флотов благодаря меньшим требованиям к производству и способности обеспечивать большие и надёжные истребительные завесы, бесценные во время ИИ-войн.",,,
tahlan_DunScaith_gh,SHIP,"Каким образом дредноут класса Dun Scaith вообще попал в руки инженеров Kassadari — уже загадка, но то, что они сделали с этим чудовищным кораблём, кажется совершенно невероятным. Полностью восстановив крупные секции судна и добавив типичные улучшения Kassadari, они превратили его из мощного дредноута в машину войны того уровня, каким когда-то пользовались только лучшие легионы флота Домена.

После получения и рефита Scathach вошёл в состав флота Королевской гвардии Дома Vund, служа личным флагманом семьи и неся красные знаки Домов.",,,
tahlan_Metafalica,SHIP,"Metafalica — старый прототипный корабль, появившийся ещё до Коллапса. Это было первое и единственное судно, в котором новый вариант Temporal Circuit Grid был напрямую интегрирован в защитное покрытие корпуса, используя избыточную энергию работы сетки для проецирования вокруг себя аномального временного поля, уводящего входящий урон в альтернативные линии времени. Первые испытания выглядели многообещающе, но система всё ещё была слишком сырой для длительного применения, а Коллапс оборвал дальнейшее развитие этой технологической ветви.",,,
,,,,,
,,,,,
#fighters,,,,,
tahlan_Acastus,SHIP,"Быстрый перехватчик, вооружённый парой импакторных пушек. Обладает впечатляющей ударной силой против целей под щитом.",,,
tahlan_Caliver,SHIP,"Созданный исключительно для того, чтобы доставить одну торпеду класса Hekaton на дистанцию удара, Caliver по меркам Kassadari является сравнительно простым проектом.",,,
tahlan_Exec_M,SHIP,"Высокотехнологичный дрон, оснащённый мульти-лучевым излучателем, способным одновременно наводиться на несколько входящих угроз.",,,
tahlan_Dikaiosyne,SHIP,"Уникальный дрон точечной обороны, предположительно основанный на проекте Kassadari. Оснащён мульти-лучевым излучателем и темпоральных контурах.",,,
tahlan_Valacor,SHIP,"Необычный тяжёлый истребитель конструкции Kassadari, оснащённый парой крупных подвесных ионно-импульсных орудий. Благодаря высокой прочности они отлично подходят для изматывания противника, поддержания давления и серьёзного ухудшения его боевых возможностей.",,,
tahlan_Scoralis,SHIP,"Сверхтяжёлый бомбардировщик конструкции Kassadari, несущий огромную полезную нагрузку из 4 управляемых торпед на базе Hekaton. Их фугасная боеголовка была уменьшена ради размещения систем наведения. Хотя Scoralis несёт по-настоящему впечатляющую огневую мощь, сам аппарат довольно медленный и крупный, поэтому для надёжной доставки боекомплекта ему нужен эскорт. Чтобы повысить шансы на выживание после атаки, после сброса торпед включается комплект форсажных ускорителей, повышающий подвижность бомбардировщика на обратном пути.",,,
tahlan_turrmy,SHIP,"Жалкая имитация фирменного дрона Terminator от Tempest. Этот кое-как собранный аппарат может нести то же вооружение, но ему катастрофически не хватает продвинутого ИИ-ядра оригинала.",,,
,,,,,
,,,,,
#Great House refits,,,,,
,,,,,
tahlan_monitor_gh,SHIP,"Сильно модифицированный и переработанный инженерами Kassadari, этот корабль был улучшен самыми передовыми технологиями Великих Домов.

Редкость среди кораблей, Monitor — воплощение идеи, что «иногда лучшая защита действительно есть лучшая защита». Он имеет башенные крепления с широкими секторами обстрела и уникальную модификацию энергосистемы «поток шунт», специально созданную для отвода потока, генерируемого щитами. И действительно, Monitor компенсирует недостаток манёвренности и огневой мощи способностью выдерживать затяжной обстрел вражескими боеприпасами.

Хотя его экспериментальная природа, возможно, и является признаком того, как эпохи смуты вдохновляют на инновации, вопрос о том, является ли радикальная оборонительная специализация Monitor благом или тупиком, остаётся спорным. Несколько громких провалов в патрулях по защите конвоев представители PR-отдела Ko Combine объяснили неправильной тактикой командиров. Ko Combine настаивает, что при правильном позиционировании и поддержке ударной авиацией — как наковальня и молот соответственно — симуляции показывают заметный рост живучести конвоев против типичных пиратских атак. Но влиятельные критики всё ещё не убеждены.",,,
tahlan_legion_gh,SHIP,"Сильно модифицированный и переработанный инженерами Kassadari, этот корабль был улучшен самыми передовыми технологиями Великих Домов.

Классифицируемый как боевой авианосец, Legion несёт впечатляющий набор тяжёлого вооружения, ангаров и средств управления, достаточный для развёртывания четырёх крыльев истребителей. Более поздние модели получили нанокузницы, привязанные к замене авиации, что резко повысило их эффективность на дальних операциях.

После легендарного успеха проекта Onslaught стало ясно, что мятежные системы без сверхтяжёлой промышленности способны разрабатывать авианосную ударную авиацию, способную противостоять «Старику» Армады. Вместе с новыми системами вооружения — проворными противоистребительными ракетами и быстро наводящимися пушками ПВО — Стратегический совет решил развернуть авианосец, достойный службы рядом с Onslaught. Так и был создан Legion: платформа для перехватчиков и ударной авиации, способная при этом стоять в линии боя.

Сторонники «крейсерской школы» критиковали Legion за недостаточную специализацию, утверждая, что сопоставимый объём авиации можно развернуть дешевле и гибче, если разделить боевые роли между разными корпусами. Однако эти экономические аргументы бледнеют, когда приближающийся Legion включает форсажный привод и обрушивает сокрушительную огневую мощь в ключевой точке сражения.",,,
tahlan_onslaught_gh,SHIP,"Сильно модифицированный и переработанный инженерами Kassadari, этот корабль был улучшен самыми передовыми технологиями Великих Домов.

Почтенный проект, линкоры класса Onslaught были впервые созданы для службы в Армаде Домена задолго до появления современного ударного оружия, современных энергетических пушек и щитовых систем.

Когда их впервые спускали с орбитальных верфей, они наверняка затмевали любой другой корабль своего времени и внушали страх целым системам. Некоторые даже говорят, что их строили для войны с нечеловеческими противниками в давно забытой войне. Намного позже инженеры Домена изменили чертежи, добавив щитовую систему, улучшив FTL-приводы и сократив требуемый экипаж за счёт автоматизации и поэтапной инженерной доработки. Несмотря на наличие более совершенных чертежей, Onslaught остаётся самым простым в производстве благодаря грубой простоте своих систем.

Корабль, спроектированный без расчёта на щиты, чтобы выдерживать тяжёлый вражеский огонь и отвечать ударом, защищая экипаж, очень любим офицерами и матросами. И отвечать ударом он умеет: непревзойдённый баллистический потенциал Onslaught способен опустошать целые флоты за считанные минуты, и его единственный настоящий недостаток — логистическая зависимость от боеприпасов.

Линкоры класса Onslaught с гордостью служат хребтом флота Гегемонии.",,,
tahlan_vendetta_gh,SHIP,"Сильно модифицированный и переработанный инженерами Kassadari, этот корабль был улучшен самыми передовыми технологиями Великих Домов.

Старый, но внушительный линкор с богатой историей службы, Vendetta является ян к могучему инь Onslaught. Если Onslaught — тупой и хаотичный кувалдовый удар, то Vendetta — более точный «клин»: стабильнее, манёвреннее и способнее выдавать сосредоточенные всплески огня благодаря пакету вооружения, делающему ставку на ракеты и торпеды капитального класса.

Как и у родственного линкора, первые серийные модели Vendetta не имели генераторов щита и полагались на толстую броню и арсенал башенного вооружения. Более поздние версии корпуса были модернизированы и получили всенаправленный щит среднего класса, хотя, в отличие от Onslaught, для этого пришлось слегка сократить броневой пакет. Тем не менее Vendetta остаётся очень живучим кораблём. Чего ему не хватает в безумной скорости берсерка и сырой огневой мощи, он восполняет лучшей гибкостью систем вооружения и тактическим ударом, на который Onslaught просто не способен.",,,
tahlan_dominator_gh,SHIP,"Сильно модифицированный и переработанный инженерами Kassadari, этот корабль был улучшен самыми передовыми технологиями Великих Домов.

Тяжеловесный и зловещий, класс Dominator — один из самых распространённых системных оборонительных крейсеров в пространстве Гегемонии.

Пусть этот корпус и не относится к вершинам технологий, он полагается на множество баллистических креплений для выполнения своей задачи — а чаще всего это защита орбитальных объектов и ключевых точек внутрисистемной торговли. Слабый и неудобный в использовании щитовой генератор, которым поэтому редко пользуются, компенсируется почти непробиваемой взаимосвязанной броневой схемой, защищающей Dominator от большинства видов вооружения. Даже ударная авиация с трудом прорывается сквозь град снарядов, выпускаемых на перехват её боекомплекта. Этот корпус наглядно доказывает, что проверенную военную инженерию трудно превзойти новыми идеями и технологиями — особенно в руках жёстких, решительных экипажей и опытных офицеров.

Надёжный, живучий и постоянно присутствующий в домашнем пространстве вокруг цивилизованных миров и аванпостов, Dominator, пожалуй, больше всего ненавистен и страшен пиратам и корпоративным агентам, нарушающим закон.",,,
tahlan_enforcer_gh,SHIP,"Сильно модифицированный и переработанный инженерами Kassadari, этот корабль был улучшен самыми передовыми технологиями Великих Домов.

Корабли класса Enforcer обычно служат в роли системной или конвойной обороны. Проект отличается хорошей бронёй и множеством баллистических креплений, тогда как характеристики щитов выглядят несколько слабовато.

Чертежи корабля предусматривают множество компонентов, схожих с деталями линкоров класса Onslaught, что указывает на то, что эти проекты создавались в схожий период военного расширения Домена. Enforcer также унаследовал прямолинейный подход к системе вооружения, крепкие переборки и весьма уважаем собственными экипажами.

В дуэли «эсминец против эсминца» Enforcer очень трудно превзойти, но в крупных боях он участвует редко из-за распространённого мнения, что низкая скорость делает его обузой. Тем не менее боевые доктрины Гегемонии предписывают прикреплять эскадрилью Enforcer в качестве экрана для линкоров класса Onslaught. Лёгкость логистики при использовании общих компонентов у обоих типов — именно тот сорт деталей, который приводит бюрократов Hegemony Logisticarum в восторг.",,,
tahlan_Castigator_knight,SHIP,"Сильно модифицированный и переработанный инженерами Kassadari, этот корабль был улучшен самыми передовыми технологиями Великих Домов.

Предположительно предшественник современного Eagle, Castigator был для своего времени чрезмерно переусложнённым штурмовым крейсером, который так и не пошёл в массовое производство из-за множества проблем. Он не только был слишком дорогим, но и уменьшенные TPC в его передних выступах страдали от проблем с надёжностью магнитных систем удержания. Даже с учётом этих недостатков характеристики Castigator без всяких сомнений впечатляют. Тяжёлая броня, многочисленные точки вооружения и достойная манёвренность объединены здесь в тяжёлый крейсер, созданный для боёв на передовой. Врываясь в сражение с эффектным штурмовым форсажем, Castigator производит грозное впечатление и остаётся противником, с которым большинство предпочло бы не сталкиваться лоб в лоб.",,,
,,,,,
,,,,,
#Rosenritter,,,,,
tahlan_stahlherz,SHIP,"Введённый в строй за 127 лет до Коллапса, Silberblut — один из старейших Regalia, всё ещё состоящих на вооружении ордена Rosenritter. Работая на блоке первого поколения Silberherz, он стал первым Regalia, оснащённым ядром такого типа, и тем самым возглавил новое поколение Regalia-проектов. Использование невероятной энергоёмкости и вычислительной мощи его ядра открыло новый уровень модульности, из-за чего Regalia Silberblut существует в самых разных конфигурациях с сильно различающимися возможностями и вооружением.

Как и любой Regalia с блоком Silberherz, Silberblut полагается на прямой нейронный интерфейс для полноценного управления своими сложными системами. Поскольку справиться со стрессом такого устройства способны лишь люди исключительного мастерства и силы духа, только немногие могут раскрыть истинную эффективность этой машины — ограничение, которое с тех пор определило культуру Rosenritter. Необходимость в таких одарённых людях породила селекционную программу.

Те немногие одарённые, кто благодаря мастерству владения Regalia Silberblut получают благородный титул «Graf», являются объектами почитания в культуре Rosenritter, и мало кто имеет больше влияния на руководство ордена. Это почтение столь велико, что даже служба во вспомогательной технической команде на борту Regalia считается почти дворянским статусом и является мечтой многих детей, не прошедших отбор в программу подготовки корпуса Regalia.",,,
tahlan_halbmond,SHIP,"Появившись всего за полдесятилетия до Regalia третьего поколения, Halbmond был разработан в ожидании потребности в судне, способном обслуживать Regalia с блоками Silberherz во время длительных походов. Поскольку это прежде всего корабль обслуживания, он не проектировался как чисто боевое судно, но всё же несёт достаточно вооружения для самообороны в экстренных ситуациях и способен размещать четыре эскадрильи Jagdregalia в своём огромном ангаре.

Поскольку специализированное оборудование этих кораблей жизненно важно для обслуживания Regalia, они стали кровеносной системой флота Rosenritter и породили ряд вариантов. Некоторые увеличенные проекты были превращены в гигантские корабли-аркологии, перевозящие гражданское население ордена и вмещающие многие крупные институты, некогда располагавшиеся на планетах, связанных с орденом. Теперь эти массивные суда образуют ядро домашнего флота Rosenritter, когда он путешествует между секторами, где находятся покровительствующие им Дома.",,,
tahlan_eisenflug,SHIP,"Самый распространённый Jadgregalia и стандартный ударный аппарат авианосцев Rosenritter. Основанный на раме Eisenblut, он несёт пару высокоскоростных импульсных лазеров, эффективных против большинства целей. Крепкая защита обеспечивает для обычного истребителя необычно высокий процент выживания, и карьера многих знаменитых Graf начиналась именно в кабине Eisenflug.",,,
tahlan_kupferflug,SHIP,"Более тяжёлая версия Jagdregalia, редко используемая вне специализированных ударных групп. Несущий одну Kriegsmesser HASM и уменьшенную лучевую пушку типа Strahl, он тяжело вооружён и фактически играет роль бомбардировщика. Хотя корабль довольно прочный, низкая максимальная скорость ограничивает число доставляемых залпов, а неспособность прикрывать более крупные Regalia оставила его в тени Eisenflug.",,,
tahlan_schneefall,SHIP,"После успеха Regalia Silberblut и их последующих моделей доктрина Rosenritter стала ещё сильнее ориентироваться на Regalia-центричный стиль боя. Этот новый поворот потребовал особого капитального корабля, который служил бы якорем и поддержкой для Regalia в бою, и в итоге породил Nachtgesang. Чтобы использовать вычислительные возможности Silberherz, в центре Nachtgesang установили массивный сенсорно-сканирующий комплекс, способный передавать боевые данные ближайшим Regalia и ещё сильнее повышать их эффективность.

Хотя корабль в первую очередь задуман как поддержка, в бою его ни в коем случае нельзя недооценивать. Лёгкий по количеству орудийных креплений, он компенсирует это впечатляющим набором ракетных точек и скоростью выше средней. Способный сходиться лоб в лоб с большинством капитальных кораблей, он уверенно держит линию, пока союзные Regalia рвут вражеские фланги.

Несмотря на то, что служба на борту обычного корабля в целом считается менее престижной, класс Nachtgesang со временем заслужил сияющую репутацию могучего хребта любой достойной оперативной группы Rosenritter. То, что когда-то считалось нежелательным назначением, превратилось в очень уважаемую позицию в социальной иерархии, и служба на одном из этих кораблей теперь стала целью многих членов экипажа, которым закрыт путь в престижный корпус Regalia.",,,
tahlan_schneefall_traum,SHIP,"Вариант Nachtgesang, предназначенный как корабль управления флотом — или, скорее, как Rosenritter это понимают. Заменив две полётные палубы Nachtgesang на пару крупных универсальных креплений и добавив ракетную автокузницу, вероятно неохотно купленную у Домов Kassadari, Traumtänzer был создан, чтобы вести флот с передовой, обрушивая тяжёлый огонь.

Проект Traumtänzer был крайне необычен по многим меркам, прежде всего из-за участия Великих Домов Kassadar, издавна являвшихся соперниками ордена Rosenritter. В то время предполагалось, что это сотрудничество продвигало новое поколение инженеров с обеих сторон, почти не ценивших старые распри и вместо этого видевших потенциал в обмене знаниями. И если судить по первому и единственному результату, предположение оказалось верным. С помощью темпархов Дома Tahl команда Rosenritter смогла многократно увеличить продвинутый фазовый скиммер типа R, прежде доступный только Regalia типа Silberblut, и сделать его рабочим в масштабе капитального корабля, а кузнецы-клинков Дома Vund адаптировали ракетную автокузницу шаблона Vund под систему Rosenritter, фактически обеспечив корабль бесконечным боезапасом ракет в бою.

Поскольку в день Коллапса Traumtänzer находился в сухом доке над Kassadar, он и небольшая оперативная группа Rosenritter, предназначенная сопровождать его обратно к Домашнему флоту ордена, оказались заперты в Персеанском секторе. К несчастью для всех, командир этой группы был большим поклонником старых порядков и отказался продолжать сотрудничество с Домами Kassadari, после чего ушёл в самостоятельный поход с Traumtänzer на буксире — и с тех пор его больше никто не видел.",,,
tahlan_glanzwurf,SHIP,"Разработанный после Regalia Silberblut, Glanzwurf стал первой успешной попыткой интеграции Silberherz в меньшую раму. Хотя его характеристики, естественно, уступают старшей сестре, в бою он вполне способен держаться. Предназначенный для поддержки рядом с машинами Silberblut, он был оснащён крылом поддерживающих пусковыми каналами класса Dorn, позволяющим обеспечивать союзникам ПВО-прикрытие.

Обычно считающийся промежуточной ступенью для будущих пилотов Regalia на пути к титулу Graf, Glanzwurf печально известен необычно высоким уровнем смертности, поскольку такие пилоты часто слишком стремятся доказать свою состоятельность и становятся жертвами собственной самоуверенности. Как бы мрачно это ни звучало, для будущих Graf это считается эффективным фильтром.",,,
tahlan_dorn,SHIP,"Дистанционно управляемое дрон-оружие. Dorn контролируется пилотами Regalia через нейронную связь. Вооружённый слабым, но универсальным лучом очередного типа, он прежде всего служит средством ПВО, но также способен оказывать огневую поддержку в ближнем бою.",,,
tahlan_mondlicht,SHIP,"Во многих отношениях гадкий утёнок флота Rosenritter, Mondlicht задумывался как меньший крейсер поддержки, который должен был заменить более крупный Nachtgesang в составе малых оперативных групп. По сути являясь уменьшенной версией старшей сестры, он сохраняет ту же вместимость Jagdregalia в двух ангарах, но жертвует почти всем собственным ударным потенциалом. Служба на этих менее престижных кораблях крайне непопулярна, но для многих остаётся необходимой ступенью карьерной лестницы к службе на куда более уважаемых линейных крейсерах класса Nachtgesang.",,,
,,,,,
,,,,,
# Weapons,,,,,
,,,,,
tahlan_shiva,WEAPON,"Прототип импульсного луча, разработанный для Yukikaze. Невероятно эффективен и разрушителен для лучевого оружия, но страдает от сильного рассеивания на дистанции, из-за чего пригоден лишь для крайне ближнего боя.",Штурм,,
tahlan_garuda,WEAPON,"Прототип самонаводящегося импульсного оружия, разработанный для Yukikaze. Полностью встроенное в сам Yukikaze, это странное орудие выпускает высокоэнергетические плазменные заряды, которые затем направляются ЭМ-полями, создаваемыми кораблём. Результат — уникальное энергетическое оружие со свойствами ракеты.",Удар,,
tahlan_jigoku,WEAPON,"Заменив тепловые импульсные пушки, это лучевое оружие было адаптировано из трофейных импульсных лучей типа Stricture, но перенастроено так, чтобы одинаково эффективно работать по щитам и броне, а также снабжено увеличенным массивом конденсаторов, способным хранить несколько зарядов для быстрой стрельбы серией.",Удар,,
tahlan_utpc,WEAPON,"Уменьшенная версия тепловая импульсная пушка. Это уникальное оружие печально известно своей ненадёжностью. Технически являясь дефектным проектом, среди знакомых с ним офицеров-артиллеристов оно часто считается не багом, а особенностью. Часто выпуская дополнительные осколочные разряды вместе с основным выстрелом, это орудие нередко выдаёт мощность далеко выше расчётной, пусть и хаотичным образом.",,,
tahlan_utpc_l,WEAPON,"Явно движимые каким-то безумием, учёные Kassadar адаптировали конструкцию Thermal Blast Cannon обратно под модифицированный чертёж Onslaught, вернув оружие к полному размеру тепловая импульсная пушка, но сохранив его нестабильную природу ради по-настоящему абсурдного результата. Часто выпуская дополнительные осколочные разряды вместе с каждым выстрелом, это орудие нередко выдаёт мощность далеко выше расчётной, пусть и хаотичным образом.",,,
tahlan_magaera,WEAPON,"По сути не более чем пара спаренных магнитных ускорительных пушек типа Gallant с удлинёнными стволами, Magaera улучшает дальность и огневую мощь своего меньшего собрата.",,,
tahlan_gallant,WEAPON,"Технически Gallant — вполне обычная магнитная ускорительная пушка, но при этом ещё и технологическая витрина. Оснащённая миниатюрным Temporal Circuit, она держит весь механизм зарядки и стрельбы под постоянным ускорением времени, повышая цикл огня по сравнению с похожими орудиями.",,,
tahlan_porph,WEAPON,"Тяжёлая пушка, стреляющая плазменно-воспламеняющими снарядами, эффективными практически против любой цели.",,,
tahlan_volkite,WEAPON,Предпочтительное решение Великих Домов для точечной обороны: это магазинное спаренное орудие стреляет крайне эффективными зарядами пустотного разрыва.,,,
tahlan_dualvolkite,WEAPON,"Фактически просто пара соединённых Volkite, батарея Volkite превосходно насыщает область снарядами пустотного разрыва, разрывая почти любые ракеты, пытающиеся проскочить сквозь неё.",,,
tahlan_hekaton,WEAPON,"Созданная как более утончённая альтернатива грубым торпедам, распространённым в секторе, эта конструкция Kassadari несёт двухступенчатую боеголовку, дополняя взрывную мощь плазменным импульсным разрядом.",,,
tahlan_hekaton_rack,WEAPON,"Созданная как более утончённая альтернатива грубым торпедам, распространённым в секторе, эта конструкция Kassadari несёт двухступенчатую боеголовку, дополняя взрывную мощь плазменным импульсным разрядом.",,,
tahlan_hekaton_fighter,WEAPON,"Созданная как более утончённая альтернатива грубым торпедам, распространённым в секторе, эта конструкция Kassadari несёт двухступенчатую боеголовку, дополняя взрывную мощь плазменным импульсным разрядом.",,,
tahlan_styrix,WEAPON,"Альтернатива обычному рельсотрона от Kassadari. Styrix выпускает очередь из 3 высокоскоростных снарядов с достойной точностью; их часто синхронизируют так, чтобы накрыть окно попадания фугасного оружия и подавить щиты. Импакторные снаряды также несут микробоеголовку, способную нанести дополнительный урон, если снаряд сумеет пробить внешние слои брони.",,,
tahlan_atrapos,WEAPON,"Средняя рельсовая пушка, стреляющая бронебойным снарядом с двойной боеголовкой и экспериментальным временно-фрагментационным зарядом.",,,
tahlan_armiger,WEAPON,"Надёжный и эффективный Armiger — среднекалиберная пушка, делающая упор на скорость снаряда и дальность, а не на сырую мощь, благодаря чему хорошо сочетается с высокоскоростным кинетическим вооружением.",,,
tahlan_prismcoil,WEAPON,"Встроенное оружие дугового разряда, быстро выпускающее болты энергии по любому врагу в секторе наведения. Эффективно против всех целей и может также работать как оружие точечной обороны.",,,
tahlan_astrix,WEAPON,Спаренная тяжёлая пушка с хорошей ударной мощью. Её вторичная плазменная импульсная боеголовка слегка улучшает эффективность против щитов.,,,
tahlan_teltrite,WEAPON,"Созданный для дополнения ПВО-решений типа Volkite против более тяжёлых целей, этот микрорельсотрон выпускает гиперскоростные кинетические болванки для перехвата ракет и ударной авиации. Особенно эффективен против щитоносных истребителей и лучше всего раскрывается именно в паре с ПВО класса Volkite.",,,
tahlan_fusor,WEAPON,"Изначально созданные для резки кораблей на металл, эти промышленные термоядерные резаки обрели огромную популярность у пиратов после достаточной доработки из-за своего разрушительного потенциала. Радиус у них крайне мал, но чудовищный урон и электромагнитные помехи синего раскалённого пламени делают это оружие страшным выбором для быстрых ударных судов.",,,
tahlan_mininglance,WEAPON,"Созданное для горнодобычи, это копьё никогда не предназначалось для боя, но разрезает космические корабли ничуть не хуже любого другого мощного направленного энергетического луча.",,,
tahlan_disparax,WEAPON,"Тяжёлая плазменная пушка неизвестного происхождения. Обладая достойной огневой мощью и быстрыми снарядами, имеет сильный универсальный профиль.",,,
tahlan_relparax,WEAPON,"Средний энергетический бластер неизвестного происхождения. Универсальное и гибкое оружие, эффективное против большинства целей.",,,
tahlan_nenparax,WEAPON,"Малый излучатель энергетического луча неизвестного происхождения. Выпускает мощный луч с высоким импульсом, особенно эффективный против малых целей. Хорош как ПВО, но без внешней системы наведения ПВО не способен работать в этом режиме самостоятельно.",,,
tahlan_eradicator,WEAPON,"Икона пиратской наглости: Deathgaze — глубоко переделанный астероидный горный лазер, разогнанный до опасных уровней и почти с равной вероятностью либо выжигающий поточную сеть корабля-носителя обратной вспышкой, либо распиливающий добычу на части. Но когда он всё же работает как надо, эффект бывает поистине разрушительным.",,,
tahlan_eradicator_dmn,WEAPON,"Полностью встроенный в корабль и питаемый от его реактора, этот вариант Deathgaze обладает повышенной скоростью зарядки конденсатора по сравнению с модульным собратом.

Икона пиратской наглости: Deathgaze — глубоко переделанный астероидный горный лазер, разогнанный до опасных уровней и почти с равной вероятностью либо выжигающий поточную сеть корабля-носителя обратной вспышкой, либо распиливающий добычу на части. Но когда он всё же работает как надо, эффект бывает поистине разрушительным.",,,
tahlan_fray,WEAPON,"Основанная на адской пушки, эта увеличенная тяжёлая пушка полностью встроена в корпус корабля и снабжена множеством стабилизаторов отдачи, чтобы не разорвать его при стрельбе. Несмотря на серьёзное увеличение размеров, реальные характеристики не так уж превосходят обычную адской пушки, но психологический эффект от такого чудовищного ствола, нацеленного на слабо бронированный грузовик, исключительно полезен в пиратских налётах.",,,
tahlan_pendragon,WEAPON,"Созданный для дальнобойных боёв, Pendragon — уникальная MIRV-установка, использующая быструю, но почти неманёвренную ракету-носитель для доставки роя проворных микроркет на эффективную дальность.",,,
tahlan_efreet,WEAPON,"Несколько устаревший проект: Efreet ведёт непрерывный обстрел кинетическими ударными снарядами на большой дистанции. В целом оружие эффективно, но простая конструкция не обеспечивает достаточной компенсации отдачи при его огромном метательном заряде, из-за чего страдают скорость снаряда и точность при длительной стрельбе.",,,
tahlan_titanomachy,WEAPON,"Возвращаясь к древнему проекту, это уникальное лучевое оружие использует синтетический кристалл в качестве фокуса для мощного непрерывного направленного энергетического луча. Само по себе оружие очень сильно, но может работать на повышенной мощности, когда поточная сеть корабля находится под большой нагрузкой — предположительно из-за особых свойств его фокусирующего кристалла.",,,
tahlan_tpc_s,WEAPON,"Громоздкое энергетическое орудие ранней эпохи. TPC встроено прямо в корпус Castigator и обеспечивает подавляющую лобовую огневую мощь.

Созданное ещё до того, как модульному энергетическому оружию стали повсеместно доверять архитекторы флота Домена, это орудие было зашито прямо в чертёж Onslaught, потому что ни один другой корпус того времени не был достаточно крупным и не имел реакторов нужной мощности.

Этот конкретный вариант позже адаптировали под шасси Castigator; и хотя по огневой мощи он не уступает версиям для Onslaught, более ограниченное энергоснабжение меньшего Castigator уменьшает его ёмкость заряда.",Штурм,,
tahlan_gardas,WEAPON,"Как и многие орудия Kassadari, Gardas никогда по-настоящему не предназначался для массового производства. Это сильно переусложнённый рельсотрон, стреляющий бронебойным снарядом с временно-фрагментационной боеголовкой. Огромное орудие чрезвычайно эффективно против брони и самой причинности, но ему не хватает технологической отточенности штатного боевого вооружения.",,,
tahlan_dragonslayer,WEAPON,Встроенный торпедный аппарат под торпеды класса Hammer. Оснащён автозарядчиком для затяжных боёв.,,,
tahlan_fafnir,WEAPON,"Гигантская артиллерийская пушка эпохи до модульного вооружения. Fafnir была создана специально для класса Nibelung и является ранним предком Mjolnir. Оружие стреляет дальнобойным снарядом с сингулярной боеголовкой, эффективной против любых целей, а полная интеграция в корпус делает его более поточно-эффективным, чем современный Mjolnir. Немногие такие орудия ещё можно встретить, поскольку большинство оставшихся линкоров класса Nibelung давно переоборудовали под модульное оружие, но некоторые капитаны всё же удержали эти могучие пушки.",,,
tahlan_nuboko_l,WEAPON,"Встроенная ракетная батарея, выпускающая 5 проворных многоцелевых ракет против большинства целей.",,,
tahlan_nuboko_r,WEAPON,"Встроенная ракетная батарея, выпускающая 5 проворных многоцелевых ракет против большинства целей.",,,
tahlan_volkite_s,WEAPON,Вариант Volkite для истребителей.,,,
tahlan_valdes_r,WEAPON,"Гиперзаряженный ионный бластер, установленный на Valacor. Высокая скорострельность делает его отличным оружием подавления.",,,
tahlan_heraton,WEAPON,"Модификация торпеды класса Hekaton. Основная фугасная боеголовка была уменьшена, чтобы освободить место под системы наведения и необходимые двигатели. Итоговое оружие всё ещё бьёт сильно, но жертвует скоростью и уроном ради повышенной точности.",,,
tahlan_ronka,WEAPON,"Универсальная спаренная пушка, стреляющая зарядами пустотного разрыва. Эффективна против большинства целей и способна при необходимости выполнять роль ПВО. Ronka — настоящий универсал, хотя ни в одной роли не блистает по-настоящему.",,,
tahlan_anumis,WEAPON,"Пара сверхтяжёлых пушек в спаренной установке. Anumis стреляет точными фугасными снарядами, оснащёнными миниатюрной версией фирменной вторичной плазменной импульсной боеголовки Hekaton, что слегка улучшает работу по щитам.",,,
tahlan_ramun,WEAPON,"Лёгкое противоброневое оружие с увеличенной дальностью благодаря продвинутой системе коррекции траектории. К сожалению, эта система снижает скорость снаряда, из-за чего оружие хуже работает по более юрким целям.",,,
tahlan_gleipnir,WEAPON,"Огромная спинальная гиперрельсовая пушка, послужившая ранним прототипом того, что позже стало Gardas. В отличие от более поздних модульных серийных версий, Gleipnir оснащён двумя батареями конденсаторов и может стрелять как кинетическими импакторными снарядами, так и фугасными раскалывающими боеголовками, позволяя провести разрушительный двойной удар: сначала сломать щит, затем пробить броню. Однако оружие отличается чудовищным энергопотреблением и требует полного включения штурмового режима корабля, чтобы вообще открыть огонь.",,,
tahlan_karion,WEAPON,"Продвинутое оружие подавления, стреляющее ионизирующими зарядами с наведением мини-дронов. Из-за малого размера дронов их боезапас практически неограничен. Эта более тяжёлая версия уникальна для Ristreza и превосходит модульные аналоги по дальности.",,,
tahlan_gaebolg,WEAPON,"Сердце Cuchulainn — массивный излучатель тахионного луча с впечатляющей мощностью, но крайне капризной и сложной в обслуживании конструкцией.",,,
tahlan_karionbat,WEAPON,"Продвинутое оружие подавления, стреляющее ионизирующими зарядами с наведением мини-дронов. Из-за малого размера дронов их боезапас практически неограничен.",,,
tahlan_gleipnir_s,WEAPON,"В целом идентичный Gleipnir на стандартной Ristreza, этот вариант лишился вторичной батареи конденсаторов и блока хранения альтернативных боеприпасов, чтобы освободить место для двух массивов Fountainfall. Теперь он служит главным образом противощитовым орудием, дополняющим тяжёлые ракетные залпы.",,,
tahlan_fountainfall_r,WEAPON,"Один из двух гигантских VLS-массивов, встроенных в этот вариант Ristreza, способный насыщать большие участки поля боя микроркетами.",,,
tahlan_fountainfall_l,WEAPON,"Один из двух гигантских VLS-массивов, встроенных в этот вариант Ristreza, способный насыщать большие участки поля боя микроркетами.",,,
tahlan_fountain,WEAPON,"Крупная пара батарей микроркет, предназначенных для перегрузки систем ПВО одной лишь массой залпа. Отдельные ракеты не слишком опасны для крупных кораблей, но для мелких целей представляют смертельную угрозу.",,,
tahlan_fount,WEAPON,Батарея микроркет среднего размера. Для своего класса очень неплохо перегружает ПВО и смертельно опасна для малых кораблей.,,,
tahlan_xs_beamer,WEAPON,"Встроенное решение ПВО, установленное прямо над массивами Fountainfall, чтобы компенсировать отсутствие стандартных малых креплений.",,,
tahlan_hekaton_repeater,WEAPON,Крупная пусковая установка под торпеды класса Hekaton. Оснащена быстрым механизмом перезарядки для стрельбы торпедами в быстрой последовательности и имеет большой боезапас.,,,
tahlan_praxus,WEAPON,Старый по меркам Kassadari проект: Praxus представляет собой довольно обычную роторную пушку. Очень эффективна против щитов.,,,
tahlan_alteria,WEAPON,Результат попыток ещё сильнее увеличить всегда надёжную Magaera. Alteria — основное крупнокалиберное кинетическое универсальное орудие Kassadari. Практически все аспекты оружия были масштабированы по сравнению с меньшим родственником: теперь оно стреляет более крупным и тяжёлым импакторным снарядом с сокрушительной эффективностью против щитов.,,,
tahlan_gigantomachy,WEAPON,"Основанное на Titanomachy, это лучевое оружие интегрировано в корпус Numistri. Заменив Gleipnir стандартной Ristreza, оно теперь работает в режиме залпа, а не непрерывного луча, и может применяться только при активных штурмовых системах корабля. Уже на бумаге это оружие выглядит чудовищно, но на практике нередко превосходит даже расчётные показатели, поскольку гигантский поток энергии заставляет фокусирующий кристалл почти непрерывно выбрасывать дуги яростной энергии, способные прожигать и выводить из строя оружие и двигатели.",,,
tahlan_balor,WEAPON,"Удивительно сложное оружие для того, что, похоже, было создано пиратами. Balor — продвинутое «умное» орудие, стреляющее саморазгоняющимися снарядами с ограниченным наведением. Несмотря на низкую скорость снаряда, способность сопровождать цель делает оружие чрезвычайно точным на большой дистанции.",,,
tahlan_tethra,WEAPON,"Среднего размера умного орудия Legio Infernalis. Обладает отличной дальностью, точностью и скорострельностью; сдерживают его лишь низкая скорость снаряда и посредственная бронепробиваемость.",,,
tahlan_goll,WEAPON,"Goll выпускает россыпь перегруженных шипов, почти не наносящих прямого урона, но разряжающих мощнейший электромагнитный импульс при попадании.",,,
tahlan_conand,WEAPON,"Стреляя из четырёх стволов малокалиберными высокоскоростными кинетическими снарядами, Conand исключительно эффективен против щитов, но совершенно лишён способности пробивать броню.",,,
tahlan_burstgoll,WEAPON,"Очередная залповая версия Goll, созданная для того, чтобы вывести большинство кораблей из строя одним залпом перед абордажем.",,,
tahlan_flood,WEAPON,"Гигантский массив пусковых труб микроркет типа Fountain, встроенный в нос Scathach и способный выпустить достаточно ракет, чтобы перегрузить почти любую ПВО, кроме самых мощных.",,,
tahlan_phira_burst,WEAPON,"Тяжёлая трёхствольная башня, являющаяся неотъемлемой частью Metafalica. Связанная с его системой переменного боеприпаса, она умеет подстраиваться под любую ситуацию.",,,
tahlan_amboss,WEAPON,"Результат увеличения автопушки до чрезмерных размеров и зарядки её фугасными боеприпасами. Несмотря на сравнительно малую дальность, сама грубая огневая мощь и потенциал взлома брони делают это оружие вполне эффективным.",,,
tahlan_sol_dios,WEAPON,"Гигантский всенаправленный лучевой излучатель, лежащий в основе конструкции Songbird. Работая и как ПВО, и как противокорабельное оружие, он даёт Songbird выдающуюся гибкость в бою.",,,
tahlan_ppa,WEAPON,"Официально называемое параллельная импульсная решётка возбуждённых частиц, это крупное энергетическое орудие стреляет рассеянными, но сильно ионизированными снарядами. Плохо справляясь с прямым уроном по щитам и броне, оно отлично подавляет корабельное оружие и двигатели.",,,
tahlan_atropos_tube,WEAPON,Встроенный торпедный аппарат под торпеды класса Atropos. Оснащён автозарядчиком.,,,
tahlan_cashmere,WEAPON,"«Понятия не имею, как им удалось раздуть по сути обычный антиматерийный бластер до такой мощности, но если эта штука когда-нибудь даст сбой, я хочу находиться в другом созвездии.»",- Подслушано в инженерном отсеке,,
tahlan_silk,WEAPON,"«Что бы ты ни делал, держись подальше от той области, куда целится эта молниевая пушка. Удачи объяснить электрическому разряду такого масштаба, что такое IFF.»",- Перехваченные переговоры пилотов,,
tahlan_velvet,WEAPON,"«Слышал, у ребят с четвёртой палубы до сих пор немеют конечности, потому что артиллеристы не смогли удержаться и гоняли новую пушку на полном режиме. За это их потом жёстко размазал старпом.»",- Неизвестный член экипажа,,
tahlan_diffusegraviton,WEAPON,"Ранний вариант гравитонного луча, встроенный в корпус Flagellator. По чистому урону он почти смехотворен, но в первую очередь служит средством перехвата и замедления, тормозя малые корабли и мешая их движению.",,,
tahlan_reloadinghammers,WEAPON,"Модифицированная установка залп Hammer, встроенная в корпус корабля и соединённая с импровизированным автозарядчиком. Такая схема убирает обычные долгосрочные ограничения по боезапасу, но уменьшает количество торпед, готовых к немедленному пуску.",,,
tahlan_pastel,WEAPON,"Малоизвестный отпрыск PEPPA: у Pastella Blaster ядро импульсного излучателя было серьёзно переработано ради резкого увеличения выходной мощности. Итог — исключительно мощное оружие, выпускающее очередь сильных энергетических зарядов на предельно малой дистанции. Технически оно достаточно эффективно, однако сам залп всё равно генерирует чрезмерное количество потока — слишком большое для многих кораблей, а помехи ограничивают число таких пушек, которые можно эффективно поставить на один корпус.",,,
tahlan_taffeta,WEAPON,"«Я вообще не понимаю, чем эта пушка стреляет, но щиты она жрёт просто отлично. А лучшая часть знаешь какая? У меня есть знакомый в логистике, так он сказал, что они даже не знают, откуда у неё берутся боеприпасы. Какая-то нанокузнечная хрень, отвечаю.»",- Офицер артиллерии Хокинс,,
tahlan_breaker,WEAPON,"Безумный результат объединения трёх корабельных орудий в одну роторную пушку: Breaker способен с ужасающей скоростью выпускать крупнокалиберные противоброневые снаряды. Практичность решения можно обсуждать, но даже один психологический эффект от такого ротора уже оправдывает его существование.",,,
tahlan_aetnos,WEAPON,"Тяжёлые противоброневые снаряды, огромный метательный заряд и чудовищно недоразмеренные демпферы отдачи — вот три вещи, определяющие Aetnos. Один залп этого оружия способен нанести поразительный урон даже тяжело бронированному кораблю... если, конечно, сумеет попасть.",,,
tahlan_ryza,WEAPON,"Хотя технически это устаревший проект, именно эта разновидность плазменной пушки пережила бесчисленные ревизии за долгие годы. Благодаря высокому альфа-урону и достойной общей отдаче она сумела остаться актуальной через десятилетия технического прогресса.",,,
tahlan_mezoa,WEAPON,"Старый, но надёжный вариант плазменного оружия, отличающийся превосходной ударной силой для орудия своих размеров.",,,
tahlan_cinder_swivel_l,WEAPON,"Попытки уменьшить тепловое импульсное оружие примерно так же стары, как и сам оригинальный тепловая импульсная пушка, но успех сопутствовал им редко. тепловой импульсный бластер можно считать хотя бы частично удачным проектом: он позволил использовать подвижный излучатель, подключённый к внутреннему источнику питания корабля. Этот конкретный экземпляр, похоже, нашли на каком-то старом складе запчастей Гегемонии и кустарно приспособили к внутренностям TPC, оставшимся в корпусе после конверсии Legio.",,,
tahlan_cinder_swivel_r,WEAPON,"Попытки уменьшить тепловое импульсное оружие примерно так же стары, как и сам оригинальный тепловая импульсная пушка, но успех сопутствовал им редко. тепловой импульсный бластер можно считать хотя бы частично удачным проектом: он позволил использовать подвижный излучатель, подключённый к внутреннему источнику питания корабля. Этот конкретный экземпляр, похоже, нашли на каком-то старом складе запчастей Гегемонии и кустарно приспособили к внутренностям TPC, оставшимся в корпусе после конверсии Legio.",,,
tahlan_vesuvio,WEAPON,"Благодаря высокой скорострельности и быстрым ионизированным снарядам Vesuvio может стать настоящим кошмаром для большинства кораблей, но его сдерживают дальность ниже средней и высокая нагрузка по потоку.

Предположительно задуманная как замена Mk.IX Autocannon, эта быстроцикловая магнитная ускорительная пушка на деле скорее выглядит решением в поисках проблемы. Способность давать EMP-эффект и отличный урон, безусловно, хороши, но оружие, которое она должна была заменить, продолжает доказывать, что простота конструкции нередко побеждает.",,,
tahlan_hammertube,WEAPON,"Встроенная пусковая труба под торпеды типа Hammer, питающаяся из внутреннего запаса ценой короткой задержки перезарядки после выстрела.",,,
tahlan_sabottube,WEAPON,"Встроенная пусковая труба под Sabot SRM, питающаяся из внутреннего запаса ценой короткой задержки перезарядки после выстрела.",,,
tahlan_helrazer,WEAPON,"Гигантское спинальное орудие Hel Scaith выпускает крупный сверхкритический заряд антиматерии с чудовищным разрушительным потенциалом. Даже одно попадание способно искалечить или уничтожить многие корабли, но низкая скорость снаряда ограничивает применение оружия в основном против тяжёлых, неповоротливых целей.",,,
tahlan_manannan,WEAPON,"Оружие последнего довода. Manannan применяется только в ответ на эквивалентную эскалацию огневой мощи — что само по себе крайне необычно для руководства Legio и служит лучшим доказательством того, насколько разрушительно это оружие.",,,
tahlan_novaspear,WEAPON,"«Если ей суждено стать все-матерью, мы должны вручить ей клинок, которым она будет защищать своих детей до того дня, когда они сами смогут взяться за оружие.»",- [Источник неизвестен],,
tahlan_sunspear,WEAPON,"«Они что, правда получили на это одобрение? Ты не хуже меня знаешь, что всё это нарушает действующее право, даже если высшее командование всё подписало.»",- [Источник неизвестен],,
tahlan_mortarbattery,WEAPON,"По сути это пара тяжёлых мортир в общем креплении. В остальном ничего особенно выдающегося, но более просторный корпус позволил поставить лучшие автозарядчики, увеличив скорострельность по сравнению с двумя отдельными тяжёлыми мортирами, а заодно немного подняв дальность.",,,
tahlan_dreadsabot,WEAPON,"Основанный на старом варианте Sabot SRM эпохи Домена, этот построенный Legio вариант использует один суббоеприпас ради лучшей эффективности против малых целей и брони ценой уменьшения суммарной кинетической нагрузки.",,,
tahlan_dreadsabotpod,WEAPON,"Основанный на старом варианте Sabot SRM эпохи Домена, этот построенный Legio вариант использует один суббоеприпас ради лучшей эффективности против малых целей и брони ценой уменьшения суммарной кинетической нагрузки.",,,
tahlan_hellspitter,WEAPON,"Вариант обычной Plasma Cannon, переделанный под ближний бой. Hellspitter жертвует дальностью ради значительного снижения нагрузки на поточную сеть, что позволяет ему обрушивать непрерывный шквал плазменного огня.

Суть модификации на самом деле крайне проста: уменьшение силы поля удержания плазмы само по себе облегчает процесс выстрела и ускоряет перезарядку конденсаторов, устраняя необходимость в стрельбе очередями.",,,
tahlan_omna,WEAPON,"Несмотря на лёгкость, ракеты Omna несут на удивление мощную EMP-боеголовку для своего размера и атакуют веером, поражая цель с нескольких углов.",,,
tahlan_massresonance_lrg,WEAPON,"Ужасная AM-боеголовка торпеды класса Reaper, соединённая с генератором поля массового резонанса. Оружие, созданное с единственной целью — валить даже самые крупные военные корабли.",,,
tahlan_massresonance_med,WEAPON,"Ужасная AM-боеголовка торпеды класса Reaper, соединённая с генератором поля массового резонанса. Оружие, созданное с единственной целью — валить даже самые крупные военные корабли.",,,
,,,,,
,,,,,
# Rosenritter,,,,,
,,,,,
tahlan_sturmkanone_r,WEAPON,"Sturmkanone — почитаемый проект в кругах Rosenritter и стандартное оружие на многих Regalia; его считают по-настоящему рыцарским, и уже по этой причине часто выбирают вместо более специализированных систем. Основанное на старой и простой конструкции плазменной пушки, это оружие столетиями совершенствовалось и теперь обладает превосходной эффективностью против любых целей.",,,
tahlan_sturmkanone_l,WEAPON,"Sturmkanone — почитаемый проект в кругах Rosenritter и стандартное оружие на многих Regalia; его считают по-настоящему рыцарским, и уже по этой причине часто выбирают вместо более специализированных систем. Основанное на старой и простой конструкции плазменной пушки, это оружие столетиями совершенствовалось и теперь обладает превосходной эффективностью против любых целей.",,,
tahlan_sturmkanone_m2,WEAPON,"Старая, более компактная модель Sturmkanone для использования в модульных креплениях. При той же огневой мощи, что и у Mk.3, она не способна поддерживать такой выход долго и страдает от заметно меньшей дальности.",,,
tahlan_stahlhagel_r,WEAPON,"Проект, старый как мир: Stahlhagel — надёжная роторная пушка, ведущая своё происхождение от Старших Домов. Множество вариаций её базовой схемы использовались как противощитовое оружие на Regalia ещё с самого первого поколения.",,,
tahlan_stahlhagel_l,WEAPON,"Проект, старый как мир: Stahlhagel — надёжная роторная пушка, ведущая своё происхождение от Старших Домов. Множество вариаций её базовой схемы использовались как противощитовое оружие на Regalia ещё с самого первого поколения.",,,
tahlan_stahlhagel_zwilling,WEAPON,"Объединив две малокалиберные версии Stahlhagel в одну турель, вариант Zwilling достигает впечатляющей скорострельности. Отдельные снаряды здесь легче и менее точны, чем у других вариантов, но против щитов оружие остаётся крайне эффективным. Главный недостаток системы — сложный механизм подачи боеприпасов, который без дополнительных доработок не поспевает за её темпом стрельбы.",,,
tahlan_hagelsturm,WEAPON,"По сути это пара роторных пушек Stahlhagel, увеличенных до более крупного калибра и помещённых в более тяжёлое крепление. Hagelsturm — разрушительное оружие подавления. Однако, как бы силён он ни был, распространение его оказалось ограниченным, поскольку крупные крепления на кораблях Rosenritter обычно встречаются лишь на вспомогательных судах.",,,
tahlan_panzerfaust_r,WEAPON,"Немногие орудия так же просты и так же эффективны, как тяжёлая боевая винтовка. Заряженный тяжёлыми фугасными боеприпасами, Panzerfaust полностью оправдывает своё имя, нанося сокрушительный удар даже по самой тяжёлой броне. Его часто ставят на Regalia, которым предстоит сталкиваться с тяжёлой бронёй, хотя за чрезмерную любовь к этому оружию иногда смотрят косо из-за его грубой природы.",,,
tahlan_panzerfaust_l,WEAPON,"Немногие орудия так же просты и так же эффективны, как тяжёлая боевая винтовка. Заряженный тяжёлыми фугасными боеприпасами, Panzerfaust полностью оправдывает своё имя, нанося сокрушительный удар даже по самой тяжёлой броне. Его часто ставят на Regalia, которым предстоит сталкиваться с тяжёлой бронёй, хотя за чрезмерную любовь к этому оружию иногда смотрят косо из-за его грубой природы.",,,
tahlan_schwalbenflug_r,WEAPON,"Хотя основные оружейные руки Regalia редко используются под ракетное вооружение, Schwalbenflug — одно из немногих исключений. Его часто ставят как дополнительное оружие на Regalia, ориентированных на дальность, и он позволяет насыщать цель залпом из 15 MstRkt.21 «Schwalbe» с превосходными лётными характеристиками.",,,
tahlan_schwalbenflug_l,WEAPON,"Хотя основные оружейные руки Regalia редко используются под ракетное вооружение, Schwalbenflug — одно из немногих исключений. Его часто ставят как дополнительное оружие на Regalia, ориентированных на дальность, и он позволяет насыщать цель залпом из 15 MstRkt.21 «Schwalbe» с превосходными лётными характеристиками.",,,
tahlan_nadel_r,WEAPON,"Высоко ценимая за игольчатую точность, Nadel любима Rosenritter Graf как элегантное оружие — особенно теми, кому выпала привилегия установить её на своё Regalia. Оружие стреляет полу-бронебойным сабот-снарядом, наносящим высокий кинетический урон по щитам и способным ранить даже бронированные цели.",,,
tahlan_nadel_l,WEAPON,"Высоко ценимая за игольчатую точность, Nadel любима Rosenritter Graf как элегантное оружие — особенно теми, кому выпала привилегия установить её на своё Regalia. Оружие стреляет полу-бронебойным сабот-снарядом, наносящим высокий кинетический урон по щитам и способным ранить даже бронированные цели.",,,
tahlan_hueter,WEAPON,"Созданный в первую очередь для применения на Regalia, Hüter — это «умная» система точечной обороны, стреляющая перехватывающими микроркетами. Против крупных целей она довольно неэффективна, но сами ракеты настолько малы, что в роли дополнения к основному огню не отслеживаются вражеской ПВО.",,,
tahlan_glanzwurf_pulse_l,WEAPON,"Разработанный специально для Regalia Glanzwurf, этот продвинутый импульсный бластер основан на обычном импульсном лазере, но усилен двухкамерной системой и вспомогательными конденсаторными банками, позволяющими переключаться в мощный режим плазменного выстрела, сходный со Sturmkanone. Система чрезвычайно мощная, но число таких выстрелов ограничено малой ёмкостью заряда.",,,
tahlan_glanzwurf_pulse_r,WEAPON,"Разработанный специально для Regalia Glanzwurf, этот продвинутый импульсный бластер основан на обычном импульсном лазере, но усилен двухкамерной системой и вспомогательными конденсаторными банками, позволяющими переключаться в мощный режим плазменного выстрела, сходный со Sturmkanone. Система чрезвычайно мощная, но число таких выстрелов ограничено малой ёмкостью заряда.",,,
tahlan_glanzwurf_gun_r,WEAPON,"Дальнобойная пушка пустотного разрыва, разработанная специально для эскортной конфигурации Regalia Glanzwurf. Эффективная против большинства целей и способная работать как ПВО, она идеально подходит для своей роли.",,,
tahlan_glanzwurf_gun_l,WEAPON,"Дальнобойная пушка пустотного разрыва, разработанная специально для эскортной конфигурации Regalia Glanzwurf. Эффективная против большинства целей и способная работать как ПВО, она идеально подходит для своей роли.",,,
tahlan_kriegsmesser,WEAPON,"Одно из немногих оружий Rosenritter, создававшихся в первую очередь для обычных боевых кораблей, а не для Regalia. Kriegsmesser — тяжёлая противокорабельная ракета с нестабильной плазменной боеголовкой. Говорят, множественные вторичные взрывы при попадании особенно приятно наблюдать.",,,
tahlan_dolch,WEAPON,"Изначально предназначавшаяся для Regalia, эта противокорабельная ракета в итоге нашла больше применения как стандартное вооружение линейных крейсеров класса Nachtgesang. До включения основного двигателя ракета корректирует курс с помощью лёгких одноразовых микродвигателей, что даёт ей отличную максимальную скорость ценой непрерывного наведения.",,,
tahlan_dolch_rack,WEAPON,"Изначально предназначавшаяся для Regalia, эта противокорабельная ракета в итоге нашла больше применения как стандартное вооружение линейных крейсеров класса Nachtgesang. До включения основного двигателя ракета корректирует курс с помощью лёгких одноразовых микродвигателей, что даёт ей отличную максимальную скорость ценой непрерывного наведения.",,,
tahlan_doppellicht_r,WEAPON,"Дальнейшее развитие Lichtkanone, использующее повышенную мощность Silberblut для объединения двух бластеров в одно оружие-руку. Хотя каждая отдельная пушка стреляет реже, общий объём огня существенно вырос, а двухкамерная система для режима плазменного снаряда сохранена.",,,
tahlan_doppellicht_l,WEAPON,"Дальнейшее развитие Lichtkanone, использующее повышенную мощность Silberblut для объединения двух бластеров в одно оружие-руку. Хотя каждая отдельная пушка стреляет реже, общий объём огня существенно вырос, а двухкамерная система для режима плазменного снаряда сохранена.",,,
tahlan_ethniu,WEAPON,"Сильно заряженный плазменный луч, ответвившийся от разработки Sturmkanone. Известно, что этот тяжёлый заряд вызывает взрывные реакции при контакте луча со структурой корабля.",,,
tahlan_strahlhammer,WEAPON,"Спаренный вариант заряженного плазменного луча, выросший из разработки Sturmkanone. Известно, что тяжёлый заряд вызывает взрывные реакции при контакте луча со структурой корабля.",,,
tahlan_strahlfaust_r,WEAPON,"Сильно заряженный плазменный луч, ответвившийся от разработки Sturmkanone. Известно, что этот тяжёлый заряд вызывает взрывные реакции при контакте луча со структурой корабля. Используя высокую мощность Silberherz, этот вариант оружия-руки достигает большей огневой мощи и дальности, чем модульный аналог.",,,
tahlan_strahlfaust_l,WEAPON,"Сильно заряженный плазменный луч, ответвившийся от разработки Sturmkanone. Известно, что этот тяжёлый заряд вызывает взрывные реакции при контакте луча со структурой корабля. Используя высокую мощность Silberherz, этот вариант оружия-руки достигает большей огневой мощи и дальности, чем модульный аналог.",,,
,,,,,
,,,,,
tahlan_daemoncore,RESOURCE,"Как именно Legio Infernalis модифицировала это ИИ-ядро, до конца не ясно.",,,
tahlan_archdaemoncore,RESOURCE,Конструкцию этого ИИ-ядра можно описать лишь как оккультную — будто бы его архитектура намеренно нарушает привычную логику.,,,
tahlan_neurallink,RESOURCE,[Это никогда не должно быть видно],,,
,,,,,
# Ship Systems,,,,,
,,,,,
tahlan_stormdrive,SHIP_SYSTEM,"Перенаправляет энергию со щитов на двигатели, позволяя быстро рвануть вперёд, пока встроенное демпферное поле на время вдвое снижает весь урон по корпусу и броне.",Подвижность,,
tahlan_holyfuror,SHIP_SYSTEM,"«Его святой милостью ваше оружие будет бить сильнее, ваши ноги станут быстрее, а вера укроет вас от всякого вреда»",Штурм,,
tahlan_assaultlockdown,SHIP_SYSTEM,"Перенаправляет энергию с двигателей на оружие, повышая скорострельность баллистики на 25%.",Штурм,,
tahlan_sentrymode,SHIP_SYSTEM,Увеличивает дальность оружия на 300su и вдвое снижает урон по щиту ценой почти всей подвижности.,Защита,,
tahlan_errantdrive,SHIP_SYSTEM,"Ускоряет течение времени на 100%, вдвое снижает получаемый урон и кратковременно перегружает двигатели.",Общее,,
tahlan_navigationfeed,SHIP_SYSTEM,Повышает подвижность установленных истребителей на 50%. Во время работы генерирует жёсткий поток.,Истребители,,
tahlan_dodgynavigationfeed,SHIP_SYSTEM,Повышает подвижность установленных истребителей на 10–40%. Значение примерно раз в 5 секунд колеблется. Во время работы генерирует жёсткий поток.,Истребители,,
tahlan_temporaldrift,SHIP_SYSTEM,"На короткий миг ускоряет время в 20 раз, затем быстро возвращает нормальный ход. Во время действия удваивает получаемый урон и вдвое снижает урон энергетического оружия и скорострельность баллистики.",Общее,,
tahlan_activeeccm,SHIP_SYSTEM,"Пока активна, даёт преимущества ECCM самому кораблю и союзникам в радиусе 1000 ед., а также повышает рейтинг ECM флота на 3%. При использовании генерирует мягкий поток.",Поддержка,,
tahlan_strongholdshield,SHIP_SYSTEM,"Снижает урон по щиту на 90%, мгновенно разворачивает его и увеличивает сектор. Также немного повышает максимальную скорость.",Защита,,
tahlan_cavalrycharge,SHIP_SYSTEM,"Бросает корабль вперёд; оружие стреляет на 50% быстрее, а урон по броне и корпусу снижен вдвое, но манёвренность ограничена.",Штурм,,
tahlan_temporalcoordinator,SHIP_SYSTEM,Одновременно ускоряет течение времени для корабля и его истребителей.,Общее,,
tahlan_raiderjets,SHIP_SYSTEM,"Даёт сильный бонус к манёвренности, который со временем затухает.",Подвижность,,
tahlan_raidestjets,SHIP_SYSTEM,"Даёт огромный, но короткий бонус к манёвренности и максимальной скорости. Значительно эффективнее при движении вперёд.",Подвижность,,
tahlan_weaponsoverdrive,SHIP_SYSTEM,Увеличивает урон всего неракетного оружия на 50%.,Оружие,,
tahlan_weaponsoverdrive_phase,SHIP_SYSTEM,"Увеличивает урон всего неракетного оружия на 50%. Можно активировать в фазе, но на время действия блокирует фазовую маскировку.",Оружие,,
tahlan_absolutevirtue,SHIP_SYSTEM,"Удваивает рассеивание потока и позволяет рассеивать жёсткий поток при активных щитах с половинной от обычной скоростью, вдвое снижает урон по щиту, повышает подвижность и ускоряет течение времени на 20%. Во время действия запрещает стрельбу и отключение щита.",Защита,,
tahlan_divinemight,SHIP_SYSTEM,"Кратковременно повышает урон баллистического и энергетического оружия, рассеивание и подвижность.",Усиление,,
tahlan_divinemight_nc,SHIP_SYSTEM,"Кратковременно повышает урон баллистического и энергетического оружия, рассеивание и подвижность, одновременно ускоряя течение времени на 200%.",Усиление,,
tahlan_infernalcharge,SHIP_SYSTEM,"Перенаправляет энергию со щитов на усиление двигателей и рывок вперёд. Запрещает поворот, но встроенное демпферное поле снижает урон по броне и корпусу до 1/3 во время действия.",Подвижность,,
tahlan_defformation,SHIP_SYSTEM,"Приказывает истребителям перейти в оборонительные построения, фактически вдвое снижая весь получаемый ими урон на время действия.",Истребители,,
tahlan_auxthrusters,SHIP_SYSTEM,"Включает вспомогательные двигатели, резко повышая скорость поворота и слегка увеличивая максимальную скорость.",Подвижность,,
tahlan_steamlight,SHIP_SYSTEM,"Даёт короткий, но сильный двухсекундный прирост максимальной скорости и скорострельности баллистики, после чего показатели возвращаются к норме в течение 5 секунд.",Усиление,,
tahlan_assaultmode,SHIP_SYSTEM,Включает штурмовой режим корабля. Повышает DPS баллистического и энергетического оружия на 50% ценой двукратного снижения подвижности. Требует 5 с для выхода на полную мощность и сохраняет её ещё 5 с.,Штурм,,
tahlan_fluxoverdrive,SHIP_SYSTEM,"Перенаправляет нагрузку жёсткого потока со щитов на усиление систем корабля. Повышает скорострельность баллистики, урон энергетического оружия и всю подвижность вплоть до 50%, а также снижает весь получаемый урон вплоть до 50%. Эффект зависит от текущего уровня жёсткого потока и достигает максимума при 90% жёстком потоке. Во время действия отключает щиты.",Усиление,,
tahlan_royalcharge,SHIP_SYSTEM,"Активирует демпферные поля, снижая весь урон на 90%, и бросает корабль вперёд.",Движение,,
tahlan_variable_ammo,SHIP_SYSTEM,"Переключает режим огня встроенного оружия между шоковой пушкой, ударным драйвером и снарядами Тип-3.",Штурм,,
tahlan_weaponstabilization,SHIP_SYSTEM,"Стабилизирует оружие для повышения летальности. Увеличивает урон баллистики и энергетики на 25%, дальность на 200 ед., а скорость снаряда и компенсацию отдачи — на 50%.",Штурм,,
tahlan_explosiverounds,SHIP_SYSTEM,"Загружает микротермоядерные снаряды в любые установленные пушки типа Stahlhagel. При попадании они вызывают дополнительный взрыв, наносящий 50 ед. энергетического урона в радиусе 100 ед., и могут дополнительно вызывать дуговой ЭМИ-урон.",Штурм,,
tahlan_plasmarounds,SHIP_SYSTEM,"Кратковременно переключает встроенное оружие-руки в высокоэнергетический плазменный режим, похожий на Sturmkanone. Плазменные снаряды наносят 300 ед. энергетического урона и взрываются, добавляя ещё 100 ед. фрагментационного урона по области.",Штурм,,
tahlan_heavydamper,SHIP_SYSTEM,"Ненадолго активирует энергетическое поле, уменьшающее входящий урон ценой отключения оружия и щитов. По сравнению со стандартными демпферными полями даёт большее снижение урона и больший запас заряда, но длится куда меньше.",Защита,,
tahlan_crusherdrive,SHIP_SYSTEM,"Перенаправляет всю энергию щитов на двигатели и поля структурной целостности, чтобы таранить текущую цель корабля. Во время действия вдвое снижает получаемый урон и скорострельность оружия.",Таран,,
tahlan_helcrusherdrive,SHIP_SYSTEM,"Перенаправляет всю энергию щитов на двигатели и поля структурной целостности, чтобы таранить текущую цель корабля. Во время действия вдвое снижает получаемый урон и скорострельность оружия.",Таран,,
tahlan_rrskimmer,SHIP_SYSTEM,Особая версия фазовый скиммер с улучшенной скоростью цикла ценой уменьшенной дальности.,Движение,,
tahlan_shiftdrive,SHIP_SYSTEM,Переходит в фазу и делает рывок в выбранном направлении.,Движение,,
tahlan_jauntdrive,SHIP_SYSTEM,Переходит в фазу и делает рывок в выбранном направлении.,Движение,,
tahlan_fluxblast,SHIP_SYSTEM,"Яростно стравливает поток, нанося урон всему поблизости.",Штурм,,
tahlan_realityshell,SHIP_SYSTEM,"Ускоряет течение времени, а затем возвращает корабль к исходному состоянию при отключении системы.",Штурм,,
tahlan_inertialessdrive,SHIP_SYSTEM,"Переключается на безынерционную двигательную систему, значительно повышая подвижность.",Подвижность,,
tahlan_ltskimmer,SHIP_SYSTEM,Улучшенный вариант фазовый скиммер с увеличенной дальностью.,Подвижность,,
tahlan_fluxfeeder,SHIP_SYSTEM,Повышает скорострельность баллистики и соответственно снижает её стоимость по потоку. Становится эффективнее при более высоком уровне потока корабля в момент активации: от +50% к скорострельности при 0 потока до +100% при 90% потока.,Штурм,,
tahlan_machinespirit,SHIP_SYSTEM,Повышает скорострельность баллистического и энергетического оружия и соответственно снижает их стоимость по потоку. Становится эффективнее при более высоком уровне потока корабля в момент активации: от +50% к скорострельности при 0 потока до +100% при 90% потока.,Штурм,,
tahlan_boostthruster,SHIP_SYSTEM,"Активирует тяжёлый ускорительный двигатель, увеличивая максимальную скорость вперёд вплоть до 80 и слегка улучшая манёвренность. Значительно эффективнее при движении вперёд.",Подвижность,,
tahlan_heltempshell,SHIP_SYSTEM,"Модифицированная система темпоральная оболочка. Ускоряет течение времени лишь в 2 раза, но действует дольше.",Общее,,
tahlan_phasebreaker,SHIP_SYSTEM,"На короткий миг переводит корабль в фазу, а затем вводит его в квантовую суперпозицию обоих состояний, позволяя сохранять временной поток фазового пространства при взаимодействии с реальным пространством. Считается фазовую маскировку, но не страдает от фазовых перегрузок.",Общее,,
tahlan_coordinatedstrike,SHIP_SYSTEM,Увеличивает урон энергетического оружия и всего оружия истребителей на 50%.,Истребители,,
tahlan_penetrationDrive,SHIP_SYSTEM,Разгоняет корабль вперёд на высокой скорости в псевдофазовом состоянии. Столкновение с другим кораблём во время рывка наносит напрямую 2000 ед. кинетического урона и ещё 1000 ед. фугасного урона взрывом вокруг точки контакта.,Истребители,,
tahlan_droneoverdrive,SHIP_SYSTEM,"Вводит крыло дронов в режим перегруза, удваивая их скорострельность и заставляя их испускать ЭМИ-дуги по ближайшим врагам.",,,
tahlan_orion_device_mk2,SHIP_SYSTEM,"Развёртывает за кораблём фигурный заряд антиматерии. Взрыв передаёт импульс массивной толкающей плите, которая поглощает удар и растягивает ускорение на промежуток времени, доступный для компенсации инерционными компенсаторами корабля. На короткий миг судно выбрасывает вперёд с ускорением, о котором большинству куда более «продвинутых» технологий остаётся лишь мечтать.",Подвижность,"Подрывает фигурный заряд антиматерии позади корабля, разгоняя его вперёд с экстремальной скоростью.",
tahlan_ewarstrike,SHIP_SYSTEM,"Направляет весь комплекс радиоэлектронной борьбы корабля на цель, вмешиваясь в большинство её систем и открывая её для атаки.",Штурм,"Проводит EWAR-атаку по цели, увеличивая получаемый ею урон и снижая максимальную скорость и дальность оружия.",
tahlan_vectorshift,SHIP_SYSTEM,"Изменяет относительность пространства-времени, усиливая характеристики корабля. Пространственно-временные помехи дополнительно выпускают вредоносные ЭМИ-дуги.",Штурм,Улучшает характеристики корабля и выпускает ЭМИ-дуги.,
,,,,,
# Campaign,,,,,
,,,,,
tahlan_planet_kassadar,CUSTOM,"Последний оплот цивилизации в системе Lethia, Kassadar — холодный и неприветливый мир для большинства своих жителей, но даже из космоса можно различить немногие гигантские ульевые города, в верхних уровнях которых обитает старая знать Великих Домов. Над планетой кружат боевые корабли с оранжевыми полосами флота Kassadari, а их временные системы искажают пространство вокруг в недвусмысленной демонстрации силы.",,"Перед вами лежат останки амбиций Великих Домов; его чёрные шпили напоминают об утраченной славе того, что когда-то должно было стать могущественным местным государством. По мере приближения к планете вы невольно ощущаете странную ностальгию по эпохе Домена и процветанию, которое она когда-то принесла.",
tahlan_planet_heridal,CUSTOM,"Вечнозелёные джунгли покрывают весь Heridal, за исключением больших ныне заброшенных сельскохозяйственных зон, видимых даже с орбиты. Странно видеть такой мир оставленным, но на момент Коллапса колония ещё была слишком молода и не пережила прекращение потока жизненно важных поставок. Однако с учётом его неосвоенных богатств лишь вопрос времени, когда Kassadari вернут себе этот мир.",,,
tahlan_planet_atanor,CUSTOM,"Расплавленный адский ландшафт Atanor — не место для жизни людей, но когда-то богатые минеральные залежи планеты питали инфраструктуру Kassadari. Теперь она заброшена, а её шахты терпеливо ждут дня, когда народ Kassadari сможет вернуться.",,,
tahlan_gate_lethia,CUSTOM,"Когда-то врата были жизненной артерией, снабжавшей систему Lethia материалами, необходимыми для строительства и расширения её трёх колоний. Теперь они бездействуют, погрузив систему в хаос и отчаяние.",,,
,,,,,
tahlan_rubicon_p01,CUSTOM,"Имея значительное рабское население, Melchiresa снабжает военные фабрики Lucifron необходимым сырьём. Одна лишь перспектива оказаться в этом адском месте заставляла не одного торгового капитана сражаться насмерть при встрече с Legio.",,"На экране обзора планета выглядит почти красиво, словно белая мраморная сфера. На миг даже забываешь о тех ужасах, которым её население подверглось под оккупацией Legio.",
tahlan_rubicon_p03,CUSTOM,"Предполагаемая штаб-квартира Legio Infernalis скрыта глубоко под поверхностью Lucifron. Токсичная атмосфера этого мира породила закалённое население, охотно вступающее на службу к Legio в надежде однажды захватить для себя более зелёный мир.",,"Стоит лишь увидеть токсичную атмосферу этой планеты, и вам уже чудится сернистая вонь, пропитавшая каждый угол Lucifron, так что вы заранее с нетерпением ждёте момента отлёта.",
tahlan_rubicon_outpost,CUSTOM,Небольшой военный аванпост на краю системы. Широко используется как тренировочная база для экипажей некоторых из более продвинутых кораблей Legio.,,"Тяжело вооружённая станция едва различима на фоне красной туманности, покрытая чёрным металлом и демонстрирующая весь свой арсенал. Вдалеке за ней вы видите чёрную дыру в сердце системы. Вы ещё не решили, что из этих двух зрелищ выглядит страшнее.",
,,,,,
tahlan_legioinfernalis,FACTION,"Пиратских групп в постколлапсном секторе предостаточно, так что неудивительно, что амбициозная Legio Infernalis долгие годы воспринималась просто как одна из многих. Зачастую оснащённые лучше своих современников, они всё же оставались в тени, поскольку вели себя сравнительно тихо, а внимание главных сил сектора было приковано к событиям куда большего масштаба. Пока Loke бесновался по сектору, Legio держалась на своих захолустных мирах у самой окраины ядра. Когда бушевали ИИ-войны, мало кто обращал внимание на рейды Legio по исследовательским объектам Tri-Tachyon, а те, кто обращал, часто даже одобряли действия против жадной до власти корпорации.

Когда пыль ИИ-войн осела, любопытные наконец решили внимательнее присмотреться к этой теневой пиратской группе, продержавшейся куда дольше, чем ожидаешь от банды убийц и воров. Флоты Legio к тому моменту уже превратились в по-настоящему опасную силу, а печально известная система Rubicon успела заработать репутацию места, из которого независимые звездолёты не возвращаются.

Истинные амбиции Legio до сих пор скрыты, но чем больше светлых умов сектора пыталось копнуть глубже, тем чаще всплывало одно имя — слишком часто, чтобы это можно было списать на совпадение: Nightwatch.",,,
,,,,,
