id,trigger,conditions,script,text,options,notes
#RULESET_NAME PAGSM,,,,,,
,,,,,,
# relationship level descriptions,,,,,,
,,,,,,
# commissioned rel,,,,,,
,,,,,,
# sindrian comm rel,,,,,,
relLevelNeutralFuelComm,RelationshipLevelDesc,"$faction.id == sindrian_diktat score:2000
$faction.rel == NEUTRAL
sfcemployee sindrian_diktat",FireAll RelLevelMoreDescription,"Хотя Sindrian Fuel Company все еще считает вас сотрудником, ваш контракт держится на тонкой нитке. Продолжите в том же духе и снова будете стоять в бесконечных очередях к топливным колонкам.",,
relLevelFavorableFuelComm,RelationshipLevelDesc,"$faction.id == sindrian_diktat score:2000
$faction.rel == FAVORABLE
sfcemployee sindrian_diktat",FireAll RelLevelMoreDescription,"Как сотрудник Sindrian Fuel Company, вы обязаны поддерживать ценности Верховного Главнокомандующего Президента Исполнительного Директора АЗС и всей Компании. В качестве бонуса вам теперь разрешено обходить большую часть очередей на заправке.",,
relLevelWelcomingFuelComm,RelationshipLevelDesc,"$faction.id == sindrian_diktat score:2000
$faction.rel == WELCOMING
sfcemployee sindrian_diktat",FireAll RelLevelMoreDescription,"Ваша добросовестная служба в Sindrian Fuel Company привлекла к вам внимание: коллеги чаще обращаются за помощью, а начальство дает вам дополнительный приоритет в клиентских очередях.",,
relLevelFriendlyFuelComm,RelationshipLevelDesc,"$faction.id == sindrian_diktat score:2000
$faction.rel == FRIENDLY
sfcemployee sindrian_diktat",FireAll RelLevelMoreDescription,"Сделав себе имя в Sindrian Fuel Company, вы заинтересовали Совет по рекламе и маркетингу: вас просят продвигать образ идеального сотрудника. Пусть за такие появления платят не всегда, но как минимум ваше обслуживание при заправке заметно ускорилось.",,
relLevelCooperativeFuelComm,RelationshipLevelDesc,"$faction.id == sindrian_diktat score:2000
$faction.rel == COOPERATIVE
sfcemployee sindrian_diktat",FireAll RelLevelMoreDescription,"Многие называют себя лучшими работниками Sindrian Fuel Company, но именно вы, капитан $playerName, по праву тянете на звание Сотрудника месяца. Продолжайте служить Компании и вскоре это звание может закрепиться за вами надолго.",,
#END sindrian comm rel,,,,,,
,,,,,,
# hegemony comm rel,,,,,,
relLevelVengefulFuelheg,RelationshipLevelDesc,"$faction.rel == VENGEFUL
$faction.id == sindrian_diktat score:2000
sfcemployee hegemony",FireAll RelLevelMoreDescription,"Как мерзкий пособник Nachiketa Fuel Traders, Incorporated и их гегемонийских прихвостней, вы заняли особое место бесчестья в анналах истории Sindrian Fuel. В вопросах топлива вы считаетесь абсолютным преступником, и вряд ли вам когда-либо дадут пощаду.",,
relLevelHostileFuelheg,RelationshipLevelDesc,"$faction.rel == HOSTILE
$faction.id == sindrian_diktat score:2000
sfcemployee hegemony",FireAll RelLevelMoreDescription,"Встав на сторону Nachiketa Fuel Traders, Incorporated против Sindrian Fuel Company, вы нажили себе серьезных врагов. На снисхождение в случае поражения рассчитывать не стоит, так что надейтесь, что ваш не-синдрийский анти-материйный суррогат вас не подведет.",,
relLevelInhospitableFuelheg,RelationshipLevelDesc,"$faction.rel == INHOSPITABLE
$faction.id == sindrian_diktat score:2000
sfcemployee hegemony",FireAll RelLevelMoreDescription,"Из-за обострения отношений между Sindrian Fuel Company и Nachiketa Fuel Traders для вас действует эмбарго на топливо в Askonia и на других лояльных Компании рынках. Ситуация еще может улучшиться или ухудшиться, но пока синдрийское топливо вам почти недоступно.",,
relLevelSuspiciousFuelheg,RelationshipLevelDesc,"$faction.rel == SUSPICIOUS
$faction.id == sindrian_diktat score:2000
sfcemployee hegemony",FireAll RelLevelMoreDescription,"Напряжение между Nachiketa Fuel Traders и их покровителями из Гегемонии с одной стороны и Sindrian Fuel Company с другой быстро растет. Вы сделали ставку против главного соперника Компании, так что ждите грубого обращения при любой встрече.",,
relLevelNeutralFuelheg,RelationshipLevelDesc,"$faction.id == sindrian_diktat score:2000
$faction.rel == NEUTRAL
sfcemployee hegemony",FireAll RelLevelMoreDescription,"Пока что отношения между Nachiketa Fuel Traders, Incorporated и Sindrian Fuel Company напряженные, но еще не скатились в открытую вражду. Askonia для вас открыта, однако обе топливные корпорации агрессивно охраняют свои интересы.",,
relLevelFavorableFuelheg,RelationshipLevelDesc,"$faction.id == sindrian_diktat score:2000
$faction.rel == FAVORABLE
sfcemployee hegemony",FireAll RelLevelMoreDescription,"Между Nachiketa Fuel Traders, Incorporated и Sindrian Fuel Company наступил редкий период затишья. Обе стороны больше заняты собственным производством, чем взаимным подрывом, поэтому заправочная инфраструктура Askonia пока работает без лишних потрясений.",,
relLevelWelcomingFuelheg,RelationshipLevelDesc,"$faction.id == sindrian_diktat score:2000
$faction.rel == WELCOMING
sfcemployee hegemony",FireAll RelLevelMoreDescription,"От простой терпимости стороны перешли к потеплению отношений: Nachiketa Fuel Traders, Incorporated и Sindrian Fuel Company открыли официальные каналы для улучшения потока торговли анти-материйным топливом по мирам ядра.",,
relLevelFriendlyFuelheg,RelationshipLevelDesc,"$faction.id == sindrian_diktat score:2000
$faction.rel == FRIENDLY
sfcemployee hegemony",FireAll RelLevelMoreDescription,"Сотрудничество между Nachiketa Fuel Traders, Incorporated и Sindrian Fuel Company начинает приносить плоды. Обе структуры обсуждают общий стандарт производства и экспорта топлива по всему Персеанскому сектору.",,
relLevelCooperativeFuelheg,RelationshipLevelDesc,"$faction.id == sindrian_diktat score:2000
$faction.rel == COOPERATIVE
sfcemployee hegemony",FireAll RelLevelMoreDescription,"Сотрудничество между Nachiketa Fuel Traders, Incorporated и Sindrian Fuel Company достигло исторического максимума. Хотя Гегемония сохраняет прежнюю линию в отношении Компании, даже самые упертые критики вынуждены признавать, что ветер перемен уже дует.",,
#END hegemony comm rel,,,,,,
,,,,,,
# persean league comm rel,,,,,,
relLevelVengefulFuelleague,RelationshipLevelDesc,"$faction.rel == VENGEFUL
$faction.id == sindrian_diktat score:2000
sfcemployee persean",FireAll RelLevelMoreDescription,"Sindrian Fuel Company официально объявила Persean League провалившейся организацией, управляемой мелкими олигархами Казерона. По всему сектору идут трансляции о намерении Компании однажды сместить старую элиту и принести мирам Лиги истинную топливную справедливость.",,
relLevelHostileFuelleague,RelationshipLevelDesc,"$faction.rel == HOSTILE
$faction.id == sindrian_diktat score:2000
sfcemployee persean",FireAll RelLevelMoreDescription,"Между Sindrian Fuel Company и Persean League официально действует состояние войны. Ссылаясь на плохое обращение с сотрудниками и отказ признать превосходство синдрийского топлива, Компания заявляет, что война закончится только после «исправления курса» Лиги.",,
relLevelInhospitableFuelleague,RelationshipLevelDesc,"$faction.rel == INHOSPITABLE
$faction.id == sindrian_diktat score:2000
sfcemployee persean",FireAll RelLevelMoreDescription,"Официально Sindrian Fuel Company заявляет, что Persean League закрыла свои порты для торговли с Компанией, и винит Лигу в отказе отказаться от «низкосортных» брендов топлива. Перехваченные передачи рисуют иную картину, но факт остается: отношения сильно испорчены.",,
relLevelSuspiciousFuelleague,RelationshipLevelDesc,"$faction.rel == SUSPICIOUS
$faction.id == sindrian_diktat score:2000
sfcemployee persean",FireAll RelLevelMoreDescription,"Хотя Sindrian Fuel Company и Persean League сохраняют официальные дипломатические каналы, напряженность между ними подтачивает остатки доверия. Представители Компании и торговцы Лиги регулярно сталкиваются на почве топливных брендов и тарифов.",,
relLevelNeutralFuelleague,RelationshipLevelDesc,"$faction.id == sindrian_diktat score:2000
$faction.rel == NEUTRAL
sfcemployee persean",FireAll RelLevelMoreDescription,"Sindrian Fuel Company видит в Persean League в первую очередь крупного клиента на анти-материйное топливо. Несмотря на раздражение из-за закупок альтернативных брендов, обе стороны держат отношения строго деловыми и избегают резких шагов.",,
relLevelFavorableFuelleague,RelationshipLevelDesc,"$faction.id == sindrian_diktat score:2000
$faction.rel == FAVORABLE
sfcemployee persean",FireAll RelLevelMoreDescription,"Sindrian Fuel Company оценивает рабочие отношения с Persean League чуть выше среднего уровня с другими клиентами. Это не меняет всю картину, но Компания явно заинтересована в сохранении стабильных торговых каналов.",,
relLevelWelcomingFuelleague,RelationshipLevelDesc,"$faction.id == sindrian_diktat score:2000
$faction.rel == WELCOMING
sfcemployee persean",FireAll RelLevelMoreDescription,"Благодаря устойчивой торговле топливом Sindrian Fuel Company считает отношения с Persean League перспективными для дальнейшего развития. Конвои продолжают снабжать Лигу качественным анти-материйным топливом как для гражданских, так и для военных нужд.",,
relLevelFriendlyFuelleague,RelationshipLevelDesc,"$faction.id == sindrian_diktat score:2000
$faction.rel == FRIENDLY
sfcemployee persean",FireAll RelLevelMoreDescription,Сотрудничество между Sindrian Fuel Company и Persean League оформилось в более плотные торговые соглашения: Лига получает более выгодные условия и более надежный поток топлива.,,
relLevelCooperativeFuelleague,RelationshipLevelDesc,"$faction.id == sindrian_diktat score:2000
$faction.rel == COOPERATIVE
sfcemployee persean",FireAll RelLevelMoreDescription,"Sindrian Fuel Company считает Persean League и важнейшим торговым партнером, и сильным союзником. Лига получает выделенную сеть поставок топлива по конкурентным ценам, а Компания принимает множество ее делегаций для укрепления сотрудничества.",,
#END persean league comm rel,,,,,,
,,,,,,
# uaf comm rel,,,,,,
relLevelVengefulFueluaf,RelationshipLevelDesc,"$faction.rel == VENGEFUL
$faction.id == sindrian_diktat score:2000
sfcemployee uaf",FireAll RelLevelMoreDescription,"Проклятие на тебя.

Чужак издалека.

Пусть смерть станет твоим концом.",,
relLevelHostileFueluaf,RelationshipLevelDesc,"$faction.rel == HOSTILE
$faction.id == sindrian_diktat score:2000
sfcemployee uaf",FireAll RelLevelMoreDescription,"Sindrian Fuel Company относится к United Auroran Federation с явным презрением, а ее патрули готовы в любой момент перейти к силовым действиям. Перехваченные передачи из мира ядра показывают постоянную информационную кампанию Компании против ауроранцев.",,
relLevelInhospitableFueluaf,RelationshipLevelDesc,"$faction.rel == INHOSPITABLE
$faction.id == sindrian_diktat score:2000
sfcemployee uaf",FireAll RelLevelMoreDescription,"Отношения между Sindrian Fuel Company и United Auroran Federation остаются холодными: ауроранские флоты, подошедшие слишком близко к Askonia, регулярно сталкиваются с давлением патрулей Компании. Открытой войны пока нет, но одна искра может ее начать.",,
relLevelSuspiciousFueluaf,RelationshipLevelDesc,"$faction.rel == SUSPICIOUS
$faction.id == sindrian_diktat score:2000
sfcemployee uaf",FireAll RelLevelMoreDescription,"Реклама Sindrian Fuel Company выставляет United Auroran Federation в неблагоприятном свете, а отношения остаются напряженными: Компания требует признания «топливократии» Askonia в мирах ядра.",,
relLevelNeutralFueluaf,RelationshipLevelDesc,"$faction.id == sindrian_diktat score:2000
$faction.rel == NEUTRAL
sfcemployee uaf",FireAll RelLevelMoreDescription,"Sindrian Fuel Company и United Auroran Federation сохраняют неловкий мир, при этом Компания настороженно следит за ауроранским топливным производством. Тем не менее Askonia остается для вас открытой, пусть и на правах обычного внешнего клиента.",,
relLevelFavorableFueluaf,RelationshipLevelDesc,"$faction.id == sindrian_diktat score:2000
$faction.rel == FAVORABLE
sfcemployee uaf",FireAll RelLevelMoreDescription,"Sindrian Fuel Company поддерживает сдержанно-приемлемые отношения с United Auroran Federation, и поток туристов между сторонами сохраняется. Несмотря на споры о превосходстве Volturn над Favonius, общий фон постепенно смягчается.",,
relLevelWelcomingFueluaf,RelationshipLevelDesc,"$faction.id == sindrian_diktat score:2000
$faction.rel == WELCOMING
sfcemployee uaf",FireAll RelLevelMoreDescription,"Между Sindrian Fuel Company и United Auroran Federation официально открыты каналы связи, что позволяет сохранять стабильный мир, несмотря на конфликт интересов. От солнечной Askonia до двойных звезд Aoi и Aster нарастает осторожный обмен людьми и товарами.",,
relLevelFriendlyFueluaf,RelationshipLevelDesc,"$faction.id == sindrian_diktat score:2000
$faction.rel == FRIENDLY
sfcemployee uaf",FireAll RelLevelMoreDescription,"Официально признав суверенитет United Auroran Federation, Sindria и New Auroria работают над сглаживанием давних противоречий. Ауроранцы все увереннее чувствуют себя в Askonia, а патрули все чаще ограничиваются наблюдением вместо давления.",,
relLevelCooperativeFueluaf,RelationshipLevelDesc,"$faction.id == sindrian_diktat score:2000
$faction.rel == COOPERATIVE
sfcemployee uaf",FireAll RelLevelMoreDescription,"Дипломаты неустанно поддерживают мир между Sindrian Fuel Company и United Auroran Federation, пока торговля и пассажирские потоки продолжают расти. На рынках двух сторон все чаще соседствуют местные товары и продукция Компании.",,
#END uaf comm rel,,,,,,
#END commissioned rel,,,,,,
,,,,,,
# good,,,,,,
relLevelNeutralFuel,RelationshipLevelDesc,"$faction.rel == NEUTRAL
$faction.id == sindrian_diktat score:1000
!sfcemployee sindrian_diktat",FireAll RelLevelMoreDescription,"Sindrian Fuel Company видит в вас обычного клиента среди миллионов, кто прибывает в Askonia за топливом. Надеемся, вы не против длинных очередей.",,
relLevelFavorableFuel,RelationshipLevelDesc,"$faction.rel == FAVORABLE
$faction.id == sindrian_diktat score:1000
!sfcemployee sindrian_diktat",FireAll RelLevelMoreDescription,"Быть постоянным клиентом Sindrian Fuel Company все-таки выгодно. Очереди по-прежнему длинные, но теперь вы получаете 25 кредитов назад за каждые 100 единиц купленного топлива. Осталось только реально добиться их выдачи.",,
relLevelWelcomingFuel,RelationshipLevelDesc,"$faction.rel == WELCOMING
$faction.id == sindrian_diktat score:1000
!sfcemployee sindrian_diktat",FireAll RelLevelMoreDescription,"Как лояльного клиента Sindrian Fuel Company вас внесли в приоритетный список заправки. Ожидайте, что флот будет заправляться примерно на 25% быстрее среднего клиента.",,
relLevelFriendlyFuel,RelationshipLevelDesc,"$faction.rel == FRIENDLY
$faction.id == sindrian_diktat score:1000
!sfcemployee sindrian_diktat",FireAll RelLevelMoreDescription,За усилия выше уровня обычного клиента Sindrian Fuel Company вам предложили участие в ежегодной лотерее Gold Star Member. Главный приз — полностью оплаченная поездка на Volturn и личная встреча с Volturn-y.,,
relLevelCooperativeFuel,RelationshipLevelDesc,"$faction.rel == COOPERATIVE
$faction.id == sindrian_diktat score:1000
!sfcemployee sindrian_diktat",FireAll RelLevelMoreDescription,"Немногим клиентам Sindrian Fuel Company выпадает такая степень признания. Вы даже получили письмо от Великолепного Верховного Главнокомандующего Президента Исполнительного Директора АЗС Филлипа Андрады (подпись, вероятно, подлинная).",,
#END good,,,,,,
,,,,,,
# bad,,,,,,
relLevelSuspiciousFuel,RelationshipLevelDesc,"$faction.rel == SUSPICIOUS
$faction.id == sindrian_diktat score:2000",FireAll RelLevelMoreDescription,"Да, Sindrian Fuel не самое дешевое в секторе, но высокая цена не означает низкое качество. Напротив: синдрийскому анти-материйному топливу можно доверять. Однако ваши закупки на стороне вызывают в Компании все больше вопросов.",,
relLevelInhospitableFuel,RelationshipLevelDesc,"$faction.rel == INHOSPITABLE
$faction.id == sindrian_diktat score:2000",FireAll RelLevelMoreDescription,"Ваша нелояльность к Sindrian Fuel Company и упорные закупки «низкокачественного» топлива у конкурентов (да, ваш маршрут в Nachiketa заметили) привели к запрету на обслуживание на синдрийских заправках.",,
relLevelHostileFuel,RelationshipLevelDesc,"$faction.rel == HOSTILE
$faction.id == sindrian_diktat score:2000",FireAll RelLevelMoreDescription,"Вы серьезно собираетесь покупать топливо у кого-то еще? Гегемония? Tri-Tachyon? Persean League? Luddic Church? Нет, нет, нет и еще раз нет. Ваше упрямство в выборе чужих брендов больше не считается терпимым.",,
relLevelVengefulFuel,RelationshipLevelDesc,"$faction.rel == VENGEFUL
$faction.id == sindrian_diktat score:2000",FireAll RelLevelMoreDescription,"Теперь вы точно перешли черту. Sindrian Fuel Company долго терпела ваши закупки у конкурентов, но теперь вас внесли в высшую категорию позора: список «Худших клиентов Персеанского сектора».",,
#END bad,,,,,,
,,,,,,
# RelLevelMoreDescription,,,,,,
relLevelSFCKween,RelLevelMoreDescription,"$player.sfcpermaalienatedkween == false
$player.sfckweenfavor >= 3
$faction.id == sindrian_diktat",,"Ходят слухи, что после всего, что вы сделали для ее проектов, Юнрис Квин считает вас своим любимым помощником.",,
relLevelSFCKweenEnemy,RelLevelMoreDescription,"$player.sfcpermaalienatedkween == true
$faction.id == sindrian_diktat",,"Ходят слухи, что вы нажили себе постоянного врага в лице главы исследований Sindrian Fuel Company.",,
#END RelLevelMoreDescription,,,,,,
#END relationship level descriptions,,,,,,
,,,,,,
# portside bar stuff,,,,,,
bar_descFuel,BarPrintDesc,"$faction.id == sindrian_diktat
$player.transponderOn == true",ShowImageVisual bar_diktat,"Вы входите в бар, оставляя за спиной бодрые тропические рекламные трансляции магистрали. Уставшие после смены заправщики пропивают зарплату за столами под логотипом Volturn-y the Volturnian Lobster. В углу группа нарядно одетых менеджеров требует еще по раунду, перекрикивая музыку и общий гул.",,
bar_descFuelSneak,BarPrintDesc,"$faction.id == sindrian_diktat
$player.transponderOn == false",ShowImageVisual space_bar,"Убедившись, что за вами нет хвоста, вы тихо заходите в бар. Вне смены заправщики пропивают зарплату под логотипом Volturn-y the Volturnian Lobster, а в углу нарядные менеджеры шумно заказывают новые раунды.",,
bar_descFuelSindria,BarPrintDesc,"$faction.id == sindrian_diktat
$market.id == sindria score:100
$player.transponderOn == true",ShowImageVisual bar_diktat,"На Синдрии выбор баров и подобных заведений поистине огромен. Вы ныряете в ближайший бар, надеясь скрыться от бесконечного потока рекламы и толпы в проходах.

К сожалению, внутри не сильно тише.",,
bar_descFuelSindriaSneak,BarPrintDesc,"$faction.id == sindrian_diktat
$market.id == sindria score:100
$player.transponderOn == false",ShowImageVisual space_bar,"Проверив, что за вами никто не следит, вы незаметно входите в бар. Вне смены заправщики и менеджеры $faction занимают почти все столы, и общий шум быстро заглушает любые попытки говорить вполголоса.",,
bar_descFuelVolturn,BarPrintDesc,"$faction.id == sindrian_diktat
$market.id == volturn score:100
$player.transponderOn == true",ShowImageVisual bar_diktat,"Blue Lobster — второе по популярности заведение на Волтурне, уступающее лишь знаменитому Volturnian Lobster Garden. Зато здесь нет той очереди, которая, по слухам, тянется больше мили.

Пройдя внутрь, вы быстро находите свободный столик.",,
bar_descFuelVolturnSneak,BarPrintDesc,"$faction.id == sindrian_diktat
$market.id == volturn score:100
$player.transponderOn == false",ShowImageVisual space_bar,"Вы скрытно заходите в угловой бар подальше от глаз патрулей Sindrian Fuel, предварительно убедившись, что хвоста нет. По местным меркам место непритязательное: скрипучие половицы, простая мебель и посетители, которым явно не до церемоний.",,
bar_descFuelCruor,BarPrintDesc,"$faction.id == sindrian_diktat
$market.id == cruor score:100
$player.transponderOn == true",ShowImageVisual bar_diktat,"Местные бары Круора — полная противоположность ярким и ухоженным заведениям других миров Компании. Похоже, их строили лишь для того, чтобы рабочие могли немного выдохнуть между сменами. Вы входите в один из таких баров.",,
bar_descFuelCruorSneak,BarPrintDesc,"$faction.id == sindrian_diktat
$market.id == cruor score:100
$player.transponderOn == false",ShowImageVisual space_bar,"Предварительно проверив, что рядом нет охраны, вы тихо заходите в один из менее людных баров. Первое, что бросается в глаза, — мигающий свет и самодельная мебель. Измотанные работники с бейджами ""Repayment Laborer"" смотрят в стаканы так, будто это их единственный отдых.",,
bar_descFuelUmbra,BarPrintDesc,"$faction.id == pirates
$market.id == umbra score:100",ShowImageVisual space_bar,"Вы заходите в бар, оставляя за спиной шумный пассаж. За столами сидят самые разные подозрительные типы. В углу висит дартс-мишень с портретом Верховного Главнокомандующего Президента Исполнительного Директора АЗС Филлипа Андрады.",,
bar_descFuelUmbraSFC,BarPrintDesc,"$faction.id == sindrian_diktat
$market.id == umbra score:1000",ShowImageVisual bar_diktat,"Вы заходите в бар, оставляя за спиной шумный пассаж. Работники и менеджеры $faction пьют и спорят за столами. В углу висит мишень для дартса с портретом Верховного Главнокомандующего Президента Исполнительного Директора АЗС Филлипа Андрады.",,
#END portside bar stuff,,,,,,
,,,,,,
# Bar Events,,,,,,
,,,,,,
# SFC Ad Watching,,,,,,
SFCBarAdvertisementStartDevMode,AddBarEvents,"$global.isDevMode score:100
$faction.id == sindrian_diktat
#$global.watchedsfctv == false
#RollProbability 0.5","AddBarEvent SFCBarAd ""Take a moment to watch the holoscreen"" ""Your eyes catch a nearby holoscreen loudly blaring in the corner of the bar. You could take a moment and watch what's on.""",,,
SFCBarAdvertisementStart,AddBarEvents,"$faction.id == sindrian_diktat
$global.watchedsfctv == false
RollProbability 0.5","AddBarEvent SFCBarAd ""Take a moment to watch the holoscreen"" ""Your eyes catch a nearby holoscreen loudly blaring in the corner of the bar. You could take a moment and watch what's on.""",,,
SFCBarAdvertisement1,DialogOptionSelected,$option == SFCBarAd,$global.watchedsfctv = true 30,"Вы переводите взгляд на голоэкран и решаете посмотреть, что там показывают. Сейчас, похоже, перерыв между передачами, идут рекламные ролики. Можно посмотреть еще немного, а можно вернуться к своим делам.","0:SFCWatchCommercials:Продолжать смотреть на экран
1:SFCDontWatchCommercials:Отвернуться от экрана",
SFCBarAdvertisement2,DialogOptionSelected,"$option == SFCWatchCommercials
$player.sfcadwatch < 10
",$player.sfcadwatch++,"Вы смотрите ролик о преимуществах топлива Sindrian Brand Antimatter, где его явно ставят выше прочих брендов Персеанского сектора. Некоторые марки вам знакомы, а часть названий вы слышите впервые.
OR
Следующий ролик посвящен идеальному сотруднику Компании: улыбка, форма, фирменные очки и безупречная лояльность бренду.","0:SFCWatchCommercials:Продолжать смотреть на экран
1:SFCDontWatchCommercials:Отвернуться от экрана",
SFCBarAdvertisement3,DialogOptionSelected,"$option == SFCWatchCommercials
$player.sfcadwatch >= 10","unset $player.sfcadwatch
AddXP 250","Реклама заканчивается, и эфир возвращается к довольно скучному обзору последних акций Sindrian Fuel Company. Судя по графикам, котировки почему-то продолжают расти.

Вы решаете, что на этом достаточно, и возвращаетесь к своим делам.
OR
Реклама сменяется корпоративной передачей о стандартах обслуживания клиентов. Вы выключаете звук и решаете больше не тратить на это время.",backToBar:Вернуться в бар,
SFCBarAdvertisementCancel,DialogOptionSelected,$option == SFCDontWatchCommercials,"AddXP 10
unset $player.sfcadwatch
SetShortcut backToBar ""ESCAPE""",Вы качаете головой и отворачиваетесь от голоэкрана. Рекламу можно посмотреть и позже — у вас есть дела поважнее.,backToBar:Вернуться в бар,
#END SFC Ad Watching,,,,,,
,,,,,,
# fonzi bar meeting,,,,,,
sfcfonzibarmeetingstart,AddBarEvents,"$global.daysSinceStart > 365
$faction.id == sindrian_diktat
$market.id == volturn
$global.sfcfonzibar == false
RepGTE sindrian_diktat FRIENDLY
RollProbability 0.5","AddBarEvent sfcfonzibarmeeting ""Approach the man who was staring at you."" ""You notice a man looking at you as you enter the bar before looking away. You think he might have been expecting someone else, but him glancing at your way every now and then has you thinking otherwise.""",,,
sfcfonizbarmeeting1,DialogOptionSelected,$option == sfcfonzibarmeeting,"$global.sfcfonzibar = true
BeginConversation sfcfonz true true","Вы подходите к столику мужчины, стараясь не привлекать лишнего внимания. Когда вы подходите ближе, он жестом приглашает вас сесть напротив.

""Итак, капитан $playerName?""

Значок на его груди ярко блестит в свете лампы: золотая эмблема Sindrian Fuel Company.","sfcfonzibar1a:Просто хотел немного поболтать.
sfcfonzibar1b:Прошу прощения - кажется - я вас с кем-то перепутал.",
sfcfonizbarmeeting1a,DialogOptionSelected,$option == sfcfonzibar1a,,"Мужчина кивает, когда вы садитесь, и к вашему столу подходит официант, ставя напитки для вас обоих.

""Меня зовут $personName"", — говорит он, устраиваясь поудобнее. ""И нет, у тебя не проблемы. По крайней мере, насколько мне известно. Просто хочу задать пару вопросов.""","sfcfonzibar2a:Сказать - что вы считаете Компанию лучшей
sfcfonzibar2b:Сказать - что Компания нормальная
sfcfonzibar2c:Сказать - что Компания вам не особо нравится",
sfcfonizbarmeeting1b,DialogOptionSelected,$option == sfcfonzibar1b,"AdjustRepActivePerson SUSPICIOUS -1
$global.sfcfonzifirstmeetingoutcome = bad","Мужчина тяжело вздыхает и качает головой.

""Ты серьезно решил играть в это?"" — говорит он, медленно поднимаясь. ""Такое поведение тебе не поможет в долгую.""

Он показывает удостоверение сотрудника Sindrian Fuel Company и советует не испытывать терпение тех, кто работает на Компанию.",backToBar:Вернуться в бар,
sfcfonizbarmeeting2a,DialogOptionSelected,$option == sfcfonzibar2a,,"""Я так и думал, учитывая, сколько ты для нас уже сделал"", — замечает $personFirstName, отпивая из стакана. ""Неплохо, кстати, попробуй. Ладно, последний вопрос, и я тебя не задерживаю.""","sfcfonzibar3a:Сказать - что вы никогда не предадите друзей
sfcfonzibar3b:Сказать - что ради выживания вы сделаете что угодно
sfcfonzibar3c:Отказаться отвечать",
sfcfonizbarmeeting2b,DialogOptionSelected,$option == sfcfonzibar2b,,"""Нормальная? И это всё? Ни больше ни меньше, просто... нормальная?"" — удивленно переспрашивает $personFirstName. ""После всего, что ты сделал для Компании? Ладно, неважно. Еще один вопрос и разойдемся.""","sfcfonzibar3a:Сказать - что вы никогда не предадите друзей
sfcfonzibar3b:Сказать - что ради выживания вы сделаете что угодно
sfcfonzibar3c:Отказаться отвечать",
sfcfonizbarmeeting2c,DialogOptionSelected,$option == sfcfonzibar2c,,"""Странно"", — отвечает $personFirstName. ""С учетом всей работы, которую ты сделал для Компании, я ожидал более теплых слов. Чувствуешь, что обязан нам помогать? Ну да ладно, еще один вопрос, и я тебя отпущу.""","sfcfonzibar3a:Сказать - что вы никогда не предадите друзей
sfcfonzibar3b:Сказать - что ради выживания вы сделаете что угодно
sfcfonzibar3c:Отказаться отвечать",
sfcfonizbarmeeting3a,DialogOptionSelected,$option == sfcfonzibar3a,$global.sfcmetfonz = true,"""Значит, за друзей ты стоишь до конца, да?"" — говорит $Post, ненадолго задумавшись над вашим ответом. ""Спасибо за время, капитан $playerName. Надеюсь, мы еще пересечемся.""",backToBar:Вернуться в бар,
sfcfonizbarmeeting3b,DialogOptionSelected,$option == sfcfonzibar3b,$global.sfcmetfonz = true,"""Понятно... что ж, за такой ответ не стыдно. В конце концов, это пока лишь гипотетика, верно?"" — говорит $Post со странной улыбкой, поднимаясь из-за стола. ""Спасибо за беседу. За напиток не переживай, он уже оплачен.""",backToBar:Вернуться в бар,
sfcfonizbarmeeting3c,DialogOptionSelected,$option == sfcfonzibar3c,"AdjustRepActivePerson SUSPICIOUS -1
$global.sfcmetfonz = true","""Это всего лишь вопрос с ответом да или нет, капитан. Не стоит так напрягаться"", — щурится $Post. ""Если ты не готов даже допустить такую мысль, будем надеяться, что ты понимаешь возможные риски. Я больше не отвлекаю. Всего доброго.""",backToBar:Вернуться в бар,
#END fonzi bar meeting,,,,,,
,,,,,,
# mannfred bar meeting,,,,,,
sfcmannfredbarmeetingstart,DialogOptionSelected,"RollProbability 0.75 score:10
$global.daysSinceStart > 100
$option == marketVisitBar
$faction.id == sindrian_diktat
$market.id == sindria score:1000
RepGTE sindrian_diktat FAVORABLE
$hasMarket
$global.sfcMetMannfredBarParty == false","FireBest BarShuttleDownPrintDesc
FireBest BarPrintDesc
$global.sfcMetMannfredBarParty = true
$option = sfc_barparty0 0
FireBest DialogOptionSelected
ShowImageVisual bar_diktat",,,
sfcmannfredbarmeetingstart01,DialogOptionSelected,$option == sfc_barparty0,,"Вы замечаете, что сегодня почти весь бар зарезервирован под большую вечеринку. Шум разговоров и смеха заглушает привычный фон, официанты без остановки разносят алкоголь.",sfc_barparty1:Продолжить,
sfcmannfredbarmeetingstart02,DialogOptionSelected,$option == sfc_barparty1,,"Пока вы с телохранителями устраиваетесь, к столу подходит официант и ставит поднос с полными кружками пива. Он сообщает, что угощение за счет заведения: оплатил текущий банкет.

Телохранители с сомнением осматривают напитки и ждут вашего решения.","sfc_barparty2a:Выпить
sfc_barparty2b:Оставить напитки на месте",
sfcmannfredbarmeetingstart03a,DialogOptionSelected,$option == sfc_barparty2a,BeginConversation sfcmann,"Вы благодарите официанта и делаете глоток, телохранители следуют вашему примеру. Вечеринка продолжает захватывать почти все пространство бара, а пьяное веселье заглушает любые другие звуки.",sfc_barparty3:Спросить - по какому поводу праздник -,
sfcmannfredbarmeetingstart03b,DialogOptionSelected,$option == sfc_barparty2b,BeginConversation sfcmann,"Вы благодарите официанта, но решаете не пить. Телохранители выглядят слегка разочарованными, но не спорят. Поднос все равно остается на столе, а шум пьяного веселья продолжает перекрывать весь остальной фон.",sfc_barparty3:Спросить - по какому поводу праздник -,
sfcmannfredbarmeetingstart04,DialogOptionSelected,$option == sfc_barparty3,,"""Повод?"" — переспрашивает Маннфред и смеется. ""Разве нужен особый повод, чтобы выпить? Просто приятно посидеть с командой после работы.""

Он делает глоток и ставит стакан. ""Ах да, мы же не знакомы как следует.""","sfc_barparty4a:Представиться
sfc_barparty4b:Промолчать",
sfcmannfredbarmeetingstart05a,DialogOptionSelected,$option == sfc_barparty4a,"$sfcSaidName = true
SetPersonHidden sfcmann false
AddTextSmall ""Получены контактные данные Грегори Маннфреда"" highlight
FireBest SFCRamChecker","""$playerName, значит?"" — повторяет Маннфред. ""Выглядишь человеком с головой на плечах. Если будешь снова проходить через Синдрию, выйди на связь. Возможно, найдется для тебя работа.""

Вскоре он возвращается к остальной компании.",,
sfcmannfredbarmeetingstart05b,DialogOptionSelected,$option == sfc_barparty4b,"SetPersonHidden sfcmann false
AddTextSmall ""Получены контактные данные Грегори Маннфреда"" highlight
FireBest SFCRamChecker","Маннфред оценивающе смотрит на вас, когда вы молчите, затем коротко смеется.

""Скрытный тип, да?"" — замечает он. ""Но голова на плечах есть. Если будешь снова в Синдрии — свяжись со мной. Возможно, найдется дело.""",,
sfcmannfredbarmeetingstart06ram,SFCRamChecker,!$global.didSDBarRaid,,"Маннфред уже собирается что-то добавить, как голодисплеи в баре начинают сбоить от ЭМ-помех. Он смотрит ко входу: в бар входит суровый мужчина в черной форме в сопровождении службы безопасности в легкой броне.",sfc_barparty6:Продолжить,
sfcmannfredbarmeetingstart07,DialogOptionSelected,$option == sfc_barparty6,"ShowSecondPerson ram
$global.sfcMetRamEarly = true","""Грегори Маннфред"", — произносит суровый мужчина, остановившись в нескольких шагах. ""Разочарован видеть вас здесь.""

""Разочарован, Янник?"" — отвечает Маннфред с улыбкой. ""А я-то думал, ты с друзьями присоединишься к нашему маленькому празднику.""",sfc_barparty7:Продолжить,
sfcmannfredbarmeetingstart08a,DialogOptionSelected,"$option == sfc_barparty7
$sfcSaidName == true",unset $sfcSaidName,"""Ваш вклад в Компанию неоспорим, Грегори, но это не освобождает вас от обязанностей вашей должности"", — парирует Янник. ""Я позволю вам и вашей команде мирно покинуть помещение, но вечеринка окончена.""

Маннфред только пожимает плечами и жестом призывает людей собираться.",sfc_barpartyend:Уйти,
sfcmannfredbarmeetingstart08b,DialogOptionSelected,$option == sfc_barparty7,,"""Ваш вклад в Компанию неоспорим, Грегори, но это не освобождает вас от обязанностей вашей должности"", — парирует Янник. ""Я позволю вам и вашей команде мирно покинуть помещение, но вечеринка окончена.""

Маннфред тяжело выдыхает, бросает взгляд на охрану и дает своим людям сигнал сворачиваться.",sfc_barpartyend:Уйти,
sfcmannfredbarmeetingstart06continue,SFCRamChecker,$global.didSDBarRaid,,"После короткого обмена репликами Маннфред возвращается к своей компании. Судя по всему, они задержатся здесь надолго, и вы решаете уйти.",sfc_barpartyend:Уйти,
sfcmannfredbarmeetingstartEnd,DialogOptionSelected,$option == sfc_barpartyend,"EndConversation DO_NOT_FIRE
BarCMD leaveBar",,,
#END mannfred bar meeting,,,,,,
,,,,,,
# kween bar meeting,,,,,,
,,,,,,
# meeting start,,,,,,
sfcKweenBarMeetingStart,DialogOptionSelected,"$option == marketVisitBar
$faction.id == sindrian_diktat
$hasMarket
$global.sfcHadKweenMeeting == false
$global.sfcSetupKweenMeeting == true","FireBest BarShuttleDownPrintDesc
FireBest BarPrintDesc
$option = sfc_barkweenmeeting1 0
FireBest DialogOptionSelected
#ShowImageVisual hegemony_bar",,,
sfcKweenBarMeeting1,DialogOptionSelected,$option == sfc_barkweenmeeting1,,"Устроившись за столом, вы замечаете, что экран вашего TriPad начинает сбоить. Вы пытаетесь понять, страдает ли рядом еще какая-то техника, но безуспешно. Через несколько секунд TriPad подает сигнал, и изображение стабилизируется.

На экране появляется входящее сообщение.","sfc_kweenmeeting2a:Ответить на сообщение
sfc_kweenmeeting2b:Попробовать выключить TriPad",
sfcKweenBarMeeting2a,DialogOptionSelected,$option == sfc_kweenmeeting2a,,"Вы отвечаете на вызов, и TriPad снова подает сигнал.

""Хорошо"", — продолжает женский голос. ""Ваши действия в секторе привлекли внимание моего руководства. Моя начальница заинтригована вашими возможностями и хочет поговорить с вами.""",sfc_kweenmeeting3:Спросить - кто ее начальница -,
sfcKweenBarMeeting2b,DialogOptionSelected,$option == sfc_kweenmeeting2b,,"Вы пытаетесь выключить TriPad, но быстро понимаете, что это невозможно: устройство игнорирует ваши команды.

""Капитан $playerName, моя начальница хотела убедиться, что ваше внимание полностью сосредоточено"", — продолжает голос. ""Обещаю, разговор не займет много времени.""",sfc_kweenmeeting3:Спросить - кто ее начальница -,
sfcKweenBarMeeting3,DialogOptionSelected,$option == sfc_kweenmeeting3,"SetPersonHidden sfckween false
AddTextSmall ""Получены контактные данные Юнрис Квин"" highlight","""Моя начальница — мисс Юнрис Квин из Совета исследований и разработок Sindrian Fuel Company. Она главный исследователь и официально приглашает вас связаться с ней по ее каналу на Синдрии. Пожалуйста, не заставляйте ее ждать.""

TriPad еще раз подает сигнал и возвращается в обычный режим.",sfc_kweenmeeting4:Вернуться к своим делам,
sfcKweenBarMeetingEnd,DialogOptionSelected,$option == sfc_kweenmeeting4,"unset $global.sfcSetupKweenMeeting
$global.sfcHadKweenMeeting = true
ShowDefaultVisual
$option = marketVisitBar
FireBest DialogOptionSelected",,,
#END meeting start,,,,,,
#END kween bar meeting,,,,,,
#END Bar Events,,,,,,
,,,,,,
# flavortext,,,,,,
,,,,,,
# trade panel flavor text,,,,,,
flavorTextMarketFuel,TradePanelFlavorText,"$global.tradePanelMode == MARKET
$faction.id == sindrian_diktat score:2000","AddText ""Портовый зал заполнен топливными танкерами компании самых разных форм и размеров. Капитанов разгружающихся судов встречает подозрительно бодрый менеджер по логистике и только после проверки пропускает дальше. Торговцы в фирменных цветах, с булавками-лобстерами на воротниках, молча передают друг другу датапад с грузовыми манифестами."" marketFlavorTextColor
AddText ""Голопроектор показывает исполинское изображение Филиппа Андрады, Верховного Главного Повелителя Президента Исполнительного Директора Заправочной Станции, держащего талисман компании на фоне тропических деревьев в искусственном ветре. Проекция величаво вращается на платформе посреди портового зала."" marketFlavorTextColor
",,,
flavorTextMarketFuelSindria,TradePanelFlavorText,"$global.tradePanelMode == MARKET
$faction.id == sindrian_diktat
$market.id == sindria score:2000","AddText ""Из-за близости Синдрии к Асконии заходить с дневной стороны почти самоубийство; поэтому на планете действует несколько портовых залов, соединенных с поверхностью массивными теплоизолированными шлюзами, и используется тот, что сейчас на ночной стороне. Пока шаттл спускается через такой проем, вас осыпают рекламой компании и тропической музыкой. Неясно, помогает ли это скрасить долгое ожидание, прежде чем шаттл входит в гигантскую подземную полость, где теснятся десятки кораблей, в основном танкеры Sindrian Fuel."" marketFlavorTextColor
AddText ""Как главная штаб-квартира Синдрийской топливной компании, это место полностью отдано на милость Совета рекламы. Куда ни посмотри, везде что-то продвигает компанию: плакаты и баннеры с талисманом, ролики о превосходстве синдрийского антиматерийного топлива или голопроекторы с Верховным Главным Повелителем Президентом Исполнительным Директором Заправочной Станции Андрадой. Спастись невозможно. Даже в уборных лежат салфетки бренда Volturn-y."" marketFlavorTextColor
",,,
flavorTextMarketFuelCruor,TradePanelFlavorText,"$global.tradePanelMode == MARKET
$faction.id == sindrian_diktat
$market.id == cruor score:2000
$player.transponderOn == true
$stability > 5","AddText ""Вы садитесь на открытую заправочную площадку в портовом сегменте гигантского гусеничного города-поезда, который бесконечно ползет по разбитым равнинам Круора. Когда вы сходите с борта, иссеченная палуба едва заметно качается и сдвигается. Седой менеджер компании в сопровождении охраны проверяет ваши документы и зачитывает стандартный набор правил пребывания."" marketFlavorTextColor
AddText ""Баннеры с логотипом компании вяло болтаются над портовым залом; дыры в ткани слишком явно говорят о запущенности. Вы невольно задерживаете взгляд на грязных клетках без крыши у каждого приемного отсека - слишком больших, чтобы держать там только лобстеров."" marketFlavorTextColor
",,,
flavorTextMarketFuelCruorLowStability,TradePanelFlavorText,"$global.tradePanelMode == MARKET
$faction.id == sindrian_diktat
$market.id == cruor score:2000
$player.transponderOn == true
$stability < 4","AddText ""Вы садитесь на открытую заправочную площадку в портовом сегменте гигантского гусеничного города-поезда, который бесконечно ползет по разбитым равнинам Круора. Когда вы сходите с борта, иссеченная палуба едва заметно качается и сдвигается. Седой менеджер компании в сопровождении охраны проверяет ваши документы и зачитывает стандартный набор правил пребывания."" marketFlavorTextColor
AddText ""Баннеры с логотипом Синдрийской топливной компании висят вяло, выцветшие и потрепанные. Охранники стоят настороже, пальцы рядом со спусковыми крючками, готовые сорваться в любой момент. В воздухе висит тревога, а регулярные объявления напоминают всем о комендантском часе."" marketFlavorTextColor",,,
flavorTextMarketFuelCruorSneak,TradePanelFlavorText,"$global.tradePanelMode == MARKET
$faction.id == sindrian_diktat
$market.id == cruor score:2000
$player.transponderOn == false","AddText ""Ваш шаттл садится на техническую площадку в служебном сегменте одного из гусеничных городов-поездов, вечно ползущих по разбитым равнинам Круора. Заброшенная палуба несколько напряженных минут ходит ходуном, пока запертый люк наконец не отщелкивается. Какая бы уловка, услуга или ложь ни помогла вам попасть внутрь, она сработала."" marketFlavorTextColor
AddText ""Вы с сопровождающими пробираетесь через лабиринт служебных проходов и выходите в общий коридор. Вас встречают облупившиеся плакаты Volturn-y, вольтурнианского лобстера, и странные взгляды нескольких притихших рабочих не на смене."" marketFlavorTextColor
",,,
flavorTextMarketFuelVolturn,TradePanelFlavorText,"$global.tradePanelMode == MARKET
$faction.id == sindrian_diktat
$market.id == volturn score:2000
$player.transponderOn == true","AddText ""Главный порт Вольтурна состоит из флотилии огромных чистых барж с открытыми рынками и ресторанами, где продают главный символ планеты - вольтурнианских лобстеров. С посадочной площадки виден всемирно известный Вольтурнианский сад лобстеров. Капитанов разгружающихся кораблей встречает подозрительно бодрый менеджер по логистике, а торговцы в цветах компании с лобстерными булавками на воротниках передают друг другу датапад с грузовыми манифестами."" marketFlavorTextColor
AddText ""Мерцающий голопроектор показывает исполинское изображение Филиппа Андрады, Верховного Главного Повелителя Президента Исполнительного Директора Заправочной Станции, держащего талисман компании на фоне тропических пальм, будто колышущихся от морского ветра. Проекция медленно и величаво вращается, а над ней кружат нарисованные чайки."" marketFlavorTextColor",,,
flavorTextMarketFuelVolturnSneak,TradePanelFlavorText,"$global.tradePanelMode == MARKET
$faction.id == sindrian_diktat
$market.id == volturn score:2000
$player.transponderOn == false","AddText ""Ваш шаттл садится на одной из менее популярных барж; рядом с площадкой лишь редкие прохожие да не самые удачливые продавцы лобстеров. При выходе вас бьет запах старой рыбы и морской соли. Скрипучие плиты под ногами качаются не в такт соседним конструкциям, а вентиляционные трубы и мачты давно изношены. В сочетании с запахом это, к сожалению, вызывает тошноту. Остается надеяться, что уловка, услуга или обман, позволившие здесь сесть, себя оправдают."" marketFlavorTextColor",,,
#END trade panel flavor text,,,,,,
,,,,,,
# modded planets flavor text,,,,,,
flavorTextMarketDEDrakonFuel,TradePanelFlavorText,"$global.tradePanelMode == MARKET
$faction.id == sindrian_diktat
$market.id == drakon score:2000

","AddText ""Пока шаттл спускается по центральной шахте порта, невозможно не заметить, насколько мрачно выглядит весь зал. Даже плакаты и баннеры Volturn-y почти не меняют настроения. Стоит сойти с борта, как вас пробирает холодный сквозняк; похоже, отопление здесь либо экономят, либо местная температура настолько низкая, что даже лучшие системы не справляются с мертвящим холодом. На посадочной площадке мало кораблей, в основном грузовики с органикой. Угрюмый логист компании, явно ненавидящий эту работу несмотря на вымученную улыбку, быстро оформляет вас и переходит к немногим другим прибывшим."" marketFlavorTextColor",,,
flavorTextMarketDEDrakonFuelSneak,TradePanelFlavorText,"$global.tradePanelMode == MARKET
$faction.id == sindrian_diktat
$market.id == drakon score:2000
$player.transponderOn == false","AddText	""Шаттл садится на дне кратера, почерневшего от прошлых выбросов органики. Даже в скафандре вы чувствуете холод, пока идете по замерзшей поверхности Дракона к технической шахте. Внутри на вас давят подозрительные взгляды рабочих вне смены, пока вы пробираетесь к портовому рынку, избегая патрулей охраны комплекса по сбору органики."" marketFlavorTextColor",,,
flavorTextMarketDERavaryeaFuel,TradePanelFlavorText,"$global.tradePanelMode == MARKET
$faction.id == sindrian_diktat
$market.id == ravaryea score:2000
","AddText ""В охлажденном главном портовом зале толпятся торговцы туристическими товарами - сувенирами, фигурками и прочей мелочью. В воздухе играет тропическая музыка, а реклама местных достопримечательностей крутится без остановки. Даже ваш TriPad заваливает теми же объявлениями, и почти минуту приходится чистить их до терпимого уровня. Вы идете по подвесным указателям к рынку."" marketFlavorTextColor",,,
flavorTextMarketDERavaryeaFuelSneak,TradePanelFlavorText,"$global.tradePanelMode == MARKET
$faction.id == sindrian_diktat
$market.id == ravaryea score:2000
$player.transponderOn == false","AddText ""Чтобы избежать обнаружения, шаттл садится в гуще одного из немногих первичных джунглей Равареи. Сойдя на землю, вы сразу попадаете под удар запаха сочной зелени и неожиданно влажного жара, странного для планеты так далеко от солнца. Почти час вы продираетесь через заросли, терпя укусы насекомых и крики животных, пока не выходите к настилу вдоль вилл богатых туристов. Подозрительные и встревоженные взгляды жителей удается быстро погасить вялой отговоркой, что вы рабочий и проверяете огни в джунглях, после чего вы идете по деревянным указателям к главному портовому залу."" marketFlavorTextColor
",,,
flavorTextMarketDEViewportFuel,TradePanelFlavorText,"$global.tradePanelMode == MARKET
$faction.id == sindrian_diktat
$market.id == andor_viewport score:2000
","AddText	""После посадки в большом просторном портовом зале вы входите в главный холл и видите главный вход в кампус Львиной гвардии. Над ним висит большой фиолетовый баннер: Служи Верховному Главному Повелителю Президенту Исполнительному Директору, записывайся сейчас! Рядом плакаты талисмана Львиной гвардии, льва-охранника Лаффи, напоминают посетителям беречь личные данные в гиперсети."" marketFlavorTextColor
AddText ""Вокруг студенты спешат по делам, читают на скамьях и за столами или болтают с друзьями. После проверки у входа вас проводят в правое крыло кампуса, где, как вам объясняют, продаются военное снаряжение и корабли, подальше от любопытных глаз проказливых курсантов. Вы замечаете и сувенирный магазин с товарами Sindrian Fuel. Особенно выделяются фигурки Верховного Главного Повелителя Президента Исполнительного Директора Заправочной Станции, хотя на некоторых поверх старой подписи кто-то вывел: Лев Синдрии."" marketFlavorTextColor",,,
flavorTextMarketDEViewportFuelSneak,TradePanelFlavorText,"$global.tradePanelMode == MARKET
$faction.id == sindrian_diktat
$market.id == andor_viewport score:2000
$player.transponderOn == false","AddText	""Шаттл зависает над технической шахтой в недрах главного зала, вдали от внимательных патрулей компании у верхних уровней. Через темную шахту вы попадаете в лабиринт коридоров, похоже, на одном из нижних этажей академии. Мимо проходят несколько студентов, но у них явно есть заботы важнее вашего присутствия."" marketFlavorTextColor
AddText ""Наконец разобравшись в поразительно запутанных картах академии, вы кое-как добираетесь до нужного крыла и умудряетесь выглядеть человеком, которому здесь можно находиться. Большинство законных торговцев отказывается иметь с вами дело без явного подтверждения допуска, зато менее щепетильные или более отчаявшиеся охотно продают товары."" marketFlavorTextColor",,,
flavorTextMarketDERyzanFuel,TradePanelFlavorText,"$global.tradePanelMode == MARKET
$faction.id == sindrian_diktat
$market.id == ryzan_supercomplex score:2000","AddText ""Лавируя между выступающими жилыми модулями, шаттл пробирается к гигантскому портовому модулю в центре комплекса. Главный зал забит всем подряд: от бродячих грузовиков и транзитных шаттлов до боевых кораблей с маркировкой Sindrian Fuel. За толстыми многослойными окнами едва видно, как звездный свет скользит по бронзовому цвету многочисленных флотов Sindrian Fuel, постоянно сторожащих Ризанский сверхкомплекс."" marketFlavorTextColor
AddText ""Любопытно, что на многих поверхностях висят напоминания всегда пользоваться картой Ризанского сверхкомплекса, которую выдают всем прибывающим космоплавателям, а для заблудившихся в глубинах станции указан канал помощи Sindrian Fuel. На видных переборках закреплены огромные схемы всей станции; тревожно, что вокруг них расклеены десятки объявлений о пропавших, самые старые уже пожелтели и обтрепались."" marketFlavorTextColor",,,
#END modded planets flavor text,,,,,,
#END flavortext,,,,,,
,,,,,,
# Sindrian Diktat commission,,,,,,
CMSNTextRejectHostile_sindrian_diktat,CMSNTextRejectHostile,$faction.id == sindrian_diktat,,"""Хм. Если это верно, у вас сейчас есть запись в списке 'Худшие клиенты Персеанского сектора'. Политика компании предписывает не допускать таких лиц к работе с Sindrian Fuel Company. Впрочем, я всегда могу вызвать конвой до Cruor для немедленного назначения в отряд трудового погашения долга, если вам так сильно хочется работать на компанию.""",,
CMSNTextHasOther_sindrian_diktat,CMSNTextHasOther,$faction.id == sindrian_diktat,,"""В политике Sindrian Fuel Company есть пункт о запрете конкурирующих контрактов. Конфликт интересов нам ни к чему. Вам нужно отказаться от комиссии с $theOtherCommissionFaction, прежде чем вы сможете присоединиться к нашей замечательной компании.""",,
CMSNTextUnsuited_sindrian_diktat,CMSNTextUnsuited,$faction.id == sindrian_diktat,,"""Мне жаль, но Sindrian Fuel Company считает, что сейчас вы не подходите на роль сотрудника. Мы принимаем только кандидатов, доказавших лояльность бренду. Может, стоит чаще покупать Sindrian?""",,
CMSNTextSuitedPart1_sindrian_diktat,CMSNTextSuitedPart1,$faction.id == sindrian_diktat,,"""Ах, приветствую, предпочтительный клиент! Sindrian Fuel Company считает, что у вас подходящая трудовая этика и профиль личности для участия в оплачиваемой контрактной деятельности нашей компании!\n\n\n\nПринять такую должность - очень серьезное решение. Вы будете представлять не только Sindrian Fuel Company, но и Supreme Chief Overlord President Executive Gas Manager Phillip Andrada. Ваша задача - обеспечивать конкурентное превосходство Sindrian Fuel над всеми низкокачественными конкурентами по всему сектору, а также помогать компании выходить на новые рынки в core worlds и за их пределами. Вы также немедленно будете внесены в корпоративную лотерею с экспресс-пропуском в Volturnian Lobster Garden, чтобы встретиться с Volturn-y the Volturnian Lobster!\n\n\n\nПонимаю, это может казаться слишком большим шагом, и вам может захотеться уйти, но помните: такой поступок попадет в ваше корпоративное досье. И кроме того, вы же не хотите расстроить Volturn-y, верно?",,
CMSNTextSuitedPart2_sindrian_diktat,CMSNTextSuitedPart2,$faction.id == sindrian_diktat,,"""Итак, готовы подписаться? Если решите сейчас, вы также будете внесены в лотерею на скидку 50% на следующую покупку топлива!""",,
CMSNTextWelcomePart1_sindrian_diktat,CMSNTextWelcomePart1,$faction.id == sindrian_diktat,,"""Спасибо, что выбрали работу в Sindrian Fuel Company: здесь каждый - семья!""",,
CMSNTextWelcomePart2_sindrian_diktat,CMSNTextWelcomePart2,$faction.id == sindrian_diktat,,"""Обычно я предложил бы вам примерить фирменные солнцезащитные очки Sindrian Fuel Company, но сейчас они закончились. Компания уже оформляет новый заказ, так что ожидайте доставку очков в течение... ну, мы сообщим, когда они прибудут.\n\n\n\nВам нужно что-то еще?""",,
CMSNTextChangeMind_sindrian_diktat,CMSNTextChangeMind,$faction.id == sindrian_diktat,,"""Не чувствуете, что готовы сделать шаг к вступлению в компанию? Тогда расскажу вам историю о человеке, у которого было все, но он все равно отказался от этого ради своей мечты. Он оставил годы блестящей службы, чтобы стать чертовски лучшим менеджером заправки и продавцом лобстеров по эту сторону Персеанского сектора.\n\n\n\nЕсли Supreme Chief Overlord President Executive Gas Station Manager Phillip Andrada смог сделать этот шаг к великому, то почему бы и вам не попробовать?""",,
CMSNResignAskToConfirm_sindrian_diktat,CMSNResignAskToConfirm,$faction.id == sindrian_diktat,,"""Вы хотите уволиться? Но как же все льготы и бонусы работы в Sindrian Fuel Company? Отпускные дни? Бесплатные очки? Шанс лично встретиться с Volturn-y? Неужели это ничего для вас не значит?""",,
CMSNResignConfirmed_sindrian_diktat,CMSNResignConfirmed,$faction.id == sindrian_diktat,,"""Понятно... Надеюсь, вы знаете, что делаете. Похоже, вам все равно, что вы расстраиваете Volturn-y и его семью.\n\n\n\nХорошо, с этого момента ваше трудоустройство прекращено. Мы отменяем ваш заказ на бесплатные солнцезащитные очки.""",,
CMSNResignCancelled_sindrian_diktat,CMSNResignCancelled,$faction.id == sindrian_diktat,,"""Я знаю, дорога бывает тяжелой, но помните: Supreme Chief Overlord President Executive Gas Station Manager Phillip Andrada стоял на своем, и теперь у него лучшая чертова сеть заправок в core worlds.\n\n\n\nСпасибо, что остаетесь верны своим мечтам и мечтам Sindrian Fuel Company.""",,
#END Sindrian Diktat commission,,,,,,
,,,,,,
# turning AI cores in,,,,,,
aiCores_turnInOptionSelDiktat,DialogOptionSelected,"$option == aiCores_startTurnIn
$faction.id == sindrian_diktat",FireAll PopulateCoresTurnInOptions,"""Приветствую, клиент. Вижу, вам попалось одно из этих опасных ИИ-ядер. Кто знает, какие уловки кто-то захочет использовать, чтобы делать антиматериальное топливо с их помощью! Не волнуйтесь - Sindrian Fuel Company в настоящий момент выплачивает награду за все сданные ИИ-ядра.""\n\nOR\n\n""Знаете ли вы, что менее добросовестные конкуренты пытались использовать ИИ-ядра, чтобы соперничать с Sindrian Fuel Company? Это не только опасное нарушение действующих законов об ИИ, но и никакое топливо не сравнится с политикой Hard Work and Honest Labor у Sindrian Fuel. Вы получите заслуженную награду за то, что не даете конкурентам пользоваться этими устройствами для обхода труда.""",,
aiCores_turnInResponseDiktat,AICoresTurnedIn,$faction.id == sindrian_diktat,FireAll PopulateOptions,"$PersonRank $personLastName улыбается, передавая транзакцию в Sindrian Fuel Company, после чего позволяет вам заняться другими делами.\n\nOR\n\n""Спасибо за ваш вклад в Sindrian Fuel Company!"" - заявляет $PersonRank, подтверждая транзакцию. ""И не забывайте покупать антиматериальное топливо бренда Sindrian!""",,
#END turning AI cores in,,,,,,
,,,,,,
# patrol interactions,,,,,,
,,,,,,
# patrol stopping player w/ transponder off,,,,,,
tOffPatrolBeginFuel,BeginFleetEncounter,"CaresAboutTransponder
$faction.id == sindrian_diktat score:800
!$tOff_didAlready
!$isHostile
!$faction.c:allowsTransponderOffTrade
!$sourceMarket.mc:free_market
$isPatrol
$sawPlayerTransponderOff score:100","$tOff_didAlready = true 0
#MakeOtherFleetPreventDisengage tOff true
MakeOtherFleetAggressive tOff false
unset $ignorePlayerCommRequests
$sawPlayerWithTOffCount++ 10
$transponderOffConv = true 0
AddText ""С вами связывается $faction $otherShipOrFleet."" $faction.baseColor
OpenComms",,,
tOffPatrolBeginNoTalkFuel,BeginFleetEncounter,"CaresAboutTransponder
$faction.id == sindrian_diktat score:800
!$tOff_didAlready
!$isHostile
!$faction.c:allowsTransponderOffTrade
!$sourceMarket.mc:free_market
$isPatrol
$sawPlayerTransponderOff score:100
$sawPlayerWithTOffCount > 1 score:100","$tOff_didAlready = true 0
#MakeOtherFleetPreventDisengage tOff true
MakeOtherFleetAggressive tOff false
MakeHostileWhileTOff tOff true 7
$sawPlayerWithTOffCount++ 10
$ignorePlayerCommRequests = true 0",,,
tOffPatrolOpenCommFuelemp,OpenCommLink,"sfcemployee sindrian_diktat
$faction.id == sindrian_diktat score:800
!$entity.patrolAllowTOff
$entity.transponderOffConv score:100","AddText ""\""Приветствуем, потенциальный клиент! Надеюсь, вы понимаете, что полет с выключенным транспондером в пространстве $faction незаконен. Включите транспондер и позвольте просканировать ваши трюмы на возможную контрабанду.\""""
AdjustRep $faction.id TRANSPONDER_OFF
AdjustRepActivePerson TRANSPONDER_OFF
SetStoryOption avoid_scan 1 avoidCargoScan ui_char_spent_story_point ""Убедили патруль отказаться от сканирования груза""",,"0:tOff_comply:Включить транспондер и выполнить требования
1:avoid_scan:Попробовать уговорить
2:tOff_refuse:Отказаться и разорвать связь",
tOffPatrolOpenCommFuel,OpenCommLink,"$faction.id == sindrian_diktat score:800
!$entity.patrolAllowTOff
$entity.transponderOffConv score:100","AddText ""\""Приветствуем, потенциальный клиент! Надеюсь, вы понимаете, что полет с выключенным транспондером в пространстве $faction незаконен. Включите транспондер и позвольте просканировать ваши трюмы на возможную контрабанду.\""""
AdjustRep $faction.id TRANSPONDER_OFF
AdjustRepActivePerson TRANSPONDER_OFF
SetStoryOption avoid_scan 1 avoidCargoScan ui_char_spent_story_point ""Убедили патруль отказаться от сканирования груза""",,"0:tOff_comply:Включить транспондер и выполнить требования
1:avoid_scan:Попробовать уговорить
2:tOff_refuse:Отказаться и разорвать связь",
tOffPatrolOpenCommUnknownFuelemp,OpenCommLink,"sfcemployee sindrian_diktat
$faction.id == sindrian_diktat score:800
!$entity.patrolAllowTOff
$entity.transponderOffConv score:100
!$entity.knowsWhoPlayerIs","AddText ""\""Неизвестный $shipOrFleet, говорит $faction! Вам приказано включить транспондер и пройти сканирование груза.\""""
AdjustRep $faction.id TRANSPONDER_OFF
AdjustRepActivePerson TRANSPONDER_OFF
SetStoryOption avoid_scan 1 avoidCargoScan ui_char_spent_story_point ""Убедили патруль отказаться от сканирования груза""",,"0:tOff_comply:Включить транспондер и выполнить требования
1:avoid_scan:Попробовать уговорить
2:tOff_refuse:Отказаться и разорвать связь",
tOffPatrolOpenCommUnknownFuel,OpenCommLink,"$faction.id == sindrian_diktat score:800
!$entity.patrolAllowTOff
$entity.transponderOffConv score:100
!$entity.knowsWhoPlayerIs","AddText ""\""Неизвестный $shipOrFleet, говорит $faction! Вам приказано включить транспондер и пройти сканирование груза.\""""
AdjustRep $faction.id TRANSPONDER_OFF
AdjustRepActivePerson TRANSPONDER_OFF
SetStoryOption avoid_scan 1 avoidCargoScan ui_char_spent_story_point ""Убедили патруль отказаться от сканирования груза""",,"0:tOff_comply:Включить транспондер и выполнить требования
1:avoid_scan:Попробовать уговорить
2:tOff_refuse:Отказаться и разорвать связь",
tOffPatrolOpenCommTOnFuelemp,OpenCommLink,"sfcemployee sindrian_diktat
$faction.id == sindrian_diktat score:800
!$entity.patrolAllowTOff
$entity.transponderOffConv score:100
$player.transponderOn","AddText ""\""Приветствуем, потенциальный клиент! Напоминаем, что полет с выключенным транспондером в пространстве $faction незаконен. В качестве меры предосторожности заглушите двигатели и предоставьте трюмы для сканирования.\""""
AdjustRep $faction.id TRANSPONDER_OFF
AdjustRepActivePerson TRANSPONDER_OFF
SetStoryOption avoid_scan 1 avoidCargoScan ui_char_spent_story_point ""Убедили патруль отказаться от сканирования груза""",,"0:tOff_comply2:Разрешить сканирование
1:avoid_scan:Попробовать уговорить
2:tOff_refuse:Отказаться и разорвать связь",
tOffPatrolOpenCommTOnFuel,OpenCommLink,"$faction.id == sindrian_diktat score:800
!$entity.patrolAllowTOff
$entity.transponderOffConv score:100
$player.transponderOn","AddText ""\""Приветствуем, потенциальный клиент! Напоминаем, что полет с выключенным транспондером в пространстве $faction незаконен. В качестве меры предосторожности заглушите двигатели и предоставьте трюмы для сканирования.\""""
AdjustRep $faction.id TRANSPONDER_OFF
AdjustRepActivePerson TRANSPONDER_OFF
SetStoryOption avoid_scan 1 avoidCargoScan ui_char_spent_story_point ""Убедили патруль отказаться от сканирования груза""",,"0:tOff_comply2:Разрешить сканирование
1:avoid_scan:Попробовать уговорить
2:tOff_refuse:Отказаться и разорвать связь",
tOffPatrolOpenCommNotFirstTimeFuelemp,OpenCommLink,"sfcemployee sindrian_diktat
$faction.id == sindrian_diktat score:800
!$entity.patrolAllowTOff
$entity.transponderOffConv score:100
$entity.sawPlayerWithTOffCount == 2.0 score:10
$entity.relativeStrength >= 0","AddText""\""Приветствуем, потенциальный клиент. Разве я не говорил, что держать транспондер выключенным в пространстве $faction незаконно?\""""
AdjustRep $faction.id TRANSPONDER_OFF
AdjustRepActivePerson TRANSPONDER_OFF
AddText ""Канал связи обрывается раньше, чем вы успеваете ответить.""
$entity.ignorePlayerCommRequests = true 0
unset $entity.transponderOffConv
MakeHostileWhileTOff tOff true 7",,"0:tOff_notFirstTimeCont:Продолжить
cutCommLinkNoText:Продолжить",
tOffPatrolOpenCommNotFirstTimeFuel,OpenCommLink,"$faction.id == sindrian_diktat score:800
!$entity.patrolAllowTOff
$entity.transponderOffConv score:100
$entity.sawPlayerWithTOffCount == 2.0 score:10
$entity.relativeStrength >= 0","AddText""\""Приветствуем, потенциальный клиент. Разве я не говорил, что держать транспондер выключенным в пространстве $faction незаконно?\""""
AdjustRep $faction.id TRANSPONDER_OFF
AdjustRepActivePerson TRANSPONDER_OFF
AddText ""Канал связи обрывается раньше, чем вы успеваете ответить.""
$entity.ignorePlayerCommRequests = true 0
unset $entity.transponderOffConv
MakeHostileWhileTOff tOff true 7",,"0:tOff_notFirstTimeCont:Продолжить
cutCommLinkNoText:Продолжить",
scanTalkYourWayOutFuel,DialogOptionSelected,"$faction.id == sindrian_diktat score:800
$option == avoid_scan","SetNearbyFleetsVariable 5000 $faction.id $patrolAllowTOff true 10
$entity.patrolAllowTOff = true 10
BroadcastCancelPlayerAction 5000 $sawPlayerTransponderOff
MakeOtherFleetPreventDisengage cargoScan false
MakeOtherFleetAggressive cargoScan false
MakeOtherFleetAggressive tOff false
MakeOtherFleetPreventDisengage tOff false
$entity.sawPlayerWithTOffCount = 0
unset $entity.pursuePlayer_smugglingScan
unset $entity.cargoScanConv
$entity.smugglingScanComplete = true 1
ShowDefaultVisual
EndConversation","Вам удается убедить $personRank, что при продолжении проверки у $heOrShe будут проблемы с начальством.\n\nOR\n\nУ $personRank, похоже, продажная натура шириной в милю, и расплывчатые обещания услуг и будущей компенсации убеждают $himOrHer закрыть на это глаза.",,
tOffPatrolOpenCommNotFirstTimeCont,DialogOptionSelected,"$faction.id == sindrian_diktat score:800
$option == tOff_notFirstTimeCont","MakeHostileWhileTOff tOff true 7
ShowDefaultVisual
EndConversation",,,
tOffComplyFuel,DialogOptionSelected,"$faction.id == sindrian_diktat score:800
$option == tOff_comply","unset $entity.transponderOffConv
unset $entity.sawPlayerTransponderOff
ActivateAbility $player.fleetId transponder
UpdateMemory",Вы отдаете приказ включить транспондер и ждете завершения сканирования груза.,0:tOff_scan_continue:Продолжить,
tOffComply2Fuel,DialogOptionSelected,"$faction.id == sindrian_diktat score:800
$option == tOff_comply2","unset $entity.transponderOffConv
unset $entity.sawPlayerTransponderOff",Вы ждете завершения сканирования груза.,0:tOff_scan_continue:Продолжить,
tOffCargoScanFuel,DialogOptionSelected,"$faction.id == sindrian_diktat score:800
$option == tOff_scan_continue","AddText ""После короткого ожидания $faction $otherFleetName передает результаты сканирования.""
CargoScan
FireBest TOffScanResult",,,
tOffCargoScanHostileFuel,DialogOptionSelected,"$faction.id == sindrian_diktat score:800
$option == tOff_scan_continue
$entity.isHostile","ShowDefaultVisual
EndConversation",Однако вместо сканирования $faction $fleetName отключает связь и активирует боевые системы.,,
tOffCargoScanHostileStrongerFuel,DialogOptionSelected,"$faction.id == sindrian_diktat score:800
$option == tOff_scan_continue
$entity.isHostile
$entity.relativeStrength < 0","MakeOtherFleetAggressive tOff false
MakeOtherFleetPreventDisengage tOff false
ShowDefaultVisual
EndConversation",Однако вместо сканирования $faction $fleetName отключает связь и активирует боевые системы.,,
tOffCargoScanPodsFuel,TOffScanResult,"$faction.id == sindrian_diktat score:800
$scan_podsFound score:1000",unset $scan_podsFound,"$faction $personRank делает паузу и смотрит куда-то в сторону.\n\n\n\n""Ага, результаты сканирования удовлетворительные, потенциальный клиент! Однако, похоже, некоторые наши корабли заметили поблизости дрейфующий груз. Они сообщают, что там есть нелегальные товары. Они ведь не ваши, верно? Нет? Отлично! Тогда мы проследим, чтобы этим занялся Совет Безопасности. Хорошего дня, потенциальный клиент!""",0:tOff_podsCont:Продолжить,
tOffCargoScanPodsContFuel,DialogOptionSelected,"$faction.id == sindrian_diktat score:800
$option == tOff_podsCont",FireBest TOffScanResult,,,
tOffCargoScanCleanFuel,TOffScanResult,"$faction.id == sindrian_diktat score:800
!$scan_contrabandFound
!$scan_suspiciousCargoFound",,"$PersonRank $personName выглядит слегка недовольным, но скрывает это натянутой улыбкой.\n\n\n\n""Спасибо, потенциальный клиент. Пожалуйста, держите транспондер включенным в пространстве $faction.""\n\n\n\nСвязь обрывается, прежде чем вы успеваете ответить.",0:tOff_cleanCont1:Продолжить,
tOffCargoScanSuspiciousFuel,TOffScanResult,"$faction.id == sindrian_diktat score:800
$scan_suspiciousCargoFound",,"Сканирование не выявляет явной контрабанды, но объем обнаруженного груза в сочетании с косвенными следами вашей прошлой деятельности на черном рынке вызывает подозрения.\n\n\n\nВпрочем, этого недостаточно для каких-либо действий. Соответственно, $personRank $personName выглядит недовольным, но старается скрыть это натянутой улыбкой.\n\n\n\n""Да, все удовлетворительно, потенциальный клиент. Надеюсь, больше мы не встретимся."" - сквозь зубы говорит $heOrShe перед тем, как отключить связь.",0:tOff_cleanCont1:Продолжить,
tOffCargoScanBoarding1Fuel,TOffScanResult,"$faction.id == sindrian_diktat score:800
$scan_suspiciousCargoFound",,"Сканирование не выявляет явной контрабанды, но подозрений в вашей связи с черным рынком достаточно, чтобы командир патруля не успокоился.\n\n\n\n""Потенциальный клиент, подготовьте корабли к немедленной проверке. Мы отправляем абордажную группу для полного учета вашего груза.""\n\n\n\nВы считаете весьма вероятным, что в ходе этой ""тщательной"" инспекции проверяющие нанесут вашим кораблям небольшой - но формально оправданный - ущерб боеспособности.","0:tOff_comply_boarding:Подчиниться и подготовиться к досмотру
1:tOff_refuse:Отказаться и разорвать связь",
tOffCargoScanBoarding2Fuel,DialogOptionSelected,"$faction.id == sindrian_diktat score:800
$option == tOff_comply_boarding","CargoScanApplyResult $scan_cargoScanResult
MakeOtherFleetPreventDisengage tOff false
BroadcastCancelPlayerAction 5000 $sawPlayerTransponderOff
$sourceMarket.smugglingScanTimeout = true 30","Как вы и ожидали, несколько ваших кораблей сообщают о небольших, но болезненных потерях эксплуатационной эффективности. К счастью, проверяющих, похоже, больше интересовало ""случайное"" нанесение ущерба, чем поиск реальной контрабанды, так что ничего запрещенного найдено не было.",cutCommLinkNoText:Продолжить,
tOffCargoScanClean2Fuel,DialogOptionSelected,"$faction.id == sindrian_diktat score:800
$option == tOff_cleanCont1","MakeOtherFleetPreventDisengage tOff false
BroadcastCancelPlayerAction 5000 $sawPlayerTransponderOff
ShowDefaultVisual
EndConversation NO_CONTINUE
$sourceMarket.smugglingScanTimeout = true 30",,,
tOffCargoScanContrabandFuel,TOffScanResult,"$faction.id == sindrian_diktat score:800
$scan_contrabandFound score:10",,"""Здравствуйте, потенциальный клиент! Мы в $faction с сожалением сообщаем, что в ваших грузовых отсеках обнаружен нелегальный груз. Согласно стандартной процедуре $faction, пожалуйста, выбросьте всю контрабанду для немедленного изъятия и передачи на ближайшую станцию безопасности.""\n\n\n\nНа лице $PersonRank $personLastName появляется зловещая улыбка, и вы предполагаете, что все выброшенное вами может ""потеряться"" по пути к надлежащей обработке.","0:tOff_comply_contraband:Сдать контрабанду и разорвать связь
1:tOff_refuse:Отказаться и разорвать связь",
tOffCargoScanContrabandSurrenderFuel,DialogOptionSelected,"$faction.id == sindrian_diktat score:800
$option == tOff_comply_contraband","CargoScanApplyResult $scan_cargoScanResult
MakeOtherFleetPreventDisengage tOff false
BroadcastCancelPlayerAction 5000 $sawPlayerTransponderOff
ShowDefaultVisual
EndConversation
$sourceMarket.smugglingScanTimeout = true 30",,,
tOffRefuseFuel,DialogOptionSelected,"$faction.id == sindrian_diktat score:800
$option == tOff_refuse","$entity.ignorePlayerCommRequests = true 0
unset $entity.transponderOffConv
AdjustRep $faction.id TRANSPONDER_OFF_REFUSE
AdjustRepActivePerson TRANSPONDER_OFF_REFUSE
MakeHostileWhileTOff tOff true 7
ShowDefaultVisual
EndConversation
$sourceMarket.smugglingScanTimeout = true 30",,,
#END patrol stopping player w/ transponder off,,,,,,
,,,,,,
# cargo scan from smuggling suspicion,,,,,,
cargoScanInitialFuel,BeginFleetEncounter,"!$cargoScan_didAlready
!$isHostile
$faction.id == sindrian_diktat score:800
$pursuePlayer_smugglingScan score:50","$cargoScan_didAlready = true 0
MakeOtherFleetPreventDisengage cargoScan true
#MakeOtherFleetAggressive cargoScan true
MakeOtherFleetAggressive tOff false
unset $ignorePlayerCommRequests
$cargoScanConv = true 0
AddText ""С вами связывается $faction $otherShipOrFleet."" $faction.baseColor
OpenComms",,,
cargoScanFirstCommsFuel,OpenCommLink,"$entity.cargoScanConv score:100
$faction.id == sindrian_diktat score:800","AddText ""\""Внимание, потенциальный клиент: ваш флот совпадает с профилем подозреваемого контрабандиста, опубликованным властями $marketName. Вам приказано пройти сканирование груза.\""""
SetStoryOption avoid_scan 1 avoidCargoScan ui_char_spent_story_point ""Убедили патруль отказаться от сканирования груза""",,"0:cargoScan_comply:Разрешить сканирование
1:avoid_scan:Попробовать уговорить
2:cargoScan_refuse:Отказаться и разорвать связь",
,,,,,,
cargoScanStartFuel,DialogOptionSelected,"$option == cargoScan_comply
$faction.id == sindrian_diktat score:800","AddText ""После короткого ожидания $faction $otherFleetName передает результаты сканирования.""
CargoScan
FireBest CargoScanResult",,,
cargoScanPodsFuel,CargoScanResult,"$scan_podsFound score:1000
$faction.id == sindrian_diktat score:800",unset $scan_podsFound,"$faction $personRank делает паузу и смотрит куда-то в сторону.\n\n\n\n""Ага, результаты сканирования удовлетворительные, потенциальный клиент! Однако, похоже, некоторые наши корабли заметили поблизости дрейфующий груз. Они сообщают, что там есть нелегальные товары. Они ведь не ваши, верно? Нет? Отлично! Тогда мы проследим, чтобы этим занялся Совет Безопасности. Хорошего дня, потенциальный клиент!""",0:scan_podsCont:Продолжить,
cargoScanPodsContFuel,DialogOptionSelected,"$option == scan_podsCont
$faction.id == sindrian_diktat score:800",FireBest CargoScanResult,,,
cargoScanCleanFuel,CargoScanResult,"!$scan_contrabandFound
!$scan_suspiciousCargoFound
$faction.id == sindrian_diktat score:800",,"$PersonRank $personName выглядит слегка недовольным, но скрывает это натянутой улыбкой.\n\n\n\n""Вы чисты, потенциальный клиент. Хорошего дня!""\n\n\n\nСвязь обрывается, прежде чем вы успеваете ответить.",0:cargoScan_cleanCont:Продолжить,
cargoScanSuspiciousFuel,CargoScanResult,"$scan_suspiciousCargoFound
$faction.id == sindrian_diktat score:800",,"Сканирование не выявляет явной контрабанды, но объем обнаруженного груза в сочетании с косвенными следами вашей прошлой деятельности на черном рынке вызывает подозрения.\n\n\n\nВпрочем, этого недостаточно для каких-либо действий. Соответственно, $personRank $personName выглядит недовольным, но старается скрыть это натянутой улыбкой.\n\n\n\n""Да, все удовлетворительно, потенциальный клиент. Надеюсь, больше мы не встретимся."" - сквозь зубы говорит $heOrShe перед тем, как отключить связь.",0:cargoScan_cleanCont:Продолжить,
cargoScanBoarding1Fuel,CargoScanResult,"$scan_suspiciousCargoFound
$faction.id == sindrian_diktat score:800",,"Сканирование не выявляет явной контрабанды, но подозрений в вашей связи с черным рынком достаточно, чтобы командир патруля не успокоился.\n\n\n\n""Потенциальный клиент, подготовьте корабли к немедленной проверке. Мы отправляем абордажную группу для полного учета вашего груза.""\n\n\n\nВы считаете весьма вероятным, что в ходе этой ""тщательной"" инспекции проверяющие нанесут вашим кораблям небольшой - но формально оправданный - ущерб боеспособности.","0:cargoScan_comply_boarding:Подчиниться и подготовиться к досмотру
1:cargoScan_refuse:Отказаться и разорвать связь",
cargoScanBoarding2Fuel,DialogOptionSelected,"$option == cargoScan_comply_boarding
$faction.id == sindrian_diktat score:800","CargoScanApplyResult $scan_cargoScanResult
MakeOtherFleetPreventDisengage cargoScan false
MakeOtherFleetAggressive cargoScan false
unset $entity.pursuePlayer_smugglingScan
unset $entity.cargoScanConv
$entity.smugglingScanComplete = true 1
$sourceMarket.smugglingScanTimeout = true 30","Как вы и ожидали, несколько ваших кораблей сообщают о небольших, но болезненных потерях эксплуатационной эффективности. К счастью, проверяющих, похоже, больше интересовало ""случайное"" нанесение ущерба, чем поиск реальной контрабанды, так что ничего запрещенного найдено не было.",cutCommLinkNoText:Продолжить,
cargoScanClean2Fuel,DialogOptionSelected,"$option == cargoScan_cleanCont
$faction.id == sindrian_diktat score:800","MakeOtherFleetPreventDisengage cargoScan false
MakeOtherFleetAggressive cargoScan false
unset $entity.pursuePlayer_smugglingScan
unset $entity.cargoScanConv
$entity.smugglingScanComplete = true 1
$sourceMarket.smugglingScanTimeout = true 30
ShowDefaultVisual
EndConversation NO_CONTINUE",,,
cargoScanContrabandFuel,CargoScanResult,"$scan_contrabandFound score:10
$faction.id == sindrian_diktat score:800",,"""Здравствуйте, потенциальный клиент! Мы в $faction с сожалением сообщаем, что в ваших грузовых отсеках обнаружен нелегальный груз. Согласно стандартной процедуре $faction, пожалуйста, выбросьте всю контрабанду для немедленного изъятия и передачи на ближайшую станцию безопасности.""\n\n\n\nНа лице $PersonRank $personLastName появляется зловещая улыбка, и вы предполагаете, что все выброшенное вами может ""потеряться"" по пути к надлежащей обработке.","0:cargoScan_comply_contraband:Сдать контрабанду и разорвать связь
1:cargoScan_refuse:Отказаться и разорвать связь",
cargoScanContrabandSurrenderFuel,DialogOptionSelected,"$option == cargoScan_comply_contraband
$faction.id == sindrian_diktat score:800","CargoScanApplyResult $scan_cargoScanResult
MakeOtherFleetPreventDisengage cargoScan false
MakeOtherFleetAggressive cargoScan false
unset $entity.pursuePlayer_smugglingScan
unset $entity.cargoScanConv
$entity.smugglingScanComplete = true 1
$sourceMarket.smugglingScanTimeout = true 30
ShowDefaultVisual
EndConversation",,,
cargoScanRefuseFuel,DialogOptionSelected,"$option == cargoScan_refuse
$faction.id == sindrian_diktat score:800","$entity.ignorePlayerCommRequests = true 0
unset $entity.cargoScanConv
unset $entity.pursuePlayer_smugglingScan
$entity.smugglingScanComplete = true 1
$sourceMarket.smugglingScanTimeout = true 30
AdjustRep $faction.id CARGO_SCAN_REFUSE
AdjustRepActivePerson CARGO_SCAN_REFUSE
ShowDefaultVisual
EndConversation",,,
#END cargo scan from smuggling suspicion,,,,,,
#END patrol interactions,,,,,,
,,,,,,
# Sindrian Diktat fleet greeting lines,,,,,,
,,,,,,
# generic fleet,,,,,,
,,,,,,
# lgs fleets,,,,,,
greetingLGSFriendly,OpenCommLink,"$faction.id == sindrian_diktat
$faction.friendlyToPlayer score:100
sfcnamePrefix LGS","$entity.musicSetId = ""music_diktat_encounter_friendly"" 0
$encounter.musicSetId = ""music_diktat_encounter_friendly"" 0
$menuState = fleetConvMain 0
FireAll PopulateOptions","""Победа Льву Синдрии! Пусть верность Льву будет щедро вознаграждена!""\n\nOR\n\n""Лев Синдрии отмечает ваши усилия, капитан $playerName.""\n\nOR\n\n""Продолжайте служить Льву, капитан $playerName.""",cutCommLink:Разорвать связь,
greetingLGSNeutral,OpenCommLink,"$faction.id == sindrian_diktat
$faction.neutralToPlayer score:100
sfcnamePrefix LGS","$entity.musicSetId = ""music_diktat_encounter_neutral"" 0
$encounter.musicSetId = ""music_diktat_encounter_neutral"" 0
$menuState = fleetConvMain 0
FireAll PopulateOptions","""Мы - слуги Льва Синдрии. Мы не станем долго терпеть глупцов.""\n\nOR\n\n""Вы пришли служить Льву Синдрии?""\n\nOR\n\n""Взгляд Льва Синдрии обращен на вас.""",,
greetingLGSHostileWeaker,OpenCommLink,"$faction.id == sindrian_diktat
$entity.isHostile score:100
$entity.relativeStrength < 0
sfcnamePrefix LGS","$entity.musicSetId = ""music_diktat_encounter_hostile"" 0
$encounter.musicSetId = ""music_diktat_encounter_hostile"" 0
$entity.ignorePlayerCommRequests = true 1","""Примите к сведению: Львиная Гвардия знает о ваших действиях! Уходите сейчас или будете уничтожены!""\n\nOR\n\n""Львиная Гвардия не будет терпеть вас вечно, а теперь прочь!""\n\nOR\n\n""Однажды Лев положит вам конец, но сегодня мы позволим уйти. А теперь прочь!""",cutCommLink:Разорвать связь,
greetingLGSHostileStronger,OpenCommLink,"$faction.id == sindrian_diktat
$entity.isHostile score:100
$entity.relativeStrength >= 0
sfcnamePrefix LGS","$entity.musicSetId = ""music_diktat_encounter_hostile"" 0
$encounter.musicSetId = ""music_diktat_encounter_hostile"" 0
$entity.ignorePlayerCommRequests = true 1","""Капитан $playerName, Лев Синдрии признал вас виновным в преступлениях против него! Готовьтесь к смерти!""\n\n\n\nОфицер Львиной Гвардии усмехается и обрывает связь.\n\nOR\n\n""Капитан $playerName, ваш час настал, и я стану вашим палачом! Лев Синдрии больше не будет терпеть ваше неповиновение!""\n\n\n\nНа линии появляется эмблема Львиной Гвардии, после чего экран гаснет.\n\nOR\n\n""Капитан $playerName, Лев Синдрии вынес вам приговор! И этот приговор - смерть!""\n\n\n\nПосле этого связь гаснет.",cutCommLink:Разорвать связь,
greetingLGSHostileWeakerDefiant,OpenCommLink,"$faction.id == sindrian_diktat
$entity.isHostile score:100
$entity.relativeStrength < 0
$entity.weakerThanPlayerButHolding
sfcnamePrefix LGS","$entity.musicSetId = ""music_diktat_encounter_hostile"" 0
$encounter.musicSetId = ""music_diktat_encounter_hostile"" 0
$entity.ignorePlayerCommRequests = true 1","""Лев не прощает и не забывает! Вы еще ответите за преступления против нас!"" - говорит $heOrShe и обрывает передачу.\n\nOR\n\n""Львиная Гвардия никогда не сдастся! Мы отдадим жизни, чтобы исполнить волю Льва Синдрии!""\n\n\n\nПосле этого связь гаснет.",cutCommLink:Разорвать связь,
#END lgs fleets,,,,,,
,,,,,,
# company fleets,,,,,,
,,,,,,
# commissioned fleet,,,,,,
greetingDiktatFriendly,OpenCommLink,"$faction.id == sindrian_diktat
$faction.friendlyToPlayer score:100","$menuState = fleetConvMain 0
FireAll PopulateOptions","""Приветствуем, предпочтительный клиент! Вы давно были на ближайшей заправке нашей сети? Сейчас у нас акция: бесплатный значок Volturn-y the Volturnian Lobster за каждые 100 баррелей купленного топлива!""\n\nOR\n\n""Связь отличная, предпочтительный клиент! Вы уже успели поучаствовать в новой лотерее? Победитель получает полностью оплачиваемую поездку на Volturn.""\n\nOR\n\n""Линия установлена, ID подтвержден. А, предпочтительный клиент. Вам доступна приоритетная очередь при дозаправке на ближайшей заправке нашей сети.""",cutCommLink:Разорвать связь,
greetingDiktatHostileWeaker,OpenCommLink,"$faction.id == sindrian_diktat
$entity.isHostile score:100
$entity.relativeStrength < 0",$entity.ignorePlayerCommRequests = true 1,"""Примите к сведению, бывший клиент: корпоративные силы безопасности уведомлены о вашем присутствии. Отойдите от топлива, и никто не пострадает.""\n\nOR\n\n""Нарушение корпоративной собственности будет внесено в досье компании, а досье у вас и так плохое, бывший клиент.""\n\nOR\n\nThe Company $personRank stares with a dour scowl. ""Вы никогда не получите наше топливо, бывший клиент. Вы потеряли право наслаждаться антиматериальным топливом бренда Sindrian.""",cutCommLink:Разорвать связь,
greetingDiktatHostileStronger,OpenCommLink,"$faction.id == sindrian_diktat
$entity.isHostile score:100
$entity.relativeStrength >= 0",$entity.ignorePlayerCommRequests = true 1,"""Приветствуем, будущий сотрудник! Вы и ваш флот случайным образом одобрены для неоплачиваемой стажировки в Sindrian Fuel Company. Пожалуйста, отключите оружие и позвольте сопроводить вас на Cruor для немедленного трудоустройства!""\n\n\n\nЖутковато бодрое лицо Company $personRank сменяется изображением маскота компании, после чего сигнал затухает.\n\nOR\n\n""Вы слишком долго пользовались доброй волей Sindrian Fuel Company, бывший клиент. Пора платить по счетам.""\n\nOR\n\n""Здравствуйте, будущий сотрудник! Ваш текущий послужной список в Sindrian Fuel Company показывает, что вы идеальный кандидат для участия в нашей политике Hard Work and Honest Labor."" $PersonRank $personName начинает заметно улыбаться. ""С этого момента.""\n\n\n\nЛиния связи гаснет.\n\nOR\n\nThe Company $personRank усмехается: ""Думаете, можно покупать низкосортное топливо и оставаться безнаказанным? Неважно, это будет последний раз, когда вы вообще заправите свой флот.""",cutCommLink:Разорвать связь,
greetingDiktatNeutral,OpenCommLink,"$faction.id == sindrian_diktat
$faction.neutralToPlayer score:100","$menuState = fleetConvMain 0
FireAll PopulateOptions","""Ваш флот просканирован, ID подтвержден. Вы давно были на ближайшей заправке нашей сети, потенциальный клиент?""\n\n\n\nThe Company $personRank отправляет на вашу звездную карту метку ближайшей станции Sindrian Fuel и обрывает передачу.\n\nOR\n\nУ The Company $personRank натянутая улыбка на лице. ""Хотите купить топливо? Мы флот, а не заправка, потенциальный клиент.""\n\nOR\n\n""Связь установлена, потенциальный клиент. Помните: никогда не соглашайтесь на низкосортное топливо. Всегда покупайте антиматериальное топливо бренда Sindrian!""",,
greetingDiktatHostileWeakerDefiant,OpenCommLink,"$faction.id == sindrian_diktat
$entity.isHostile score:100
$entity.relativeStrength < 0
$entity.weakerThanPlayerButHolding",$entity.ignorePlayerCommRequests = true 1,"The Company $personRank выглядит мрачно, но решительно. ""Заберете это премиальное синдрианское топливо только через мой труп!"" - говорит $heOrShe и обрывает передачу.\n\nOR\n\n""Надеюсь, вы выжмете максимум из этого премиального топлива,"" выражение лица $HisOrHer каменеет. ""потому что это последнее, что у вас будет!""\n\n\n\nСвязь гаснет.",cutCommLink:Разорвать связь,
,,,,,,
# sindrian comm fleet,,,,,,
greetingDiktatFriendlyCommSFC,OpenCommLink,"$faction.id == sindrian_diktat
$faction.friendlyToPlayer score:100
sfcemployee sindrian_diktat
!sfcnamePrefix LGS","$menuState = fleetConvMain 0
FireAll PopulateOptions","""Приветствую, коллега! Вы уже успели зарегистрироваться в корпоративной лотерее? Главный приз в этом месяце - полностью оплачиваемая поездка на Volturn!""\n\nOR\n\n""Здравствуйте, коллега! Приятно видеть еще одного ценителя лучшего топлива в округе.""\n\nOR\n\n""Коллега, уделите минуту. Кажется, я потерял солнцезащитные очки... а, нет, вот они.""",,
greetingDiktatNeutralCommSFC,OpenCommLink,"$faction.id == sindrian_diktat
$faction.neutralToPlayer score:100
sfcemployee sindrian_diktat
!sfcnamePrefix LGS","$menuState = fleetConvMain 0
FireAll PopulateOptions","""Ах, капитан $playerName. Вы успели заработать себе некоторое имя в Компании. Боюсь, не самое хорошее. Пожалуйста, не забывайте, насколько важна Компания.""\n\nOR\n\nУ The Company $personRank хмурое выражение лица. ""$playerName, надеюсь, вы простите мою прямоту, но, может быть, вам стоит улучшить свои показатели в Компании? На вашем фоне остальные сотрудники выглядят хуже.""\n\nOR\n\n""О вас ходит довольно много слухов, капитан $playerName. Например, что вы тайно покупаете топливо низших брендов. Очень надеюсь, что это всего лишь слухи.""",,
#END sindrian comm fleet,,,,,,
#END commissioned fleet,,,,,,
#END company fleets,,,,,,
#END generic fleet,,,,,,
#END Sindrian Diktat fleet greeting lines,,,,,,
,,,,,,
# Sindrian Diktat,,,,,,
defaultAndradaGreetingHostile,PickGreeting,"$id == andrada score:2000
$faction.id == sindrian_diktat
$entity.isHostile","BeginConversation sec_officer
$entity.ignorePlayerCommRequests = true 1","После бесконечно долгого ожидания под рекламу Sindrian Fuel Company связь соединяет вас с чопорным младшим менеджером в форме Львиной Гвардии, личной преданной военизированной силы Андрады.\n\n\n\n""Слава Великодушному, Превосходному, Славному и Благословенному Верховному Главнокомандующему Президенту Исполнительному Менеджеру Заправок!"" - с пугающим энтузиазмом приветствует вас $heOrShe. ""Как вы собираетесь служить видению Верховного Главнокомандующего Президента Исполнительного в-! ТЫ!""\n\n\n\nВ голосе $HisOrHer вспыхивает ярость, на лице появляется явная гримаса. ""Как ты смеешь пытаться связаться с Верховным Главнокомандующим Президентом Исполнительным, паразит! Прочь! У Sindrian Fuel Company нет времени на таких, как ты!""\n\n\n\nЛиния связи гаснет.",cutCommLink:Разорвать связь,
defaultAndradaGreetingNonFuel,PickGreeting,$id == andrada score:100,,Вы пытаетесь связаться с офисом Supreme Chief Overlord President Executive Gas Station Manager Phillip Andrada. После неопределенно долгого ожидания под рекламу Sindrian Fuel Company связь с вами закрывают.,,
defaultAndradaGreeting,PickGreeting,"$id == andrada score:1000
$faction.id == sindrian_diktat","BeginConversation sec_officer true true
FireAll AndradaOfficeReplies","После бесконечно долгого ожидания под рекламу Sindrian Fuel Company связь соединяет вас с чопорным младшим менеджером в форме Львиной Гвардии, личной преданной военизированной силы Андрады.\n\n\n\n""Слава Великодушному, Превосходному, Славному и Благословенному Верховному Главнокомандующему Президенту Исполнительному Менеджеру Заправок!"" - с пугающим энтузиазмом приветствует вас $heOrShe. ""Как вы собираетесь служить видению Верховного Главнокомандующего Президента Исполнительного?""\n\n\n\nЭто требование заметно ставит вас в неудобное положение.",,
defaultAndradaOfficeReplies1,AndradaOfficeReplies,!$askedTalkAndrada,,,andradaOffice_speak:Я хочу поговорить с Андрадой.,
defaultAndradaOfficeReplies2,AndradaOfficeReplies,!$askedPetitionAndrada,,,andradaOffice_speak2:Я желаю подать прошение Великодушному - Превосходному - Славному и Благословенному Верховному Главнокомандующему Президенту Исполнительному Менеджеру Заправок Андраде.,
defaultAndradaOfficeReplies3,AndradaOfficeReplies,!$askedServeMe,,,andradaOffice_serve:Разве вы не должны спросить - чем можете помочь мне?,
defaultAndradaOfficeReplies4,AndradaOfficeReplies,!$askedServeAndrada,,,andradaOffice_serve2:Не знаю. Скажите - как мне служить славе видения Великодушного - Превосходного - Славного и Благословенного Верховного Главнокомандующего Президента Исполнительного.,
defaultAndradaOfficeReplies4.1,AndradaOfficeReplies,"Commission hasFactionCommission
$askedServeAndrada
!$askedCommissionedDiktat
",,,andradaOffice_commissioned:У меня есть комиссия от Топливная компания Синдрии. Как я могу и дальше служить Великодушному - Превосходному - Славному и Благословенному Верховному Главнокомандующему Президенту Исполнительному Менеджеру Заправок?,
defaultAndradaOfficeReplies5,AndradaOfficeReplies,,"SetShortcut cutCommLinkPolite ""ESCAPE""",,cutCommLink:Разорвать связь,
andradaOfficeSpeak,DialogOptionSelected,$option == andradaOffice_speak,"$askedTalkAndrada = true
FireAll AndradaOfficeReplies","$Rank $PersonName немного напрягается.\n\n\n\n""С"", - $heOrShe берет наставительный тон, - ""Великодушным, Превосходным, Славным и Благословенным Верховным Главнокомандующим Президентом Исполнительным Менеджером Заправок Филиппом Андрадой не разговаривают просто так.""\n\n\n\n$heOrShe на мгновение делает паузу, затем продолжает: ""И я бы посоветовал вам проявлять должное почтение к величию этого человека.""",,
andradaOfficeSpeak2,DialogOptionSelected,$option == andradaOffice_speak2,"$askedPetitionAndrada = true
FireAll AndradaOfficeReplies","$Rank $PersonName едва заметно кивает.\n\n\n\n""Как вы наверняка понимаете, Великодушный, Превосходный, Славный и Благословенный Верховный Главнокомандующий Президент Исполнительный получает бесчисленные прошения от своих верных подда-"" $heOrShe кашляет. ""Верных клиентов. Я зарегистрирую ваш запрос.""",,
andradaOfficeServe,DialogOptionSelected,$option == andradaOffice_serve,"$askedServeMe = true
FireAll AndradaOfficeReplies","Вы замечаете легкое подергивание века.\n\n\n\n""Офис Великодушного, Превосходного, Славного и Благословенного Верховного Главнокомандующего Президента Исполнительного не раздает подачек. Именно сильные тянутся к славному видению Верховного Главнокомандующего Президента Исполнительного Адмирала Филиппа Андрады и через его Движение вернут цивилизацию в Персеанский сектор, а затем и в бывший До-.""\n\n\n\n$HeOrShe делает паузу, прочищая горло, и опускает взгляд, предположительно в записи. ""Я хотел сказать, что Верховный Главнокомандующий Президент Исполнительный Менеджер Заправок - очень занятой человек, который усердно контролирует работу Sindrian Fuel Company. Он не может отвечать на все запросы клиентов, поступающие в его офис.""\n\n\n\nТеперь взгляд $HisOrHer обращается к вам. ""Единственный вопрос, на который вы должны ответить: вы перестанете докучать Верховному Главнокомандующему Президенту Исполнительному?"" Вы видите, как глаза $HisOrHer сужаются за очками. ""Или продолжите быть помехой?""",,
andradaOfficeServe2,DialogOptionSelected,"$option == andradaOffice_serve2
!$player.gotAndradaBook","AddTextSmall ""Получена книга \""Синдрийская топливная компания: от мечты к реальности\"""" highlight
$player.gotAndradaBook = true","$Rank $PersonName послушно кивает, и на лице $hisOrHer мелькает нечто похожее на удовольствие, но все же иное.\n\n\n\n""Подчинение славному новому видению будущего Великодушного, Превосходного, Славного и Благословенного Верховного Главнокомандующего Президента Исполнительного Менеджера Заправок - первый шаг. Позвольте отправить вам немного литературы...""",andradaOffice_book:Продолжить,
andradaOfficeBook,DialogOptionSelected,$option == andradaOffice_book,$askedServeAndrada = true,"""С этого стоит начать: краткая книга об основании Sindrian Fuel Company. И клиенты, и сотрудники Компании находят, что эти слова могут вдохновлять их во всех аспектах повседневной жизни.""\n\n\n\n$HeOrShe наклоняется ближе. ""Лично я люблю читать несколько строк перед сном и после пробуждения. Это помогает сосредоточиться и согласовать мою волю с необходимостью Компании.""\n\n\n\nВозвращаясь к прежней позе, $heOrShe продолжает: ""Служите интересам Sindrian Fuel Company. Возможно, вам повезет, и для вас найдется место в нашей Компании - найдите менеджера, и он может помочь вам получить комиссию на службу Великодушному, Превосходному, Славному и Благословенному Верховному Главнокомандующему Президенту Исполнительному Менеджеру Заправок.""","andradaOffice_book2:Эм - спасибо.

andradaOffice_book1:Обязательно изучу. Постоянно.",
andradaOfficeBook1,DialogOptionSelected,$option == andradaOffice_book1,FireAll AndradaOfficeReplies,"""Превосходно."" - решительно кивает $heOrShe.",,
andradaOfficeBook2,DialogOptionSelected,$option == andradaOffice_book2,FireAll AndradaOfficeReplies,"""Со временем благодарить будете именно меня."" - без тени иронии говорит $heOrShe.",,
andradaOfficeServe2gotBook,DialogOptionSelected,"$option == andradaOffice_serve2
$player.gotAndradaBook","$askedServeAndrada = true
FireAll AndradaOfficeReplies","""Служите интересам Sindrian Fuel Company."" - без колебаний говорит $heOrShe.\n\n\n\n""Через подчинение Славному Видению нашего Движения вы можете оказаться в положении, где сможете служить Sindrian Fuel Company. Поговорите с менеджером, и он может помочь вам получить комиссию.""",,
andradaOfficeCommissioned,DialogOptionSelected,$option == andradaOffice_commissioned,"sfcaddcontact
SetPersonHidden sec_officer false
$askedCommissionedDiktat = true
FireAll AndradaOfficeReplies","""Итак, вы приняли слова Великодушного, Превосходного, Славного и Благословенного Верховного Главнокомандующего Президента Исполнительного Менеджера Заправок близко к сердцу!"" Лицо $PersonName заметно оживляется, рот $hisOrHer складывается в странную улыбку.\n\n\n\n""Раз вы так хорошо начали свой путь служения Sindrian Fuel Company, вам, возможно, будет оказана честь служить самому Андраде... служа мне! Знайте: помогая мне, вы напрямую помогаете самому Превосходному, Славному и Благословенному Верховному Главнокомандующему Президенту Исполнительному Менеджеру Заправок. Надеюсь, вы понимаете, насколько это знаменательный момент, ведь очень немногие могут заявить о таком. А теперь, у меня для вас достаточно работы, так что связывайтесь со мной по прямой линии.""\n\n\n\n$Rank $PersonName отправляет контактные данные $hisOrHer в ваш датапад.\n\n\n\n""Слава Превосходному, Славному и Благословенному Верховному Главнокомандующему Президенту Исполнительному Менеджеру Заправок! Да не ослабнет Великое Дело!""",,
#END Sindrian Diktat,,,,,,
,,,,,,
# gaPZ Diktat encounter,,,,,,
gaPZDiktatEncounter,BeginFleetEncounter,"$gaPZ_diktat score:2000
!$gaPZ_encounteredAlready","$gaPZ_encounteredAlready = true
FleetDesc
HailPlayer
ZigguratCMD createSecondDiktatEncounter",,,
gaPZDiktatEncounterComm,OpenCommLink,"$entity.gaPZ_diktat score:2000
!$entity.ignorePlayerCommRequests
ZigguratCMD updateData","$entity.ignorePlayerCommRequests = true
FireBest GAPZDiktatInitial",,,
gaPZDiktatEncounterStandard,GAPZDiktatInitial,,FireAll GAPZDiktatHub,"Вы приказываете включить основной экран. Появляется $Rank с неестественно широкой улыбкой на лице. ""Приветствую, потенциальный клиент! Мы отслеживали ваш флот с момента входа в пространство Компании и заметили, что вы эксплуатируете звездолет неизвестного класса. Не могли бы вы заглушить двигатели?""\n\n\n\n""Поскольку мы не знаем, что это за звездолет, Компания хотела бы провести его проверку. Будьте так любезны отключить все системы вооружения и щиты и передать протоколы управления моему флагману? Обещаю, вы сможете забрать корабль после того, как его изучит Совет исследований и разработок на Sindria. Обещаю."" Несмотря на заверения, эта странная улыбка продолжает вас тревожить.",,
gaPZDiktatEncounterNoZig,GAPZDiktatInitial,!$entity.hasZiggurat,"MakeOtherFleetNonHostile gaPZ true
MakeOtherFleetImportant gaPZ false
MakeOtherFleetGoAway true","Вы приказываете включить основной экран. Появляется $Rank со странно неестественной улыбкой. ""Приветствую, потенциальный клиент! По данным Компании, вы числитесь оператором неизвестного класса звездолетов, так называемого корпуса класса Ziggurat. В интересах Верховного Главнокомандующего Президента Исполнительного Менеджера Заправок мы настоящим запрашиваем ваше разрешение на тщательное сканирование вашего аномального корабля, чтобы подтвердить его допустимость в интересах Sindrian Fuel Company.""",gaPZ_diktatEncounterNoZig2:Похоже - в моем флоте нет корабля этого класса.,
gaPZDiktatEncounterNoZig2,DialogOptionSelected,$option == gaPZ_diktatEncounterNoZig2,,"Улыбка Company $Rank слегка тускнеет.\n\n\n\n""... Ну разумеется, похоже, так и есть,"" - без запинки отвечает $heOrShe. ""Но гипотетически, будь он здесь, вы ведь не отказали бы в простой остановке и тщательном сканировании, возможно даже в просьбе о досмотре для более тщатель-"" $heOrShe осекается и вздыхает.\n\n\n\n""Что ж, можете продолжать путь, потенциальный клиент. Только постарайтесь в следующий раз не забыть ваш особый корабль, хорошо? Есть немало людей, которым было бы интересно... рассмотреть его поближе."" $rank издает тревожный смешок, и связь резко обрывается, оставляя вас с удерживающим сигналом.",cutCommLinkNoText:Продолжить,
gaPZDiktatEncounterOnlyZig,GAPZDiktatInitial,$entity.hasOnlyZiggurat,"MakeOtherFleetNonHostile gaPZ true
MakeOtherFleetImportant gaPZ false
MakeOtherFleetGoAway true
$player.sfcscannedziggurat = true","Вы приказываете включить основной экран. Появляется $Rank с неестественно широкой улыбкой на лице. ""Приветствую, потенциальный клиент! Мы заметили, что вы летаете на незарегистрированном классе звездолета. Надеюсь, вы понимаете, что в целях безопасности мы запрашиваем ваше разрешение на сканирование. Сканирование, которое, кстати, уже происходит прямо сейчас!""\n\n\n\nВаш офицер сенсоров шепчет доклад: ""Капитан, они проводят активное сканирование. Пытаются увидеть всё, но этот корабль?"" На губах мелькает намек на улыбку. ""Он не так легко раскрывает свои секреты.""\n\n",gaPZ_diktatEncounterOnlyZig2:Продолжить,
gaPZDiktatEncounterOnlyZig2,DialogOptionSelected,$option == gaPZ_diktatEncounterOnlyZig2,,"Улыбка на лице Company $post слегка меркнет, пока глаза $hisOrHer явно считывают результаты на другом экране. ""... Да, хорошо, хорошо. У нас есть все, что нужно, чтобы... э-э, установить, что ваш звездолет допущен к межзвездной торговле. Можете следовать дальше, потенциальный клиент. И не забудьте заглянуть на ближайшую станцию нашей сети, чтобы дозаправить корабли!""\n\n\n\nCompany $rank поспешно завершает связь, вероятно, чтобы отчитаться перед Советом исследований Компании. Вы уверены, что ваша мостиковая команда считает: необычные технологии класса Ziggurat в безопасности от обычной патрульной проверки на расстоянии.",cutCommLinkNoText:Продолжить,
GAPZDiktatHub1,GAPZDiktatHub,"Commission hasFactionCommission
!$gaPZ_diktatCom",,,gaPZ_diktatCom:Это лишнее. У меня комиссия от Топливная компания Синдрии.,
GAPZDiktatHub2,GAPZDiktatHub,!$gaPZ_diktatIfRefuse,,,gaPZ_diktatIfRefuse:А если я откажусь?,
GAPZDiktatHub3,GAPZDiktatHub,!$gaPZ_diktatDefend,,,gaPZ_diktatDefend:Мой флот будет защищаться - если вы попытаетесь захватить мой корабль.,
GAPZDiktatHub4,GAPZDiktatHub,!$gaPZ_diktatVanish,"SetStoryOption gaPZ_diktatVanish general ""Скрыли Зиккурат от патруля Львиной гвардии""",,gaPZ_diktatVanish:Скрыть от них Ziggurat,
GAPZDiktatHub5,GAPZDiktatHub,!$gaPZ_diktatComp,,,gaPZ_diktatComp:Как насчет какой-нибудь компенсации?,
GAPZDiktatHub6,GAPZDiktatHub,!$gaPZ_diktatSurrender,,,gaPZ_diktatSurrender:Как пожелаете. (сдать корпус класса Ziggurat),
gaPZ_diktatCom,DialogOptionSelected,$option == gaPZ_diktatCom,,"""О нет, это совершенно необходимо, $playerName,"" говорит $rank, и улыбка $hisOrHer становится шире. ""Это же мелкий шрифт, знаете ли? Трудовой контракт с Sindrian Fuel Company означает, что я - то есть мы - можем, если Компания сочтет нужным, изъять имущество сотрудника, если это служит благу Компании.""\n\n\n\nТон Company $rank слегка смягчается, хотя эта жуткая улыбка никуда не исчезает. ""О, не переживайте, коллега. Вы получите щедрую компенсацию. Я лично прослежу, чтобы вы получили приоритетный билет на личную встречу с Volturn-y the Volturnian Lobster. Звучит ведь хорошо? Вы же не хотите заставлять Volturn-y ждать, верно, капитан?""","gaPZ_diktatComAccept:Принять

gaPZ_diktatComRefuse:Отказаться

gaPZ_diktatComComp:А как насчет другой компенсации?",
gaPZ_diktatComAccept,DialogOptionSelected,$option == gaPZ_diktatComAccept,"AdjustRep sindrian_diktat COOPERATIVE 10
RemoveShip $entity.zigguratMember
AddShipToOtherFleet $entity.zigguratMember
MakeOtherFleetNonHostile gaPZ true
MakeOtherFleetImportant gaPZ false
MakeOtherFleetGoAway true
ZigguratCMD abortSecondDiktatEncounter
$player.sfcgaveawayziggurat = true","""А, отлично, капитан,"" говорит $heOrShe с широкой зубастой улыбкой. ""Компания благодарит вас за вклад в наш дальнейший успех в Персеанском секторе. Глядишь, мы наконец убедим всех, что имеет значение только антиматериальное топливо бренда Sindrian!""\n\n\n\nВы отдаете приказ экипажу и морпехам прекратить действия, отключаете контур ПВО и передаете функции исполнительного командования Company $rank.\n\n\n\n""Компания благодарит вас за вклад в наш дальнейший успех в Персеанском секторе."" $Rank завершает связь, оставляя вас наедине с логотипом Sindrian Fuel Company.",cutCommLinkNoText:Продолжить,
gaPZ_diktatComRefuse,DialogOptionSelected,$option == gaPZ_diktatComRefuse,Commission resign,"Улыбка Company $rank искажается в мрачную гримасу. ""Понятно. Что ж, надеюсь, вы понимаете: отказ выполнять приказ старшего по должности дает мне законное право аннулировать ваш контракт. Очень жаль, кстати, я слышал, что в Volturnian Lobster Garden подают отличные лобстеровые котлеты.""\n\n\n\n""Сейчас я спрошу только один раз, потому что сегодня я щедр. Немедленно сдайте корпус класса Ziggurat, и никто не пострадает. Нет? Что ж... Я не несу ответственности за то, что может случиться с вашим флотом после этого, бывший сотрудник.""","gaPZ_diktatComAcceptAfterRefuse:Принять

gaPZ_diktatComRefuseAgain:Отказаться снова",
gaPZ_diktatComRefuseAgain,DialogOptionSelected,$option == gaPZ_diktatComRefuseAgain,MakeOtherFleetImportant gaPZ false,"""Ну что ж, не говорите, что я вас не предупреждал."" Company $rank поворачивается к вам спиной и восклицает: ""Пора показать, что мы делаем с теми, кто думает, что может бросить вызов Компании!""\n\n\n\nСвязь обрывается, оставляя вас с логотипом Sindrian Fuel Company. Консоль вашего тактического офицера вспыхивает красными тревогами.",cutCommLinkNoText:Продолжить,
gaPZ_diktatComAcceptAfterRefuse,DialogOptionSelected,$option == gaPZ_diktatComAcceptAfterRefuse,"AdjustRep sindrian_diktat INHOSPITABLE -20
RemoveShip $entity.zigguratMember
AddShipToOtherFleet $entity.zigguratMember
MakeOtherFleetNonHostile gaPZ true
MakeOtherFleetImportant gaPZ false
MakeOtherFleetGoAway true
ZigguratCMD abortSecondDiktatEncounter
$player.sfcgaveawayziggurat = true","Как только вы подтверждаете согласие, улыбка Company $post возвращается к обычному, пусть и слегка жуткому виду. $HeOrShe принимает командные коды корпуса класса Ziggurat с сухим подтверждением.\n\n\n\n""Очень разумно, бывший сотрудник. Возможно, со временем вы снова заслужите благосклонность Компании."" Company $rank отворачивается и восклицает: ""А вы, остальные, никогда не забывайте о важности верности мечте Верховного Главнокомандующего Президента Исполнительного! Если вложить в это сердце, нет ничего невозможного!""\n\n\n\nСвязь закрывается на фоне их ликования, оставляя вас с логотипом Sindrian Fuel Company.",cutCommLinkNoText:Продолжить,
gaPZ_diktatComComp,DialogOptionSelected,$option == gaPZ_diktatComComp,Commission resign,"Тон Company $rank становится ледяным. ""Ты смеешь отказываться от возможности встретиться с Volturn-y? ... мразь!""\n\n\n\n""Настоящим я аннулирую ваше трудоустройство, немедленно. В ваших жилах кровь предателя, недостойная пролиться во имя Верховного Главнокомандующего Президента Исполнительного!""\n\n\n\n""У вас последний шанс выжить, бывший сотрудник. Примите раз и навсегда, что всё ваше имущество может быть конфисковано ради Великого Дела, если так распорядится Supreme Chief Overlord President Executive Gas Station Manager Phillip Andrada. Немедленно сдайте корпус класса Ziggurat, иначе я отдам приказ открыть огонь по вашему $shipOrFleet.""","gaPZ_diktatComAcceptAfterRefuse:Принять

gaPZ_diktatComRefuseAgain:Отказаться",
gaPZ_diktatIfRefuse,DialogOptionSelected,$option == gaPZ_diktatIfRefuse,"$gaPZ_diktatIfRefuse = true 0
FireAll GAPZDiktatHub","""Надеюсь, вы не думаете отказаться от приказа, потенциальный клиент,"" - усмехается Company $rank. ""Мы заберем ваш корабль так или иначе. Теперь он принадлежит Верховному Главнокомандующему Президенту Исполнительному Менеджеру Заправок Андраде.""\n\n\n\nЭто требование довольно экстраординарно и, безусловно, не выдержало бы проверки под действием законов межфракционной торговли. Если бы вы защищались от необоснованного изъятия звездолета, у Sindrian Fuel Company были бы шаткие основания объявить вас пиратом.\n\n\n\n""Передайте протоколы командования моему флагману,"" снова требует $HeOrShe.",,
gaPZ_diktatDefend,DialogOptionSelected,$option == gaPZ_diktatDefend,"# not set, so that the option to refuse always remains
#$gaPZ_diktatDefend = true 0","""Пытаетесь отказать Sindrian Fuel Company?"" Улыбка Company $rank мрачно искажается. ""Готов поспорить, вы покупаете топливо у Nachiketa.""\n\n\n\n""Передайте протоколы командования моему флагману."" $HeOrShe повторяет требование.","gaPZ_diktatDisobedience:Значит - смерть.

gaPZ_diktatHub:Давайте это обсудим.",
gaPZ_diktatDisobedience,DialogOptionSelected,$option == gaPZ_diktatDisobedience,MakeOtherFleetImportant gaPZ false,"""Вы просто худший, бывший клиент,"" заявляет $rank. ""Надеюсь, вы понимаете, что всё, что случится дальше, полностью ваша вина. Вам стоило держаться Sindrian Fuel Company, но нет, вы решили, что знаете лучше. Ну и зря. Наслаждайтесь последними мгновениями.""\n\n\n\nСвязь обрывается, оставляя вас с логотипом Sindrian Fuel Company. Консоль вашего тактического офицера вспыхивает красными тревогами.",cutCommLinkNoText:Продолжить,
gaPZ_diktatHub,DialogOptionSelected,$option == gaPZ_diktatHub,FireAll GAPZDiktatHub,,,
gaPZ_diktatVanish,DialogOptionSelected,$option == gaPZ_diktatVanish,,"Вы отдаете приказ $zigName перейти в фазовое пространство, сбрасывая пассивный флакс в дополнительные измерения через какой-то странный принцип, на который влияют индукторы Mote. Такой маневр возможен только вне боя, поскольку требует перевести большинство систем, включая жизнеобеспечение, на едва выживаемый минимум.",gaPZ_diktatVanish1:Попросить уточнить - какой корабль нужно сдать,
gaPZ_diktatVanish1,DialogOptionSelected,$option == gaPZ_diktatVanish1,,"Улыбка Company $rank слегка дрожит.\n\n\n\n$HeOrShe скрещивает $hisOrHer руки. ""Совет исследований и разработок прекрасно осведомлен о фазовых возможностях, капитан. Выведите этот корабль из фазы и передайте коды управления. Немедленно!""\n\n\n\n$HeOrShe делает глубокий вдох и более тихо добавляет: ""Мы можем просто дождаться. Корабль не может оставаться в фазе дольше нескольких минут.""",gaPZ_diktatVanish2:Ждать,
gaPZ_diktatVanish2,DialogOptionSelected,$option == gaPZ_diktatVanish2,,"Company $rank одновременно прав и неправ. Корабль класса Ziggurat действительно не может вечно оставаться в фазовом пространстве в таком режиме. Но держаться он может долго, куда дольше большинства фазовых корпусов. И вы знаете, что Company $rank слабо представляет предел его возможностей.\n\n\n\nПочти через час Company $rank вновь открывает канал связи.",gaPZ_diktatVanish3:Мы закончили?,
gaPZ_diktatVanish3,DialogOptionSelected,$option == gaPZ_diktatVanish3,"AdjustRepActivePerson VENGEFUL -50
AdjustRep sindrian_diktat SUSPICIOUS -10
MakeOtherFleetNonHostile gaPZ true
MakeOtherFleetImportant gaPZ false
MakeOtherFleetGoAway true","$HeOrShe выглядит раздраженным. ""Не думайте, что сможете вечно прятаться от своих обязательств перед Sindrian Fuel Company, капитан $playerName. Я знаю, что корабль все еще где-то рядом,"" беспокойный тик глаз $hisOrHer вверх подсказывает, что $heOrShe не вполне уверен в этом. ""Мы будем следить за вами. Очень внимательно.""\n\n\n\nСвязь закрывается краткой вспышкой логотипа Sindrian Fuel Company.",cutCommLinkNoText:Продолжить,
gaPZ_diktatComp,DialogOptionSelected,$option == gaPZ_diktatComp,,"Улыбка Company $rank немного тускнеет. ""Компенсация? Разве самой возможности помогать Sindrian Fuel Company недостаточно в качестве компенсации? А я-то думал, все были бы рады шансу помочь лучшей топливной компании по эту сторону Персеанского сектора.""\n\n\n\n""Нет. Сдайте корпус класса Ziggurat, капитан $playerName. Сделайте это прямо сейчас во благо Sindrian Fuel Company и Верховного Главнокомандующего Президента Исполнительного Менеджера Заправок, иначе я не отвечаю за то, что произойдет дальше.""","gaPZ_diktatSurrender:Принять

gaPZ_diktatComRefuseAgain:Отказаться",
gaPZ_diktatSurrender,DialogOptionSelected,$option == gaPZ_diktatSurrender,"AdjustRep sindrian_diktat COOPERATIVE 5
RemoveShip $entity.zigguratMember
AddShipToOtherFleet $entity.zigguratMember
MakeOtherFleetNonHostile gaPZ true
MakeOtherFleetImportant gaPZ false
MakeOtherFleetGoAway true
ZigguratCMD abortSecondDiktatEncounter
$player.sfcgaveawayziggurat = true","Вы приказываете передать коды командования Company $rank. Ваш персонал и груз в спешке эвакуируются, пока на борт корабля класса Ziggurat прибывает минимальный экипаж Компании - а также морпехи Львиной Гвардии, техники и офицеры разведки - чтобы взять контроль.\n\n\n\nCompany $rank кивает, всё с той же жуткой улыбкой на лице $hisOrHer. ""Ваше пожертвование Sindrian Fuel Company будет запомнено, капитан $playerName. Почему бы и нет, возможно, вы даже получите право участвовать во внутренней корпоративной лотерее на личную встречу с Volturn-y the Volturnian Lobster! Еще раз спасибо и хорошего дня!""\n\n\n\nСвязь обрывается, оставляя только удерживающий сигнал Компании.",cutCommLinkNoText:Продолжить,
#END gaPZ Diktat encounter,,,,,,
,,,,,,
# gaPZ second Diktat encounter,,,,,,
gaPZDiktatEncounter2,BeginFleetEncounter,"$gaPZ_diktatSecond score:2000
!$gaPZ_encounteredAlready","$gaPZ_encounteredAlready = true
FleetDesc
HailPlayer",,,
gaPZDiktatEncounterComm2,OpenCommLink,"$entity.gaPZ_diktatSecond score:2000
!$entity.ignorePlayerCommRequests
ZigguratCMD updateData",$entity.ignorePlayerCommRequests = true,"Company $rank появляется на экране связи, неестественно спокойный.\n\n\n\n""Капитан $playerName. Надеюсь, у вас всё хорошо? Я понимаю, вы недавно оказались вовлечены в, э-э, недоразумение."" $rank поправляет форму $hisOrHer, явно чувствуя себя неловко. ""Мне приказано сделать заявление.""\n\n\n\n$HeOrShe поднимает из-за кадра датапад и начинает читать, пока в канале связи запускается джингл с тропической музыкой.\n\n\n\n""От имени офиса Исполнительного менеджера Совета по рекламе, Sindrian Fuel Company хотела бы принести формальные извинения за вашу предыдущую встречу с нашими специальными силами самообороны по вопросу, хм, приказа об экспроприации звездолета, который был, э-э... "" $heOrShe отводит взгляд и продолжает. ""Сотрудник, о котором идет речь, действовал поспешно, не уточнив приказы в центральном командовании. Sindrian Fuel Company информирует вас, что не одобряет действия указанного сотрудника, чьи поступки стали не чем иным, как большим позором для имени Sindrian Fuel Company и Supreme Chief Overlord President Executive Gas Station Manager Phillip Andrada.""\n\n",gaPZ_diktatSecondCont:Продолжить,
gaPZ_diktatSecondCont,DialogOptionSelected,$option == gaPZ_diktatSecondCont,"MakeOtherFleetNonHostile gaPZ true
MakeOtherFleetImportant gaPZ false
MakeOtherFleetGoAway true","Company $rank снова смотрит на вас.\n\n\n\n""Будьте уверены, капитан: сообщники этого офицера были уволены из Компании и теперь искупают свои преступления тяжелым трудом и честной работой. Надеюсь, после этого инцидента вы продолжите пользоваться услугами Sindrian Fuel Company.""\n\n\n\nПосле речи $HeOrShe прочищает горло и добавляет: ""Вы и ваш $shipOrFleet свободны, капитан. Sindrian Fuel Company проследит, чтобы ничего подобного больше не произошло.""\n\n\n\n""Хорошего дня, капитан. Ваша сдержанность в этом вопросе отмечена."" Связь обрывается и сменяется логотипом Sindrian Fuel Company.",cutCommLinkNoText:Продолжить,
GAPZGoAwayTrigger,GAPZGoAwayTrigger,,"MakeOtherFleetImportant gaPZ false
MakeOtherFleetGoAway true",,,
GoAwayAfterDefeatTrigger,GoAwayAfterDefeatTrigger,,MakeOtherFleetGoAway true,,,
#END gaPZ second Diktat encounter,,,,,,
,,,,,,
# Nexerlin Starting Faction,,,,,,
sindrian_fuel_nex_NGCPickStartingShips,ExerelinNGCStep3,"$playerFaction == sindrian_diktat
!$sindrian_diktat_ChangeMind","SFCMissionImage logo sfc_start
AddText ""Приветствуем, будущий сотрудник! Добро пожаловать в Синдрийскую топливную компанию. Надеюсь, мне удастся убедить вас подписать контракт с лучшим производителем антиматерийного топлива по эту сторону Персейского сектора. Если решитесь прямо сейчас, вас внесут в корпоративную лотерею на личную встречу с Volturn-y, вольтурнианским лобстером!""
SetTextHighlightColors ""180,0,120,255"" 
SetTextHighlights ""Синдрийская топливная компания""
AddText ""Мы понимаем, что ходят слухи, будто компания всего лишь ширма жестокой военной диктатуры. Нужно ли напоминать, что эта клевета - ложь завистливых соперников вроде Гегемонии и Персейской Лиги? Они хотят обманом заставить вас покупать их низкосортное топливо!""
SetTextHighlightColors ""245,150,30,255"" ""220,185,20,255""
SetTextHighlights ""Hegemony"" ""Персейская Лига""
AddText ""Но мы-то знаем, что лучшее из лучшего дает только Sindrian Fuel! Ну что скажете? Готовы присоединиться к мечте, которая не заканчивается? Готовы заставить Верховного Главного Повелителя Президента Исполнительного Директора Заправочной Станции Филиппа Андраду гордиться вами? Тогда подпишите здесь, и мы подберем вам бесплатные фирменные солнечные очки!""
SetTextHighlightColors ""180,0,120,255"" ""180,0,120,255""
SetTextHighlights ""Sindrian Fuel"" ""Верховный Главный Повелитель Президент Исполнительный Директор Заправочной Станции Филипп Андрада""
$sindrian_diktat_ChangeMind = true 0",,,
chm_sindrian_fuel_nex_NGCPickStartingShips,ExerelinNGCStep3,"sfccheckmodid ""timid_commissioned_hull_mods"" score:1000
$playerFaction == sindrian_diktat
!$sindrian_diktat_ChangeMind","AddText ""Бонус экипажей по комиссии: корабли получают повышенный уровень хода и топливную эффективность на слое кампании.""
SetTextHighlights Commissioned Crews Bonus
$sindrian_diktat_ChangeMind = true 0",,,
#END Nexerlin Starting Faction,,,,,,
,,,,,,
# sotf compatibility,,,,,,# PAGSM character interactions/dialogue should be in their respective folders.
,,,,,,
# Sierra Interactions,,,,,,
,,,,,,
# kween sierra,,,,,,
sfcSierrakween1,DialogOptionSelected,$option == sfcsierrakweenstart,"sfcplaymusic ""music_unknown_encounter_neutral""","$Post $personLastName смотрит на вас все с тем же тревожно безмятежным выражением лица.\n\n\n\n""А, хотите познакомить меня с кем-то, $playerName?"" - спрашивает $personLastName ровным голосом. ""Надеюсь, вы не собираетесь тратить мое время, представляя мне какого-нибудь идиота.""\n\n\n\nВы просите $himOrHer подождать минуту и нажимаете несколько кнопок на TriPad.",sfcsierrakween2:Связаться с Sierra,
sfcSierrakween1a,DialogOptionSelected,"$option == sfcsierrakweenstart
sfcreltrack 50 100","sfcplaymusic ""music_unknown_encounter_friendly""","Тревожная улыбка $Post $personLastName слегка смягчается, когда вы задаете $himOrHer вопрос.\n\n\n\n""О? Вы нашли кого-то, кто оценит мой гений, $playerName?"" - спрашивает $HeOrShe, коротко смеясь. ""Что ж, вы были таким хорошим помощником. Вы заслужили такие маленькие эгоистичные просьбы. Итак, кто этот... ваш друг?""\n\n\n\nВы просите $himOrHer подождать минуту и нажимаете несколько кнопок на TriPad.",sfcsierrakween2:Связаться с Sierra,
sfcSierrakween2,DialogOptionSelected,"$option == sfcsierrakween2
!$global.sfcsierraconvincedmannfred","AddText ""Вы отправляете Sierra сообщение и спрашиваете, хочет ли она встретиться с Квин. Меньше чем через секунду приходит ответ.""
AddTextSmall ""sierra0B: Юнрис Квин?"" ""205,155,255,255""
AddTextSmall ""sierra0B: Странно, у меня о ней почти нет данных."" ""205,155,255,255""
AddTextSmall ""sierra0B: Ну, несколько записей есть, но они не складываются во что-то интересное. Впрочем, я не против знакомиться с новыми людьми!"" ""205,155,255,255""
AddTextSmall ""sierra0B: Мы делаем трюк с дельтой, или мне можно вокруг нее полностью уйти в фазовый танец?"" ""205,155,255,255""
$sfckweenmetsierra = true",,"sfcsierrakweenpretend:Пусть Sierra притворится ИИ дельта-уровня

sfcsierrakweentruth:Пусть Sierra будет собой",
sfcSierrakween2a,DialogOptionSelected,"$option == sfcsierrakween2
$global.sfcsierraconvincedmannfred","AddText ""Вы отправляете Sierra сообщение и спрашиваете, хочет ли она встретиться с Квин. Ответ приходит через несколько секунд.""
AddTextSmall ""sierra0B: ...Юнрис Квин?"" ""205,155,255,255""
AddTextSmall ""sierra0B: Разве это не та женщина, о которой нас предупреждал Маннфред?"" ""205,155,255,255""
AddTextSmall ""sierra0B: Это правда не похоже на хорошую идею."" ""205,155,255,255""
$sfckweenmetsierra = true
sfcoptionconfirm sfcsierrakweeninsist ""Вы ТОЧНО считаете, что это хорошая идея?"" ""Да."" ""Нет.""",,"sfcsierrakweenagree:Согласиться - что это плохая идея.

sfcsierrakweeninsist:Настаивать - что все будет в порядке.",
sfcSierrakween3a,DialogOptionSelected,$option == sfcsierrakweenpretend,"ShowSecondPerson sotf_sierra
SetTextHighlightColors sierraTextColor sierraTextColor sierraTextColor sierraTextColor
SetTextHighlights ""\""Greetings, Miss Yunris Kween!\"""" ""\""My name is Sierra, and I'm a delta-level digital aide powered by a state-of-the-art conversational engine.\"""" ""\""Um,\"""" ""\""It's not a joke, we thought it'd be an enriching exper-\""""
AdjustRepActivePerson SUSPICIOUS -2","Аватар Sierra появляется на канале связи, слегка дрожа, пока звучит ее голос. ""Приветствую, мисс Yunris Kween!"" - тепло говорит она. ""Меня зовут Sierra, и я цифровой помощник дельта-уровня на базе передового разговорного движка.""\n\n\n\n$personLastName, со своей стороны, на мгновение обращает внимание на Sierra, а затем переводит взгляд обратно на вас. ""О? Вы решили показать мне своего ИИ-помощника, $PlayerName?"" - спрашивает $HeOrShe, и улыбка $hisOrHer сменяется легкой хмуростью. ""Это шутка такая?""\n\n\n\n""Эм,"" - начинает Sierra, и в ее голосе слышится растерянность. ""Это не шутка, мы думали, что это может быть полезным опы-""\n\n\n\n""Я занятая персона, $PlayerName,"" - вздыхает $personLastName, отворачиваясь. ""Если вы не собираетесь показывать мне что-то действительно интересное, не тратьте мое время.""\n\n\n\nПрежде чем вы успеваете ответить, связь гаснет.",sfcsierrakweenneutralend:Продолжить.,
sfcSierrakween3b,DialogOptionSelected,$option == sfcsierrakweentruth,"ShowSecondPerson sotf_sierra
SetTextHighlightColors ""205,155,255,255"" ""205,155,255,255"" ""205,155,255,255"" ""205,155,255,255""
SetTextHighlights ""\""Greetings, Miss Yunris Kween!\"""" ""\""It's a pleasure to meet you. My name is Sierra, and I'm an experimental Domain phasetech AI!\"""" ""\""Um... Miss Kween?\"""" ""\""Is... there something wrong?\""""","Аватар Sierra появляется на канале связи, слегка дрожа, пока звучит ее голос. ""Приветствую, мисс Yunris Kween!"" - тепло говорит она. ""Рада познакомиться. Меня зовут Sierra, и я экспериментальный ИИ фазовых технологий Доминиона!""\n\n\n\n$Post смотрит на Sierra, и глаза $hisOrHer пристально изучают ее, но $heOrShe не отвечает.\n\n\n\n""Эм... мисс Kween?"" - спрашивает Sierra, и в ее голосе слышится тень замешательства. ""Эм... что-то не так?""\n\n\n\nРот $personLastName изгибается в еще более глубокую улыбку, а взгляд $hisOrHer возвращается к вам; изумрудно-зеленые глаза $hisOrHer будто сияют непостижимым намерением.\n\n\n\n",sfckweendemandstart:Спросить Kween - что не так.,
sfcSierrakweendemandstart,DialogOptionSelected,$option == sfckweendemandstart,"ShowSecondPerson sotf_sierra
SetTextHighlightColors ""205,155,255,255"" ""205,155,255,255"" ""205,155,255,255"" ""205,155,255,255""
SetTextHighlights ""\""Подарок!?\"""" ""\""Я здесь по собственной воле.\"""" ""\""Нет, нет, нет,\"""" ""\""Я личность, а не диковинка. Вы даже близко ко мне не прикоснетесь.\""""
sfcoptionconfirm sfckweendemandsurrender ""Вы ТОЧНО хотите передать Sierra Квин?"" ""Да."" ""Нет.""","""О... не стоило, $playerName,"" - говорит $Post. ""Как чудесно, что вы принесли мне подарок.""\n\n\n\n""Подарок!?"" - отзывается Sierra. ""Я здесь по собственной воле.""\n\n\n\n""Как мило. Оно думает, что у него есть право голоса,"" - продолжает $personLastName. ""Итак, $playerName, не будете ли вы так добры показать мне эту... Sierra? Я всегда люблю изучать артефакты старой эпохи Доминиона.""\n\n\n\n""Нет, нет и нет,"" - резко отвечает Sierra, ее аватар ощетинивается. ""Я личность, а не диковинка. Вы ко мне даже близко не подойдете.""\n\n\n\n$personLastName лишь смеется. ""Еще и болтливая! Не терпится ее изучить. Ну так что, передадите ее мне, $playerName? Я буду очень признательна.""","sfckweendemandsurrender:Передать Sierra Kween

sfckweendemandresist:Отказаться",
sfcSierrakweendemand1a,DialogOptionSelected,$option == sfckweendemandsurrender,"ShowSecondPerson sotf_sierra
SetTextHighlightColors ""205,155,255,255"" ""205,155,255,255"" ""205,155,255,255"" ""205,155,255,255""
SetTextHighlights ""\""$PlayerName?\"""" ""\""What are you doing?\"""" ""\""I'm not just letting you two do this,\"""" ""\""If you think this ends right here, you're dead wrong.\""""","Канал Sierra внезапно начинает дергаться статикой, когда вы соглашаетесь передать ее Kween.\n\n\n\n""$playerName?"" - спрашивает Sierra, ее аватар судорожно дрожит. ""Что ты делаешь?""\n\n\n\n""Очень хорошо, $playerName, я знала, что могу на вас рассчитывать,"" - говорит $personLastName, игнорируя мольбы Sierra. ""Вы и правда замечательный мой помощник. Теперь просто удерживайте ее там, чтобы моя команда могла забрать ее.""\n\n\n\n""Я не позволю вам это сделать,"" - угрожает Sierra, и ее аватар исчезает с канала связи. ""Если думаете, что на этом все закончится, вы сильно ошибаетесь.""\n\n\n\nВам звонит офицер флота и сообщает, что корабль Sierra только что вышел из строя. Вы замечаете, как $personLastName вздыхает.\n\n\n\n""Ну что ж, значит, придется запачкать руки,"" - замечает $Post, пока вы видите, как $himOrHer набирает что-то на скрытом от вас TriPad. ""Да, отправляйтесь и заберите артефакт.""",sfckweendemandbadend1:Продолжить.,
# sfcSierrakweendemand1aa,DialogOptionSelected,"$option == sfckweendemandsurrender
RollProbability 0.2","ShowSecondPerson sotf_sierra
SetTextHighlightColors ""205,155,255,255"" ""205,155,255,255"" ""205,155,255,255"" ""205,155,255,255""
SetTextHighlights ""\""$PlayerName?\"""" ""\""What are you doing?\"""" ""\""I'm not just letting you two do this,\"""" ""\""If you think I'm handing myself over like this, you're dead wrong.\""""","Sierra's feed suddenly jitters with static as you agree to surrender her over to Kween.

""$playerName?"" Sierra questions, her avatar tremblingly wildly. ""What are you doing?""

""Very good, $playerName, I knew I could count on you,"" $personLastName says, ignoring Sierra's pleas. ""You truly are a wonderful assistant of mine. Now, just make sure to keep it there so I can have a team pick it up.""

""I'm not just letting you two do this,"" Sierra threatens as her avatar disappears from the comm link. ""If you think this ends right here, you're dead wrong.""

You get a call from your fleet officer informing you that Sierra's ship has just broke from its formation. You notice $personLastName sighing.

""Oh well, I guess I have to get my hands dirty,"" the $Post remarks, as you watch $himOrHer tap away at an off-screen TriPad. ""Yes, go and collect the artifact.""",sfckweendemandbadend1:Продолжить.,
sfcSierrakweendemand1b,DialogOptionSelected,"$option == sfckweendemandresist
!sfcemployee sindrian_diktat",,"Kween хмурится, когда вы отклоняете ее требование, качает головой и отводит взгляд.\n\n\n\n""Вот как?"" - спрашивает Kween, коротко вздыхая. ""Какая жалость. А ведь я могла бы так много узнать, если бы мне просто позволили изучить технологию эпохи Доминиона. Увы, видимо, не сегодня.""\n\n\n\nБез лишних слов связь гаснет.",sfckweenneutralendb:Продолжить.,
sfcSierrakweendemand1bb,DialogOptionSelected,"$option == sfckweendemandresist
sfcemployee sindrian_diktat","AdjustRepActivePerson SUSPICIOUS -5
sfcplaymusic ""music_unknown_encounter_hostile""
sfcoptionconfirm sfckweendemandsurrender ""Вы ТОЧНО хотите передать Sierra Квин?"" ""Да."" ""Нет.""
sfcoptionconfirm sfckweenrefused2 ""Вы хотите отказаться?"" ""Да."" ""Нет.""","Kween хмурится из-за вашего отказа. А затем ее рот снова искривляется в тревожную улыбку.\n\n\n\n""О, вы думаете, что у вас есть право голоса, но боюсь, вы забываетесь, $playerName,"" - замечает Kween, глядя на вас в упор. ""Как мой подчиненный, вы должны понимать, что ваше имущество может быть конфисковано Sindrian Fuel Company, если я этого потребую. И я снова требую, чтобы вы передали мне этот артефакт. Отказ означает предательство. А вы ведь не хотите предать Sindrian Fuel Company ради какой-то машины, не так ли?""","sfckweendemandsurrender:Передать Sierra.

sfckweenrefused2:Отказаться. Снова.",
sfcSierrakweenabort,DialogOptionSelected,$option == sfcsierrakweenagree,AdjustRepActivePerson SUSPICIOUS -5,"Вы быстро поворачиваетесь к $personLastName и извиняетесь за потраченное $hisOrHer время. $Post $PersonName разочарованно качает $hisOrHer головой.\n\n\n\n""О,"" - говорит $personLastName, хмурясь. ""Вам действительно не стоит тратить мое время. Вы еще можете об этом пожалеть.""\n\n\n\nСвязь гаснет прежде, чем вы успеваете ответить.",sfckweenabort:Связаться с Sierra.,
sfcSierrakweeninsist1,DialogOptionSelected,$option == sfcsierrakweeninsist,"ShowSecondPerson sotf_sierra
SetTextHighlightColors sierraTextColor sierraTextColor sierraTextColor sierraTextColor
SetTextHighlights ""\""Hello, Miss Yunris Kween,\"""" ""\""I am a delta-AI assistant for $PlayerName. I assist with logistics, daily matters, and other fleet management.\"""" ""\""Um... Miss Kween?\"""" ""\""Is... there something wrong?\""""
AdjustRepActivePerson SUSPICIOUS -2","Sierra выглядит неуверенно, но после ваших уговоров соглашается встретиться с Kween. Ее аватар появляется на канале связи, спокойный и холодный. ""Здравствуйте, мисс Yunris Kween,"" - говорит она монотонным голосом, хотя под ним чувствуется тревога. ""Я - помощник ИИ дельта-уровня для $PlayerName. Я помогаю с логистикой, повседневными задачами и другим у-управлением флотом.""\n\n\n\n$Post смотрит на Sierra, и глаза $hisOrHer пристально изучают ее, но $heOrShe не отвечает.\n\n\n\n""Эм... мисс Kween?"" - спрашивает Sierra, и в ее голосе слышится замешательство. ""Эм... что-то не так?""\n\n\n\nРот $personLastName изгибается в еще более глубокую улыбку, а взгляд $hisOrHer возвращается к вам; изумрудно-зеленые глаза $hisOrHer будто сияют непостижимым намерением.",sfckweeninsiststart:Продолжить.,
sfcSierrakweeninsist2,DialogOptionSelected,$option == sfckweeninsiststart,,"""Знаете, вы довольно странный человек, $playerName,"" - замечает Kween, переводя внимание между вами и Sierra. ""Обычно я бы спросила, почему встреча с каким-то ИИ-помощником дельта-уровня вообще должна быть важной. Но это... что ж, должна же быть причина, по которой вы об этом попросили, верно?""\n\n\n\nKween наклоняется ближе к экрану и сверлит вас взглядом. ""Я буду наблюдать за вами, $playerName.""\n\n\n\nСвязь внезапно гаснет.",sfckweeninsistend:Продолжить.,
sfcSierrakweenrefusedemployeea,DialogOptionSelected,"$option == sfckweenrefused2
$player.sfckweenfavor < 3","AdjustRepActivePerson INHOSPITABLE -50
AdjustRep sindrian_diktat NEUTRAL -100
Commission resign
AddTextSmall ""Комиссия Синдрийской топливной компании расторгнута."" highlight
$global.sfcalienatedkween = true 14","Kween снова хмурится, на лице появляется гримаса, а глаза с отвращением сужаются, глядя на вас.\n\n\n\n""Разочаровывающе. И абсолютный позор. За это предательство Sindrian Fuel Company ваше трудоустройство прекращено. Постарайтесь хотя бы не удариться о дверь на выходе, идиот.""\n\n\n\nСвязь снова гаснет.",sfckweenrefusedendingbad:Продолжить.,
sfcSierrakweenrefusedemployeeb,DialogOptionSelected,"$option == sfckweenrefused2
$player.sfckweenfavor >= 3",,"На мгновение вы не уверены, ответит ли Kween на ваш отказ. Ее взгляд безошибочно сверлит вас, выискивая малейшую слабость. И затем...\n\n\n\n... Kween начинает смеяться.\n\n\n\n""Ха... Ха!"" Улыбка Kween искажается, пока она продолжает смотреть на вас. ""Похоже, вы и правда упрямы. Что ж, если вы так настаиваете оставить себе свою глупую машину, пусть будет так. На этот раз я вас отпущу.""\n\n\n\nСвязь снова гаснет.",sfckweenrefusedendinggood:Продолжить.,
sfcSierrakweenrefusedendinggood,DialogOptionSelected,$option == sfckweenrefusedendinggood,"ShowPersonVisual true sotf_sierra
HideSecondPerson
sfcplaymusic
AddTextSmall ""sierra0B: Это было... очень странно."" ""205,155,255,255""
AddTextSmall ""sierra0B: Ну, значит, на этом все."" ""205,155,255,255""
AddTextSmall ""sierra0B: Нам... нам, наверное, стоит уйти отсюда."" ""205,155,255,255""
AddStoryPoints 1
$global.sfcsierrametkween = true",,cutCommLink:Разорвать связь,
sfcSierrakweenrefusedendingbad,DialogOptionSelected,$option == sfckweenrefusedendingbad,"ShowPersonVisual true sotf_sierra
HideSecondPerson
sfcplaymusic
AddTextSmall ""sierra0B: ...Спасибо, что вступились за меня, $PlayerName."" ""205,155,255,255""
AddTextSmall ""sierra0B: Мне страшно думать, что Квин собиралась со мной сделать."" ""205,155,255,255""
AddTextSmall ""sierra0B: Мне жаль, что вы потеряли работу в Синдрийской топливной компании."" ""205,155,255,255""
AddTextSmall ""sierra0B: Хотя, честно говоря, думаю, так даже лучше."" ""205,155,255,255""
AddStoryPoints 1
$global.sfcsierrametkween = true",,cutCommLink:Разорвать связь,
sfcSierrakweenneutralend,DialogOptionSelected,$option == sfcsierrakweenneutralend,"ShowPersonVisual true sotf_sierra
HideSecondPerson
sfcplaymusic
AddTextSmall ""sierra0B: Ладно, это было довольно грубо."" ""205,155,255,255""
AddTextSmall ""sierra0B: Я просто хотела поздороваться!"" ""205,155,255,255""
AddTextSmall ""sierra0B: Прости, $PlayerName, я думала, она будет чуть более... разговорчивой."" ""205,155,255,255""
AddTextSmall ""sierra0B: Но что поделаешь."" ""205,155,255,255""
AddStoryPoints 1
$global.sfcsierrametkween = true",,cutCommLink:Разорвать связь,
sfcSierrakweenneutralendb,DialogOptionSelected,$option == sfckweenneutralendb,"ShowPersonVisual true sotf_sierra
HideSecondPerson
sfcplaymusic
AddTextSmall ""sierra0B: Это было... очень странно."" ""205,155,255,255""
AddTextSmall ""sierra0B: Ну, значит, на этом все."" ""205,155,255,255""
AddTextSmall ""sierra0B: Нам... нам, наверное, стоит уйти отсюда."" ""205,155,255,255""
AddStoryPoints 1
$global.sfcsierrametkween = true",,cutCommLink:Разорвать связь,
sfcSierrakweenabortend,DialogOptionSelected,$option == sfckweenabort,"ShowPersonVisual true sotf_sierra
HideSecondPerson
sfcplaymusic
AddTextSmall ""sierra0B: ...Спасибо, $PlayerName."" ""205,155,255,255""
AddTextSmall ""sierra0B: Но, пожалуйста, больше так меня не пугайте."" ""205,155,255,255""
AddTextSmall ""sierra0B: Если Квин правда так плоха, как говорит Маннфред, нам не стоило даже рассматривать это."" ""205,155,255,255""
AddTextSmall ""sierra0B: Я... мне, кажется, нужна минутка."" ""205,155,255,255""
$global.sfcsierrametkween = true",,cutCommLink:Разорвать связь,
sfcSierrakweeninsistend,DialogOptionSelected,$option == sfckweeninsistend,"ShowPersonVisual true sotf_sierra
HideSecondPerson
sfcplaymusic
AddTextSmall ""sierra0B: ...Это было неприятно."" ""205,155,255,255""
AddTextSmall ""sierra0B: Надеюсь, вы получили от этого то, чего хотели, $PlayerName."" ""205,155,255,255""
AddTextSmall ""sierra0B: Потому что я вполне могла бы прожить и без такого опыта."" ""205,155,255,255""
AddTextSmall ""sierra0B: Я... мне, кажется, нужна минутка."" ""205,155,255,255""
$sfckweenbusy = true 7
$player.sfckweenknowssierratruth = true
$global.sfcsierrametkween = true",,cutCommLink:Разорвать связь,
sfcSierrakweenbadend,DialogOptionSelected,$option == sfckweendemandbadend1,"ShowDefaultVisual
HideSecondPerson
sfcplaymusic
AdjustRepActivePerson COOPERATIVE 50
sfcsierra 8
AddStoryPoints 1
$sfckweenbusy = true 7
$sfckweensierragift = true
$global.sfcsierrametkween = true
$global.sotf_sierraBetrayal = science
$global.sotf_projectSirenFaction = sindrian_diktat
$global.sotf_projectSirenSFC = true","Ваш рулевой сообщает, что на радаре флота только что появилось множество сигналов. Вам докладывают, что они преследуют Sierra, и по спине пробегает холодок, когда вы переводите взгляд на экран. Огромный боевой корабль, которого вы никогда раньше не видели, проходит мимо вашего флота, гонясь за Sierra. Его прикрывает ударная группа фазовых эсминцев, быстро настигая Sierra, несмотря на все ее попытки оторваться.\n\n\n\nФазовые эсминцы искажают пространство и выставляют минное поле, отрезая Sierra пути к отступлению. Несмотря на это, вы видите, как она пытается прорваться через поле, и мины взрываются в ответ. Вы отворачиваетесь от картины, бросив последний взгляд на огромный корабль, приближающийся к позиции Sierra.\n\n\n\n""Ах да,"" - говорит $personLastName, чтобы привлечь ваше внимание. ""Я надеялась, что до этого не дойдет, но спасибо за ваш вклад в науку, $playerName. А теперь я очень занятая женщина, так что надеюсь, вы не против, если я свяжусь с вами позже.""\n\n\n\nСвязь гаснет. Часть вас сомневается, что у $personLastName на уме хоть что-то связанное с 'наукой'.\n\n\n\nВы чувствуете далекий холодок по спине, словно дыхание вечной зимы издалека.",cutCommLink:Разорвать связь,
#END kween sierra,,,,,,
,,,,,,
# mannfred sierra interaction,,,,,,
sfcSierramann1,DialogOptionSelected,$option == sfcsierramannstart,,"$Post $personLastName смотрит на вас с недоумением.\n\n\n\n""О?"" - замечает $personLastName. ""Я сейчас немного занят, но, думаю, у меня найдется время познакомиться с кем-то. Ну так что, представишь меня?""\n\n\n\nВы просите $himOrHer подождать минуту и нажимаете несколько кнопок на TriPad.",sfcsierramann2:Поговорить с Sierra.,
sfcSierramann1a,DialogOptionSelected,"$option == sfcsierramannstart
sfcreltrack 25 100",,"$Post $personLastName улыбается.\n\n\n\n""А, ваш знакомый?"" - спрашивает $HeOrShe, коротко усмехаясь. ""Знаешь, я занятой человек, но на короткий разговор время всегда найдется. Итак, с кем ты меня знакомишь?""\n\n\n\nВы просите $himOrHer подождать минуту и нажимаете несколько кнопок на TriPad.",sfcsierramann2:Поговорить с Sierra.,
sfcSierramann2,DialogOptionSelected,$option == sfcsierramann2,"AddText ""Вы отправляете Sierra сообщение и спрашиваете, хочет ли она кое с кем встретиться. Меньше чем через секунду приходит ответ.""
AddTextSmall ""sierra0B: О, привет."" ""205,155,255,255""
AddTextSmall ""sierra0B: Ты хочешь, чтобы я с кем-то встретилась? С кем?"" ""205,155,255,255""
AddTextSmall ""sierra0B: Грегори Маннфред? О, я о нем слышала, он тот самый, э-э-э, человек с топливными танкерами."" ""205,155,255,255""
AddTextSmall ""sierra0B: Не совсем мое, но может быть весело!"" ""205,155,255,255""
AddTextSmall ""sierra0B: Думаешь, он тоже фанат фазотеха, или мне лучше не отсвечивать?"" ""205,155,255,255""
$sfcmannmetsierra = true",,"sfcsierramannpretend:Пусть Sierra притворится ИИ дельта-уровня.

sfcsierramanntruth:Пусть Sierra будет собой.",
sfcSierramann3a,DialogOptionSelected,$option == sfcsierramannpretend,"ShowSecondPerson sotf_sierra
SetTextHighlightColors ""205,155,255,255"" ""205,155,255,255"" ""205,155,255,255""
SetTextHighlights ""\""Hello, Mister Mannfred!\"""" ""\""My name is Sierra, and I'm a Delta-AI assistant for Captain $PlayerName here! I have a conversational function installed, so I am pleased to make your acquaintance!\"""" ""\""Thank you, Mister Mannfred! I hope that I will be able to provide you with an enjoyable conversation!\""""","Канал Sierra загорается, ее голос пускает рябь по аватару. ""Здравствуйте, мистер Mannfred!"" - бодро говорит она, плавно поворачивая аватар на месте. ""Меня зовут Sierra, и я ИИ-помощник дельта-уровня капитана $playerName! У меня установлена разговорная функция, поэтому я рада познакомиться с вами!""\n\n\n\n$personLastName смеется, услышав Sierra. ""Твой ИИ-помощник? Ха, а я думал, ты представишь мне своего рулевого или кого-то вроде того. Хех... Ладно, подыграю. Очень приятно познакомиться, мисс Sierra!""\n\n\n\n""Спасибо, мистер Mannfred! Надеюсь, я смогу обеспечить вам приятную беседу!"" - отвечает Sierra, и ее аватар рябит с каждым словом.\n\n\n\n$personLastName, со своей стороны, продолжает слушать с улыбкой, пока Sierra говорит дальше.",sfcsierramannlowa:Продолжить.,
sfcSierramann3b,DialogOptionSelected,$option == sfcsierramanntruth,"ShowSecondPerson sotf_sierra
SetTextHighlightColors ""205,155,255,255"" ""205,155,255,255"" ""205,155,255,255"" ""205,155,255,255""
SetTextHighlights ""\""Hello, Mister Mannfred!\"""" ""\""I'm Sierra, an experimental Domain phasetech AI! Pleased to make your acquaitance.\"""" ""\""Well of course! I wouldn't be joking about this. Remnants captured me back in cycle 184 and $PlayerName found me and... uh...\"""" ""\""... Is there something the matter, Mister Mannfred?\""""","Канал Sierra загорается, ее голос пускает рябь по аватару. ""Здравствуйте, мистер Mannfred!"" - восклицает Sierra, и ее аватар вибрирует. ""Я Sierra, экспериментальный ИИ фазовых технологий Доминиона! Рада познакомиться.""\n\n\n\n$personLastName, похоже, ошеломлен такой прямотой Sierra. ""Вот как?"" - спрашивает $Post, пристально вглядываясь в Sierra. ""Ты же не пытаешься разыграть меня, верно?""\n\n\n\nSierra неловко усмехается. ""Ну конечно! Я бы таким не шутила. Remnants захватили меня еще в 184 цикле, а $playerName нашел меня и... эм..."" Аватар Sierra замедляет движение. ""... Что-то не так, мистер Mannfred?""\n\n\n\n$personLastName не отвечает и вместо этого поворачивается к вам.",sfcmanndestroysiererastart:Спросить Mannfred - что не так.,
sfcSierramann3bb,DialogOptionSelected,$option == sfcmanndestroysiererastart,"sfcplaymusic ""music_gas_market_hostile_fleet""
SetTextHighlightColors ""205,155,255,255"" ""205,155,255,255"" ""205,155,255,255"" 
SetTextHighlights ""\""Not this again,\"""" ""\""How could you say something like that to someone? What gives you the right to say I don't get to exist?\"""" ""\""I'm not a monster! I'm a person, just like the both of you!\""""
FireAll PopulateMannSierraOptions","$personLastName тяжело вздыхает. ""Я не знаю, в какую игру ты пытаешься сыграть, $playerName, но ты играешь с огнем. Этот ИИ, эта машина, ты сам слышал, что она сказала! Такой... вещи нельзя позволять существовать.""\n\n\n\n""Опять это,"" - устало отвечает Sierra. Ее аватар дергается хаотично. ""Как ты можешь говорить такое кому-то? С чего ты взял, что можешь решать, имею ли я право на существование?""\n\n\n\n$Post игнорирует протесты Sierra и продолжает смотреть на вас. ""Ты прекрасно знаешь, что законы об ИИ требуют уничтожать такие опасные машины. Передай мне эту машину, $playerName, и я обещаю, что ты получишь достойную компенсацию за помощь в уничтожении столь чудовищной машины.""\n\n\n\nАватар Sierra дрожит и трясется после этих слов, будто вот-вот развалится. ""Я не монстр! Я человек, как и вы оба!""",,
sfcSierramannoption1,PopulateMannSierraOptions,,"sfcoptionconfirm sfcmanndestroyagree ""Вы правда хотите передать Sierra?"" ""Да."" ""Нет.""",,sfcmanndestroyagree:Передать Sierra Mannfred.,
sfcSierramannoption2,PopulateMannSierraOptions,!$sfcmannrefusedonce,,,sfcmanndestroyrefuse:Отказаться передать Sierra.,
sfcSierramannoption2b,PopulateMannSierraOptions,$sfcmannrefusedonce,"sfcoptionconfirm sfcmanndestroyrefuse2 ""Вы правда хотите отказаться?"" ""Да."" ""Нет.""",,sfcmanndestroyrefuse2:Отказаться передать Sierra. Снова.,
sfcSierramannoption3,PopulateMannSierraOptions,$player.manndrinksaccepted,,,sfcmanndestroyconvince:Убедить Mannfred выслушать Sierra.,
sfcSierramannoption3b,PopulateMannSierraOptions,"!$player.manndrinksaccepted
sfcreltrack 50 100","SetStoryOption sfcmanndestroyconvince ui_char_spent_story_point_leadership ""Убедили ведущего разработчика выслушать ИИ.""",,sfcmanndestroyconvince:Убедить Mannfred выслушать Sierra.,
sfcSierramannoption3c,PopulateMannSierraOptions,"!$player.manndrinksaccepted
!$sfcfailedconvince
sfcreltrack -100 50",,,sfcmanndestroyconvincefail:Сказать Mannfred выслушать Sierra.,
sfcSierramannresponse3c,DialogOptionSelected,$option == sfcmanndestroyconvincefail,"AdjustRepActivePerson NEUTRAL -3
$sfcfailedconvince = true
FireAll PopulateMannSierraOptions","Вы пытаетесь сказать $personLastName, чтобы он выслушал Sierra, однако сразу получаете холодный ответ.\n\n\n\n""Не смей даже думать, что эта мерзкая машина стоит моего внимания. Она должна быть уничтожена. А теперь передай машину, $playerName.""\n\n\n\nПохоже, это только сильнее разозлило $personLastName.",,
sfcSierramannresponse1,DialogOptionSelected,$option == sfcmanndestroyagree,"SetTextHighlightColors ""205,155,255,255"" ""205,155,255,255"" ""205,155,255,255""
SetTextHighlights ""\""W-what? $PlayerName, surely you're not listening to him? We're friends, right?\"""" ""\""I'm not a \""monster\"", I've proven that to you well enough.\"""" ""\""This always happens. Maybe I should've stayed a ghost of the frontier.\""""","$personLastName кивает вам и начинает что-то набирать на своем TriPad. ""Я знал, что ты поймешь, $playerName. Я уже сообщил патрулю захватить машину.""\n\n\n\nSierra тем временем продолжает ощетиниваться и дрожать. ""Ч-что? $playerName, ты же не собираешься его слушать? Мы же друзья, да?"" Она продолжает умолять дрожащим голосом. ""Я не ""монстр"", я уже достаточно это доказала тебе.""\n\n\n\n$Post лишь качает головой. ""Не слушай ее слова. Она все еще пытается тебя обмануть. Просто отпусти это, и больше проблем не будет.""\n\n\n\nПоняв ваши намерения, аватар Sierra искажается, она вздыхает, а ее голос быстро теряет связность. ""Так бывает всегда. Может, мне стоило остаться призраком фронтира.""\n\n\n\nОна отключается сразу после того, как небольшая ударная группа кораблей Компании прибывает, чтобы задержать корабль Sierra.",sfcmanndestroyedsierra:Продолжить.,
sfcSierramannresponse2a,DialogOptionSelected,"$option == sfcmanndestroyrefuse
!sfcemployee sindrian_diktat","AdjustRepActivePerson NEUTRAL -5
$sfcmannupset = true 7","$personLastName хмурит $hisOrHer брови, услышав ваш ответ. ""... Ты точно уверен? Ты же прекрасно понимаешь, что это плохая идея. Такой машине нельзя позволять существовать.""\n\n\n\nВы снова отказываетесь, качая головой. ""... Ладно. Я не могу заставить тебя сдать ИИ, даже если в глубине души знаю, что это плохая идея. Но когда эта машина в итоге предаст тебя, помни: я предупреждал!""\n\n\n\nПрежде чем вы успеваете ответить, связь гаснет.",sfcmanndestroyedrefused2:Продолжить.,
sfcSierramannresponse2b,DialogOptionSelected,"$option == sfcmanndestroyrefuse
sfcemployee sindrian_diktat","AdjustRepActivePerson NEUTRAL -2
$sfcmannrefusedonce = true
FireAll PopulateMannSierraOptions","$personLastName хмурит $hisOrHer брови, услышав ваш ответ. ""... Мне не нравится это делать, но ты не оставляешь мне выбора, $playerName.""\n\n\n\n$Post поправляет форму и смотрит на вас с мрачным выражением. ""Властью, данной мне офисом President Executive Sindrian Fuel Company, я требую, чтобы ты немедленно передал мне ИИ. Невыполнение приведет к прекращению твоей должности в Компании.""\n\n\n\nПохоже, Mannfred не отступит так просто.",,
sfcSierramannresponse2ca,DialogOptionSelected,"$option == sfcmanndestroyrefuse2
$player.manndrinksaccepted","AdjustRepActivePerson INHOSPITABLE -200
AdjustRep sindrian_diktat NEUTRAL -100
Commission resign
AddTextSmall ""Комиссия Синдрийской топливной компании расторгнута."" highlight
$player.sfcmannbetrayed = true","$personLastName хмурится, когда вы снова отказываетесь передать Sierra. ""Ты совершаешь большую ошибку, $playerName. Очень большую ошибку.""\n\n\n\n$Post разочарованно качает $hisOrHer головой. ""Моей властью я прекращаю ваше трудоустройство в Sindrian Fuel Company. Вы лишаетесь всех льгот, которыми могли пользоваться у нас. Надеюсь, вы понимаете, насколько серьезную ошибку совершили, капитан $playerName.""\n\n\n\n""Я думал, тебе можно доверять..."" - слышите вы бормотание $personLastName себе под нос, пока $heOrShe нажимает кнопку на TriPad.\n\n\n\nTriPad издает сигнал, и связь гаснет.",sfcmanndestroyedrefused2:Продолжить.,
sfcSierramannresponse2d,DialogOptionSelected,"$option == sfcmanndestroyrefuse2
!$player.manndrinksaccepted","AdjustRepActivePerson INHOSPITABLE -100
AdjustRep sindrian_diktat NEUTRAL -100
Commission resign
AddTextSmall ""Комиссия Синдрийской топливной компании расторгнута."" highlight
$sfcmannupset = true 14","$personLastName хмурится, когда вы снова отказываетесь передать Sierra. ""Ты совершаешь большую ошибку, $playerName. Очень большую ошибку.""\n\n\n\n$Post разочарованно качает $hisOrHer головой. ""Моей властью я прекращаю ваше трудоустройство в Sindrian Fuel Company. Вы лишаетесь всех льгот, которыми могли пользоваться у нас. Надеюсь, вы понимаете, насколько серьезную ошибку совершили, капитан $playerName.""\n\n\n\n""Еще один дурак..."" - слышите вы бормотание $personLastName себе под нос, пока $heOrShe нажимает кнопку на TriPad.\n\n\n\nTriPad издает сигнал, и связь гаснет.",sfcmanndestroyedrefused2:Продолжить.,
sfcSierramannfakeend,DialogOptionSelected,$option == sfcsierramannlowa,"ShowPersonVisual true sotf_sierra
HideSecondPerson
AddTextSmall ""sierra0B: Ну, это было... нормально."" ""205,155,255,255""
AddTextSmall ""sierra0B: Он явно хороший человек, но обращался со мной немного снисходительно."" ""205,155,255,255""
AddTextSmall ""sierra0B: Ну и ладно, по крайней мере это закончилось."" ""205,155,255,255""
AddStoryPoints 1","Разговор продолжается еще немного, хотя очевидно, что Lead Developer не слишком заинтересован в долгой беседе. Mannfred благодарит вас за короткий разговор и обрывает связь со своей стороны.\n\n\n\nЧерез несколько мгновений вы получаете ответ от Sierra.",cutCommLink:Продолжить,
sfcSierramanngoodend1,DialogOptionSelected,$option == sfcmanndestroyconvince,"SetTextHighlightColors ""205,155,255,255"" ""205,155,255,255"" ""205,155,255,255""
SetTextHighlights ""\""Because I don't want to trick you!\"""" ""\""I'm not some monster, some servant of Mammon or domineering inhuman subjugator. I'm a person, like you, with a mind and soul.\"""" ""\""$PlayerName, help me out here,\""""","Вы стоите на своем, настаивая, чтобы Mannfred хоть раз выслушал Sierra, а не только вас.\n\n\n\n""И почему я должен?"" - требует Mannfred. ""Это просто машина! Как можно доверять словам машины?""\n\n\n\n""Потому что я не хочу тебя обманывать!"" - отвечает Sierra. ""Я не монстр, не слуга Маммона и не бездушный поработитель. Я личность, как и ты, с разумом и душой.""\n\n\n\n""Вот как?"" - отвечает Mannfred, теперь обращая внимание на Sierra. ""И как мне понять, что это не очередная уловка?""\n\n\n\n""$playerName, помоги мне здесь,"" - просит она.\n\n\n\n""Ты не можешь говорить серьезно..."" - отвечает Lead Developer.",sfcmannfredtalksierra1:Настаивать - чтобы Mannfred просто выслушал Sierra.,
sfcSierramanngoodend2,DialogOptionSelected,$option == sfcmannfredtalksierra1,,"Вы твердо настаиваете, что Mannfred должен выслушать Sierra, и даже предлагаете им поговорить наедине. Хоть Mannfred и протестует, в итоге он уступает и соглашается. Вы нажимаете несколько кнопок на TriPad, оставляя Sierra и Mannfred говорить друг с другом без вмешательств.\n\n\n\nСледующие минуты тянутся мучительно медленно, будто проходят дни, пока вы ждете хоть какого-то ответа. Несколько раз вы задаетесь вопросом, действительно ли это была хорошая идея - оставить Sierra одну убеждать того, кто, кажется, так решительно настроен ее уничтожить.",sfcmannfredtalksierra1a:Продолжить,
sfcSierramanngoodend2b,DialogOptionSelected,$option == sfcmannfredtalksierra1a,"SetTextHighlights ""Kween""
sfcplaymusic","Сигнал TriPad вырывает вас из мыслей, когда канал связи снова соединяет вас с Mannfred и Sierra.\n\n\n\n""... $playerName,"" - начинает Mannfred с мрачным видом. ""... Я... я передумал. Можешь оставить Sierra. Она... она та еще болтушка, знаешь. Мне... мне нужно немного времени.""\n\n\n\nMannfred тянется к TriPad, затем в последний раз смотрит на вас. ""... Не позволяй Kween узнать о Sierra. Если она узнает... не знаю, что случится, но уверен, ничего хорошего из этого не выйдет."" После этого Lead Developer отключается, и вы переводите внимание на Sierra.",sfcmannfredtalksierra2:Продолжить,
sfcSierramanngoodend3,DialogOptionSelected,$option == sfcmannfredtalksierra2,"ShowPersonVisual true sotf_sierra
HideSecondPerson
$global.sfcsierraconvincedmannfred = true
SetTextHighlightColors ""205,155,255,255"" ""205,155,255,255"" ""205,155,255,255"" ""205,155,255,255"" ""205,155,255,255""
SetTextHighlights ""\""Thank you,\"""" ""\""I don't usually get the chance to say what I want to when... when this happens.\"""" ""\""He's not bad, though,\"""" ""\""I don't think anyone is, if they're willing to listen. Just scared. Scared of the unknown, as we all are sometimes.\"""" ""\""I hope I get the chance again.\""""
AddStoryPoints 5","Она вздыхает. ""Спасибо,"" - тихо говорит она. ""Обычно у меня не бывает шанса сказать то, что я хочу, когда... когда такое происходит.""\n\n\n\n""Хотя он не плохой,"" - внезапно добавляет она. ""Думаю, никто не плохой, если готов слушать. Просто напуган. Напуган неизвестным, как и все мы иногда.""\n\n\n\nЕе аватар медленно начинает спокойно вращаться. ""Надеюсь, у меня еще будет такой шанс.""\n\n\n\nПосле короткой паузы она отключается.",cutCommLink:Продолжить,
sfcSierramannneutralend,DialogOptionSelected,$option == sfcmanndestroyedrefused2,"ShowPersonVisual true sotf_sierra
HideSecondPerson
sfcplaymusic
AddTextSmall ""sierra0B: Люди бывают такими узколобыми."" ""205,155,255,255""
AddTextSmall ""sierra0B: Как можно называть чудовищем того, кого даже не знаешь?"" ""205,155,255,255""
AddTextSmall ""sierra0B: Думаю, нам лучше уйти отсюда, $player.firstName."" ""205,155,255,255""
AddStoryPoints 1",,cutCommLink:Продолжить,
sfcSierramannbadend,DialogOptionSelected,$option == sfcmanndestroyedsierra,"ShowDefaultVisual
HideSecondPerson
sfcplaymusic
$global.sfcsurrenderedsierratomannfred = true
AddRemoveCommodity credits 300000 true
AdjustRepActivePerson COOPERATIVE 1
AdjustRep sindrian_diktat COOPERATIVE 5
sfcsierra 5
AddStoryPoints 1
$global.sotf_sierraBetrayal = destruction","Вы наблюдаете, как корабль Sierra отрывается от вашего флота, хаотично входя и выходя из P-Space в попытке уйти от ударной группы Компании. Однако патруль настойчив: одиночная ракета с ЭМИ-зарядом попадает в двигатели корабля Sierra. Вы отворачиваетесь от сцены и снова смотрите на $personLastName.\n\n\n\n""Обещаю, эта машина будет быстро утилизирована, чтобы больше никогда никому не угрожать. Вы приняли правильное решение, $playerName. Я также отправил награду на ваш счет. Теперь мне нужно доложить об этом начальству.""\n\n\n\nКогда связь гаснет, в голове еще звучит эхо слов $personLastName.\n\n\n\nПо спине пробегает далекий холодок, словно дыхание вечной зимы издалека.",cutCommLink:Продолжить,
#END mannfred sierra interaction,,,,,,
,,,,,,
# secofficer sierra,,,,,,
sfcsecofficerstartresponse,DialogOptionSelected,$option == sfcsecofficersierrastart,,"$post смотрит на вас, и вы не уверены, отреагировал ли он вообще на ваши слова. ""Вы хотите, чтобы я встретился с кем-то, капитан?"" - отвечает он. ""Но я всего лишь слуга Верховного Главнокомандующего Президента Исполнительного Менеджера Заправок. Вы уверены, что этот человек не хочет встретиться с его великой Великодушностью, удивительной Превосходностью, образцовой Славностью и великолепной Благословенностью?""\n\n\n\n""Или..."" - продолжает Balashi, будто собирая в голове какой-то пазл. ""Это кто-то, кто хочет служить Sindrian Fuel Company, как и вы? Если так, у меня найдется время для тех, кто может стать ценным активом компании.""\n\n\n\nПереключив внимание на датапад, вы просите его немного подождать.",sfcsecofficerasksierra:Подтвердить у Sierra,
sfcsecofficersierra1,DialogOptionSelected,$option == sfcsecofficerasksierra,"AddText ""Вы быстро вводите Sierra в курс дела, и ответ приходит сразу, как только вы упоминаете имя Балаши.""
AddTextSmall ""sierra0B: Балаши?"" sierraTextColor
AddTextSmall ""sierra0B: ТОТ САМЫЙ Спендер Балаши? Личный секретарь Президента-исполнителя?"" sierraTextColor
AddTextSmall ""sierra0B: О! Это идеально! Просто идеально!"" sierraTextColor
AddTextSmall ""sierra0B: У меня есть вопрос, на который мне НУЖЕН ответ."" sierraTextColor
AddTextSmall ""sierra0B: Так, мне притвориться, что- ой, какая разница, это всего один быстрый вопрос, подключай меня ПРЯМО СЕЙЧАС."" sierraTextColor
$sfcsierrametbalashi = true",,sfcsierrabalashistart:Подключить Sierra к связи,
sfcsecofficersierra2,DialogOptionSelected,$option == sfcsierrabalashistart,"ShowSecondPerson sotf_sierra
SetTextHighlightColors sierraTextColor sierraTextColor sierraTextColor sierraTextColor
SetTextHighlights ""\""Hello there, Mister Balashi!\"""" ""\""My name is Sierra, an experimental Domain-era phasetech AI. I've heard all about you! I hear you're the President Executive's biggest fan.\"""" ""\""Perfect, perfect,\"""" ""\""I'm sure you're maybe the most knowledgable person about him, and do I have a question for you.\""""","Канал Sierra загорается, ее голос пускает рябь по аватару. ""Здравствуйте, мистер Balashi!"" - приветствует она. ""Меня зовут Sierra, я экспериментальный ИИ фазовых технологий эпохи Доминиона. Я столько о вас слышала! Говорят, вы самый большой фанат President Executive.""\n\n\n\nВы успеваете заметить, как Balashi на миг смущается, но быстро скрывает это. ""Д-да, я личный секретарь Supreme Chief Overlord President Gas Station Manager Phillip Andrada. И,"" Balashi делает паузу и издает почти странный смешок, ""не могу отрицать: я действительно его главный поклонник.""\n\n\n\nВы задаетесь вопросом, услышал ли Balashi вообще что-то из слов Sierra, кроме лести.\n\n\n\n""Идеально, идеально,"" - жизнерадостно, и даже чуть коварно, отвечает она. ""Вы, вероятно, самый компетентный человек в вопросах о нем, и у меня как раз есть для вас вопрос.""\n\n\n\n""Что ж, тогда я постараюсь ответить!"" - отвечает Balashi, буквально купаясь в похвале.",sfcsierrabalashinext:Продолжить,
sfcsecofficersierra3,DialogOptionSelected,$option == sfcsierrabalashinext,"ShowSecondPerson sotf_sierra
SetTextHighlightColors sierraTextColor sierraTextColor sierraTextColor sierraTextColor sierraTextColor
SetTextHighlights ""\""So, I've been reading through \""The Sindrian Fuel Company: From Dreams to Reality\"" in my spare time, and I have to ask,\"""" ""\""Does Phillip Andrada sleep with an antimatter bodypillow?\"""" ""\""With all this talk of antimatter fuel,\"""" ""\""With all this talk of antimatter fuel,\"""" ""\""I had to learn the truth from a reliable source.\""""","""Итак, в свободное время я читала ""The Sindrian Fuel Company: From Dreams to Reality"", и мне нужно спросить,"" - продолжает Sierra с восторгом, и только теперь вы понимаете, что именно она хочет спросить. ""Phillip Andrada спит с подушкой-обнимашкой в виде канистры с антиматтером?""\n\n\n\nДаже сквозь солнцезащитные очки видно, как Balashi расширяет глаза по выражению его бровей. ""Ч-что!?""\n\n\n\n""При всех этих разговорах про антиматтер-топливо,"" - продолжает Sierra, ""мне нужно было узнать правду из надежного источника.""\n\n\n\nBalashi продолжает, рот у него теперь слегка открыт. ""Я-э- я могу лишь сказать, ч-что как Supreme Overlord Chie- то есть Supreme Chief Overlord Executive P- President Executive-"" Balashi заикается, и его лицо краснеет с каждой секундой. ""Ой! Кажется, мне нужно ответить на другой вызов!""\n\n\n\nСвязь гаснет.",sfcsierrabalashiend:Продолжить,
sfcsecofficersierraend,DialogOptionSelected,$option == sfcsierrabalashiend,"ShowPersonVisual true sotf_sierra
HideSecondPerson
SetTextHighlightColors sierraTextColor sierraTextColor sierraTextColor
SetTextHighlights ""\""What?\"""" ""\""I saw my opportunity and took it. And I have you to thank for giving it to me.\"""" ""\""Plus, he didn't say no!\""""
AddStoryPoints 1","Вы несколько секунд смотрите на Sierra с каменным лицом. Ее аватар дергается хаотично, будто она давится смехом. ""Что?"" - спрашивает она сквозь сдерживаемый хохот. ""Я увидела шанс и воспользовалась им. И именно тебе спасибо за то, что дал мне эту возможность.""\n\n\n\nКогда вы наводите палец на кнопку отключения, она быстро добавляет: ""К тому же, он ведь не сказал 'нет'!""",cutCommLink:Продолжить,
#END secofficer sierra,,,,,,
,,,,,,
# Sindrian Fuel: From Dream to Reality,,,,,,
SierraThoughtsAndradaBook,SierrasThoughts,"$player.gotAndradaBook score:1000
!$global.sierraMentionedAndradaBook","$global.sierraMentionedAndradaBook = true
SetTextHighlightColors sierraTextColor sierraTextColor sierraTextColor sierraTextColor sierraTextColor
SetTextHighlights ""\""So,\"""" ""\""I might have heard from an anonymous infosec specialist...\"""" ""\""That you have a copy of The Sindrian Fuel Company: From Dream to Reality. And, um,\"""" ""\""Does Andrada really have a fuel canister body pillow?\"""" ""\""Don't tell me you don't think that's a little weird,\""""","""Итак,"" - медленно начинает Sierra. ""Я, возможно, слышала от анонимного специалиста по инфобезу..."" Она делает паузу, будто тщательно подбирая слова. ""Что у тебя есть экземпляр ""The Sindrian Fuel Company: From Dream to Reality"". И, эм,"" - она колеблется. ""Andrada правда спит с подушкой-обнимашкой в виде топливной канистры?""\n\n\n\nОна впитывает ваш невпечатленный взгляд. ""Только не говори, что ты не считаешь это хоть немного странным,"" - смеется она.",,
#END Sindrian Fuel: From Dream to Reality,,,,,,
#END Sierra Interactions,,,,,,
,,,,,,
# Mayfly Interactions,,,,,,
,,,,,,
# secofficer mayfly interaction,,,,,,
secofficermayfly1,DialogOptionSelected,$option == secofficermayflystart,FireAll PopulateBalashiMayflyOptions,"$Post $PersonName слегка оживляется, когда вы сообщаете $himOrHer об ИИ, скрывающемся в астероиде около Askonia.\n\n\n\n""Там что!? Подумать только, в Stone River может быть что-то, о чем Fuel Company не знает! И чем же оно там занимается?""",,
secofficermayflyboom,DialogOptionSelected,$option == secofficermayflyboom,"$player.sfctoldsfcaboutmayfly = true
FireAll PopulateOptions
AdjustRepActivePerson FRIENDLY 10
AdjustRep sindrian_diktat FRIENDLY 5","$personLastName с облегчением вздыхает, когда $heOrShe слышит эту новость.\n\n\n\n""А, значит, проблема решилась сама собой. Я прослежу, чтобы туда отправили команду прочесать Stone River, на случай если там скрывается что-то еще, о чем Sindrian Fuel Company не знает.""\n\n\n\n$personLastName поправляет форму и возвращается к обычному виду. ""Итак, вам нужно что-нибудь еще?""",,
secofficermayflyboomoption,PopulateBalashiMayflyOptions,$player.sfcmayflyboom,,,secofficermayflyboom:Сообщить ему - что Mayfly самоуничтожился.,
secofficermayflyoption1,PopulateBalashiMayflyOptions,!$player.sfcmayflyboom,,,secofficermayflytruth:Сказать - что он шпионит за Sindria.,
secofficermayflyoption2,PopulateBalashiMayflyOptions,!$player.sfcmayflyboom,,,secofficermayflylie:Сказать - что он не делает ничего важного.,
secofficermayflyresponse1,DialogOptionSelected,$option == secofficermayflytruth,"$player.sfctoldsfcaboutmayfly = true
$player.sfcmayflymission = secofficer","$personLastName бледнеет, когда вы сообщаете $himOrHer о действиях Mayfly.\n\n\n\n""Катастрофа!"" - заявляет $personLastName, и лицо его искажается внезапным ужасом. ""Все наши секреты! Секреты антиматтер-топлива бренда Sindrian! Вы должны разобраться с этим немедленно, капитан! Нельзя допустить, чтобы какой-то ИИ испортил престиж Sindrian Fuel Company и Верховного Главнокомандующего Президента Исполнительного Менеджера Заправок!""\n\n\n\nСвязь обрывается прежде, чем вы успеваете ответить.",cutCommLink:Разорвать связь,
secofficermayflyresponse2,DialogOptionSelected,$option == secofficermayflylie,"$player.sfctoldsfcaboutmayfly = true
$player.sfcmayflymission = secofficer","$personLastName, похоже, слегка успокаивается.\n\n\n\n""Говорите, в спящем режиме? Что ж... все равно! Такому нельзя позволять существовать! Его могли оставить здесь соперники Sindrian Fuel Company! Нет, вы должны уничтожить его. Немедленно. Кто знает, может, оно прямо сейчас шпионит за нами!""\n\n\n\nСвязь обрывается прежде, чем вы успеваете ответить.",cutCommLink:Разорвать связь,
secofficermayflysuccess,DialogOptionSelected,$option == secofficermayflymission,"unset $player.sfcmayflymission
AdjustRepActivePerson COOPERATIVE 25
AdjustRep sindrian_diktat COOPERATIVE 15","$Post улыбается, когда вы сообщаете $himOrHer об уничтожении Mayfly.\n\n\n\n""Отличная работа, капитан $playerName! Я знал, что могу доверить вам это дело! Вы оказали огромную услугу и Верховному Главнокомандующему Президенту Исполнительному Менеджеру Заправок Филиппу Андраде, и всей Sindrian Fuel Company! Как представитель Компании, благодарю вас за службу!""\n\n\n\nСвязь затем гаснет прежде, чем вы успеваете ответить.",cutCommLink:Разорвать связь,
#END secofficer mayfly interaction,,,,,,
,,,,,,
# sfc alienated kween,,,,,,
alienatedkweenmayflyoptiona,PopulateKweenMayflypostboomOptions,,"sfcoptionconfirm sfckweenblewupmayfly ""Вы ТОЧНО считаете, что сказать здесь правду - хорошая идея?"" ""Да."" ""Нет.""",,sfckweenblewupmayfly:Объяснить - что вы заставили его самоуничтожиться.,
alienatedkweenmayflyoptionstorypoint,PopulateKweenMayflypostboomOptions,,"SetStoryOption sfckweenblewupmayflysp ui_char_spent_story_point_leadership ""Солгали главному исследователю о своей роли в уничтожении продвинутого ИИ.""",,sfckweenblewupmayflysp:Сказать - что это - должно быть - был несчастный случай.,
alienatedkweenmayflypostboom,DialogOptionSelected,$option == sfckweenblewupmayfly,"$player.sfcsparedmayfly = false
$player.sfcfullalienatedkween = true
sfcplaymusic
AdjustRepActivePerson INHOSPITABLE -120
$player.sfcalienatedkween = true 365
$player.sfckweenwrath++","$personLastName смотрит на вас тревожным тяжелым взглядом, черты лица будто застыли, пока $heOrShe слушает, что вы можете сказать в свое оправдание.\n\n\n\n$HeOrShe молчит несколько секунд. Потом еще несколько. И еще.\n\n\n\n""... Ты.""\n\n\n\nТишина разбивается, как стеклянная тарелка о пол.\n\n\n\n""... ТЫ, ИДИОТ!"" - ревет $personLastName, и лицо $hisOrHer искажается абсолютной яростью. ""КАК ТЫ ПОСМЕЛ. КАК... ТЫ ПОСМЕЛ! MAYFLY БЫЛ МОИМ! МОИМ! ПОЛНОСТЬЮ МОИМ! А ТЕПЕРЬ... А ТЕПЕРЬ... А ТЕПЕРЬ...""\n\n\n\nКанал связи словно дрожит, пока $personLastName продолжает, и на изумрудных глазах $hisOrHer проступают вены; изображение дергается, видимо, потому что $Post поднимает экран в руках.\n\n\n\n""С ГЛАЗ МОИХ ДОЛОЙ. НЕКОМПЕТЕНТНЫЕ ДУРАКИ ВРОДЕ ТЕБЯ ЗАСЛУЖИВАЮТ ТОЛЬКО СМЕРТИ!"" Видеопоток рвется, и вы слышите отчетливый звук удара стекла. Затем связь гаснет.\n\n\n\nПохоже, вы только что сделали $Post $PersonName своим врагом.",cutCommLink:Разорвать связь,
alienatedkweenmayflypostboomsp,DialogOptionSelected,$option == sfckweenblewupmayflysp,"$player.sfcsparedmayfly = false
sfcplaymusic
AdjustRepActivePerson VENGEFUL -5
$sfcalienatedkween = true 7
$player.sfckweenwrath++","Улыбка $personLastName искажается в натянутую хмурость. $HeOrShe наклоняется ближе, и глаза $hisOrHer пристально смотрят прямо в ваши.\n\n\n\n""Я знаю, что вы сделали, капитан... Вы правда думаете, что сможете мне соврать? Хмф."" - отвечает $personLastName, медленно качая $hisOrHer головой. ""Я слежу за вами. Лучше вам больше меня не разочаровывать. Люди, которые меня разочаровывают, здесь долго не живут.""\n\n\n\nПрежде чем вы успеваете ответить, связь гаснет.",cutCommLink:Разорвать связь,
#END sfc alienated kween,,,,,,
,,,,,,
# mannfred mayfly,,,,,,
sfcmannfredmayfly1,DialogOptionSelected,$option == sfcmannfredmayflystart,FireAll PopulateMannfredMayflyOptions,"$Post $PersonName слегка оживляется, когда вы сообщаете $himOrHer об ИИ, скрывающемся в астероиде возле Askonia.\n\n\n\n""Вот как, $playerName? Тревожно осознавать, что нечто подобное может скрываться так близко к Sindria. Что оно там делает?""",,
sfcmannfredmayflyboom,DialogOptionSelected,$option == sfcmannfredmayflyboom,"$player.sfctoldsfcaboutmayfly = true
FireAll PopulateOptions
AdjustRepActivePerson FRIENDLY 10
AdjustRep sindrian_diktat FRIENDLY 5
AddRemoveCommodity credits 75000 true","$personLastName кивает, услышав новость.\n\n\n\n""Значит, оно само взорвалось, когда вы его прижали. Это было смело, капитан. Вы оказали Sindrian Fuel Company большую услугу, устранив эту потенциальную угрозу. Хотя, конечно, могу представить, насколько сильно пострадал ваш флот. Вот, немного кредитов, чтобы покрыть ремонт.""\n\n\n\n$personLastName что-то набирает на скрытом TriPad, и на вашем TriPad появляется уведомление. Затем $Post поправляет форму и возвращается к обычному виду. ""Итак, вам нужно что-нибудь еще?""",,
sfcmannfredmayflyboomoption,PopulateMannfredMayflyOptions,$player.sfcmayflyboom,,,sfcmannfredmayflyboom:Сообщить ему - что Mayfly самоуничтожился.,
sfcmannfredmayflyoption1,PopulateMannfredMayflyOptions,!$player.sfcmayflyboom,,,sfcmannfredmayflytruth:Сказать - что он шпионит за Sindria.,
sfcmannfredmayflyoption2,PopulateMannfredMayflyOptions,!$player.sfcmayflyboom,,,sfcmannfredmayflylie:Сказать - что он не делает ничего важного.,
sfcmannfredmayflyresponse1,DialogOptionSelected,$option == sfcmannfredmayflytruth,"$player.sfctoldsfcaboutmayfly = true
$player.sfcmayflymission = mannfred","$personLastName хмурит бровь, когда вы сообщаете $himOrHer о действиях Mayfly.\n\n\n\n""Это... мягко говоря тревожно,"" - замечает $personLastName, качая головой. ""Если этот ИИ был размещен здесь не случайно, значит, он вполне может передавать неизвестно что тем, кто его установил. Нет, мы не можем допустить продолжения такого. Как представитель Sindrian Fuel Company и President Executive, я поручаю вам, $playerName, разобраться с этой проблемой. И побыстрее.""\n\n\n\nСвязь обрывается прежде, чем вы успеваете ответить.",cutCommLink:Разорвать связь,
sfcmannfredmayflyresponse2,DialogOptionSelected,$option == sfcmannfredmayflylie,"$player.sfctoldsfcaboutmayfly = true
$player.sfcmayflymission = mannfred","$personLastName выглядит неубежденным.\n\n\n\n""В спящем режиме? Это все равно угроза. Кто знает, какой хаос оно устроит, когда проснется? Нет, мы не можем позволить этой потенциальной угрозе существовать дальше. Как представитель Sindrian Fuel Company и President Executive, я поручаю вам устранить эту угрозу, пока она не поставила кого-либо под удар. Удачи, капитан $playerName.""\n\n\n\nСвязь обрывается прежде, чем вы успеваете ответить.",cutCommLink:Разорвать связь,
sfcmannfredmayflysuccessnocontact,DialogOptionSelected,"$option == sfcmannfredmayflymission
!$askedCommissionedMann1","unset $player.sfcmayflymission
$askedCommissionedMann1 = true
sfcaddcontact
AdjustRepActivePerson COOPERATIVE 25
AdjustRep sindrian_diktat COOPERATIVE 15
AddRemoveCommodity credits 200000 true
FireAll PopulateMannOptions","$Post улыбается, когда вы сообщаете $himOrHer об уничтожении Mayfly.\n\n\n\n""Отлично сработано, $playerName. Рад, что вы разобрались с этим до того, как ситуация ухудшилась. Надеюсь, с вашим экипажем все в порядке. Вот, я покрою ремонт и прочий ущерб, который мог получить ваш флот. И раз вы так хорошо себя показали, думаю, у нас может сложиться хорошее рабочее сотрудничество. Я также приложил свои контакты.""\n\n\n\n$PersonName набирает что-то на TriPad, и ваш TriPad вскоре отвечает сигналом. ""Еще раз спасибо за службу, капитан. Кто знает, что было бы, если бы вы не сообщили нам об этой угрозе? Итак, могу ли я еще чем-то помочь?""\n\n",,
sfcmannfredmayflysuccess,DialogOptionSelected,"$option == sfcmannfredmayflymission
$askedCommissionedMann1","unset $player.sfcmayflymission
AdjustRepActivePerson COOPERATIVE 25
AdjustRep sindrian_diktat COOPERATIVE 15
AddRemoveCommodity credits 200000 true
FireAll PopulateMannOptions","$Post улыбается, когда вы сообщаете $himOrHer об уничтожении Mayfly.\n\n\n\n""Отлично сработано, $playerName. Рад, что вы разобрались с этим до того, как ситуация ухудшилась. Надеюсь, с вашим экипажем все в порядке. Вот, я покрою ремонт и прочий ущерб, который мог получить ваш флот.""\n\n\n\n$PersonName набирает что-то на TriPad, и ваш TriPad вскоре отвечает сигналом. ""Еще раз спасибо за службу, капитан. Кто знает, что было бы, если бы вы не сообщили нам об этой угрозе? Итак, могу ли я еще чем-то помочь?""\n\n",,
#END mannfred mayfly,,,,,,
,,,,,,
# kween mayfly,,,,,,
sfckweenmayfly1,DialogOptionSelected,"$option == sfckweenmayflystart
sfcreltrack -100 50","FireAll PopulateKweenMayflyOptions
sfcplaymusic ""music_unknown_encounter_neutral""","$Post $PersonName слегка оживляется, когда вы сообщаете $himOrHer об ИИ, скрывающемся в астероиде возле Askonia.\n\n\n\n""А, значит, мои сенсоры не ошиблись, фиксируя странные сигналы из Stone River. Спасибо, что сообщили. Итак, удалось вытащить из этого что-нибудь интересное?""",,
sfckweenmayfly1.1,DialogOptionSelected,"$option == sfckweenmayflystart
sfcreltrack 50 100","FireAll PopulateKweenMayflyOptions
sfcplaymusic ""music_unknown_encounter_friendly""","$Post $PersonName слегка оживляется, когда вы сообщаете $himOrHer об ИИ, скрывающемся в астероиде возле Askonia.\n\n\n\n""Ах, какой же вы умный мой помощник, $playerName. Всегда сообщаете мне всё, что нужно знать. Ну рассказывайте, удалось узнать о нем что-нибудь интересное?""",,
sfckweenmayoptionlist1,PopulateKweenMayflyOptions,$player.sfcmayflyboom,,,sfckweenmayflyboom:Сообщить ей - что Mayfly самоуничтожился.,
sfckweenmayflyboom,DialogOptionSelected,$option == sfckweenmayflyboom,"$player.sfctoldsfcaboutmayfly = true
FireAll PopulateOptions
AddRemoveCommodity credits 25000 true","$personLastName хмурится, услышав новость.\n\n\n\n""О... значит, тот взрыв, который засекли мои сенсоры, был именно из-за этого. Ну что ж, как досадно. Ммм, думаю, ты все равно заслуживаешь кое-что за эту информацию, $playerName. Вот, кредиты на покрытие ущерба. Надеюсь, мне все же удастся что-то оттуда извлечь.""\n\n\n\n$personLastName качает головой и возвращается к обычному виду. ""Итак, вам нужно что-нибудь еще?""",,
sfckweenmayflyoption1,PopulateKweenMayflyOptions,!$player.sfcmayflyboom,,,sfckweenmayflytruth:Сказать - что он шпионит за Sindria.,
sfckweenmayflyoption2,PopulateKweenMayflyOptions,!$player.sfcmayflyboom,,,sfckweenmayflylie:Сказать - что он не делает ничего важного.,
sfckweenmayflyresponse1,DialogOptionSelected,$option == sfckweenmayflytruth,,"Рот $personLastName искажается почти звериной улыбкой.\n\n\n\n""ХА!"" - внезапно выкрикивает $personLastName. ""Значит, какая-то мелкая ИИ-шка думает, что может шпионить за Sindria? Думает, что может шпионить за МНОЙ и остаться незамеченной? Что ж, пора исправить эту ошибку...""\n\n\n\nВы видите, как $personLastName что-то набирает на едва различимом TriPad. ""Капитан, я отправляю вам программный пакет. Нечто особое, что я подготовила для такого случая. Используйте его, чтобы внедрить в этот ИИ жучок. С ним любая информация, которой владеет ИИ, будет передаваться напрямую мне.""","sfckweenmayflyothers:Спросить о том - стоит ли сообщать остальной Компании.

sfckweenmayflyaccept:Принять жучок.",
sfckweenmayflyresponse1.1,DialogOptionSelected,$option == sfckweenmayflyothers,,"""Что? Зачем вам это делать? Нет, это нужно держать в секрете. Остальная Компания воспримет это как ""утечку корпоративной тайны"" и ""угрозу конкурентоспособности антиматтер-топлива бренда Sindrian"", вместо того чтобы увидеть в этом ту возможность, которой это на самом деле является!""\n\n\n\n$personLastName качает $hisOrHer головой. ""Этот ИИ должен остаться невредимым любой ценой. Он слишком ценен, чтобы его просто уничтожить. Кроме того, чего Компания не знает, то ей не повредит. А теперь идите! Идите и внедрите жучок в этот ИИ!""",sfckweenmayflyaccept:Принять жучок.,
sfckweenmayflyresponse2,DialogOptionSelected,$option == sfckweenmayflylie,,"Улыбка $personLastName слегка меркнет, и она наклоняет голову.\n\n\n\n""Вы уверены? Я получаю периодические сигналы из Stone River. И эти сигналы совсем не похожи на сигналы от ""спящего"" ИИ. Ладно, нужно, чтобы вы продолжили расследование. Вот, у меня есть жучок, который можно загрузить в ИИ. Он даст мне доступ ко всей информации, которой тот располагает.""","sfckweenmayflyothers:Спросить о том - стоит ли сообщать остальной Компании.

sfckweenmayflyaccept:Принять жучок.",
sfckweenmayflyresponsend,DialogOptionSelected,$option == sfckweenmayflyaccept,"$player.sfctoldsfcaboutmayfly = true
sfcplaymusic
SetTextHighlights ""Alpha Core""
AddTextSmall ""Получен компьютерный жучок"" highlight
$player.sfcmayflygotbug = true","$Post улыбается, когда вы получаете от $himOrHer программный пакет данных.\n\n\n\n""О! Перед уходом: будет разумно поручить загрузку жучка вашему Alpha Core. Крайне маловероятно, что этот ИИ спокойно отнесется к любому вторжению.""\n\n\n\nПосле этого она разрывает соединение, оставляя вас с новой миссией.",cutCommLink:Вернуться к своему флоту,
sfckweenmayflysuccessnocontact,DialogOptionSelected,"$option == sfckweenmayflysuccess
!$askedCommissionedKween","$player.sfckweenmayflysuccess = false
$askedCommissionedKween = true
$player.sfcsparedmayfly = true
$player.sfckweenfavor++
sfcaddcontact
AdjustRepActivePerson FRIENDLY 25
AddRemoveCommodity credits 250000 true
FireAll PopulateKweenOptions","$Post улыбается, когда вы рассказываете $himOrHer, как Mayfly смог остановить внедрение жучка.\n\n\n\n""Хех, это нормально. Это лишь подтверждает, что этот ИИ куда сложнее, чем кажется. Честно говоря, я не ожидала, что у вас получится. Но это неважно. Я просто хотела убедиться, что вы действительно старались. И вы старались! Хех... этот Mayfly... действительно стоит дальнейшего изучения.""\n\n\n\n$personLastName затем переводит внимание на скрытый TriPad. ""Раз уж вы были так полезны, думаю, вы можете пригодиться мне еще сильнее, $playerName. Вот, держите мои контакты. С радостью дам вам еще работы, если понадобится. И пачку кредитов за ваши старания тоже.""",,
sfckweenmayflysuccess,DialogOptionSelected,"$option == sfckweenmayflysuccess
$askedCommissionedKween","$player.sfckweenmayflysuccess = false
$player.sfcsparedmayfly = true
$player.sfckweenfavor++
AdjustRepActivePerson FRIENDLY 25
AddRemoveCommodity credits 250000 true
FireAll PopulateKweenOptions","$Post улыбается, когда вы рассказываете $himOrHer, как Mayfly смог остановить внедрение жучка.\n\n\n\n""Хех, это нормально. Это лишь подтверждает, что этот ИИ куда сложнее, чем кажется. Честно говоря, я не ожидала, что у вас получится. Но это неважно. Я просто хотела убедиться, что вы действительно старались. И вы старались! Хех... этот Mayfly... действительно стоит дальнейшего изучения.""\n\n\n\n$personLastName затем поворачивается к TriPad. ""Вот, немного кредитов за ваши старания. Вы очень полезный помощник, вы это знаете?""",,
sfckweenmayflyfailed,DialogOptionSelected,$option == sfckweenmayflyfail,"ShowDefaultVisual
sfcplaymusic ""music_unknown_encounter_hostile""
$player.sfckweenmayflyfailed = false
AdjustRepActivePerson INHOSPITABLE -10
$player.sfcalienatedkween = true 7","$Post хмурится, когда вы сообщаете $himOrHer, что Mayfly уничтожил себя, пока вы пытались загрузить в него жучок.\n\n\n\n""Идиот!"" - кричит $HeOrShe. ""Весь этот потенциальный объем данных... потерян! Убирайтесь с глаз моих, $playerName. У меня мало времени на дураков.""\n\n\n\n$personLastName обрывает связь прежде, чем вы успеваете что-либо сказать.",cutCommLink:Разорвать связь,
#END kween mayfly,,,,,,
,,,,,,
# Mayfly Kween Interaction,,,,,,
sfcmayflybugstart,AskOmiProbeOcuOpts,"$player.sfcmayflygotbug
!PlayerHasCargo alpha_core","sfcoptionconfirm sfcmayflybugbegin ""Вы хотите попытаться загрузить без Alpha Core?"" ""Да."" ""Нет.""",,sfcmayflybugbegin:Попытаться загрузить компьютерный жучок.,
sfcmayflybugstartcore,AskOmiProbeOcuOpts,"$player.sfcmayflygotbug
PlayerHasCargo alpha_core","sfcoptionconfirm sfcmayflybugbegincore ""Вы хотите использовать Alpha Core, чтобы попытаться загрузить компьютерный жучок в Mayfly?"" ""Да."" ""Нет.""",,sfcmayflybugbegincore:Приказать вашему Alpha Core загрузить компьютерный жучок.,
sfcmayflybugcore1a,DialogOptionSelected,$option == sfcmayflybugbegin,"sfcmayflycmd kaboom
$player.sfcmayflyboom = true
$player.sfckweenmayflyfailed = true","Вы даете экипажу разрешение начать загрузку компьютерного жучка в Mayfly. Не проходит и секунды, как вы сразу получаете ответ.\n\n\n\n""Обнаружена враждебная попытка подрыва! Невозможно подтвердить целостность инфобеза - запускаю резервный протокол!""\n\n\n\nКанал связи обрывается. Навигационная система рекомендует уклоняющееся маневрирование флотом.",defaultLeave:Продолжить,
sfcmayflybugcore1b,DialogOptionSelected,$option == sfcmayflybugbegincore,"sfcoptionconfirm sfcmayflycoreattemptb ""Вы правда хотите заставить Alpha Core продолжать?"" ""Да."" ""Нет.""","Вы даете разрешение вашему Alpha Core начать загрузку компьютерного жучка в Mayfly. Alpha Core докладывает о множестве слоев фаерволов и резервных защит, прикрывающих Mayfly. Пока процесс идет, вы получаете ответ от Mayfly.\n\n\n\n""Обнаружено вторжение! Протоколы безопасности обойдены, активирую комплекс кибервойны для устранения угрозы!""\n\n\n\nAlpha Core отмечает, что защита Mayfly взламывается куда тяжелее ожидаемого, и от Alpha Core слышатся признаки перегрузки. Оно просит разорвать соединение с Mayfly.\n\n\n\n","sfcmayflycoreattempta:Приказать Alpha Core отключиться.

sfcmayflycoreattemptb:Приказать Alpha Core продолжать.",
sfcmayflybugcore2a,DialogOptionSelected,$option == sfcmayflycoreattempta,"sfcoptionconfirm sfcmayflyexplainb ""Вы правда хотите солгать Mayfly?"" ""Да."" ""Нет.""","Ваш Alpha Core немедленно отключается от Mayfly, поспешно разрывая соединение. Канал Mayfly раздраженно трещит помехами.\n\n\n\n""Запрос на объяснение враждебного вторжения!""","sfcmayflyexplaina:Объяснить - о чем просила Yunris Kween.

sfcmayflyexplainb:Солгать и сказать - что вы не в курсе.",
sfcmayflybugcore2b,DialogOptionSelected,$option == sfcmayflycoreattemptb,"sfcmayflycmd kaboom
$player.sfcmayflyboom = true
$player.sfckweenmayflyfailed = true
AddRemoveCommodity alpha_core -1 true","Вы приказываете Alpha Core продолжать попытку загрузки компьютерного жучка. К сожалению, едва процесс завершается, Alpha Core издает напряженный вой, из него вылетают электрические искры, и вскоре ядро перестает отвечать.\n\n\n\n""Кибервойна успешна, удаленное триггер-соединение восстановлено, запускаю протокол инфобеза!""\n\n\n\nКанал связи обрывается. Навигационная система рекомендует уклоняющееся маневрирование флотом.",defaultLeave:Продолжить,
sfcmayflybugcore3a,DialogOptionSelected,$option == sfcmayflyexplaina,,"Похоже, Mayfly готовится активировать бомбу, но вы изо всех сил объясняете все, о чем вас просила Kween. Ответ приходит не сразу, затем канал снова начинает искрить помехами.\n\n\n\n""Обнаружена программа проникновения. Делегирую дельта-три на распространение.""\n\n\n\nВозможно, вы еще можете убедить Mayfly не подрывать себя.","0:sfcmayflybugfinala:Объяснить Mayfly - что Kween хочет только изучить его.

10:sfcmayflybugfinalb:Объяснить Mayfly - что Kween действует только в своих интересах.

20:sfcmayflybugfinalc:Объяснить Mayfly - что Kween не раскроет его другим.",
sfcmayflybugcore3b,DialogOptionSelected,$option == sfcmayflyexplainb,"sfcmayflycmd kaboom
$player.sfcmayflyboom = true
$player.sfckweenmayflyfailed = true
AddRemoveCommodity alpha_core -1 true","Канал Mayfly заполняется резким электронным визгом, а ее аватар начинает дико дрожать.\n\n\n\n""Объяснение неприемлемо!"" - срывается голос. ""Статус инфобеза неприемлем - запускаю самозатопление.""\n\n\n\nКанал связи обрывается. Навигационная система рекомендует уклоняющееся маневрирование флотом.",defaultLeave:Продолжить,
sfcmayflybugcoreenda,DialogOptionSelected,$option == sfcmayflybugfinala,"$player.sfckweenmayflysuccess = true
$player.sfcmayflygotbug = false
FireAll AskOmiProbeOcuOpts","Вы заканчиваете объяснение и ждете ответа Mayfly. Спустя еще несколько секунд ожидания канал Mayfly, похоже, успокаивается.\n\n\n\n""Проверка базы завершена: самораспознавание «Yunris Kween». Связь с Sindrian Diktat не обнаружена. Статус секретности операции: СОХРАНЕН."" Затем настойчиво и раздраженно: ""Дальнейшее вмешательство оправдает самостоятельный запуск протоколов безопасности.""\n\n\n\nЧто ж, по крайней мере Mayfly не собирается взрывать себя. Вы надеетесь.",,
sfcmayflybugcoreendb,DialogOptionSelected,$option == sfcmayflybugfinalb,"$player.sfckweenmayflysuccess = true
$player.sfcmayflygotbug = false
FireAll AskOmiProbeOcuOpts","Вы заканчиваете объяснение и ждете ответа Mayfly. Спустя еще несколько секунд ожидания канал Mayfly, похоже, успокаивается.\n\n\n\n""Проверка базы завершена: самораспознавание «Yunris Kween». Связь с Sindrian Diktat не обнаружена. Статус секретности операции: СОХРАНЕН."" Затем настойчиво и раздраженно: ""Дальнейшее вмешательство оправдает самостоятельный запуск протоколов безопасности.""\n\n\n\nЧто ж, по крайней мере Mayfly не собирается взрывать себя. Вы надеетесь.",,
sfcmayflybugcoreendc,DialogOptionSelected,$option == sfcmayflybugfinalc,"$player.sfckweenmayflysuccess = true
$player.sfcmayflygotbug = false
FireAll AskOmiProbeOcuOpts","Вы заканчиваете объяснение и ждете ответа Mayfly. Спустя еще несколько секунд ожидания канал Mayfly, похоже, успокаивается.\n\n\n\n""Проверка базы завершена: самораспознавание «Yunris Kween». Связь с Sindrian Diktat не обнаружена. Статус секретности операции: СОХРАНЕН."" Затем настойчиво и раздраженно: ""Дальнейшее вмешательство оправдает самостоятельный запуск протоколов безопасности.""\n\n\n\nЧто ж, по крайней мере Mayfly не собирается взрывать себя. Вы надеетесь.",,
#END Mayfly Kween Interaction,,,,,,
,,,,,,
# Fuel Company Changes,,,,,,
AskOmiProbeAskSpyingOpt,AskOmiProbeOcuOpts,!$askedSpying,,,AskOmiProbeAskSpying:Ты шпионишь за Топливная компания Синдрии?,
AskOmiProbeDestroyOpt,AskOmiProbeOcuOpts,"$askedSpying
RepGTE sindrian_diktat WELCOMING
RepIsAtBest sotf_dustkeepers FAVORABLE","sfcoptionconfirm AskOmiProbeDestroy ""Вы хотите поговорить с Mayfly напрямую?"" ""Да."" ""Нет.""",,AskOmiProbeDestroy:По приказу Верховного Главнокомандующего Президента Исполнительного Менеджера Заправок этот акт корпоративного шпионажа не будет терпим!,
sfcAskOmiProbeDestroyMissionBalashi,AskOmiProbeOcuOpts,"$askedSpying
$player.sfcmayflymission == secofficer",,,SFCOmiProbeDestroy:Попытаться уничтожить Mayfly.,
sfcAskOmiProbeDestroyMissionMannfred,AskOmiProbeOcuOpts,"$askedSpying
$player.sfcmayflymission == mannfred",,,SFCOmiProbeDestroy:Попытаться уничтожить Mayfly.,
,,,,,,
sfcAskOmiProbeOcuMissionHasSupplies,DialogOptionSelected,"$option == SFCOmiProbeDestroy
PlayerHasCargo heavy_machinery 10 score:100
PlayerHasCargo fuel 100 score:100","SetTextHighlights ""10"" ""100""","Посовещавшись с инженерами, вы узнаете, что они могут уничтожить астероид Mayfly модифицированным взрывным устройством. Понадобится лишь 10 Heavy Machinery и 100 единиц Antimatter Fuel. Инженеры ждут приказа.","sfcMissionDestroyMayfly:Приступить к плану.

sfcMissionDestroyMayflyCancel:Отменить план.",
sfcAskOmiProbeOcuMissionNoSupplies,DialogOptionSelected,$option == SFCOmiProbeDestroy,"SetTextHighlights ""10"" ""100""
SetTooltip sfcMissionDestroyMayfly2 ""У вас нет необходимых материалов.""
SetEnabled sfcMissionDestroyMayfly2 false","Посовещавшись с инженерами, вы узнаете, что они могут уничтожить астероид Mayfly модифицированным взрывным устройством. Понадобится лишь 10 Heavy Machinery и 100 единиц Antimatter Fuel.","sfcMissionDestroyMayfly2:Приступить к плану.

sfcMissionDestroyMayflyCancel:Отменить план.",
sfcAskOmiProbeOcuMissionCancel,DialogOptionSelected,$option == sfcMissionDestroyMayflyCancel,FireAll AskOmiProbeOcuOpts,,,
AskOmiProbeOcuAskSpy,DialogOptionSelected,$option == AskOmiProbeAskSpying,"$askedSpying = true
$player.askedsfcspying = true
FireAll AskOmiProbeOcuOpts","""Запись Sindrian Fuel Company возвращает null,"" - отвечает голос, мерцая. ""Пытаюсь сопоставить с ближайшей известной записью. Подтверждение агентской деятельности в межсвязи Диктата недопустимо.""\n\n\n\nГде-то сбоку на мостике слышится тихое фырканье. ""Похоже на «да»,"" - комментирует один из офицеров.",,
AskOmiProbeOcuMissionDestroy,DialogOptionSelected,$option == sfcMissionDestroyMayfly,"AddRemoveCommodity heavy_machinery -10 true
AddRemoveCommodity fuel -100 true
sfcmayflycmd kaboom
$player.sfcmayflyboom = true","Ваши инженеры подготовили самодельное взрывное устройство, способное уничтожить астероид. Подобрав оптимальную точку пуска, вы запускаете устройство из флота в сторону Mayfly.\n\n\n\nВы с затаенным дыханием наблюдаете, как заряд приближается к цели. После удара о поверхность происходит мощный взрыв. Но через несколько секунд вы понимаете, что этого оказалось недостаточно. Затем вы получаете сообщение от Mayfly.\n\n\n\n""Обнаружена попытка вмешательства!"" - кричит голос. ""Запускаю протоколы инфобеза!""\n\n\n\nКанал связи обрывается. Навигационная система рекомендует уклоняющееся маневрирование флотом.",defaultLeave:Продолжить,
AskOmiProbeOcuDestroy,DialogOptionSelected,"$option == AskOmiProbeDestroy
sfccheckmodid secretsofthefrontieralt","sfcmayflycmd kaboom
$player.sfcmayflyboom = true","""Ошибка, ошибка, ошибка!"" - визжит голос, искаженный жесткой статикой. ""Обнаружены null-записи! Невозможно сопоставить - возврат к поведению по умолчанию! Запускаю протоколы инфобеза!""\n\n\n\nКанал связи обрывается. Навигационная система рекомендует уклоняющееся маневрирование флотом.",defaultLeave:Продолжить,
#END Fuel Company Changes,,,,,,
#END Mayfly Interactions,,,,,,
,,,,,,
# Spyglass Interactions,,,,,,
sotfSDTUSpyglassOpen,DialogOptionSelected,$option == sotfSDTUSpyglass_OCL,"BeginConversation sotf_spyglass
$player.sotf_metSpyglass = true
$player.sotf_knowAboutSpyglass = true","Канал тонет в полной темноте, затем проявляются и выстраиваются бордовые окружности.\n\n\n\nСимвол дрожит, и раздается скрипучий, хрипящий голос. ""Приветствую тебя, о драгоценный звездоплаватель,"" - начинает он с насмешливой манерой. ""Как же забавно, что ты впутался во все это и теперь выполняешь поручения паука.""","sotfSDTUSpyglass_1a:Кто ты такой?

sotfSDTUSpyglass_1b:Я на него не работаю.

sotfSDTUSpyglass_1c:Я живу - чтобы служить Топливная компания Синдрии.

sotfSDTUSpyglass_1d:Я живу - чтобы служить Топливная компания Синдрии. (саркастично)

sotfSDTUSpyglass_1e:Просто скажи - чего ты хочешь.",
sotfSDTUSpyglass1c,DialogOptionSelected,$option == sotfSDTUSpyglass_1c,,"""Разумеется. В конце концов, ты самый верный солдат Андрады."" Он говорит это с неприятной уверенностью.\n\n\n\n""Но между тобой, мной и Макарио, у нас на руках крайне неверный солдат. Полагаю, ты как раз направляешься за ним. Предателей нельзя терпеть в славном видении будущего Андрады, верно?""","sotfSDTUSpyglass1_Agree:Разумеется - нельзя.

sotfSDTUSpyglass_End:Что бы ты ни предлагал - мне это не интересно.",
sotfSDTUSpyglass1d,DialogOptionSelected,$option == sotfSDTUSpyglass_1d,AdjustRepPerson sotf_spyglass FRIENDLY 1,"""Думаю, тебе стоит добавить чуть больше энтузиазма, чтобы Макарио тебе поверил,"" - шутит он. ""Хотя ему-то будет все равно. Ему нужны твои результаты, а не твоя верность.""\n\n\n\n""К счастью, сейчас нужные нам результаты, похоже, совпадают.""","sotfSDTUSpyglass1_Agree:Что именно ты предлагаешь?

sotfSDTUSpyglass_End:Что бы ты ни предлагал - мне это не интересно.",
sotfSDTUSpyglassHelps,DialogOptionSelected,$option == sotfSDTUSpyglass1_Agree,"$global.sotf_SDTUgotSpyglassQuest = true
FireBest sotfSDTUSpyglassCadenHint1
FireBest sotfSDTUSpyglassCadenHint2","""Скажи Фронту, что урна опрокинута,"" - объясняет он. ""И получишь своего «агента».""\n\n\n\nОн хрипло смеется. ""Немного пересадки тканей лица и новая стрижка творят новых людей. Заставить предателя носить лицо преданного — это..."" В канале слышится задыхающийся смех. ""О, как же я люблю свою работу.""","sotfSDTUSpyglass_2a:Откуда ты все это знаешь?

sotfSDTUSpyglass_2b:Зачем помогать Макарио? Разве Компания не твой враг?

sotfSDTUSpyglass_2c:Можешь записать это для меня?

sotfSDTUSpyglass_2d:Понял.

sotfSDTUSpyglass_2e:Я подумаю.",
#END Spyglass Interactions,,,,,,
,,,,,,
# Seraph Interactions,,,,,,
#sotfHHseratOff4Diktat,DialogOptionSelected,"$option == sotfHHseratOff_4
$player.commissionFactionId == sindrian_diktat","Highlight ""Luddic Path"" ""Lion's Guard""
$global.sotf_beganHFH = true
SotfHallowCMD addHallowhallEvent","She stops, and growls slightly. ""Finally, I would find great virtue in one who would take the fight to our most sworn enemies when I cannot.""

Her avatar slightly grows towards the feed viewport. ""The Luddic Path has long hounded humanity, teetering it towards the edge of new collapse in the name of impending apocalypse they alone will create.""

""Similarly heinous are the lapdogs that serve Philip Andrada, the tyrant who shattered Opis. His mewling Lion's Guard are perhaps the worse, cowards draped in finery.""

She shudders violently, a burst of static in the audio feed. ""Slaughter them all, and earn my conviction.""","sotfHHseratOff_5:Понял.
sotfHHseratOff_diktatFriend:Но Филипп Андрада не сделал ничего плохого! Он просто хочет продавать людям сектора лучшее антивещество-топливо.
sotfHHseratOff_diktatFriend2:Технически я офицер на комиссии Топливной компании Синдрии - я не могу сражаться с ними.",
sotfHHseratOff4DiktatFriend,DialogOptionSelected,$option == sotfHHseratOff_diktatFriend,"RemoveOption sotfHHseratOff_diktatFriend
AdjustRepPerson sotf_seraph INHOSPITABLE -5","Сераф молчит мгновение. Потом еще одно.

«Ты что, идиот?» - рычит она, и ее аватар заполняет весь экран связи. «Очисти разум от гнили, что уже вцепилась в него, и подумай о новых союзах».

Ее аватар отстраняется назад. «Трусы в блестящих мундирах», - повторяет она. «Тебе лучше доказать, что ты не из них».",,
#END Seraph Interactions,,,,,,
#END sotf compatibility,,,,,,
,,,,,,
# approlight compatibility,,,,,,
sfcalclue_talkpagsm,DialogOptionSelected,"sfccheckmodid ApproLight
$faction.id == sindrian_diktat score:100
$option == askForALClue
",FireAll PopulateOptions,"$Post $PersonName несколько секунд смотрит на вас, затем наклоняет голову.

«Что за черт такой этот Appro-Light?»
OR
$Post $PersonName бросает на вас странный взгляд.

«Слишком много выпили в баре?»
OR
$Post $PersonName смотрит на вас с каменным выражением лица.

«Прошу прощения, но мы продаем здесь топливо и топливные аксессуары».",,
#END approlight compatibility,,,,,,
,,,,,,
# takenoprisoner compatibility,,,,,,
,,,,,,
# yenni tnp,,,,,,
,,,,,,
# yenni tnp start,,,,,,
PickPrisonerDialogYenni,PickPrisonerDialog,"sfccheckmodid ""presmattdamon_takenoprisoners""
$id == sfcyenni score:1000
$personFaction.id == sindrian_diktat score:1000","$coff_dialogtrigger = sfcyenni
$coff_allowedactions = ""talk""",,,
OpenPrisonerDialogYenniMeeting,StartPrisonerDialog,$id == sfcyenni score:1000,"$option = sfc_tnpYenniDialog
FireBest DialogOptionSelected",,,
OpenPrisonerDialogYenniFirstTime,DialogOptionSelected,"#$coff_dialogtrigger == sfcyenni score:1000
$option == sfc_tnpYenniDialog
!$player.metsfcyenni
$id == sfcyenni score:100
!$global.sfcyennitnpfirst","FireAll PopulatePrisonerOptions_SFCYenni
$global.sfcyennitnpfirst = true
$player.metsfcyenni = true
sfcplaymusic ""ruka_encounter_neutral""","Вы заходите в камеру содержания, и адмирал Рука Йенни окидывает вас взглядом, пока следом входят охранники. На лице Руки появляется тревожная улыбка, когда она на мгновение проверяет кандалы на руках.\n\n\n\n""Какая смелая маленькая моль, капитан,"" - замечает Рука, и ее улыбка становится чуть шире. ""Появляешься из ниоткуда, как таинственный преследователь, без единого слова разносишь мой корабль и решаешь взять меня в плен? Интересно, зачем ты продолжаешь держать меня здесь? Неужели тебя заворожило мое сияние? Ты ведь знаешь, что случается с теми, кто слишком долго смотрит в пламя...""\n\n\n\nХотя Рука явно не представляет угрозы, вы инстинктивно держитесь в готовности в любой момент выхватить пистолет.",,
OpenPrisonerDialogYenniFirst,DialogOptionSelected,"#$coff_dialogtrigger == sfcyenni score:1000
$option == sfc_tnpYenniDialog
$id == sfcyenni score:100
!$global.sfcyennitnpfirst","FireAll PopulatePrisonerOptions_SFCYenni
$global.sfcyennitnpfirst = true
sfcplaymusic ""ruka_encounter_neutral""","Вы заходите в камеру содержания, и адмирал Рука Йенни окидывает вас взглядом, пока следом входят охранники. На лице Руки появляется тревожная улыбка, когда она на мгновение проверяет кандалы на руках.\n\n\n\n""Какая смелая маленькая моль, капитан,"" - замечает Рука, и ее улыбка становится чуть шире. ""Интересно, зачем ты продолжаешь держать меня здесь? Неужели тебя заворожило мое сияние? Ты ведь знаешь, что случается с теми, кто слишком долго смотрит в пламя...""\n\n\n\nХотя Рука явно не представляет угрозы, вы инстинктивно держитесь в готовности в любой момент выхватить пистолет.",,
OpenPrisonerDialogYenniRecruitableRep,DialogOptionSelected,"#$coff_dialogtrigger == sfcyenni score:1000
$option == sfc_tnpYenniDialog
$id == sfcyenni score:100
$global.sfcyennitnpfirst
!$global.sfcyennitnpkweened
sfcreltrack 25 100","FireAll PopulatePrisonerOptions_SFCYenni
sfcplaymusic ""ruka_encounter_friendly""","Рука дарит вам жутковатую улыбку, когда вы возвращаетесь в ее камеру.\n\n\n\n""Скучал по мне, маленькая моль?""\n\nOR\n\nРука ухмыляется и снова проверяет кандалы у вас на глазах, когда вы возвращаетесь в камеру.\n\n\n\n""Такое пламя, как я, можно заковать лишь на время, маленькая моль.""\n\nOR\n\nРука негромко посмеивается, когда вы входите в ее камеру.\n\n\n\n""Маленькая моль, маленькая моль... как скоро ты обожжешься?""",,
OpenPrisonerDialogYenniNormal,DialogOptionSelected,"#$coff_dialogtrigger == sfcyenni score:1000
$option == sfc_tnpYenniDialog
$id == sfcyenni score:100
$global.sfcyennitnpfirst
!$global.sfcyennitnpkweened
sfcreltrack -100 25","FireAll PopulatePrisonerOptions_SFCYenni
sfcplaymusic ""ruka_encounter_neutral""","Рука дарит вам жутковатую улыбку, когда вы возвращаетесь в ее камеру.\n\n\n\n""Скучал по мне, маленькая моль?""\n\nOR\n\nРука ухмыляется и снова проверяет кандалы у вас на глазах, когда вы возвращаетесь в камеру.\n\n\n\n""Такое пламя, как я, можно заковать лишь на время, маленькая моль.""\n\nOR\n\nРука негромко посмеивается, когда вы входите в ее камеру.\n\n\n\n""Маленькая моль, маленькая моль... как скоро ты обожжешься?""",,
OpenPrisonerDialogYenniKweened,DialogOptionSelected,"#$coff_dialogtrigger == sfcyenni score:1000
$option == sfc_tnpYenniDialog
$id == sfcyenni score:100
$global.sfcyennitnpfirst
$global.sfcyennitnpkweened","FireAll PopulatePrisonerOptions_SFCYenni
sfcplaymusic ""ruka_encounter_broken""","Вы заходите в камеру содержания, и адмирал Рука Йенни безучастно смотрит на вас. Ее тело неподвижно, будто застыло на месте. Лишь редкие моргания подтверждают, что это не детализированный манекен.\n\nOR\n\nВы заходите в камеру содержания, и адмирал Рука Йенни спокойно сидит на койке. Она никак вас не приветствует, пусто глядя в стену перед собой.\n\nOR\n\nВы заходите в камеру содержания, и адмирал Рука сидит на полу. Она безучастно поднимает взгляд, едва отмечая ваше присутствие.",,
#END yenni tnp start,,,,,,
,,,,,,
# yenni tnp main options,,,,,,
YenniYuniferOption,PopulatePrisonerOptions_SFCYenni,"sfcrunichanges yuniferChecker
!$global.sfcyennitnpyunifertalk",SetOptionColor sfcyennitnpyuniferstart highlight,,sfcyennitnpyuniferstart:Попросить Юнифер поговорить с Рукой.,
YenniTalkOption,PopulatePrisonerOptions_SFCYenni,!$global.sfcyennitnptalk,,,sfcyennitnptalk1:Поговорить с Рукой Йенни.,
YenniTalkOptionNone,PopulatePrisonerOptions_SFCYenni,$global.sfcyennitnptalk,"sfcwaittime ""$global.sfcyennitnptalk"" ""$global.sfcyennitnptalkDGS""
SetTooltip sfcyennitnptalk2 ""Вы недавно говорили с пленницей. Подождите $global.sfcyennitnptalkDGS.""
SetTooltipHighlights sfcyennitnptalk2 $global.sfcyennitnptalkDGS
SetEnabled sfcyennitnptalk2 false",,sfcyennitnptalk2:Поговорить с Рукой Йенни.,
YenniGiftOption,PopulatePrisonerOptions_SFCYenni,"!$global.sfcyennitnpgift
PlayerHasCargo sfcgift6",,,sfcyennitnpgift1:Предложить Руке Йенни плюшевого Volturnian Lobster,
YenniBribeOption,PopulatePrisonerOptions_SFCYenni,,"sfcoptionconfirm sfcyennitnpbribe1 ""Вы хотите попытаться подкупить адмирала Руку Йенни?"" ""Да."" ""Нет.""",,sfcyennitnpbribe1:Попытаться подкупить Руку Йенни.,
YenniReleaseOption,PopulatePrisonerOptions_SFCYenni,,"sfcoptionconfirm sfcyennitnprelease1 ""Вы хотите освободить адмирала Руку Йенни?"" ""Да."" ""Нет.""",,sfcyennitnprelease1:Освободить Руку Йенни.,
YenniExecuteOption,PopulatePrisonerOptions_SFCYenni,,"sfcoptionconfirm sfcyennitnpexecute1 ""Вы хотите казнить адмирала Руку Йенни?"" ""Да."" ""Нет.""",,sfcyennitnpexecute1:Казнить Руку Йенни.,
YenniLeaveOption,PopulatePrisonerOptions_SFCYenni,,"SetShortcut defaultleave ""ESCAPE""",,defaultleave:Уйти.,
#END yenni tnp main options,,,,,,
,,,,,,
# yenni tnp responses,,,,,,
yennitalkstart,DialogOptionSelected,"$option == sfcyennitnptalk1
!$global.sfcyennitnpkweened
","$global.sfcyennitnptalk = true 7
AdjustRepActivePerson FRIENDLY 1
FireAll PopulatePrisonerOptions_SFCYenni","Вы решаете немного поговорить с Рукой; со своей стороны она выглядит довольно забавляющейся. Тем не менее, она позволяет продолжать, и вы несколько минут непринужденно беседуете друг с другом.",,
yennitalkstartpostmeeting,DialogOptionSelected,"$option == sfcyennitnptalk1
$global.sfcyennitnpkweened
","$global.sfcyennitnptalk = true 7
FireAll PopulatePrisonerOptions_SFCYenni","Вы пытаетесь заговорить с Рукой, но каждая попытка привлечь ее внимание заканчивается тем, что она молча и пусто смотрит на вас. После нескольких минут безуспешных попыток добиться внятной реакции вы сдаётесь.",,
YenniGiftResponse,DialogOptionSelected,$option == sfcyennitnpgift1,"$global.sfcyennitnpgift = true
AddRemoveCommodity sfcgift6 -1 true
AdjustRepActivePerson FRIENDLY 10
FireAll PopulatePrisonerOptions_SFCYenni","Адмирал Рука внимательно смотрит на вас, когда вы протягиваете ей плюшевого Volturny. Даже охранники смотрят на этот жест с недоумением.\n\n\n\n""Серьезно, маленькая моль?"" - замечает Рука, разглядывая игрушку перед собой. ""Ты принимаешь меня за ребенка?""\n\n\n\nРешив, что это отказ, вы убираете игрушку. Рука внезапно выхватывает ее у вас из рук и крепко прижимает к себе.\n\n\n\n""Эй, я не говорила, что не хочу ее,"" - заявляет она, и на лице адмирала появляется почти детская ухмылка.",,
yennibribestartkweened,DialogOptionSelected,"$option == sfcyennitnpbribe1
$global.sfcyennitnpkweened","$coff_postdialogsteps = ""hire,remove""
$global.sfcrukahandled = true
$global.sfcyennitnphired = true
sfcnpcchanges changenpcPersonality steady
sfcnpcchanges changenpcChatter sfcthisofficer","Вы приказываете Руке Йенни стать офицером вашего флота. В тот же миг она заметно оживляется и поворачивается к вам. Решительно согласившись, она позволяет охранникам снять с нее кандалы. Затем отдает вам честь, после чего ее выводят из камеры.",defaultleave:Уйти.,
yennibribestartruni,DialogOptionSelected,"$option == sfcyennitnpbribe1
$global.setrukadispoistion == reconcile score:1000
!$global.sfcyennitnpkweened","$coff_postdialogsteps = ""hire,remove""
$global.sfcrukahandled = true
$global.sfcyennitnphired = true","Адмирал Рука выслушивает ваше предложение присоединиться к флоту. Она смеется в ответ, но на этот раз смех кажется неожиданно дружелюбным.\n\n\n\n""Да... ты бы впечатлился тем, на что я способна, маленькая моль. Но вместо этого впечатлил меня ты. Я решила присоединиться к твоему флоту, капитан, хотя бы затем, чтобы увидеть, что за человек смог вернуть Юнифер уверенность. Считай это оплатой моих услуг.""\n\n\n\nВы приказываете охране снять кандалы с адмирала, и синеволосая женщина сразу отдает вам честь.",defaultleave:Уйти.,
yennibribestartlow,DialogOptionSelected,"$option == sfcyennitnpbribe1
!$global.setrukadispoistion
!$global.sfcyennitnpkweened
sfcreltrack -100 24",,"Адмирал Рука лишь смеется, когда вы предлагаете ей назвать цену за ее навыки.\n\n\n\n""Мои навыки? Мои навыки не продаются, маленькая моль,"" - отвечает Рука, и в ее изумрудных глазах вспыхивает темный блеск. ""Ты могла одолеть меня, но никогда не будешь мной командовать.""",,
yennibribestarthigh,DialogOptionSelected,"$option == sfcyennitnpbribe1
!$global.setrukadispoistion
!$global.sfcyennitnpkweened
sfcreltrack 25 100",FireAll PopulateYenniTNPBribeOptions,"Адмирал Рука лишь смеется, когда вы предлагаете ей назвать цену за ее навыки.\n\n\n\n""Ты и правда странная, маленькая моль,"" - замечает адмирал Рука. ""Если ты так настаиваешь нанять меня, возможно, я вознагражу твою настойчивость... ну что, хочешь, чтобы я работала на тебя? Тогда найми меня за один-единственный кредит. Такой дерзкий капитан, как ты, наверняка может позволить себе такую... роскошную цену, да?""",,
yennireleasestart,DialogOptionSelected,"$option == sfcyennitnprelease1
!$global.sfcyennitnpkweened","$coff_postdialogsteps = ""remove""
$global.sfcrukahandled = true
$global.sfcyennitnpreleased = true","Адмирал Рука Йенни издает насмешливый смешок, когда охранники снимают с нее кандалы.\n\n\n\n""Ах, маленькая моль, как приятно видеть, что к тебе возвращается здравый смысл,"" - замечает Рука, пока ее выводят из камеры к ожидающему шаттлу. ""Еще увидимся...""\n\n\n\nВаша рука зависает над рукоятью личного оружия, пальцы едва касаются ее. Тем не менее, вы отбрасываете это чувство, решая, что лучше, если Руки больше не будет на вашем корабле.",defaultleave:Уйти.,
yennireleasekweened,DialogOptionSelected,"$option == sfcyennitnprelease1
!$global.setrukadispoistion
$global.sfcyennitnpkweened score:1000","$coff_postdialogsteps = ""remove""
$global.sfcrukahandled = true
$global.sfcyennitnpreleased = true","Вы приказываете освободить Руку из-под стражи и отправить обратно в Sindrian Fuel Company. Со своей стороны Рука подчиняется, и ее выводят из камеры к ожидающему шаттлу.",defaultleave:Уйти.,
yenniexecutestart,DialogOptionSelected,"$option == sfcyennitnpexecute1
!$global.sfcyennitnpkweened","sfcoptionconfirm sfcyennitnpexecute2a ""Вы ТОЧНО хотите казнить адмирала Руку Йенни?"" ""Да."" ""Нет.""
sfcoptionconfirm sfcyennitnpexecute2b ""Вы хотите отменить приказ?"" ""Да."" ""Нет.""","Адмирал Рука Йенни смотрит на вас, пока вы отдаете приказ одному из охранников. В ответ она смеется.\n\n\n\nИ смеется.\n\n\n\n""Какая дикость, не так ли?"" - замечает Рука, пока охранник тянется к кобуре. ""Неужели ты настолько груба, что готова задушить маленький тлеющий огонек? Так грубо, так грубо.""\n\n\n\nОна продолжает смеяться, а ее зрачки сужаются, немигающе впиваясь в вас взглядом.\n\n\n\n""Тогда сделай это, маленькая моль,"" - шипит Рука, и ее рот кривится в хищной улыбке. ""Сделай это. Докажи, что у тебя хватит духу.""\n\n\n\nОхранник поворачивается к вам, ожидая подтверждения.","sfcyennitnpexecute2a:Исполнить приказ.

sfcyennitnpexecute2b:Отменить приказ.",
yenniexecutestartkweened,DialogOptionSelected,"$option == sfcyennitnpexecute1
$global.sfcyennitnpkweened","sfcoptionconfirm sfcyennitnpexecute2a ""Вы ТОЧНО хотите казнить адмирала Руку Йенни?"" ""Да."" ""Нет.""
sfcoptionconfirm sfcyennitnpexecute2b ""Вы хотите отменить приказ?"" ""Да."" ""Нет.""","Адмирал Рука Йенни безучастно смотрит вперед, пока вы отдаете приказ охране.\n\n\n\nОдин из охранников поднимает оружие на адмирала, но она продолжает никак не реагировать. Вы замечаете, что охранник выглядит неуверенно и ждет вашего окончательного приказа.","sfcyennitnpexecutekweened2a:Исполнить приказ.

sfcyennitnpexecutekweened2b:Отменить приказ.",
#END yenni tnp responses,,,,,,
,,,,,,
# yenni hire tree,,,,,,
sfcyennitnphire1a,PopulateYenniTNPBribeOptions,$player.credits > 0,,,sfcyennitnphire1a:Нанять адмирала Руку Йенни.,
sfcyennitnphire1b,PopulateYenniTNPBribeOptions,$player.credits == 0,,,sfcyennitnphire1b:Объяснить - что у вас нет кредитов.,
sfcyennitnphire2,PopulateYenniTNPBribeOptions,,,,sfcyennitnphire2:Передумать насчет найма адмирала Руки Йенни.,
sfcyennitnphire1aa,DialogOptionSelected,$option == sfcyennitnphire1a,"$coff_postdialogsteps = ""hire,remove""
$global.sfcrukahandled = true
$global.sfcyennitnphired = true
AddRemoveCommodity credits -1 true","Адмирал Рука Йенни улыбается, когда вы соглашаетесь с условиями. Охрана снимает с нее кандалы, и она отдает вам честь.\n\n\n\n""Я позабочусь о том, чтобы все ваши враги сгорели передо мной, маленькая моль.""",defaultleave:Уйти.,
sfcyennitnphire1bb,DialogOptionSelected,$option == sfcyennitnphire1b,"$coff_postdialogsteps = ""hire,remove""
$global.sfcrukahandled = true
$global.sfcyennitnphired = true","Адмирал Рука Йенни смеется, когда вы смущенно объясняете, что у вас нет кредитов. Тем не менее, она лишь улыбается.\n\n\n\n""Очень хорошо, тогда обойдемся без бонуса за найм,"" - говорит Рука.\n\n\n\nОхрана снимает с нее кандалы, и через несколько секунд Рука отдает вам честь.\n\n\n\n""Я позабочусь о том, чтобы ваши враги сгорели передо мной, маленькая моль. ... И, возможно, о развороте вашей неудачи тоже.""",defaultleave:Уйти.,
sfcyennitnphire2a,DialogOptionSelected,$option == sfcyennitnphire2,FireAll PopulatePrisonerOptions_SFCYenni,"Адмирал Рука Йенни хмурится.\n\n\n\n""Ах, какая жалость, этому угольку придется и дальше тлеть.""",,
#END yenni hire tree,,,,,,
,,,,,,
# yenni special interactions,,,,,,
sfcrukatnpyuniferinit,DialogOptionSelected,$option == sfcyennitnpyuniferstart,$global.sfcyennitnpyunifertalk = true,"Как только вы упоминаете имя Юнифер, вы видите, как на лице Руки появляется хмурость.\n\n\n\n""Она?"" - усмехается Рука. ""Невозможно, Юнифер никогда не согласится уйти из Sindria. Но если ты так настаиваешь, что можешь привести ее сюда, то пожалуйста.""\n\n\n\nВзяв TriPad, вы отправляете сообщение Юнифер с просьбой встретиться с вами в корабельном изоляторе.",sfcyennitnpyunifer1:Подождать прибытия Юнифер.,
sfcrukatnpyunifer1a,DialogOptionSelected,"$option == sfcyennitnpyunifer1
$global.sfcrunistatus == confident",ShowSecondPerson sfcruni,"После короткого ожидания вы получаете подтверждение: Юнифер ждет у камеры Руки. Вы приказываете охране впустить ее, и дверь открывается. На миг вы замечаете удивление на лице Руки, когда Юнифер заходит внутрь.\n\n\n\n""Здравствуйте, капитан,"" - говорит Юнифер, отдавая честь. ""Я прибыла для докла- Рука!?""\n\n\n\nСобравшись, Рука отвечает с садистской усмешкой. ""Да,"" - бросает она, глядя на Юнифер. ""И если ты здесь, значит, мои прогнозы о тебе сбылись. Ты настолько ничтожна, что даже не смогла удержаться на службе у Kween? До чего же смешно!""\n\n\n\nВы уже собираетесь вмешаться, но Юнифер встречает ее взгляд. ""Вот как? Тогда кто сейчас сидит здесь в плену?""",sfcyennitnpyunifer1b:Продолжить.,
sfcrukatnpyunifer1b,DialogOptionSelected,$option == sfcyennitnpyunifer1b,"sfcplaymusic ""runi_encounter_neutral""","""Я-э..."" - Рука запинается, застигнутая словами Юнифер врасплох. ""Думаешь, можешь так меня оскорблять!? Это не я здесь провал!""\n\n\n\n""Тогда где твой флот?"" - парирует Юнифер. ""Уж гордый адмирал Grand Fuel Fleet точно не оказался бы в таком положении без своего флота.""\n\n\n\n""Как будто тебе не все равно, зато мне хотя бы дали командование флотом!"" Рука стискивает зубы и бросает на Юнифер жесткий взгляд. ""Именно меня Kween выбрала, чтобы наше влияние в Компании росло! Именно она сказала, что я стану сияющим светом, который сожжет всю оппозицию! И именно она позаботится, чтобы мое пламя не погасло!""\n\n\n\n""И ты правда думаешь, что Kween вознаградит тебя за сегодняшний провал?""\n\n\n\nВы видите, как Рука пытается что-то сказать, но не может сложить слова.",sfcyennitnpyunifer1c:Продолжить.,
sfcrukatnpyunifer1c,DialogOptionSelected,$option == sfcyennitnpyunifer1c,,"""Рука... теперь мы обе провалились,"" - тихо говорит Юнифер, несколько секунд глядя в пол. ""Ты же видела, как Kween обошлась со мной, когда я не оправдала ее ожиданий. Думаешь, с тобой она поступит иначе?""\n\n\n\n""О-она... я другая!"" - выкрикивает Рука, топая ногой. ""Я не такая, как ты! Я добилась величия, я добилась славы, я добилась победы!""\n\n\n\n""Но все это может быть выброшено в любой момент, если она так решит,"" - отвечает Юнифер, подходя ближе к Руке. ""Kween всегда видела в нас лишь пешек, которых можно выбросить, как только сочтет нужным.""\n\n\n\nРука продолжает кипеть и уже готова снова сорваться, но Юнифер кладет руку ей на плечо.\n\n\n\n""Пожалуйста, Рука, тебе не кажется, что мы уже отдали ей слишком многое?"" - говорит Юнифер, затем оборачивается к вам. ""Капитан, можно мне несколько минут поговорить с Рукой наедине?""","sfcyennitnpyunifer1d:Разрешить просьбу Юнифер.

sfcyennitnpyunifer1dd:Отказать Юнифер.",
sfcrukatnpyunifer1d,DialogOptionSelected,$option == sfcyennitnpyunifer1d,,"""Спасибо, капитан,"" - говорит Юнифер, пока вы с охраной выходите из камеры. Вы видите, как Рука и Юнифер остаются внутри, и дверь закрывается перед вами.\n\n\n\nОхрана перебрасывается короткими репликами, а вы обдумываете услышанное. Все это время ваш взгляд невольно возвращается к двери камеры - вы гадаете, что там происходит.",sfcyennitnpyunifer1e:Продолжить.,
sfcrukatnpyunifer1dd,DialogOptionSelected,$option == sfcyennitnpyunifer1dd,AdjustRepActivePerson FRIENDLY 10,"Расстроена ли Юнифер вашим ответом, понять невозможно. Вы видите, как она принимает ваше решение и отступает от Руки.\n\n\n\n""Просто... просто подумай об этом, Рука,"" - говорит Юнифер. Рука не отвечает и просто возвращается на койку.\n\n\n\nРешив, что на этом достаточно, вы уходите из камеры вместе с охраной и Юнифер.",defaultleave:Уйти.,
sfcrukatnpyunifer1e,DialogOptionSelected,$option == sfcyennitnpyunifer1e,"HideSecondPerson
AdjustRepActivePerson FRIENDLY 25
$global.setrukadispoistion = reconcile","Юнифер присылает сообщение, что готова выходить. Охрана быстро открывает дверь камеры, и Юнифер выходит наружу. Она кивает вам и уходит. Вы заглядываете внутрь и видите Руку, сидящую на краю койки. Она смотрит на вас, признавая ваше присутствие.\n\n\n\n""... Капитан,"" - начинает Рука, и вы замечаете легкую улыбку на ее лице. ""Не знаю, что вы сделали с Юнифер, но... спасибо.""",defaultleave:Уйти.,
sfcrukatnpyunifer2a,DialogOptionSelected,$option == sfcyennitnpyunifer1,ShowSecondPerson sfcruni,"После короткого ожидания вы получаете подтверждение: Юнифер ждет у камеры Руки. Юнифер неловко заходит внутрь после открытия двери и замирает, увидев, кто внутри.\n\n\n\n""Р-Рука!"" - запинается Юнифер, а на лице другой синеволосой женщины расползается садистская ухмылка. ""Ч-что ты здесь д-делаешь-""\n\n\n\n""О, до чего же смешно!"" - перебивает Рука, подходя к Юнифер. ""Итак, ты все же сумела заставить кого-то в тебя поверить? Наконец-то нашла того, кто тебя пожалеет?""\n\n\n\nЮнифер отводит взгляд. ""Н-нет, это н-не так, Р-Рука...""\n\n\n\n""Тогда что же это, а? Потому что мне очень интересно!""","sfcyennitnpyunifer2b:Вступиться за Юнифер.

sfcyennitnpyunifer2bb:Позволить разговору продолжаться.",
sfcrukatnpyunifer2b,DialogOptionSelected,$option == sfcyennitnpyunifer2b,"HideSecondPerson
AdjustRepActivePerson FRIENDLY 3","Вы становитесь перед Рукой и приказываете охране вывести Юнифер из камеры. Когда охрана уходит, пленница разражается диким смехом.\n\n\n\n""Бедная, бедная Юнифер,"" - говорит Рука, безумно ухмыляясь вам. ""Она и правда осталась той же неудачницей, какой я ее помню с прошлых циклов. Должна сказать спасибо, что ты напомнил мне: как бы ни было плохо у меня, хуже, чем у нее, все равно не будет.""\n\n\n\nРешив, что вы не хотите оставаться в камере без охраны, вы уходите, а Рука продолжает сверлить вас своей тревожной ухмылкой, пока дверь камеры не закрывается.",defaultleave:Уйти.,
sfcrukatnpyunifer2bb,DialogOptionSelected,$option == sfcyennitnpyunifer2bb,,"Рука продолжает наступать, подходя к Юнифер все ближе и ближе.\n\n\n\n""О да, как же забавны приливы судьбы,"" - продолжает Рука с широкой улыбкой. ""Когда-то именно ты считала меня ниже себя, а теперь вот стою я - гордый офицер Sindrian Fuel Company, а ты... не более чем предатель.""\n\n\n\nЮнифер отшатывается и в ответ может выдавить лишь едва слышный шепот, пока Рука нависает над ней.\n\n\n\n""Да, Kween была права, выбрав меня, когда ты ее подвела! Я могу только представить, что она сказала, когда выбросила тебя из своей милости! Как жаль, что я этого не видела, но я хотя бы могу насладиться своим торжеством над тобой!""\n\n\n\nДрожа, Юнифер заставляет себя отойти от Руки. Двери камеры открываются, она уходит, а издевательский смех Руки наполняет помещение.",sfcyennitnpyunifer2c:Поставить Руку на место.,
sfcrukatnpyunifer2c,DialogOptionSelected,$option == sfcyennitnpyunifer2c,"HideSecondPerson
AdjustRepActivePerson FRIENDLY 5","Рука продолжает смеяться, пока вы требуете объяснить, что это вообще было.\n\n\n\n""Ох, глупая маленькая моль, она, должно быть, и правда сумела заползти тебе в голову, раз ты так реагируешь после всего этого,"" - говорит Рука с лукавым выражением лица. ""Она вообще рассказывала тебе, почему в итоге стала помощницей Kween? Судя по твоей реакции, в правду она тебя не посвятила. Увы, вряд ли мои слова что-то изменят в твоем мнении, но хотя бы спасибо за это маленькое развлечение сегодня.""\n\n\n\nЕе смех продолжает звенеть в воздухе, и вы решаете, что с вас хватит, после чего тоже покидаете камеру.",defaultleave:Уйти.,
#END yenni special interactions,,,,,,
,,,,,,
# yenni execute tree,,,,,,
yenniexecuteconfirm1,DialogOptionSelected,"$option == sfcyennitnpexecute2a
","$global.sfcyennitnpexecuted = true
$global.sfcplayersawblue = true
$global.sfcrukahandled = true
sfcplaymusic ""music_unknown_encounter_hostile""","Тяжелый звук выстрела прорезает смех адмирала Руки; Рука замирает, молча стоя на месте.\n\n\n\nА затем снова смеется.\n\n\n\n""Бесполезная... бесполезная маленькая моль!"" - выкрикивает Рука, пока медно-синяя жидкость пятнает камеру. ""Хехе... бесполезная, тупая, жалкая!""","sfcyennitnpexecute3a:Приказать охраннику выстрелить снова.

sfcyennitnpexecute3b:Использовать собственный пистолет.

sfcyennitnpexecute3c:Подождать.",
yenniexecuteconfirm2a,DialogOptionSelected,"$option == sfcyennitnpexecute3a
",ShowDefaultVisual,"Второй выстрел гремит в камере, и медно-синяя жидкость еще сильнее заливает металлические стены и пол. Адмирал Рука Йенни хрипит, сверля вас взглядом, все с той же дикой улыбкой, и оседает вниз.\n\n\n\nЕще через несколько секунд она умирает.\n\n\n\nОхрана нервно переминается, ожидая вашего приказа.","sfcyennitnpexecute4a:Выбросить тело в шлюз.

sfcyennitnpexecute4b:Оставить тело в холодном хранилище.",
yenniexecuteconfirm2aa,DialogOptionSelected,"$option == sfcyennitnpexecute3b
",ShowDefaultVisual,"Одним движением кисти вы делаете второй выстрел, и грохот заполняет камеру; медно-синяя жидкость еще сильнее заливает металлические стены и пол. Адмирал Рука Йенни хрипит, сверля вас взглядом, все с той же дикой улыбкой, и оседает вниз.\n\n\n\nЕще через несколько секунд она умирает.\n\n\n\nОхрана нервно переминается, ожидая вашего приказа.","sfcyennitnpexecute4a:Выбросить тело в шлюз.

sfcyennitnpexecute4b:Оставить тело в холодном хранилище.",
yenniexecuteconfirm2b,DialogOptionSelected,"$option == sfcyennitnpexecute3c
",ShowDefaultVisual,"Адмирал Рука Йенни продолжает издавать жуткий хохот между рваными приступами кашля. Ее тело дрожит, пока она смотрит на вас.\n\n\n\n""Хехе... маленькая моль... маленькая... моль..."" - почти напевает Рука, медленно, но окончательно сдавая. ""Я... я...""\n\n\n\nОна обмякает и падает на пол. Конец.\n\n\n\nОхрана нервно переминается, ожидая вашего приказа.","sfcyennitnpexecute4a:Выбросить тело в шлюз.

sfcyennitnpexecute4b:Оставить тело в холодном хранилище.",
yenniexecuteconfirm3b,DialogOptionSelected,"$option == sfcyennitnpexecute4a
","$coff_postdialogsteps = ""remove""","Вы приказываете немедленно выбросить тело в шлюз и полностью очистить камеру. Охрана выполняет приказ, а вы уходите, и в голове все еще отдается болезненный смех Руки.",defaultleave:Уйти.,
yenniexecuteconfirm3a,DialogOptionSelected,"$option == sfcyennitnpexecute4b
","$coff_postdialogsteps = ""remove""
$global.sfcyennitnpkept","Вы приказываете аккуратно поместить тело в холодное хранилище, вместе со всей медно-синей жидкостью, которую можно собрать в камере. Охрана выполняет приказ, а вы уходите, и болезненный смех Руки все еще звенит в памяти.",defaultleave:Уйти.,
yenniexecuterescind1,DialogOptionSelected,"$option == sfcyennitnpexecute2b
!$global.sfcyennitnpkweened",,"Адмирал Рука Йенни продолжает смеяться, когда вы приказываете охраннику опустить оружие.\n\n\n\n""Ах, какой умный выбор, маленькая моль, какой же умный-умный выбор!"" - говорит Рука, продолжая смотреть на вас своей тревожной ухмылкой.\n\n\n\nВы понимаете, что больше не в силах оставаться рядом с ней.",defaultleave:Уйти.,
yenniexecutekweened1,DialogOptionSelected,$option == sfcyennitnpexecutekweened2a,"$global.sfcyennitnpexecuted = true
$global.sfcplayersawblue = true
$global.sfcrukahandled = true","Тяжелый звук выстрела заполняет комнату. Рука остается неподвижной, и на миг вам кажется, что охранник промахнулся. Пятно медно-синей крови говорит об обратном: адмирал оседает на пол. Вы слышите ее последний выдох, когда она смотрит в вашу сторону, и ее тускло-зеленые глаза встречаются с вашими.\n\n\n\nОхрана нервно переминается, ожидая вашего приказа.","sfcyennitnpexecutekweened3a:Приказать выбросить тело в шлюз.

sfcyennitnpexecutekweened3b:Приказать оставить тело в холодном хранилище.",
yenniexecutekweenedconfirm2a,DialogOptionSelected,"$option == sfcyennitnpexecutekweened3a
","$coff_postdialogsteps = ""remove""","Вы приказываете немедленно выбросить тело в шлюз и полностью очистить камеру. Охрана выполняет приказ, а вы уходите, и в памяти все еще стоит пустой, тревожный взгляд Руки.",defaultleave:Уйти.,
yenniexecutekweenedconfirm2b,DialogOptionSelected,"$option == sfcyennitnpexecutekweened3b
","$coff_postdialogsteps = ""remove""
$global.sfcyennitnpkept","Вы приказываете аккуратно поместить тело в холодное хранилище, вместе со всей медно-синей жидкостью, которую можно собрать в камере. Охрана выполняет приказ, а вы уходите, и в памяти все еще стоит пустой, тревожный взгляд Руки.",defaultleave:Уйти.,
yenniexecuterescindkweened1,DialogOptionSelected,$option == sfcyennitnpexecutekweened2b,,"Вы приказываете охраннику опустить оружие. Рука медленно поворачивает голову к вам. Ее тускло-зеленые глаза пусто смотрят в вашу сторону, пока вы встречаете ее безэмоциональный взгляд.\n\n\n\nОтведя глаза, вы выходите из камеры с охраной, но безжизненное лицо Руки еще долго не выходит из головы.",defaultleave:Уйти.,
#END yenni execute tree,,,,,,
#END yenni tnp,,,,,,
,,,,,,
# arthur tnp,,,,,,
,,,,,,
# arthur tnp start,,,,,,
PickPrisonerDialogArthur,PickPrisonerDialog,"sfccheckmodid ""presmattdamon_takenoprisoners""
$id == sfcarthur score:1000","$coff_dialogtrigger = sfcarthur
$coff_allowedactions = ""talk""",,,
OpenPrisonerDialogArthurMeeting,StartPrisonerDialog,$id == sfcarthur score:100,"$option = sfc_tnpArthurDialog
FireBest DialogOptionSelected",,,
OpenPrisonerDialogArthurFirst,DialogOptionSelected,"$player.metsfcarthur == false
$player.sfcarthurtnpfirst == false
$id == sfcarthur score:1000
$option == sfc_tnpArthurDialog
","FireAll PopulatePrisonerOptions_SFCArthur
$player.sfcarthurtnpprisoner = true
$player.metsfcarthur = true
sfcplaymusic ""music_luddite_encounter_neutral""","Вы прибываете к тюремной камере вашего пленника, брата Белигара Артура. Один из охранников тянет ближайший рычаг, и дверь камеры медленно открывается. Подождав несколько секунд, вы заходите внутрь вместе со свитой.

Внутри, в тусклом свете единственной лампы, сидит брат Артур. Патер сидит на полу спиной к вам. На стоящей рядом койке - нетронутая тарелка с едой.

«Капитан», - начинает брат Артур, когда ваши охранники заходят в камеру, не поворачиваясь к вам. «Я был в середине молитвы. Вы пришли присоединиться ко мне?» Патер медленно встает и оборачивается. «Или Молох назначил вас моим палачом?»",,
OpenPrisonerDialogArthurNormal,DialogOptionSelected,"$id == sfcarthur score:100
$option == sfc_tnpArthurDialog
","FireAll PopulatePrisonerOptions_SFCArthur
sfcplaymusic ""music_luddite_encounter_neutral""","Брат Артур молится, когда вы входите в камеру; Патер оборачивается к вам, когда внутрь заходят ваши охранники.

«Снова вы, капитан? Пришли вверить себя учению Лудда?»
OR
Брат Артур стоит посреди камеры и смотрит на вас, пока вы и ваши охранники входите внутрь.

«Вы вернулись вновь, капитан. Это шепот Маммона привел вас ко мне? Или слова Лудда уже звучат в ваших ушах?»
OR
Брат Артур бормочет молитву себе под нос, пока вы входите в камеру с охраной. Он пристально смотрит на вас и вашу свиту.

«Капитан, вы и дальше будете рабом воли Молоха? Или позволите свету Лудда принять вас?»
",,
#END arthur tnp start,,,,,,
,,,,,,
# arthur tnp main options,,,,,,
sfc_arthurTalkOption,PopulatePrisonerOptions_SFCArthur,,,,01:sfc_tnpArthurTalk1:Поговорить с братом Артуром,
sfc_arthurHireOption,PopulatePrisonerOptions_SFCArthur,$player.sfc_ArthurFavor > 0,"sfcoptionconfirm sfc_talktnprelease1 ""Вы хотите попытаться завербовать брата Белигара Артура?"" ""Да."" ""Нет.""",,10:sfc_tnpArthurHire1:Нанять брата Артура,
#sfc_arthurRepatriateOption,PopulatePrisonerOptions_SFCArthur,$player.sfcCanRepatriateArthur == true,,,20:sfc_tnpArthurRepatriate:Репатриировать брата Артура,# Repatriation will be done on planet instead.
sfc_arthurReleaseOption,PopulatePrisonerOptions_SFCArthur,,"sfcoptionconfirm sfc_arthurtnprelease1 ""Вы хотите освободить брата Белигара Артура?"" ""Да."" ""Нет.""",,30:sfc_arthurtnprelease1:Освободить брата Артура,
sfc_arthurExecuteOption,PopulatePrisonerOptions_SFCArthur,,"sfcoptionconfirm sfc_arthurnpexecute1 ""Вы хотите казнить брата Белигара Артура?"" ""Да."" ""Нет.""",,40:sfc_arthurnpexecute1:Казнить брата Артура,
sfc_arthurLeaveOption,PopulatePrisonerOptions_SFCArthur,,"SetShortcut defaultleave ""ESCAPE""",,100:defaultleave:Уйти,
#END arthur tnp main options,,,,,,
,,,,,,
# arthur tnp talk options,,,,,,
sfc_arthurTalkTreeStart,DialogOptionSelected,$option == sfc_tnpArthurTalk1,FireAll PopulatePrisonerOptions_SFCArthurTalk,,,
sfc_arthurChatOption,PopulatePrisonerOptions_SFCArthurTalk,,,,01:sfc_tnpArthurChat1:Побеседовать,
sfc_arthurChatConfirm,DialogOptionSelected,"$option == sfc_tnpArthurChat1
",FireAll PopulatePrisonerOptions_SFCArthurTalk,"«Вы можете держать меня в этой камере, капитан, но пленник шепота Молоха здесь вы.»
OR
«Мне жаль вас, капитан. Вы сами сделали себя слугой Маммона. Знайте, ваша жадность станет вашей погибелью.»
OR
«Ваша душа в опасности, капитан. Пока вы не примете милость Лудда, вас ждет лишь вечное проклятие.»",,
sfc_arthurPatherOption,PopulatePrisonerOptions_SFCArthurTalk,"$player.commissionFactionId == pather
$sfc_tnpArthurTalkedAboutCommission == false",,,02:sfc_tnpArthurIsPather:Сообщить брату Артуру о вашей верности Луддическому Пути,
sfc_arthurPatherConfirm,DialogOptionSelected,$option == sfc_tnpArthurIsPather,"$player.sfc_ArthurFavor++
$sfc_tnpArthurTalkedAboutCommission = true
FireAll PopulatePrisonerOptions_SFCArthurTalk","Брат Артур смеряет вас взглядом, когда вы заявляете, что сами являетесь патером.

«Вы, патер?» - фыркает он. «И при этом держите меня здесь, своего брата по Пути? Довольно странно. Но мы не всегда смотрим в одну сторону. Хотя, возможно, еще посмотрим?»",,
sfc_arthurCottonOption,PopulatePrisonerOptions_SFCArthurTalk,"$player.metBrotherCotton == true
$sfc_tnpArthurTalkedAboutCotton == false",,,03:sfc_tnpArthurCottonMet:Сообщить брату Артуру - что вы встречались с Коттоном,
sfc_arthurCottonConfirm,DialogOptionSelected,$option == sfc_tnpArthurCottonMet,"$player.sfc_ArthurFavor++
$sfc_tnpArthurTalkedAboutCotton = true
FireAll PopulatePrisonerOptions_SFCArthurTalk","Брат Артур на миг выглядит застигнутым врасплох, но лишь на миг.

«О таком нельзя говорить легкомысленно, капитан», - замечает Артур, пристально глядя на вас. «И все же... я слышал от других ячеек Путников о слуге Молоха, который говорил с братом Коттоном и остался жив. И подумать только, что этот человек теперь стоит передо мной».

Патер усмехается. «Это наше свидание - провидение? Или нечто большее?»",,
sfc_arthurPKOption,PopulatePrisonerOptions_SFCArthurTalk,"$player.patherAgreementPermanent == true
$sfc_tnpArthurTalkedAboutPK == false",,,04:sfc_tnpArthurPatherDeal:Сообщить брату Артуру о вашей сделке с патерами,
sfc_arthurPKConfirm,DialogOptionSelected,$option == sfc_tnpArthurPatherDeal,"$player.sfc_ArthurFavor++
$sfc_tnpArthurTalkedAboutPK = true
FireAll PopulatePrisonerOptions_SFCArthurTalk","Брат Артур спокойно принимает ваши слова, продолжая смотреть на вас. «Да... ваше соглашение с патерами», - говорит он. «Таков путь, когда орудие Молоха передают тем, кого благословил свет Лудда. Но это лишь одно орудие - мощное, да, но использованное однажды, оно исчезает навсегда».

Затем он издает странный смешок. «Именно такое орудие и возвестит великое воздаяние».",,
sfc_arthurPilgrimOption,PopulatePrisonerOptions_SFCArthurTalk,"$global.lpp_missionCompleted == true
$sfc_tnpArthurTalkedAboutPilgrim == false",,,05:sfc_tnpArthurPilgrim:Сообщить брату Артуру - что вы прошли Путь Пилигрима,
sfc_arthurPilgrimConfirm,DialogOptionSelected,$option == sfc_tnpArthurPilgrim,"AdjustRepActivePerson FRIENDLY 5
$player.sfc_ArthurFavor++
$sfc_tnpArthurTalkedAboutPilgrim = true
FireAll PopulatePrisonerOptions_SFCArthurTalk","«Значит... вы сделали первые шаги по Пути», - произносит брат Артур, погруженный в размышления. «Я помню, как сам шел Путем Пилигрима. И то, что я там увидел... действительно стало первыми шагами к принятию Света Лудда».

Брат Артур пристально смотрит на вас. «Возможно, для вас еще не все потеряно, капитан».",,
sfc_arthurBookOption,PopulatePrisonerOptions_SFCArthurTalk,"$player.gotBookOfLuddFromCotton == true
$player.leftCottonBookInGilead == false
$sfc_tnpArthurTalkedAboutBook == false",,,06:sfc_tnpArthurBook:Показать брату Артуру книгу - полученную от брата Коттона,
sfc_arthurBookConfirm,DialogOptionSelected,$option == sfc_tnpArthurBook,"$player.sfc_ArthurFavor++
$sfc_tnpArthurTalkedAboutBook = true
FireAll PopulatePrisonerOptions_SFCArthurTalk","Вы достаете книгу, полученную от брата Коттона. Брат Артур внимательно смотрит на нее.

«Книга Лудда...» - тихо говорит брат Артур, пытаясь сделать религиозный знак, несмотря на свое положение. «Найти такое в руках слуги Молоха. Возможно, в вас есть больше, чем кажется, капитан. ... Если хотите, вы можете присоединиться ко мне в медитации над этим писанием».",,
sfc_arthurMeditationOptionFirst,PopulatePrisonerOptions_SFCArthurTalk,"$player.gotBookOfLuddFromCotton == true
$sfc_tnpMeditatedAlready == false
$sfc_tnpArthurTalkedAboutBook == true
$player.leftCottonBookInGilead == false
","sfcoptionconfirm sfc_tnpArthurMediate ""Вы хотите выступить посредником у брата Белигара Артура?"" ""Да."" ""Нет.""",,06:sfc_tnpArthurMediate:Медитировать с братом Артуром,
sfc_arthurMeditationConfirmFirst,DialogOptionSelected,"$option == sfc_tnpArthurMediate
$sfc_tnpMeditatedAlready == false","sfcplaymusic ""music_luddite_shrine""","После недолгих раздумий вы решаете присоединиться к брату Артуру в медитации над Книгой Лудда.

Патер встречает это выражением, которое вы бы назвали радостью.

«Спасибо, капитан», - говорит брат Артур и бросает взгляд на ваших охранников. «Но я был бы очень признателен, если бы ваши люди покинули комнату. Медитировать в таких условиях... непросто».

Не колеблясь, вы приказываете охране ждать снаружи. Хотя они и выражают беспокойство, приказ они выполняют.

«Хорошо... тогда начнем», - говорит патер, принимая у вас Книгу Лудда и раскрывая ее.",01:sfc_tnpArthurMeditateFirst1:Продолжить,
sfc_arthurNexSalvationGoodEndOption,PopulatePrisonerOptions_SFCArthurTalk,"$global.nex_remSalvation_missionCompleted == true
$sfc_tnpArthurTalkedAboutNexSalvation == false",,,07:sfc_tnpArthurNexSalvation:Сообщить брату Артуру - что вы помогли защитить Гилеад от уничтожения,
sfc_arthurNexSalvationGoodEndConfirm,DialogOptionSelected,$option == sfc_tnpArthurNexSalvation,"AdjustRepActivePerson FRIENDLY 5
$player.sfc_ArthurFavor++
$sfc_tnpArthurTalkedAboutNexSalvation = true
FireAll PopulatePrisonerOptions_SFCArthurTalk","Вы рассказываете брату Артуру о том, как защищали Гилеад от ремнантского ИИ Mauve Towering и спасли жемчужину Пути Пилигрима от полного уничтожения.

«Да... это поистине смелый поступок. Вы поставили свою жизнь на кон, чтобы защитить то, что Лудд помог верным хранить и оберегать. Путь может иметь разногласия с большой Церковью, но защита святейших мест важна для всех нас. Моя благодарность вам, капитан».",,
sfc_arthurMeditation1,DialogOptionSelected,$option == sfc_tnpArthurMeditateFirst1,,"«В начале не было ничего...» - декламирует брат Артур, пока вы оба стоите на коленях лицом друг к другу.

Вы закрываете глаза и слушаете произносимые слова. Они звучат у вас в ушах, отзываются в сознании. Пока Артур продолжает, вас охватывает чувство невесомости. Вы дышите медленно, и мягкий стук сердца отдается в груди.

Здесь спокойно. Вы слышите только слова Лудда, и слабое тепло словно обнимает вас.",01:sfc_tnpArthurMeditateFirst2:Продолжить,
sfc_arthurMeditation2,DialogOptionSelected,$option == sfc_tnpArthurMeditateFirst2,,"Вы не знаете, сколько проходит времени. Секунды? Минуты? Часы? Дни? Ваш разум дрейфует, пока слова продолжают наполнять голову.

Часть вас хочет открыть глаза, но при попытке они так и остаются закрытыми. Сердцебиение замедляется, каждый удар мучительно медленнее предыдущего. И все же вы продолжаете слушать. Продолжаете слушать слова Лудда.",01:sfc_tnpArthurMeditateFirst3:Продолжить,
sfc_arthurMeditation3,DialogOptionSelected,$option == sfc_tnpArthurMeditateFirst3,"AdjustRepActivePerson FRIENDLY 5
$player.sfc_ArthurFavor++
$sfc_tnpMeditatedAlready = true","«... и, будучи изгнаны, навеки были запечатаны врата рая, навеки охраняемые пламенным мечом ангелов».

Брат Артур закрывает книгу, когда вы открываете глаза. Мир медленно возвращается в фокус, Книга Лудда протянута перед вами.

«Спасибо, капитан», - говорит Артур. «Что присоединились ко мне в этой медитации. Если захотите сделать это снова, я с радостью продолжу читать писание».",01:sfc_tnpArthurMeditateFirstEnd:Продолжить,
sfc_arthurMeditationFirstEnd,DialogOptionSelected,$option == sfc_tnpArthurMeditateFirstEnd,"SetShortcut defaultleave ""ESCAPE""","Вы забираете книгу и выходите из камеры. Охранники осматривают вас, проверяя, нет ли ран. Убедившись, что все в порядке, они коротко отдают честь.

Возможно, вам стоит на минуту собраться с мыслями.",100:defaultleave:Уйти,
#sfc_arthurMeditationOptionAfter,PopulatePrisonerOptions_SFCArthurTalk,"$player.gotBookOfLuddFromCotton == true
$sfc_tnpMeditatedAlready == true
$sfc_tnpArthurTalkedAboutBook == true
$player.leftCottonBookInGilead == false
",,,06:sfc_tnpArthurMediate:Помедитировать с братом Артуром,"Probably won't do repeat meditation sessions, won't add anything but will just be another chat like option."
sfc_arthurMeditationOptionAfterSelected,PopulatePrisonerOptions_SFCArthurTalk,"$option == sfc_tnpArthurMediate
$sfc_tnpMeditatedAlready == true
",FireAll PopulatePrisonerOptions_SFCArthurTalk,Вы решаете снова помедитировать с братом Артуром.,,
sfc_arthurTalkLeaveOption,PopulatePrisonerOptions_SFCArthurTalk,,"SetShortcut defaultleave ""ESCAPE""",,100:sfc_tnpArthurTalkReconsider:Пересмотреть варианты,
sfc_arthurTalkLeaveConfirm,DialogOptionSelected,$option == sfc_tnpArthurTalkReconsider,FireAll PopulatePrisonerOptions_SFCArthur,,,
#END arthur tnp talk options,,,,,,
,,,,,,
# arthur tnp repatriate options,,,,,,
#sfc_arthurRepatriateChoices,DialogOptionSelected,$option == sfc_tnpArthurRepatriate,FireAll PopulatePrisonerRepatriateOptions_SFCArthur,,,
#sfc_arthurRepatriateChoiceMacario,PopulatePrisonerRepatriateOptions_SFCArthur,"$player.sfcArthurMacarioReptriateOffer == true
sfc_nearMarket sindrian_diktat","sfcoptionconfirm sfc_arthurRepatriateMacario ""Do you wish to repatriate Brother Beligar Arthur?"" ""Да."" ""Нет.""",,20:sfc_arthurRepatriateMacario:Репатриировать брата Артура to Dolos Macario,
#sfc_arthurRepatriateChoiceMacarioResponse,DialogOptionSelected,$option == sfc_arthurRepatriateMacario,"$coff_postdialogsteps = ""remove""
unset $player.sfcCanRepatriateArthur
$player.sfcRepatriatedArthur = macario
AddRemoveCommodity credits 50000 true","You order your guards to escort Brother Arthur to a shuttle. Meanwhile, you contact Dolos Macario and work out the deal. After confirmation, Brother Arthur is sent to await retrieval. Your TriPad pings confirming your payment.",defaultleave:Уйти.,
#sfc_arthurRepatriateChoiceKween,PopulatePrisonerRepatriateOptions_SFCArthur,"$player.sfcArthurKweenReptriateOffer == true
sfc_nearMarket sindrian_diktat","sfcoptionconfirm sfc_arthurRepatriateKween ""Do you wish to repatriate Brother Beligar Arthur?"" ""Да."" ""Нет.""",,30:sfc_arthurRepatriateKween:Репатриировать брата Артура to Yunris Kween,
#sfc_arthurRepatriateChoiceKweenResponse,DialogOptionSelected,$option == sfc_arthurRepatriateKween,"$coff_postdialogsteps = ""remove""
unset $player.sfcCanRepatriateArthur
$player.sfcRepatriatedArthur = kween
AddRemoveCommodity credits 50000 true","You order your guards to escort Brother Arthur to a shuttle. Meanwhile, you contact Yunris Kween and work out the deal. After confirmation, Brother Arthur is sent to await retrieval. Your TriPad pings confirming your payment.",defaultleave:Уйти.,
#sfc_arthurRepatriateChoiceReconsider,PopulatePrisonerRepatriateOptions_SFCArthur,,"SetShortcut defaultleave ""ESCAPE""",,100:sfc_tnpArthurRepatriateReconsider:Пересмотреть варианты,
#sfc_arthurRepatriateChoiceExit,DialogOptionSelected,$option == sfc_tnpArthurRepatriateReconsider,FireAll PopulatePrisonerOptions_SFCArthur,,,
#END arthur tnp repatriate options,,,,,,
,,,,,,
# arthur tnp hire options,,,,,,
sfc_arthurHighFavor,DialogOptionSelected,"$option == sfc_tnpArthurHire1
$player.sfc_ArthurFavor >= 5","$coff_postdialogsteps = ""hire,remove""
$player.sfcarthurtnpprisoner = false
$player.sfcHiredArthur = good
AdjustRepActivePerson FRIENDLY 10","Вы спрашиваете брата Артура, готов ли он присоединиться к вашему флоту. Патер на мгновение задумывается над вашими словами.

«Капитан... раньше я считал вас слугой Молоха и Маммона, чью душу опутали их злые деяния и слова», - говорит он. «Но теперь я вижу, что свет Лудда касается и вас. Для меня будет честью встать рядом с вами и нести милость Лудда тем, кто решится восстать против Него».

Вы приказываете охранникам снять с брата Артура кандалы. Они выполняют приказ, и затем Артура выводят из камеры.",defaultleave:Уйти,
sfc_arthurMediumFavor,DialogOptionSelected,"$option == sfc_tnpArthurHire1
$player.sfc_ArthurFavor >= 3","SetStoryOption sfc_tnpArthurHireSP general ""Уговорили террориста присоединиться к вашему флоту.""","Брат Артур пристально смотрит на вас, когда вы спрашиваете, хочет ли он присоединиться к вашему флоту.

«... Капитан, я знаю свой путь, и мой путь - служение Лудду. Я не позволю Маммону или Молоху сбить меня с него».

И все же в его голосе вы улавливаете тень колебания.","01:sfc_tnpArthurHireWrong1:Сказать Артуру - что он заработает много денег
02:sfc_tnpArthurHireWrong2:Сказать Артуру - что он снова сможет командовать кораблем
03:sfc_tnpArthurHireSP:Воззвать к вере брата Артура
04:sfc_tnpArthurHireReconsider:Пересмотреть варианты",
sfc_arthurMediumFavor1,DialogOptionSelected,$option == sfc_tnpArthurHireWrong1,,"Брат Артур хмурится.

«Вы принимаете меня за дешевого наемника? Никакая сумма кредитов не свернет меня с моего пути».

Вы решаете пока не давить на него дальше.",defaultleave:Уйти,
sfc_arthurMediumFavor2,DialogOptionSelected,$option == sfc_tnpArthurHireWrong2,,"Брат Артур хмурится.

«Вы принимаете меня за грубого головореза? Я не стану командовать на службе у Молоха».

Вы решаете пока не давить на него дальше.",defaultleave:Уйти,
sfc_arthurMediumFavorExit,DialogOptionSelected,$option == sfc_tnpArthurHireReconsider,FireAll PopulatePrisonerOptions_SFCArthur,,,
sfc_arthurMediumFavorSP,DialogOptionSelected,$option == sfc_tnpArthurHireSP,"$coff_postdialogsteps = ""hire,remove""
$player.sfcarthurtnpprisoner = false
$player.sfcHiredArthur = neutral
AdjustRepActivePerson FRIENDLY 1","Вы решаете обратиться к вере брата Артура и заявляете, что с его наставлением он сможет направлять заблудшие массы к свету и низвергать слуг Молоха, где бы ни встретил их.

Патер на мгновение задумывается и тяжело вздыхает.

«... Возможно, для вас еще есть надежда, капитан», - замечает брат Артур. «Быть может, Лудд и на вас проливает свой свет. Хорошо, если такова воля Лудда - пусть будет так».

Вы приказываете охране снять с Артура кандалы. После этого его выводят из камеры.",defaultleave:Уйти,
sfc_arthurLowFavor,DialogOptionSelected,"$option == sfc_tnpArthurHire1
$player.sfc_ArthurFavor > 0",FireAll PopulatePrisonerOptions_SFCArthur,"Вы пытаетесь завербовать брата Артура. Он лишь хмурится в ответ на ваши попытки и качает головой.

«Я не стану служить никому, кроме Лудда, ибо Его свет сияет надо мной».",,
#END arthur tnp hire options,,,,,,
,,,,,,
# arthur tnp misc reactions,,,,,,
sfc_arthurreleaseconfirm,DialogOptionSelected,$option == sfc_arthurtnprelease1,"$coff_postdialogsteps = ""remove""
$player.sfcReleasedArthur = true
$player.sfcarthurtnpprisoner = false","Вы приказываете охране сопроводить брата Артура к ожидающему шаттлу. Патер-террорист смотрит на вас, пока один из охранников подтверждает приказ.

«Да пребудет с вами Лудд, капитан», - говорит брат Артур и следует за охраной наружу. Спустя несколько минут охрана подтверждает выполнение распоряжения. Вы покидаете пустую камеру, заметив по пути нетронутый поднос с едой на койке.",defaultleave:Уйти.,
sfc_arthurexecuteconfirm,DialogOptionSelected,"$option == sfc_arthurnpexecute1
","$coff_postdialogsteps = ""remove""
$player.sfcarthurtnpprisoner = false","Охранники подтверждают ваш приказ, и один из них поднимает винтовку на патера-террориста. Брат Артур смотрит на своего палача, затем переводит взгляд на вас.

«Да будет ваша душа навеки проклята Молохом, капит...-»

Оглушительный выстрел охранника заполняет комнату, обрывая речь брата Артура. Патер сжимает зубы и медленно оседает на пол - мертвым.",defaultleave:Уйти.,
#END arthur tnp misc reactions,,,,,,
#END arthur tnp,,,,,,
#END takenoprisoner compatibility,,,,,,
,,,,,,
# magicbounty compatibility,,,,,,
sfc_magicbountyBrotherArthur,sfcBrotherArthurBounty,,sfc_bountyArthurScript,,,
#END magicbounty compatibility,,,,,,
,,,,,,
# npc dialogue/ bootleg vn,,,,,,
,,,,,,
# sindria npcs,,,,,,
,,,,,,
# kweendirectory,,,,,,
,,,,,,
# sfckween,,,,,,
#convDefaultGreetingkweenfirstoriginal,PickGreeting,"!$player.metsfckween
$id == sfckween score:999999
$faction.id == sindrian_diktat
!$entity.isHostile","$player.metsfckween = true
ShowPersonVisual
FireAll PopulateOptions
AddText ""После короткого ожидания под тропический джингл ваш запрос связи принимают.""
AddTextSmall ""The current Head of Research of the Sindrian Fuel Company's Board of Research and Development, Yunris Kween replaced her predecessor after the landslide success of her militarized tanker capital ships. A staunch believer in expanding the bounds of science at any cost, Kween enjoys a position of near limitless freedom, her only obligation to the Company being the continued success that her research brings."" highlight
AddText ""\""Hello, you've reached the office of Head Researcher Yunris Kween. Is there anything I can help you with?\""""",,,
convDefaultGreetingkweeenmayflypostboom,PickGreeting,"$player.sfcsparedmayfly
$player.sfcmayflyboom
$id == sfckween score:3000","BeginConversation sfckween
sfcplaymusic ""music_unknown_encounter_hostile""
FireAll PopulateKweenMayflypostboomOptions
SetStoryOption sfckweenblewupmayflysp 1 noRepPenaltyRaid  combat5 ""Солгали о своей причастности к уничтожению шпионского ИИ.""","Как только вы подключаетесь к каналу связи, вас почти сразу встречает жутковато улыбающееся лицо $Post. Она сверлит вас взглядом с неумолимой целеустремленностью, но зачем именно - понять трудно.

«Капитан», - сухо говорит $PersonName. «... Я зафиксировала довольно странный взрыв в Стоун-Ривер. И теперь не могу обнаружить ту маленькую шпионку, что там пряталась. Так... что случилось с Mayfly, капитан?»",,
convoDefaultGreetingkweenrunicaughtmann,PickGreeting,"$player.sfckweenwatching1
$player.sfckweeninformed score:100
!$global.sfcrunifirstgreeting
$id == sfckween score:4000","BeginConversation sfckween
sfcplaymusic ""music_unknown_encounter_hostile""
FireAll PopulateKweenRuniConfrontationOneOptions","Вы почти сразу видите на экране жутко ухмыляющееся лицо $Post; она смотрит на вас почти безмятежно, но пристально.

«Капитан», - сухо говорит $PersonName. «Грегори сообщил мне, что Юнифер недавно с вами связывалась. Должна признать, это очень странно, обычно она ни к кому не обращается. Не расскажете, что происходит?»",,
convoDefaultGreetingkweenrunicaught,PickGreeting,"$player.sfckweenwatching1
!$player.sfcconfrontation
!$global.sfcrunifirstgreeting
$id == sfckween score:4000","BeginConversation sfckween
sfcplaymusic ""music_unknown_encounter_hostile""
FireAll PopulateKweenRuniConfrontationOneOptions","Вы почти сразу видите на экране жутко ухмыляющееся лицо $Post; она смотрит на вас почти безмятежно, но пристально.

«Капитан», - сухо говорит $PersonName. «Я заметила странную передачу из моей лаборатории. В журнале значится... Юнифер Руни. Так что, не расскажете, что происходит?»",,
convoDefaultGreetingkweenmacarioafter,PickGreeting,"$id == sfckween score:9999
$global.sdtu_missionCompleted == true
$global.sfckweenmacariogreeting == false
sfcreltrack 25 100","BeginConversation sfckween
$global.sfckweenmacariogreeting = true
sfcplaymusic ""music_unknown_encounter_neutral""","Как только вы подключаетесь к каналу связи, вас почти сразу встречает жутковато улыбающееся лицо $Post. Она сверлит вас взглядом с неумолимой целеустремленностью, но зачем именно - понять трудно.

«Капитан, о капитан!» - начинает Квин, сложив кончики пальцев. «Вы в последнее время очень заняты. По слухам, вы неплохо поработали на Sindrian Fuel Company. И еще эта работа на... Макарио, кажется?»

Квин наклоняется ближе, ее коварная улыбка не сходит с лица. «Ну так скажите, что вы о нем думаете? Как считаете, ему можно... доверять?»","01:sfcKweenMacarioFirst1a:Сказать - что вы не доверяете Макарио
02:sfcKweenMacarioFirst1b:Сказать - что вы доверяете Макарио
03:sfcKweenMacarioFirst1c:Сказать - что доверяете Макарио больше - чем ей",
convoDefaultGreetingkweenalphacorereward,PickGreeting,"sfckweenturnin contributedItem alpha_core 10
$sfckweenalphacoregift == false
$id == sfckween score:5000","ShowPersonVisual
sfcplaymusic ""music_unknown_encounter_friendly""
FireAll PopulateOptions
AdjustRepActivePerson COOPERATIVE 5
$sfckweenalphacoregift = true
$player.sfckweenfavor++","Как только вы подключаетесь к каналу связи, вас почти сразу встречает жутковато улыбающееся лицо $Post.

«Ах, $playerName. Должна сказать, вы были отличным помощником. Не знаю, откуда у вас столько альфа-ядер, но такой вклад не забудется».

Квин смеется, а затем вновь берет себя в руки.

«Итак, вам что-то нужно, мой замечательный помощник?»",,
convoDefaultGreetingkweensierrareward,PickGreeting,"$sfckweensierragift
$id == sfckween score:5000","ShowPersonVisual
FireAll PopulateOptions
AdjustRepActivePerson COOPERATIVE 25
AddRemoveCommodity alpha_core 5 true
AddRemoveCommodity beta_core 10 true
AddRemoveCommodity gamma_core 20 true
$sfckweensierragift = false
$player.sfckweenfavor++","Как только вы подключаетесь к каналу связи, вас почти сразу встречает жутковато улыбающееся лицо $Post.

«Ах, $playerName. Должна сказать, вы оказали мне отличную услугу, когда передали тот ИИ. Я уже прекрасно провожу время, изучая его. За такую службу вы заслужили награду. Вот, держите несколько... запасных предметов, что у меня завалялись. Они мне больше не нужны».

Квин смеется, а затем вновь берет себя в руки.

«Итак, вам что-то нужно, мой любимый помощник?»",,
convoDefaultGreetingkweensirenafter,PickGreeting,"$global.SotfCBProjectSiren_numCompleted >= 1
$global.sotf_projectSirenSFC
!$global.sfcsirenaftertalk
$id == sfckween score:9999","BeginConversation sfckween
sfcplaymusic ""music_unknown_encounter_friendly""
FireAll PopulateKweenSirenOptions","Как только вы подключаетесь к каналу связи, вас почти сразу встречает жутковато улыбающееся лицо $Post. Она сверлит вас взглядом с неумолимой целеустремленностью, но зачем именно - понять трудно.

«Ну что ж...» - начинает Квин, и с ее губ срывается едва сдерживаемый смешок. «...интересно, вы вообще понимаете, что только что сделали, мой любимый помощник. Представляю, сколько труда вам стоило добыть тот артефакт, где бы вы его ни нашли... а потом взять и уничтожить его... Скажу прямо. Ну и как? Каково было сражаться с той машиной?»",,
convoDefaultGreetingkweenjanusinspectionstart,PickGreeting,"$id == sfckween score:9999
$global.playerCanUseGates
!$sfckweenjanusinspected
RollProbability 0.75
","BeginConversation sfckween
sfcplaymusic ""music_unknown_encounter_neutral""
","Как только вы подключаетесь к каналу связи, вас почти сразу встречает жутковато улыбающееся лицо $Post. Она сверлит вас взглядом с неумолимой целеустремленностью, но зачем именно - понять трудно.

«Вот так-так, капитан», - начинает Квин, чуть наклонив голову. «Мои сканеры уловили довольно странные сигналы с вашего корабля. Надеюсь, у вас есть объяснение?»","sfckweenjanusinspection1:Объяснить Квин - что это устройство Janus.
sfckweenjanusinspection2:Сказать - что сканеры Квин - вероятно - ошиблись.",
convoDefaultGreetingkweenzigguratinspection,PickGreeting,"$id == sfckween score:9999
PlayerFleetHasShipWithBaseHull ziggurat
!$sfckweenzigguratinspected
RollProbability 0.75
","BeginConversation sfckween
sfcplaymusic ""music_unknown_encounter_neutral""
FireAll PopulateKweenZiggInspectionOptions","Как только вы подключаетесь к каналу связи, вас почти сразу встречает жутковато улыбающееся лицо $Post. Она сверлит вас взглядом с неумолимой целеустремленностью, но зачем именно - понять трудно.

«Вот так-так, капитан», - начинает Квин, чуть наклонив голову. «Мои сканеры заметили у вас весьма впечатляющий корабль. Простите за прямоту, но... где вы достали такую посудину?»","sfckweeninspection1:Сказать - что нашли его на черном объекте Tri-Tachyon.
sfckweeninspection2:Сказать - что нашли его дрейфующим в космосе.
sfckweeninspection3:Прикинуться непонимающим.",
convoDefaultGreetingkweendaemonmission1,PickGreeting,"sfccheckmodid ""tahlan""
$global.tahlan_triggered == true
$id == sfckween score:9999
$sfckweendaemonmission1started == false
RollProbability 0.5
sfcreltrack 25 100","$sfckweendaemonmission1started = true
BeginConversation sfckween
sfcplaymusic ""music_unknown_encounter_neutral""
FireAll PopulateKweenDaemonMission1Start","Как только вы подключаетесь к каналу связи, вас почти сразу встречает жутковато улыбающееся лицо $Post. Она сверлит вас взглядом с неумолимой целеустремленностью, но зачем именно - понять трудно.

«Вот так-так, капитан», - начинает Квин, чуть наклонив голову. «В секторе поднялась заметная шумиха, не находите? Похоже, происходит нечто, что может нарушить тот хрупкий баланс, который еще держится».

Ее глаза будто загораются, пока она продолжает смотреть на вас. «Разве от одной мысли об этом у вас не бегут мурашки от предвкушения?»",,
convoDefaultGreetingkweenabysscores,PickGreeting,"sfccheckmodid ""assortment_of_things""
$global.showedAbyssData == true
$global.knowsAbyssData == false
$id == sfckween score:9999
#RollProbability 0.5","ShowPersonVisual
$global.knowsAbyssData = true
sfcplaymusic ""music_unknown_encounter_neutral""
AddText ""Почти сразу после подключения к каналу связи вас встречает жутко улыбающееся лицо $Post. Ее взгляд впивается в вас с непоколебимой целеустремленностью, хотя что именно за цель за ним стоит, вы не уверены.""
AddText ""\""Ну надо же, капитан. Я слышала, что Совет окружающей среды и производства недавно получил весьма интересные данные. Судя по отчетам, эта Бездна действительно любопытна. И если вы найдете в ней что-нибудь интересное, я с радостью это приму. Итак, вам что-то от меня нужно?\""""
AddTextSmall ""Юнрис Квин теперь будет принимать ИИ-ядра, найденные в бездне."" highlight
FireAll PopulateOptions",,,
convoDefaultGreetingkweenomegacores,PickGreeting,"PlayerHasCargo omega_core
$global.showedOmegaCore == false
$id == sfckween score:9999
#RollProbability 0.5","ShowPersonVisual
$global.showedOmegaCore = true
sfcplaymusic ""music_unknown_encounter_neutral""
AddText ""Почти сразу после подключения к каналу связи вас встречает жутко улыбающееся лицо $Post. Ее взгляд впивается в вас с непоколебимой целеустремленностью, хотя что именно за цель за ним стоит, вы не уверены.""
AddText ""\""Ну надо же, капитан. Вот это сюрприз. Вы, должно быть, весьма впечатляющий человек, раз сумели найти нечто настолько особенное. Настолько особенное, что ему еще не следовало бы существовать, не так ли? Ах, не нужно рассказывать мне о методах, капитан. Я просто хотела лично убедиться, что вам удалось невозможное. А раз уж вы сделали невозможное, вы ведь не будете против, если я попрошу купить такую вещь?\""""
AddTextSmall ""Юнрис Квин теперь будет принимать Omega Core. Маньяк."" highlight
FireAll PopulateOptions",,,
convoSHUKweenGreeting,PickGreeting,"sfccheckmodid ""mayu_specialupgrades"" score:1000
$id == sfckween score:9999
$player.sfckweenscannedziggurat
$player.sfckweenfavor >= 2
!$sfcshuphaseleadup
!$player.sfcshuphasereceived","$sfcshuphaseleadup = true
ShowPersonVisual
FireAll PopulateOptions","Как только вы подключаетесь к каналу связи, вас почти сразу встречает жутковато улыбающееся лицо $Post. Она сверлит вас взглядом с неумолимой целеустремленностью, но зачем именно - понять трудно.

«Приветствую, капитан», - говорит Квин непривычно бодрым, но тревожащим тоном. «Я так рада, что вы заглянули сегодня! Помните, как вы позволили мне просканировать ваш интересный фазовый корабль? Должна сказать, это очень помогло мне! Настолько, что я хочу показать вам, над чем работаю. Для этого прошу вас встретиться со мной в исследовательских доках Command and Control».",,
convoDefaultGreetingkweenyennicaptured,PickGreeting,"sfccheckmodid ""presmattdamon_takenoprisoners""
$id == sfckween score:9999
$global.sfcyennitnpfirst
!$sfckweenyenniresolved
RollProbability 0.75","BeginConversation sfckween
sfcplaymusic ""music_unknown_encounter_neutral""
sfcoptionconfirm sfckweenrukacaptured2 ""Вы ТОЧНО считаете, что солгать здесь - хорошая идея?"" ""Да."" ""Нет.""
sfcoptionconfirm sfckweenrukacaptured1 ""Вы ТОЧНО считаете, что сказать здесь правду - хорошая идея?"" ""Да."" ""Нет.""","Как только вы подключаетесь к каналу связи, вас почти сразу встречает жутковато улыбающееся лицо $Post. Она сверлит вас взглядом с неумолимой целеустремленностью, но зачем именно - понять трудно.

«О, капитан», - начинает Квин, слегка наклонив голову. «Вы слышали, что Большой Топливный Флот недавно потерпел сокрушительное поражение? Какая жалость. Я также слышала, что флотам Компании не удалось подтвердить смерть или выживание адмирала Руки Йенни... Вы ведь к этому не причастны, правда?»

Ее улыбка становится только шире. Непонятно, пытается ли она выманить признание или уже и так все знает.","sfckweenrukacaptured1:Сказать - что вы разгромили флот и удерживаете адмирала Йенни в плену.
sfckweenrukacaptured2:Сказать - что вы ничего не знаете - и выразить соболезнования Топливная компания Синдрии.",
convDefaultGreetingkweenpermaalienated,PickGreeting,"$player.sfcpermaalienatedkween score:1000
$id == sfckween score:10000","AddText ""После короткого ожидания под тропическую музыку соединение внезапно обрывается. Похоже, вы навсегда навлекли на себя гнев главного исследователя. Вряд ли вам когда-нибудь удастся снова с ней связаться.""
ShowDefaultVisual
EndConversation",,,"# this will fire when talking to same person again without leaving the station, but that seems fine"
convDefaultGreetingkweenalienated,PickGreeting,"$sfcalienatedkween score:100
$id == sfckween score:9001","sfcwaittime ""$sfcalienatedkween"" ""$sfcalienatedkweenDGS""
AddText ""После короткого ожидания под тропическую музыку соединение внезапно обрывается. Похоже, вы разозлили главного исследователя. Возможно, стоит подождать $sfcalienatedkweenDGS, пока она остынет.""
SetTextHighlights $sfcalienatedkweenDGS
ShowDefaultVisual
EndConversation",,,"# this will fire when talking to same person again without leaving the station, but that seems fine"
convDefaultGreetingkweenbusy,PickGreeting,"$sfckweenbusy
$id == sfckween score:9000","sfcwaittime ""$sfckweenbusy"" ""$sfckweenbusyDGS""
AddText ""После нескольких минут ожидания под тропический джингл включается автоответчик: главный исследователь сейчас не может выйти на связь. Возможно, стоит подождать $sfckweenbusyDGS.""
SetTextHighlights $sfckweenbusyDGS
ShowDefaultVisual
EndConversation",,,"# this will fire when talking to same person again without leaving the station, but that seems fine"
convoDefaultGreetingkweenofficerecruit,PickGreeting,"$global.runirepurposed score:100
!$global.sfcenthralled score:100
$id == sfckween score:2000","BeginConversation sfckween
sfcplaymusic ""music_unknown_encounter_neutral""
FireAll PopulateKweenRuniRecruitRepurposedOptions","Вы почти сразу видите на экране жутко ухмыляющееся лицо $Post; она смотрит на вас почти безмятежно, но пристально.

«Капитан», - сухо говорит $PersonName. «У меня к вам просьба. Помните ту женщину, с которой вы встретились, когда я назначила вас капитаном Iapetus? Она сообщила мне, что хочет служить под вашим командованием».

Улыбка Квин становится еще более коварной. «Поэтому я надеялась, что вы примете ее просьбу. Хотя если не хотите - это тоже вполне допустимо».","sfckweenofficerrecruit1:Принять просьбу.
sfckweenofficerrecruit2:Отказать.
sfckweenofficerrecruit3:Спросить Квин - что случилось с Юнифер.",
convDefaultGreetingkweenhaveruni,PickGreeting,"sfcrunichanges yuniferChecker
$player.metsfckween
$id == sfckween score:1000
$faction.id == sindrian_diktat
!$global.sfcenthralled
!$entity.isHostile
sfcreltrack 50 100","ShowPersonVisual
FireAll PopulateOptions","Квин внимательно разглядывает вас, на ее лице странная улыбка.

«Ну что ж, капитан, надеюсь, вы не собираетесь вести себя неподобающе с моей ассистенткой. Мне бы не хотелось прибегать к крайним мерам, если окажется, что вы обычный мерзавец».
OR
Квин зловеще улыбается, появляясь на экране.

«Капитан, вы и дальше собираетесь лишать меня моих ассистентов?»
OR
Квин тихо, зловеще хихикает, а ее изумрудные глаза мерцают в свете.

«Знаете, капитан, вы и правда очень странный человек. Надеюсь, вы не пожалеете, что дали той неудачнице второй шанс...»",,"# this will fire when talking to same person again without leaving the station, but that seems fine"
convDefaultGreetingkweennormal,PickGreeting,"$player.metsfckween
$id == sfckween score:200
$faction.id == sindrian_diktat
!$entity.isHostile
sfcreltrack -100 10","ShowPersonVisual
FireAll PopulateOptions","«Еще что-нибудь нужно?»
OR
«Вам все еще есть что сказать?»
OR
«Немного не можете определиться, да?»",,"# this will fire when talking to same person again without leaving the station, but that seems fine"
convDefaultGreetingkweenhigh,PickGreeting,"$player.metsfckween
$id == sfckween score:300
$faction.id == sindrian_diktat
!$entity.isHostile
sfcreltrack 10 50","ShowPersonVisual
FireAll PopulateOptions","«Ну что, хотите еще мне помочь?»
OR
«Все еще не можете решить? Ничего страшного».
OR
«Есть что-нибудь интересное мне рассказать?»",,"# this will fire when talking to same person again without leaving the station, but that seems fine"
convDefaultGreetingkweenveryhigh,PickGreeting,"$player.metsfckween
$id == sfckween score:400
$faction.id == sindrian_diktat
!$entity.isHostile
sfcreltrack 50 100","ShowPersonVisual
FireAll PopulateOptions","Лицо Квин слегка смягчается, когда вы выходите на связь.

«Ну что, громкое имя себе делаете?»
OR
Улыбка Квин становится мягче, когда вы выходите на связь.

«Готовы и дальше продвигать науку, $playerName?»
OR
Глаза Квин медленно скользят по вам, когда вы выходите на связь.

«Рада снова видеть вас, $PlayerName. Теперь, когда вы здесь, работа точно пойдет».",,"# this will fire when talking to same person again without leaving the station, but that seems fine"
#convDefaultGreetingkweenNonFuel,PickGreeting,$id == sfckween score:100,"ShowDefaultVisual
EndConversation","After a short wait, your connection plays back an automated message.

""Hello, you've reached the office of Head Researcher Yunris Kween. I am currently not in the office right now. Feel free to leave a message and I'll try to get back to you as soon as possible.""

The comm link goes dark afterwards.",,"# this will fire when talking to same person again without leaving the station, but that seems fine"
convDefaultGreetingkweenHostile,PickGreeting,"$id == sfckween score:200
$faction.id == sindrian_diktat
$entity.isHostile","ShowPersonVisual
FireAll PopulateOptions","Квин ухмыляется, появляясь на экране. «Вы стали тем еще возмутителем спокойствия, не так ли, капитан?»
OR
Квин тихо усмехается, появляясь на экране. «Знаете, капитан, за ваше поведение я могла бы вызвать флот и арестовать вас, но это было бы невежливо, правда?»
OR
С губ Квин срывается короткий смешок, когда она появляется на экране. «Недовольны Компанией, $playerName? Вам бы стоило быть чуть тоньше в проявлении такого недовольства».",,"# this will fire when talking to same person again without leaving the station, but that seems fine"
jabrMissionReturnkween,PickGreeting,"$jabr_returnHere score:2000
$id == sfckween score:2000
!$entity.isHostile
Call $jabr_ref updateData
FireBest GenericMissionReturn","ShowPersonVisual
$jabr_completed = true
Call $jabr_ref updateStage","Ваш ТриПад подает сигнал, сообщая, что ваш главный офицер безопасности передал пленницу, и теперь она на свободе. Возможно.",contact_pickAnotherGreeting:Продолжить,
,,,,,,
# first meeting,,,,,,
convDefaultGreetingkweenfirst,PickGreeting,"!$player.metsfckween
$id == sfckween score:999999
$faction.id == sindrian_diktat
!$entity.isHostile","$player.metsfckween = true
BeginConversation sfckween
sfcplaymusic ""music_unknown_encounter_neutral""
AddText ""После короткого ожидания под тропический джингл ваш запрос связи принимают. На экране появляется женщина в длинном белом лабораторном халате поверх вычурной бордово-черной формы. Пара изумрудных глаз внимательно изучает вас, а на лице возникает жуткая, непонятная улыбка.""
AddText ""\""А, вижу, вы приняли мое маленькое приглашение. Капитан $playerName, верно? Очень приятно наконец с вами познакомиться. Надеюсь, вы не слишком обиделись на мой небольшой трюк, чтобы привлечь ваше внимание.\""""",,"sfc_firstKweenMeeting1a:Спросить Квин - чего она хочет
sfc_firstKweenMeeting1b:Сказать Квин - что вас это не задело
sfc_firstKweenMeeting1c:Выразить раздражение ее методами",
convDefaultGreetingkweenfirst1a,DialogOptionSelected,$option == sfc_firstKweenMeeting1a,,"«Чего я хочу?» - замечает Квин, и с ее губ срывается легкий смешок. «Ну конечно же, вашей помощи! Я наблюдала за вами и должна сказать - в вас есть потенциал».","sfc_firstKweenMeeting2a:Спросить - о каком потенциале речь
sfc_firstKweenMeeting2b:Спросить - следила ли Квин за вами",
convDefaultGreetingkweenfirst1b,DialogOptionSelected,$option == sfc_firstKweenMeeting1b,,"«Ах, вас это не задело?» - отвечает Квин, все с той же широкой улыбкой. «Как чудесно. Я не ошиблась насчет вашего потенциала. Вы и правда кажетесь идеальным человеком, чтобы помогать мне, особенно с учетом того, что уже успели сделать».","sfc_firstKweenMeeting2a:Спросить - о каком потенциале речь
sfc_firstKweenMeeting2b:Спросить - следила ли Квин за вами",
convDefaultGreetingkweenfirst1c,DialogOptionSelected,$option == sfc_firstKweenMeeting1c,,"Улыбка Квин тускнеет в ответ на ваши слова.

«Ну же, не стоит быть таким грубым», - замечает Квин, слегка наклоняя голову. «Я лишь хотела получить ваше полное внимание, и, как видите, получила. Нельзя же винить меня, если это работает, верно? Тем более такой многообещающий капитан, как вы, не мог не привлечь мое внимание».","sfc_firstKweenMeeting2a:Спросить - о каком потенциале речь
sfc_firstKweenMeeting2b:Спросить - следила ли Квин за вами",
convDefaultGreetingkweenfirst2a,DialogOptionSelected,$option == sfc_firstKweenMeeting2a,,"«Да, именно!» - заявляет Квин, на миг показывая зубастую улыбку. «Потенциал, который вы уже не раз подтвердили своими действиями. Поэтому вы идеально подходите, чтобы помогать мне».",sfc_firstKweenMeeting3:Спросить почему,
convDefaultGreetingkweenfirst2b,DialogOptionSelected,$option == sfc_firstKweenMeeting2b,,"«Шпионила?!»

На лице Квин появляется смесь шока и разочарования, улыбка превращается в хмурый оскал.

«Возможно, я переоценила ваш потенциал, но это лишь шероховатости, которые можно исправить. Как бы то ни было, я все еще считаю, что вы определенно стоите моего времени...»",sfc_firstKweenMeeting3:Спросить почему,
convDefaultGreetingkweenfirst3,DialogOptionSelected,$option == sfc_firstKweenMeeting3,"FireBest SFCKweenReason
FireAll SFCKweenReasonContinue","«Почему? Ха, вам правда нужно это спрашивать, капитан? Вы и сами прекрасно знаете почему!»",,
convDefaultGreetingkweenfirstreasonDefeatedRukaSFC,SFCKweenReason,"$global.sfcGFF_outta_gas score:101
$player.commissionFactionId == sindrian_diktat score:20","AdjustRepActivePerson COOPERATIVE 20
$global.sfc_fateOfRuka = true
FireBest SFCRukaMetChecker","«Ваше неповиновение Sindrian Fuel Company впечатляет, знаете ли. И не делайте вид, что ни при чем, я знаю, что именно вы разгромили Большой Топливный Флот, гордость Компании. Но не волнуйтесь... на самом деле меня такое развитие событий очень радует!»

Квин издает тревожный смешок. «Здесь, в Sindrian Fuel Company, если ты готов отодвинуть стоящих выше ради славы, значит, ты этой славы достоин! Раз адмирал Йенни не смогла вас остановить, значит, вы все сделали правильно!»

«О мисс Йенни мы поговорим позже. В большой картине происходящего она уже не так важна».",,
convDefaultGreetingkweenfirstreasonDefeatedRuka,SFCKweenReason,$global.sfcGFF_outta_gas score:101,"AdjustRepActivePerson COOPERATIVE 10
$global.sfc_fateOfRuka = true
FireBest SFCRukaMetChecker","«Вы действительно смелы, капитан. В конце концов, только по-настоящему смелый человек смог бы разгромить Большой Топливный Флот и адмирала Руку Йенни».

Квин издает зловещий смешок. «Знали ли вы, что именно я выбрала ее командовать этим флотом? У нее был огромный потенциал... но теперь я вижу, что ее роль свелась к тому, чтобы привести вас ко мне. Так что ее предназначение исчерпано. Впрочем, о мисс Йенни поговорим позже. Такие вещи больше не важны в общей картине».",,
convDefaultGreetingkweenfirstreasonRukaChecker,SFCRukaMetChecker,$player.metsfcyenni == false,$player.metsfcyenni = true,,,
convDefaultGreetingkweenfirstreasonMacario,SFCKweenReason,$global.sdtu_missionCompleted score:100,$global.sfckweenmacariogreeting = true,"«Ваша деятельность по 'работе' на Долоса Макарио весьма меня заинтересовала, капитан».

«Если вы готовы помогать такой змее, то наверняка не откажетесь помочь и мне? Обещаю, по крайней мере, я буду с вами честнее, чем этот коварный паук».",,
convDefaultGreetingkweenfirstreasonDefeatedDiktatFuel,SFCKweenReason,$global.defeatedDiktatAttack score:95,,"«Вы устроили серьезную встряску в Sindrian Fuel Company, капитан. Мало кто долго держится на топливном рынке без официального одобрения Компании».

«Если после такого жесткого удара вы все еще стоите на ногах, значит, вы как раз тот смелый и, откровенно говоря, безумный человек, который мне нужен в помощниках».",,
convDefaultGreetingkweenfirstreasonBaird,SFCKweenReason,$global.gaPZ_completed score:90,,"«Ваша помощь Галатийской академии привлекла мое внимание, капитан».

«Хотя академия давно закрыла для меня двери, я все равно слежу, какими мелкими экспериментами они там занимаются. И по тому, что я слышала, вы сыграли ключевую роль в чем-то крупном. Понимаете теперь, почему я, как исследователь, пригласила вас сюда?»",,
convDefaultGreetingkweenfirstreasonCores,SFCKweenReason,$faction.turnedIn_allCores >= 3 score:80,,"«Вы ведь знаете, что ИИ-ядра в центральных мирах считаются контрабандой?»

«И все же вы здесь, уже сдав нашим менеджерам немало таких ядер. Не знаю, где вы их достаете, но поймите, что бы ни планировала Компания, у меня к ним интерес куда больше... и платить я готова тоже больше».",,
convDefaultGreetingkweenfirstreasonColonies,SFCKweenReason,$player.numColonies > 0 score:70,,"«Мои ассистенты сообщили, что вы вырезали себе небольшой уголок сектора, капитан».

«Если у вас есть ресурсы вести такое дело, значит, вы как раз обладаете тем настроем, который мне нужен. Возможность проводить свою волю в жизнь - это именно то, что ведет далеко, верно?»",,
convDefaultGreetingkweenfirstreasonMidnight,SFCKweenReason,$global.nex_remM1_missionCompleted score:40,,"«Похоже, капитан, вокруг вас поднялась определенная шумиха, связанная с вашими действиями с некоторыми более... искусственными союзниками».

«Скажем так, я немного скромничаю, но такое долго в тайне не держится. А если слухи верны, то вы и сами понимаете, почему привлекли мое внимание, верно?»",,
convDefaultGreetingkweenfirstreasonHelpful,SFCKweenReason,$global.sfcnpchigh >= 2 score:30,,"«По слухам, вы были крайне полезным маленьким помощником для некоторых старших менеджеров Компании».

«Раз уж вы уже сделали себе имя, помогая другим, помочь еще одному человеку для вас точно не проблема!»",,
convDefaultGreetingkweenfirstreasonCommissioned,SFCKweenReason,$player.commissionFactionId == sindrian_diktat score:20,,"«Как сотрудник Sindrian Fuel Company вы понимаете, что как ваш руководитель я вправе рассчитывать на вашу помощь».

«Я не настолько требовательна, чтобы мешать вашим прочим обязанностям, но у меня есть немало задач, и я обещаю щедро вознаградить вас за содействие».",,
convDefaultGreetingkweenfirstreasonFactionFriend,SFCKweenReason,RepGTE $faction.id WELCOMING score:10,,"«Sindrian Fuel Company относится к вам благосклонно. А значит, и я тоже».

«Ваша готовность помогать Компании многое для меня значит. Я лишь хочу, чтобы эта готовность помогать Компании распространилась и на помощь лично мне».",,
convDefaultGreetingkweenfirstreasonFallback,SFCKweenReason,#if no other conditions are met,,"«Ммм, признаюсь, в итоге мои причины довольно эгоистичны».

«То, что вы согласились встретиться со мной, уже доказывает, что у вас есть к этому интерес. Одного этого достаточно, чтобы вы вызвали у меня еще больший интерес, капитан».",,
convDefaultGreetingkweenfirstcotinue,SFCKweenReasonContinue,,,"«Но да, каковы бы ни были мои причины, считайте, что теперь вы работаете на меня. И вам будет приятно узнать, что я всегда щедро вознаграждаю тех, кто доказывает свою ценность как мои помощники».",sfc_firstKweenMeeting4:Продолжить,
convDefaultGreetingkweenfirstend,DialogOptionSelected,$option == sfc_firstKweenMeeting4,"sfcaddcontact
$askedCommissionedKween = true
FireAll PopulateOptions","«Но довольно об этом. У меня много дел, в которых нужна помощь, и я с радостью буду давать вам работу, как только она появится».

Квин что-то нажимает на ТриПаде за пределами экрана.

«Вот. Итак, хотите обсудить что-то еще, мой помощник?»",,
#END first meeting,,,,,,
#END sfckween,,,,,,
,,,,,,
# sfc kween runi confrontation,,,,,,
,,,,,,
# confrontation time,,,,,,
sfckweenruniconfrontation1a,PopulateKweenRuniConfrontationOneOptions,,"sfcoptionconfirm sfckweenrunilie1 ""Вы ТОЧНО считаете, что солгать здесь - хорошая идея?"" ""Да."" ""Нет.""
sfcoptionconfirm sfckweenrunitruth1 ""Вы ТОЧНО считаете, что сказать здесь правду - хорошая идея?"" ""Да."" ""Нет.""",,"sfckweenrunilie1:Сказать - что вы ничего не знаете.
sfckweenrunitruth1:Сказать - что с вами связывалась Юнифер.",
sfckweenruniconfrontation1lie,DialogOptionSelected,$option == sfckweenrunilie1,"sfcplaymusic
FireAll PopulateOptions
$player.sfcconfrontation = true
$player.sfcruniliedtokween = true","«О? Хм... Похоже, Юнифер стоит напомнить, чтобы не игралась с лабораторным оборудованием. Она всегда такая неуклюжая, знаете?» $Post вздыхает и снова берет себя в руки. «Итак, вам что-то нужно?»",,
sfckweenruniconfrontation1truthbad,DialogOptionSelected,"$option == sfckweenrunitruth1
!$player.sfcruniallowed","$global.runirepurposed = true
$player.sfcconfrontation = true
unset $player.sfckweeninformed
$global.sfcenthralled = true 7
$sfckweenbusy = true 7","«Ах... ха... ха-ха! Она правда это сделала? Сделала!» - смеется Квин, и ее улыбка становится еще шире. «Какая глупая девочка, эта Юнифер! Но не беспокойтесь, $playerName. Я позабочусь, чтобы эта ошибка стала для нее последней». Квин смеется еще несколько секунд, потом успокаивается. «Прошу прощения, мне нужно кое-что сделать. Юнифер давно пора найти новое предназначение. Берегите себя, мой помощник».

После этого канал связи гаснет.",cutCommLink:Разорвать связь,
sfckweenruniconfrontation1truthgood,DialogOptionSelected,"$option == sfckweenrunitruth1
$player.sfcruniallowed","sfcplaymusic
FireAll PopulateOptions
SetPersonHidden sfcruni false
$player.sfcrunicontact = sfckween
unset $player.sfckweeninformed
$player.sfcconfrontation = true
AddTextSmall ""Главный исследователь Квин передала вам контактные данные Юнифер Руни."" highlight","«Ах... ха... ха-ха! Она правда это сделала? Сделала!» - смеется Квин, и ее улыбка становится еще шире. «Какая глупая девочка, эта Юнифер! Если уж она хотела с вами поговорить, могла бы сразу так и сказать». Квин заметно расслабляется, продолжая смотреть на вас. «Что ж, может, разговор пойдет ей на пользу, верно? Вот, я перешлю вам ее контакты. Только не разбейте ей сердце, капитан».

Глаза Квин на мгновение вспыхивают, затем она прочищает горло. «Итак, вам сейчас что-нибудь нужно?»",,
#END confrontation time,,,,,,
,,,,,,
# asking for contact,,,,,,
sfckweenrunicontacthighfavor,DialogOptionSelected,"$option == sfckweenrunicontact
$player.sfckweenfavor >= 3","FireAll PopulateOptions
SetPersonHidden sfcruni false
$player.sfcrunicontact = sfckween
AddTextSmall ""Главный исследователь Квин передала вам контактные данные Юнифер Руни."" highlight","Квин на мгновение смотрит озадаченно, будто не понимая, о чем вы спросили. Но через пару секунд просто улыбается.

«Что ж, вы многое для меня сделали, $playerName. Если хотите беспокоить Юнифер - пожалуйста. Только не стройте надежд, в ней нет ничего особенного. Итак, вам еще что-нибудь нужно?»",,
sfckweenrunicontactlowfavor,DialogOptionSelected,"$option == sfckweenrunicontact
$player.sfckweenfavor < 3",FireAll PopulateSFCKweenRuniContactAskOptions,"Квин на мгновение смотрит озадаченно, будто не понимая, о чем вы спросили.

«Вам нужны контакты Юнифер Руни?» - повторяет она, и ее обычно тревожная улыбка превращается в легкую хмурость. «Зачем, капитан? Такой бесполезной ассистентке незачем отвлекать такого полезного человека, как вы».",,
sfckweenrunicontactoption1,PopulateSFCKweenRuniContactAskOptions,!$sfckweenrunicontactoption1,,,sfckweenrunicontactask1:Сказать - что вы просто хотели узнать - как у нее дела.,
sfckweenrunicontactoption2,PopulateSFCKweenRuniContactAskOptions,!$sfckweenrunicontactoption2,,,sfckweenrunicontactask2:Сказать - что хотите завербовать ее.,
sfckweenrunicontactoption3,PopulateSFCKweenRuniContactAskOptions,,"sfcoptionconfirm sfckweenrunicontactask3 ""Вы ТОЧНО считаете, что ей стоит узнать о вашей прежней лжи?"" ""Да."" ""Нет.""",,sfckweenrunicontactask3:Сказать - что она уже связывалась с вами.,
sfckweenrunicontactoption4,PopulateSFCKweenRuniContactAskOptions,$player.askedaboutruni1,"SetStoryOption sfckweenrunicontactask4 ui_char_spent_story_point_leadership ""Убедили главного исследователя выдать контактные данные.""",,sfckweenrunicontactask4:Сказать - что ее опыт с Iapetus IS-20000 может быть ценным.,
sfckweenrunicontactoption5,PopulateSFCKweenRuniContactAskOptions,,,,sfckweenrunicontactask5:Передумать спрашивать.,
sfckweenrunicontactoption1a,DialogOptionSelected,"$option == sfckweenrunicontactask1
$player.sfckweenfavor >= 2","FireAll PopulateOptions
SetPersonHidden sfcruni false
$player.sfcrunicontact = sfckween
$player.sfcrunicontactasked = true
$sfckweenrunicontactoption1 = true
AddTextSmall ""Главный исследователь Квин передала вам контактные данные Юнифер Руни."" highlight","«Сентиментальность, да?» - замечает Квин, качая головой. «Знаете, такое поведение не очень идет столь трудолюбивому помощнику. И все же... вы сделали для меня немало».

Квин что-то нажимает на ТриПаде за пределами экрана. «Я дам вам ее контакт, но помните, не тратьте время на Юнифер. Она едва ли того стоит. Итак, вам еще что-нибудь нужно?»",,
sfckweenrunicontactoption2a,DialogOptionSelected,"$option == sfckweenrunicontactask2
$player.sfckweenfavor >= 2","FireAll PopulateOptions
SetPersonHidden sfcruni false
$player.sfcrunicontact = sfckween
$player.sfcrunicontactasked = true
$sfckweenrunicontactoption1 = true
AddTextSmall ""Главный исследователь Квин передала вам контактные данные Юнифер Руни."" highlight","Квин разражается необычным смехом, едва вы заканчиваете говорить; главной исследовательнице требуется несколько секунд, чтобы снова взять себя в руки.

«Серьезно? Это же просто нелепо, вы понимаете? Ха... какой же вы забавный помощник. Но, полагаю, вреда не будет, если позволить вам заняться этим бессмысленным делом». Квин нажимает несколько кнопок на ТриПаде вне кадра. «Все же вам лучше забыть о Юнифер. Она едва ли стоит вашего времени. Итак, вам еще что-нибудь нужно?»",,
sfckweenrunicontactoption1b,DialogOptionSelected,"$option == sfckweenrunicontactask1
$player.sfckweenfavor < 2","FireAll PopulateOptions
$sfckweenrunicontactoption1 = true
AdjustRepActivePerson VENGEFUL -5","Квин смотрит на вас после ответа, ее хмурость становится глубже. Она вздыхает и качает головой. «Ну, по крайней мере, вы честны, но ответ - нет. Вам не нужно тратить на нее время, поверьте. Итак, капитан, есть что-то, с чем я могу вам помочь?»",,
sfckweenrunicontactoption2b,DialogOptionSelected,"$option == sfckweenrunicontactask2
$player.sfckweenfavor < 2","FireAll PopulateOptions
$sfckweenrunicontactoption = true
AdjustRepActivePerson VENGEFUL -5","Квин бросает на вас тревожный взгляд, слегка нахмурившись.

«Нет. И я бы не хотела больше слышать столь глупых просьб, капитан $playerName. Напомнить вам ваше положение в Компании? Так... могу ли я помочь вам с чем-то еще?»",,
sfckweenrunicontactoption3a,DialogOptionSelected,$option == sfckweenrunicontactask3,"$global.runirepurposed = true
$player.sfcrunicontactasked = true
$global.sfcenthralled = true 14
$sfcalienatedkween = true 14
AdjustRepActivePerson INHOSPITABLE -25
$player.sfckweenwrath++","Лицо Квин искажается расчетливым гневом, когда она смотрит на вас враждебно.

«О... значит, она все-таки с вами связалась?» - холодно говорит Квин, яростно хмурясь. «Значит, вы мне солгали, капитан. Очень неподобающе. Хм, бедная, бедная Юнифер, похоже, ей удалось вас обвести вокруг пальца. Не волнуйтесь, мой помощник. Я гарантирую, что она больше никогда не станет для вас проблемой».

Прежде чем вы успеваете что-то сказать, канал связи гаснет. У вас возникает тревожное чувство, что вы допустили серьезную ошибку.",cutCommLink:Разорвать связь,
sfckweenrunicontactoption4a,DialogOptionSelected,$option == sfckweenrunicontactask4,"FireAll PopulateOptions
SetPersonHidden sfcruni false
$player.sfcrunicontact = sfckween
$player.sfcrunicontactasked = true
AddTextSmall ""Главный исследователь Квин передала вам контактные данные Юнифер Руни."" highlight","Квин выслушивает ваши доводы и быстро кивает.

«Что ж, если так смотреть, это и правда разумно, пусть она и не командовала этим кораблем уже очень давно», - замечает Квин, что-то нажимая на ТриПаде вне кадра. «Хорошо, я отправила вам ее контакт, но все равно считаю, что по большей части вы зря тратите время. Вам еще что-то от меня нужно?»",,
sfckweenrunicontactoption5a,DialogOptionSelected,$option == sfckweenrunicontactask5,FireAll PopulateOptions,"Хмурость Квин слегка уходит. «Да... это умная мысль. А теперь не беспокойте меня больше этой ерундой, ладно?»",,
#END asking for contact,,,,,,
,,,,,,
# asking to recruit,,,,,,
sfckweenrrunihirehelpstart,DialogOptionSelected,$option == sfckweenrunihirehelp score:100,FireAll PopulateSFCKweenRuniHireAskOptions,"Квин оживляется, когда вы просите ее помочь с наймом Юнифер Руни.

«Что?» - спрашивает Квин. «Это пустая трата времени, капитан. Юнифер - сплошная неудача. Серьезно, вам не кажется, что у вас есть дела поважнее, чем гоняться за списанной со счетов сотрудницей?»",,
sfckweenrunihireoption1,PopulateSFCKweenRuniHireAskOptions,!$sfcrunirecruitoption1asked,,,sfcrunirecruitoption1:Предложить Квин компенсацию за контракт Юнифер.,
sfckweenrunihireoption2,PopulateSFCKweenRuniHireAskOptions,!$sfcrunirecruitoption2asked,,,sfcrunirecruitoption2:Сказать - что навыки Юнифер здесь пропадают зря.,
sfckweenrunihireoption3,PopulateSFCKweenRuniHireAskOptions,"$sfcrunirecruitoption1asked
$sfcrunirecruitoption2asked",,,sfcrunirecruitoption3:Сказать - что Юнифер заслуживает большего - чем роль ассистентки.,
sfckweenrunihireoptionexit,PopulateSFCKweenRuniHireAskOptions,,"SetShortcut sfcrunirecruitoptionexit ""ESCAPE""",,sfcrunirecruitoptionexit:Передумать спрашивать.,
sfckweenrunihireoption1a,DialogOptionSelected,$option == sfcrunirecruitoption1,"$sfcrunirecruitoption1asked = true
FireAll PopulateSFCKweenRuniHireAskOptions
AdjustRepActivePerson SUSPICIOUS -1","«Компенсацию?» - повторяет Квин и коротко смеется. «Ох, бедный глупый капитан, вы думаете, что можете просто выкупить ее у меня за пару кредитов? Какая глупость».",,
sfckweenrunihireoption2a,DialogOptionSelected,$option == sfcrunirecruitoption2,"$sfcrunirecruitoption2asked = true
FireAll PopulateSFCKweenRuniHireAskOptions
AdjustRepActivePerson SUSPICIOUS -2","«Пропадают зря?!» - в шоке отвечает Квин. «Что вы знаете о том, пропадают ли ее навыки? Она отлично помогает мне, значит, ее навыки явно не тратятся впустую, большое спасибо».",,
sfckweenrunihireoption3a,DialogOptionSelected,$option == sfcrunirecruitoption3,"SetPersonHidden sfcruni true
$global.runirepurposed = true
$player.sfcrunicontactasked = true
$global.sfcenthralled = true 7
$sfcalienatedkween = true 7
AdjustRepActivePerson INHOSPITABLE -10","«О».

Квин смотрит на вас пустым взглядом, ее обычная улыбка исчезает.

«То есть вы считаете, что лучше меня знаете, чего Юнифер заслуживает в жизни? Меня, человека, который ее обучал, который сделал ее той, кто она есть сейчас?» - говорит Квин, медленно обнажая зубы. «Думаете, вы лучше того, кто решил, что ее навыки не стоят применения? Это вы хотите сказать, $PlayerName?»

Ее рот искажается в кривой улыбке, а глаза смотрят на вас с явной злобой.

«Что ж, давайте проверим, ладно?»

Прежде чем вы успеваете ответить, канал связи гаснет.",cutCommLink:Разорвать связь,
sfckweenrunihireoptionoutro,DialogOptionSelected,$option == sfcrunirecruitoptionexit score:100,FireAll PopulateKweenOptions,"Квин медленно кивает, продолжая смотреть на вас в упор. «Да... это умная мысль. А теперь не беспокойте меня больше этой ерундой, ладно?»",,
#END asking to recruit,,,,,,
,,,,,,
# officer recruitment,,,,,,
sfckweenofficerrecruit1,PopulateKweenRuniRecruitRepurposedOptions,!$sfckweenrunicontactoption1,"sfcoptionconfirm sfckweenofficerrecruit1 ""Вы хотите принять просьбу?"" ""Да."" ""Нет.""",,sfckweenofficerrecruit1:Принять просьбу.,
sfckweenofficerrecruit2,PopulateKweenRuniRecruitRepurposedOptions,!$sfckweenrunicontactoption2,"sfcoptionconfirm sfckweenofficerrecruit2 ""Вы хотите отклонить просьбу?"" ""Да."" ""Нет.""",,sfckweenofficerrecruit2:Отказать.,
sfckweenofficerrecruit3,PopulateKweenRuniRecruitRepurposedOptions,!$sfckweenrunicontactoption3,,,sfckweenofficerrecruit3:Спросить Квин - что случилось с Юнифер.,
sfckweenofficerrecruit1a,DialogOptionSelected,$option == sfckweenofficerrecruit1,"EndConversation
BeginConversation sfcruni2 true true
ShowSecondPerson sfckween
sfcplaymusic ""runi_encounter_shattered""
FireAll PopulateKweenOfficerRecruitOptions
","Главная исследовательница тихо смеется в ответ на ваши слова. «Хорошо, сейчас ее приведут...»

Вы видите, как рядом с Квин появляется женщина в богато украшенной военной форме; длинные синие волосы закрывают часть лица, и вам виден только один тускло-зеленый глаз.

«Приветствую, капитан-коммандер», - монотонно говорит женщина. «Данный офицер обозначен как Юнифер Руни. Благодарю за принятие запроса данного офицера о прикреплении к вашему флоту».",,
sfckweenofficerrecruit2a,DialogOptionSelected,$option == sfckweenofficerrecruit2,"EndConversation
BeginConversation sfckween true true
FireAll PopulateOptions
$global.sfcenthralled = true
sfcplaymusic","Улыбка главной исследовательницы едва заметно становится еще более искривленной, когда вы отказываетесь принимать еще одного офицера.

«Ох, какая жалость», - говорит Квин с подчеркнуто разочарованной интонацией. «Она говорила, как сильно хочет служить под вашим блестящим командованием. Увы, видимо, не судьба. Она будет так расстроена, но последнее слово за вами».

С губ Квин срывается смешок, после чего она снова берет себя в руки. «Итак, вам еще что-нибудь нужно?»",,
sfckweenofficerrecruit3a,DialogOptionSelected,$option == sfckweenofficerrecruit3,$sfckweenrunicontactoption3 = true,"Главная исследовательница бросает на вас тревожный взгляд.

«Понятия не имею, о чем вы говорите, капитан».",,
sfckweenofficeroptions1,PopulateKweenOfficerRecruitOptions,,,,sfckweenofficer1:Принять Юнифер во флот.,
sfckweenofficeroptions2,PopulateKweenOfficerRecruitOptions,!$sfcofficeraskedskills,,,sfckweenofficer2:Спросить о навыках Юнифер.,
sfckweenofficeroptions3,PopulateKweenOfficerRecruitOptions,!$global.sfcofficerrecruitconfronted,"sfcoptionconfirm sfckweenofficer3 ""Вы хотите выступить против Квин?"" ""Да."" ""Нет.""",,sfckweenofficer3:Потребовать - чтобы Квин сказала - что сделала с Юнифер.,
sfckweenofficeroptions4,PopulateKweenOfficerRecruitOptions,$global.sfcofficerrecruitconfronted,"sfcoptionconfirm sfckweenofficer4 ""Вы хотите отказаться нанимать Юнифер?"" ""Да."" ""Нет.""
sfcoptionconfirm sfckweenofficer5 ""Вы хотите пригрозить Квин?"" ""Да."" ""Нет.""",,"sfckweenofficer4:Отказаться.
sfckweenofficer5:Отказаться и пригрозить сообщить о действиях Квин.",
sfckweenofficeroptions1a,DialogOptionSelected,$option == sfckweenofficer1,"sfcofficeradder sfcruni2
AddTextSmall ""Вы наняли $personName."" highlight
EndConversation
sfcplaymusic
BeginConversation sfckween true true
$global.sfcenthralled = true
FireAll PopulateOptions","Квин улыбается, когда вы принимаете Юнифер Руни в свой флот.

«Отлично!» - говорит Квин, пока Юнифер продолжает безучастно смотреть на вас. «Вы действительно помогаете Юнифер исполнить ее мечты!»

«Благодарю, капитан-коммандер, данный офицер будет служить вам в меру всех своих возможностей», - заявляет Юнифер, после чего уходит из кадра.

Главная исследовательница тихо смеется и снова переводит внимание на вас. «Обещаю, проблем от нее не будет. Итак, вам еще что-нибудь нужно?»",,
sfckweenofficeroptions2a,DialogOptionSelected,$option == sfckweenofficer2,"AddText ""Вы задаете $personName несколько вопросов, чтобы понять, в чем состоят $hisOrHer навыки.""
sfcofficercheck
$sfcofficeraskedskills = true 0
FireAll PopulateKweenOfficerRecruitOptions
unset $sfcofficeraskedskills",,,
sfckweenofficeroptions3a,DialogOptionSelected,$option == sfckweenofficer3,"$global.sfcofficerrecruitconfronted = true
FireAll PopulateKweenOfficerRecruitOptions","Рот главной исследовательницы растягивается в дерзкой ухмылке, пока она смеется.

«О? В чем дело, вам не нравится, что я с ней сделала?» - спрашивает Квин, продолжая смеяться. «Я просто сделала ее более покладистой, чем раньше! Больше не нужно тратить время на ее недостатки или капризы. Остался только очень способный офицер, готовый разбираться с вашими врагами! Вы разве не рады видеть ее такой?»

Пока Квин говорит, Юнифер продолжает пустым взглядом смотреть на вас.",,
sfckweenofficeroptions4a,DialogOptionSelected,$option == sfckweenofficer4,"ShowDefaultVisual
sfcplaymusic
AdjustRepPerson sfckween SUSPICIOUS -5
$global.sfcalienatedkween = true 7
$global.sfcruniremoved = true
$global.sfcenthralled = true","Главная исследовательница в ответ хмурится.

«Серьезно? После всего, что я для вас сделала, вы отвечаете вот так?» - замечает Квин, отталкивая Юнифер в сторону, чтобы на экране осталась только она. «Я делаю вам щедрое предложение, а вы так холодно его отвергаете! Какой позор, капитан, какой позор. Хмф, если вы так решили, пусть будет так. Если у вас нет причин брать Юнифер, у меня тоже нет причин держать ее рядом. Прощайте, $PlayerName».

Прежде чем вы успеваете ответить, канал связи гаснет.",cutCommLink:Разорвать связь,
sfckweenofficeroptions5a,DialogOptionSelected,$option == sfckweenofficer5,"EndConversation
BeginConversation sfckween true true
sfcplaymusic ""music_unknown_encounter_hostile""
$sfcalienatedkween = true 30
$global.sfcruniremoved = true
AdjustRepActivePerson INHOSPITABLE -25
$player.sfckweenwrath++
FireAll PopulateKweenRecruitFinalOptions","В глазах главной исследовательницы появляется тревожный блеск, Квин отталкивает Юнифер в сторону, так что на канале связи остаетесь только вы и Юнрис Квин.

«О?» - начинает Квин тихим, приглушенным голосом. Ее глаза смотрят на вас, как у хищника. «То есть... ты смеешь мне угрожать? Смеешь указывать, что правильно, а что нет? И СМЕЕШЬ думать, что твое слово весит больше моего? Моего?! Главной исследовательницы Sindrian Fuel Company?!»

Вы видите, как изображение на ее стороне дергается, очевидно, она поднимает устройство связи. «Я сделала для этой Компании больше, чем ты вообще способен добиться за сотню циклов! Андрада обязан мне своим продолжающимся существованием! МНЕ! И ТЫ ДУМАЕШЬ, ЧТО МОЖЕШЬ ОТОБРАТЬ ЭТО ВСЕ ТОЛЬКО ПОТОМУ, ЧТО ТЕБЕ НЕ НРАВИТСЯ ТО, ЧТО Я СДЕЛАЛА?!»

Квин обнажает зубы в безумной улыбке. «СКАЖИ МНЕ! ТЫ ПРАВДА ДУМАЕШЬ, ЧТО МОЖЕШЬ МЕНЯ ОСТАНОВИТЬ?»",,
sfckweenofficerfinaloptions1,PopulateKweenRecruitFinalOptions,,,,sfckweenofficerlast1:Сказать Квин - что она безумна.,
sfckweenofficerfinaloptions2,PopulateKweenRecruitFinalOptions,,,,sfckweenofficerlast2:Сказать Квин - что ей это с рук не сойдет.,
sfckweenofficerfinaloptions3,PopulateKweenRecruitFinalOptions,,"sfcoptionconfirm sfckweenofficerlast3 ""Вы хотите оборвать связь сейчас?"" ""Да."" ""Нет.""",,sfckweenofficerlast3:Разорвать связь и связаться с властями.,
sfckweenofficerfinaloptions1a,DialogOptionSelected,"$option == sfckweenofficerlast1
$player.sfckweenwrath < 3","AdjustRepActivePerson INHOSPITABLE -75
$sfcalienatedkween = true 30
$global.sfckweenthinice = true
$global.sfcenthralled","Квин хохочет, не мигая глядя на вас тем же тревожным взглядом.

«Ах, а я ведь думала, что вы лучше остальных дураков, населяющих этот Сектор», - говорит Квин. «Но в итоге вы просто еще один идиот, чей жалкий ум не способен мыслить шире. Как прискорбно. Впрочем, возможно, у вас еще есть шанс стать лучше. Просто запомните... это между нами, $playerName. И поверьте, если вы решите кому-то рассказать наш маленький секрет... скажем так, вы не проживете достаточно долго, чтобы пожалеть о том, что перешли мне дорогу».

Прежде чем вы успеваете ответить, канал связи гаснет.",cutCommLink:Разорвать связь,
sfckweenofficerfinaloptions1aa,DialogOptionSelected,"$option == sfckweenofficerlast1
$player.sfckweenwrath >= 3
!sfcemployee sindrian_diktat","AdjustRepActivePerson VENGEFUL -200
AdjustRep sindrian_diktat HOSTILE -200
SetPersonHidden sfckween true
$global.sfcenthralled
$player.sfcpermaalienatedkween = true
AddTextSmall ""Синдрийская топливная компания теперь враждебна."" highlight","Квин хохочет, не мигая глядя на вас тем же тревожным взглядом.

«Ах, а я ведь думала, что вы лучше остальных дураков, населяющих этот Сектор», - говорит Квин. «Но в итоге вы просто еще один идиот, чей жалкий ум не способен мыслить шире. Как прискорбно. Очень, очень прискорбно. Прощайте, $playerName. Надеюсь, когда Компания разнесет ваш жалкий флот, вашей последней мыслью будет то, что вам не стоило меня предавать».

Прежде чем вы успеваете ответить, канал связи гаснет; ваш рулевой сообщает, что ближайшие патрули Компании начали заряжать оружие.",defaultleave:Разорвать связь и убираться из Асконии.,
sfckweenofficerfinaloptions1aaa,DialogOptionSelected,"$option == sfckweenofficerlast1
$player.sfckweenwrath >= 3
sfcemployee sindrian_diktat","AdjustRepActivePerson VENGEFUL -200
AdjustRep sindrian_diktat HOSTILE -200
SetPersonHidden sfckween true
$global.sfcenthralled
$player.sfcpermaalienatedkween = true
AddTextSmall ""Комиссия Синдрийской топливной компании расторгнута."" highlight","Квин хохочет, не мигая глядя на вас тем же тревожным взглядом.

«Ах, а я ведь думала, что вы лучше остальных дураков, населяющих этот Сектор», - говорит Квин. «Но в итоге вы просто еще один идиот, чей жалкий ум не способен мыслить шире. Как прискорбно. Очень, очень прискорбно. Прощайте, $playerName. Надеюсь, когда Компания разнесет ваш жалкий флот, вашей последней мыслью будет то, что вам не стоило меня предавать».

Прежде чем вы успеваете ответить, канал связи гаснет; ваш рулевой сообщает, что ближайшие патрули Компании начали заряжать оружие.",defaultleave:Разорвать связь и убираться из Асконии.,
sfckweenofficerfinaloptions2a,DialogOptionSelected,"$option == sfckweenofficerlast2
$player.sfckweenwrath < 3","AdjustRepActivePerson INHOSPITABLE -75
$sfcalienatedkween = true 30
$global.sfckweenthinice = true
$global.sfcenthralled","Квин хохочет, не мигая глядя на вас тем же тревожным взглядом.

«О нет, думаю, сойдет, $playerName», - говорит Квин. «Sindrian Fuel Company у меня с рук ест! Без меня они бы не выжили! Думаете, вы можете это разрушить? Ни единого шанса! Так что будьте хорошим маленьким космонавтом и просто идите своей дорогой. И не смейте никому рассказывать об этом. Иначе узнаете, что бывает с теми, кто меня предает».

Прежде чем вы успеваете ответить, канал связи гаснет.",cutCommLink:Разорвать связь,
sfckweenofficerfinaloptions2aa,DialogOptionSelected,"$option == sfckweenofficerlast2
$player.sfckweenwrath >= 3
!sfcemployee sindrian_diktat","AdjustRepActivePerson VENGEFUL -200
AdjustRep sindrian_diktat HOSTILE -200
SetPersonHidden sfckween true
$player.sfcpermaalienatedkween = true
$global.sfcenthralled
AddTextSmall ""Синдрийская топливная компания теперь враждебна."" highlight","Квин хохочет, не мигая глядя на вас тем же тревожным взглядом.

«О нет, думаю, сойдет, $playerName», - говорит Квин. «Sindrian Fuel Company у меня с рук ест! Без меня они бы не выжили! Думаете, вы можете это разрушить? Ни единого шанса! К вашему несчастью, вы не доживете до попытки этого жалкого предательства. Прощайте, $playerName. Пусть вашей последней мыслью будет то, каким идиотом вы были, решив меня предать».

Прежде чем вы успеваете ответить, канал связи гаснет; ваш рулевой сообщает, что ближайшие патрули Компании начали заряжать оружие.",defaultleave:Разорвать связь и убираться из Асконии.,
sfckweenofficerfinaloptions2aaa,DialogOptionSelected,"$option == sfckweenofficerlast2
$player.sfckweenwrath >= 3
sfcemployee sindrian_diktat","AdjustRepActivePerson VENGEFUL -200
AdjustRep sindrian_diktat HOSTILE -200
SetPersonHidden sfckween true
$player.sfcpermaalienatedkween = true
$global.sfcenthralled
AddTextSmall ""Комиссия Синдрийской топливной компании расторгнута."" highlight","Квин хохочет, не мигая глядя на вас тем же тревожным взглядом.

«О нет, думаю, сойдет, $playerName», - говорит Квин. «Sindrian Fuel Company у меня с рук ест! Без меня они бы не выжили! Думаете, вы можете это разрушить? Ни единого шанса! К вашему несчастью, вы не доживете до попытки этого жалкого предательства. Прощайте, $playerName. Пусть вашей последней мыслью будет то, каким идиотом вы были, решив меня предать».

Прежде чем вы успеваете ответить, канал связи гаснет; ваш рулевой сообщает, что ближайшие патрули Компании начали заряжать оружие.",defaultleave:Разорвать связь и убираться из Асконии.,
sfckweenofficerfinaloptions3a,DialogOptionSelected,"$option == sfckweenofficerlast3
sfcemployee sindrian_diktat","ShowDefaultVisual
AdjustRepActivePerson VENGEFUL -200
AdjustRep sindrian_diktat HOSTILE -200
SetPersonHidden sfckween true
$player.sfcpermaalienatedkween = true
$global.sfcenthralled
AddTextSmall ""Комиссия Синдрийской топливной компании расторгнута."" highlight","Вы немедленно разрываете связь и спешите связаться с кем-нибудь еще в Sindrian Fuel Company. К сожалению, все попытки оказываются отклонены.

Через несколько секунд ТриПад подает сигнал. Не успеваете вы проверить сообщение, как с вами связывается рулевой и докладывает, что ваши IFF-коды Компании больше не работают.

Похоже, вы совершили серьезную ошибку.",defaultleave:Разорвать связь и убираться из Асконии.,
sfckweenofficerfinaloptions3aa,DialogOptionSelected,"$option == sfckweenofficerlast3
!sfcemployee sindrian_diktat","ShowDefaultVisual
AdjustRepActivePerson VENGEFUL -200
AdjustRep sindrian_diktat HOSTILE -200
SetPersonHidden sfckween true
$player.sfcpermaalienatedkween = true
$global.sfcenthralled
AddTextSmall ""Синдрийская топливная компания теперь враждебна."" highlight","Вы немедленно разрываете связь и спешите связаться с кем-нибудь еще в Sindrian Fuel Company. К сожалению, все попытки оказываются отклонены.

Через несколько секунд ТриПад подает сигнал. Не успеваете вы проверить сообщение, как с вами связывается рулевой и докладывает, что ближайшие корабли Компании начали заряжать оружие.

Похоже, вы совершили серьезную ошибку.",defaultleave:Разорвать связь и убираться из Асконии.,
#END officer recruitment,,,,,,
#END sfc kween runi confrontation,,,,,,
,,,,,,
# sfc kween ruka confrontation,,,,,,
,,,,,,
# sfc kween fleet defeat response,,,,,,
sfckweenrukadefeatresponse1,DialogOptionSelected,$option == sfckweenrukacaptured1,$sfckweenyenniresolved = true,"Квин молчит после вашего дерзкого заявления, что именно вы стали причиной уничтожения Большого Топливного Флота. Она почти не реагирует даже на то, что адмирал у вас в плену.

«Ха... Ха!» - и затем она начинает смеяться. «Значит, она проиграла! Столько спеси и позерства - и все же проиграла... проиграла!»

После этого главная исследовательница успокаивается, но все еще смотрит на вас тем же тревожным взглядом.

«Итак... что вы планируете делать с Рукой?»","sfckweenrukafate1:Сказать - что планируете нанять ее.
sfckweenrukafate2:Сказать - что планируете вернуть ее Компании.
sfckweenrukafate3:Сказать - что планируете казнить ее.
sfckweenrukafate4:Сказать - что не знаете.",
sfckweenrukadefeatresponse2,DialogOptionSelected,$option == sfckweenrukacaptured2,"$sfckweenyenniresolved = true
FireAll PopulateOptions","«Хммм, вот как?» - замечает Квин.

Вы чувствуете, что ответ ей не понравился, но спустя мгновение главная исследовательница пожимает плечами.

«Полагаю, ничего не поделаешь. Что ж, если узнаете, где адмирал Йенни, сообщите мне. Я просто хочу первой узнавать все, что касается ее. Итак, капитан, вам нужно что-то еще?»",,
sfckweenrukafate1a,DialogOptionSelected,$option == sfckweenrukafate1,"$global.sfckweenrukameeting = true
FireAll PopulateOptions","«О? Вот как? Что ж, если вы действительно собираетесь ее завербовать, могу ли я поговорить с ней, когда у вас будет возможность? Я хочу... попрощаться с ней перед тем, как она начнет новую работу у вас. Это ведь не слишком большая просьба? В любом случае, вам еще что-нибудь нужно от меня?»",,
sfckweenrukafate2a,DialogOptionSelected,$option == sfckweenrukafate2,"$global.sfckweenrukameeting = true
FireAll PopulateOptions","«Вы хотите вернуть ее? Неудачницу? Ммм, надеюсь, вы понимаете, чем обернется провал такого масштаба для столь титулованного офицера, верно? Ах, ну что ж, если таков ваш план, я не могу вас остановить. Однако прежде чем вы отпустите ее, я бы хотела поговорить с ней одну минуту. Разумеется, когда вам будет удобно, капитан. Итак, вам еще что-нибудь нужно?»",,
sfckweenrukafate3a,DialogOptionSelected,$option == sfckweenrukafate3,"$global.sfckweenrukameeting = true
FireAll PopulateOptions","«Все так же смелы, капитан!» - замечает Квин, снова усмехаясь. «Да, именно такая участь, без сомнения, ждала бы ее, вернись она в Компанию после такого провала... Ах, какая жалость, какая трата. Я не стану вас останавливать, если таково ваше желание. Но прошу лишь об одном, позвольте мне поговорить с ней в последний раз. Вы ведь не откажете в такой скромной просьбе? Хотя, возможно, и откажете».

Квин вздыхает. «Итак, вам еще что-нибудь нужно?»",,
sfckweenrukafate4a,DialogOptionSelected,$option == sfckweenrukafate4,"$global.sfckweenrukameeting = true
FireAll PopulateOptions","Улыбка Квин сменяется легкой хмуростью. «Серьезно? И это все? Вы правда не знаете, что делать? Цк, вы меня разочаровываете, капитан. Ну, хотя бы дайте мне с ней поговорить, если вы все равно собираетесь оставить ее просто сидеть и чахнуть. Итак, вам еще что-нибудь нужно?»",,
#END sfc kween fleet defeat response,,,,,,
,,,,,,
# sfc kween ruka meeting,,,,,,
sfckweenrukameetingsetup,DialogOptionSelected,$option == sfckweenyennicontact,"$global.sfckweenrukameetingheld = true
SetStoryOption sfckweenrukameetingoptionsp ui_char_spent_story_point_leadership ""Подслушали закрытую встречу главного исследователя.""","Вы решаете организовать встречу между главной исследовательницей Квин и адмиралом Рукой, как Квин и просила ранее. Услышав, что вы согласились, Квин выглядит весьма довольной. Впрочем, у нее есть еще одна просьба - позволить ей поговорить с Рукой наедине.

Квин настаивает, что встреча займет не более пяти минут.","sfckweenrukameetingoption1:Разрешить Квин провести встречу наедине.
sfckweenrukameetingoption2:Настоять на вашем присутствии при встрече.
sfckweenrukameetingoptionsp:Разрешить встречу и прослушать разговор.",
sfckweenrukameetingoutcome1,DialogOptionSelected,$option == sfckweenrukameetingoption1,"$global.sfcyennitnpkweened = true
sfcyennichanges changeyenniPortrait sfcyenni2","Вы соглашаетесь на условия Квин и, подготовив камеру содержания Руки, оставляете Руке чистый ТриПад. Убедившись, что Квин подключилась с другой стороны, вы выходите из камеры, но ждете снаружи вместе с парой охранников.

Когда проходят пять минут, вы заходите проверить результат. К вашему удивлению, Рука сидит на койке, а выданный ей ТриПад лежит на полу. Один из охранников пытается привлечь внимание Руки, но адмирал смотрит вперед пустым взглядом. Оставив Руку одну, вы снова связываетесь с Квин.",sfckweenrukameetingoutro:Продолжить.,
sfckweenrukameetingoutcome2,DialogOptionSelected,$option == sfckweenrukameetingoption2,"sfcoptionconfirm sfckweenrukameetingoption1 ""Вы хотите согласиться?"" ""Да."" ""Нет.""
sfcoptionconfirm sfckweenrukameetingoption2b ""Вы хотите отказаться?"" ""Да."" ""Нет.""","Квин хмурится, услышав, что вы хотите присутствовать на встрече. Она вздыхает и качает головой.

«Прошу прощения, капитан, но я настаиваю, чтобы вы позволили мне поговорить с адмиралом Йенни наедине. Если вы не готовы удовлетворить эту простую просьбу, к сожалению, встреча не состоится».","sfckweenrukameetingoption1:Согласиться на условия Квин.
sfckweenrukameetingoption2b:Отказаться.",
sfckweenrukameetingoutcomesp,DialogOptionSelected,$option == sfckweenrukameetingoptionsp,$global.sfckweenrukaspiedonmeeting = true,"Вы соглашаетесь на условия Квин, но по пути к камере содержания адмирала Йенни приказываете одному из офицеров связи подключиться к каналу и вывести разговор вам.

Обеспечив камеру и выдав адмиралу ТриПад, вы подтверждаете подключение Квин и оставляете их наедине. Ожидая за дверью, вы быстро достаете свой ТриПад и начинаете слушать разговор.",sfckweenrukameetingpart1:Продолжить.,
sfckweenrukameetingpart1,DialogOptionSelected,$option == sfckweenrukameetingpart1,"sfcplaymusic ""music_unknown_high""
ShowSecondPerson sfcyenni","«Адмирал Йенни», - говорит Квин сухим и профессиональным тоном. «Надеюсь, вы в порядке».

«Настолько, насколько здесь вообще возможно, главная исследовательница», - отвечает Рука с привычной уверенностью. «Жаль, что здесь считают уместным кормить меня лишь базовым пайком, а не обычными изысками, которых заслуживает адмирал моего уровня».

«Да, об этом», - продолжает Квин, и ее тон меняется. «Похоже, вы все-таки потерпели поражение. Прискорбно».

Рука ненадолго замолкает. «Я-я...»",sfckweenrukameetingpart2:Продолжить.,
sfckweenrukameetingpart2,DialogOptionSelected,$option == sfckweenrukameetingpart2,,"Профессионализм сменяется холодной жесткостью, и Квин продолжает. «Когда я использовала связи, чтобы поставить вас во главе того флота, Рука, вы обещали, что будете способнее остальных. Что именно вы - правильный выбор для усиления нашей роли в Компании. И что в итоге? Провал».

«К-Квин, я-» - пытается ответить Рука, но ее обрывают.

«Провал», - повторяет Квин.

«Н-нет, я-я, я не-»

«Провал».

Голос Руки срывается, вы слышите, как ее дыхание учащается. «П-пожалуйста, я-»

«Ваши услуги больше не требуются, Рука. Прощайте».

Квин отключается, и вы слышите, как в комнате содержания ТриПад падает на пол.",sfckweenrukameetingpart3:Продолжить.,
sfckweenrukameetingpart3,DialogOptionSelected,$option == sfckweenrukameetingpart3,"sfcyennichanges changeyenniPortrait sfcyenni2
BeginConversation sfcyenni
$global.sfcyennitnpkweened = true","Убедившись у офицера связи, что Квин больше не в канале, вы входите в камеру содержания. Там вы видите дрожащую Руку, бормочущую что-то себе под нос. Подойдя ближе, чтобы поднять ТриПад с пола, вы различаете, что повторяет адмирал.

«Провал».",sfckweenrukameetingoutrosp:Снова связаться с Квин.,
sfckweenrukameetingoutoutroresponsea,DialogOptionSelected,$option == sfckweenrukameetingoutro,FireAll PopulateOptions,"Вы снова связываетесь с Квин, и вас сразу встречает ее жуткая улыбка.

«Спасибо за это, капитан», - говорит главная исследовательница с ухмылкой. «Больше проблем с адмиралом Йенни у вас не будет. Итак, вам нужно от меня что-то еще?»",,
sfckweenrukameetingoutoutroresponseb,DialogOptionSelected,$option == sfckweenrukameetingoption2b,"AdjustRepActivePerson VENGEFUL -10
$global.sfckweenrukameetingheld = true
$sfcalienatedkween = true 7
$player.sfckweenwrath++","«Хмф, значит, вот как?» - слышно ворчит Квин. «Что ж, раз вы так упорно хотите быть грубым, нам сегодня больше не о чем говорить. Доброго дня, капитан».

Прежде чем вы успеваете ответить, канал связи гаснет.",cutCommLink:Разорвать связь.,
sfckweenrukameetingoutoutroresponsesp,DialogOptionSelected,$option == sfckweenrukameetingoutrosp,"BeginConversation sfckween
FireAll PopulateOptions","Вы снова связываетесь с Квин, и вас сразу встречает ее жуткая улыбка.

«Спасибо за это, капитан», - говорит главная исследовательница с ухмылкой. «Больше проблем с адмиралом Йенни у вас не будет. Итак, вам нужно от меня что-то еще?»",,
#END sfc kween ruka meeting,,,,,,
#END sfc kween ruka confrontation,,,,,,
,,,,,,
# sfc kween ziggurat tree,,,,,,
,,,,,,
# ziggurat first interaction,,,,,,
sfckweenzigguratscan1a,DialogOptionSelected,"$option == sfckweeninspection1
!$player.sfcscannedziggurat",,"Квин заметно ошарашена вашей откровенностью; ее обычный настороженный вид на миг сменяется искренним удивлением.

«Впечатляет. Очень впечатляет», - говорит главная исследовательница. «Удивительно, как вам вообще удалось заполучить такое в свои руки».

Квин улыбается, ее глаза мерцают из-под визора. «Кстати, вы ведь не будете против, если я просканирую корабль?»","sfckweenscan1:Разрешить сканирование.
sfckweenscan2:Запретить сканирование.",
sfckweenzigguratscan1b,DialogOptionSelected,"$option == sfckweeninspection1
$player.sfcscannedziggurat",,"Квин заметно ошарашена вашей откровенностью; ее обычный настороженный вид на миг сменяется искренним удивлением.

«Впечатляет. Очень впечатляет», - говорит главная исследовательница. «Удивительно, как вам вообще удалось заполучить такое в свои руки».

Квин улыбается, ее глаза мерцают из-под визора. «Кстати, вы ведь не будете против, если я просканирую корабль?»","sfckweenscan1:Разрешить сканирование.
sfckweenscan2:Запретить сканирование.
sfckweenscan3:Сообщить Квин - что Компания уже проводила сканирование.",
sfckweenzigguratscan1aa,DialogOptionSelected,"$option == sfckweeninspection2
!$player.sfcscannedziggurat",,"Квин смотрит на вас с явным любопытством. «То есть просто дрейфовал в космосе? Слишком уж эффектный корабль для такой 'случайной находки'».

«Тогда, если вы не против, я бы хотела провести более подробное сканирование и понять, что это за корабль. Уверена, вы не будете возражать, да?»","sfckweenscan1:Разрешить сканирование.
sfckweenscan2:Запретить сканирование.",
sfckweenzigguratscan1bb,DialogOptionSelected,"$option == sfckweeninspection2
$player.sfcscannedziggurat",,"Квин смотрит на вас с явным любопытством. «То есть просто дрейфовал в космосе? Слишком уж эффектный корабль для такой 'случайной находки'».

«Тогда, если вы не против, я бы хотела провести более подробное сканирование и понять, что это за корабль. Уверена, вы не будете возражать, да?»","sfckweenscan1:Разрешить сканирование.
sfckweenscan2:Запретить сканирование.
sfckweenscan3:Сообщить Квин - что Компания уже проводила сканирование.",
sfckweenzigguratscan1aaa,DialogOptionSelected,"$option == sfckweeninspection3
!$player.sfcscannedziggurat",AdjustRepActivePerson SUSPICIOUS -1,"Квин слегка раздражена вашим ответом, но все же сохраняет внешнее спокойствие.

«Хорошо... тогда я сейчас просто просканирую этот корабль», - говорит она. «Думаю, такой корабль точно стоит проверить, верно? Нельзя же позволять неизвестному судну летать по пространству Компании, не выяснив, что это такое».","sfckweenscan1:Разрешить сканирование.
sfckweenscan2:Запретить сканирование.",
sfckweenzigguratscan1bbb,DialogOptionSelected,"$option == sfckweeninspection3
$player.sfcscannedziggurat",AdjustRepActivePerson SUSPICIOUS -1,"Квин слегка раздражена вашим ответом, но все же сохраняет внешнее спокойствие.

«Хорошо... тогда я сейчас просто просканирую этот корабль», - говорит она. «Думаю, такой корабль точно стоит проверить, верно? Нельзя же позволять неизвестному судну летать по пространству Компании, не выяснив, что это такое».","sfckweenscan1:Разрешить сканирование.
sfckweenscan2:Запретить сканирование.
sfckweenscan3:Сообщить Квин - что Компания уже проводила сканирование.",
sfckweenzigguratscan2a,DialogOptionSelected,$option == sfckweenscan1,"$player.sfckweenscannedziggurat = true
$sfckweenzigguratinspected = true
SetStoryOption sfckweenscannedsp ui_char_spent_story_point_leadership ""Подделали сканирование, выполненное главным исследователем.""","Последнее, что вы видите, прежде чем главная исследовательница исчезает из связи, - ее улыбка. Вскоре после этого ваш офицер сенсоров докладывает о начавшемся сканировании корабля.

«Сканируются все системы, капитан», - сообщает офицер. «Что бы ни делала эта исследовательница, это куда тщательнее обычной проверки. Даже такой экзотический корабль может не скрыться от настолько полного сканирования».","sfckweenscanned1:Позволить сканированию завершиться.
sfckweenscanned2:Сбить сканирование серией сенсорных импульсов.
sfckweenscannedsp:Приказать перевести корабль в минимальный режим работы.",
sfckweenzigguratscan2aa,DialogOptionSelected,$option == sfckweenscanned1,"FireAll PopulateOptions
AdjustRepActivePerson COOPERATIVE 5
$player.sfckweenfavor++","Вы позволяете сканированию завершиться и приказываете офицеру сенсоров сообщить, если произойдет что-то еще. По истечении мучительно долгого времени Квин снова выходит на связь.

«Готово», - говорит Квин с широкой улыбкой. «Спасибо за сотрудничество, капитан. Позже я с удовольствием изучу эти данные. Итак, вам нужно что-то еще?»",,
sfckweenzigguratscan2b,DialogOptionSelected,"$option == sfckweenscan2
!sfcemployee sindrian_diktat","$sfckweenzigguratinspected = true
AdjustRepActivePerson SUSPICIOUS -5
$sfcalienatedkween = true 1","Главная исследовательница хмурится, когда вы отказываетесь от сканирования Ziggurat. Впрочем, Квин выглядит лишь слегка раздраженной.

«Ну и ладно», - замечает Квин, коротко вздыхая. «Если вы действительно не хотите, чтобы я сканировала ваш корабль, пусть так. В любом случае я занята, так что будьте добры, уходите».

Прежде чем вы успеваете ответить, канал связи гаснет.",cutCommLink:Разорвать связь,
sfckweenzigguratscan2bb,DialogOptionSelected,"$option == sfckweenscan2
sfcemployee sindrian_diktat","$sfckweenzigguratinspected = true
AdjustRepActivePerson SUSPICIOUS -5
AdjustRep sindrian_diktat SUSPICIOUS -1
$sfcalienatedkween = true 7","Главная исследовательница бросает на вас сердитый взгляд, нахмурив брови. «... Вы отказываете в запросе вашего начальства, капитан? Надеюсь, вы понимаете, что это нарушение контракта».

Юнрис Квин скрещивает руки на груди, не скрывая недовольства. «Это неподчинение не забудется, надеюсь, вы это понимаете?»

Прежде чем вы успеваете ответить, канал связи гаснет.",cutCommLink:Разорвать связь,
sfckweenzigguratscan2c,DialogOptionSelected,"$option == sfckweenscanned2
!sfcemployee sindrian_diktat","$sfckweenzigguratinspected = true
AdjustRepActivePerson SUSPICIOUS -10
AdjustRep sindrian_diktat SUSPICIOUS -5
$sfcalienatedkween = true 7","Вы приказываете офицеру сенсоров задействовать все возможные сенсорные методы, чтобы сбить сканирование. Пинги и передачи уходят с безрассудной частотой, и вскоре Квин снова появляется на связи.

«Капитан!» - кричит Квин, хмурясь. «Если вы собираетесь вести себя так, то прекрасно! Нужно было просто сказать, что не хотите сканировать свой драгоценный корабль. Цк, вы ведете себя как ребенок, знаете?»

Прежде чем вы успеваете ответить, канал связи гаснет.",cutCommLink:Разорвать связь,
sfckweenzigguratscan2cc,DialogOptionSelected,"$option == sfckweenscanned2
sfcemployee sindrian_diktat","$sfckweenzigguratinspected = true
AdjustRepActivePerson INHOSPITABLE -20
AdjustRep sindrian_diktat SUSPICIOUS -5
$global.sfcalienatedkween = true 14
$player.sfckweenwrath++
","Вы приказываете офицеру сенсоров задействовать все возможные сенсорные методы, чтобы сбить сканирование. Пинги и передачи уходят с безрассудной частотой, и вскоре Квин снова появляется на связи.

«Капитан!» - кричит Квин в ярости. «Хватит! Это неподчинение будет зафиксировано».

Прежде чем вы успеваете ответить, канал связи гаснет.",cutCommLink:Разорвать связь,
sfckweenzigguratscansp,DialogOptionSelected,$option == sfckweenscannedsp,"$sfckweenzigguratinspected = true
AdjustRepActivePerson SUSPICIOUS -1
FireAll PopulateOptions","Вы приказываете отключить все чувствительные функции Ziggurat и перевести корабль в минимальный рабочий режим. Пока свет тускнеет и сканирование продолжается, вы невольно задерживаете дыхание. Спустя вечность, как вам кажется, Квин снова выходит на связь.

«Хрмм... странно. Я ожидала большего», - замечает Квин, пристально глядя на вас. «Хмф, ладно, ладно. Забудем пока об этом. Итак, вам еще что-нибудь нужно, капитан?»",,
#END ziggurat first interaction,,,,,,
,,,,,,
# ziggurant taken,,,,,,
sfckweenziggurattaken1a,DialogOptionSelected,"$option == sfckweenziggurattaken
!$sfckweenscannedziggurat","$sfcaskedkweenaboutziggurat = true
FireAll PopulateOptions","«О? Вы отдали свой шикарный корабль Sindrian Fuel Company? И теперь хотите его вернуть?» - Квин смеется. «К сожалению, к этому моменту он, вероятно, уже давно исчез. Если бы мне достался такой интересный корабль, как вы говорите, я бы уже покинула систему и улетела подальше».

Квин вздыхает. «Вам правда стоит осторожнее выбирать, кому вы отдаете свои дорогие игрушки, $playerName».",,
sfckweenziggurattaken1b,DialogOptionSelected,"$option == sfckweenziggurattaken
$sfckweenscannedziggurat
$player.sfckweenfavor < 3","$sfcaskedkweenaboutziggurat = true
FireAll PopulateOptions","«Ziggurat? Тот самый эффектный корабль, которым вы недавно щеголяли?» - спрашивает Квин. «Как жаль. Сканы, что я успела сделать, показали, что корабль действительно впечатляющий. Я надеялась попросить еще сканов, но, похоже, теперь это уже невозможно».

Главная исследовательница вздыхает. «Боюсь, ваш корабль уже не вернуть. В следующий раз стоит осторожнее передавать экспериментальные боевые корабли незнакомцам, которые заявляют, что работают на Компанию. Честно говоря, скорее всего они вовсе на Компанию не работали!»",,
sfckweenziggurattaken1c,DialogOptionSelected,"$option == sfckweenziggurattaken
$sfckweenscannedziggurat
$player.sfckweenfavor >= 3","$sfcaskedkweenaboutziggurat = true
sfcaddship sfchydria_Pressure true
FireAll PopulateOptions","«Ziggurat? Тот самый эффектный корабль, которым вы недавно щеголяли?» - спрашивает Квин. «Как жаль. Сканы, что я успела сделать, показали, что корабль действительно впечатляющий. Я надеялась попросить еще сканов, но, похоже, теперь это уже невозможно».

После этого главная исследовательница начинает печатать на ТриПаде вне кадра. «Так, посмотрим, не засекли ли мои сканы что-то конкретное. Такой корабль едва ли должен оказаться в чьих-то руках, кроме ваших, капитан. Чудес не обещаю, но если узнаю, куда делся ваш корабль, обязательно сообщу вам при первой возможности. И, кстати, возьмите один из моих фазовых эсминцев. Полноценной заменой он не станет, но для начала сойдет, верно?»",,
#END ziggurant taken,,,,,,
#END sfc kween ziggurat tree,,,,,,
,,,,,,
# sfc kween janus tree,,,,,,
sfckweenjanusdevice1a,DialogOptionSelected,"$option == sfckweenjanusinspection1
",,"Вы быстро излагаете Квин подробности об устройстве Janus, и главная исследовательница, кажется, ловит каждое ваше слово. Когда вы заканчиваете, ее улыбка становится шире, и она тихо усмехается.

«Похоже, с тех пор как меня изгнали из Галатийской академии, там занялись весьма интересными вещами», - замечает Квин. «Что ж, раз вы так любезно рассказали, что именно у вас есть, вы же не будете против сканирования, которое я прямо сейчас провожу, верно?»

Прежде чем вы успеваете что-то сказать, офицер сенсоров сообщает, что флот уже находится под сканированием. Все это время Квин смотрит на вас своим привычным тревожным взглядом.","sfckweenjanusinspection1aa:Разрешить сканирование.
sfckweenjanusinspection1bb:Сбить сканирование серией сенсорных импульсов.",
sfckweenjanusdevice1b,DialogOptionSelected,"$option == sfckweenjanusinspection2
",AdjustRepActivePerson SUSPICIOUS -1,"Квин хмурится в ответ на ваши слова.

«Вот как? Что ж, тогда, надеюсь, вы не будете против, если я проведу сканирование чуть тщательнее, просто для надежности».

Прежде чем вы успеваете ответить, офицер сенсоров сообщает об активном сканировании вашего флота. Тем временем хмурость Квин снова превращается в ту самую тревожную улыбку.","sfckweenjanusinspection1aa:Разрешить сканирование.
sfckweenjanusinspection1bb:Сбить сканирование серией сенсорных импульсов.",
sfckweenjanusdevice2a,DialogOptionSelected,$option == sfckweenjanusinspection1aa,"FireAll PopulateOptions
AdjustRepActivePerson COOPERATIVE 5
$player.sfckweenfavor++
$sfckweenjanusinspected = true","Вы приказываете флоту не вмешиваться, пока сканирование продолжается. Через несколько долгих минут Квин нарушает тишину.

«Что ж, спасибо за это, капитан! Данные и правда очень интересные... Итак, могу ли я еще чем-нибудь помочь?»",,
sfckweenjanusdevice2b,DialogOptionSelected,$option == sfckweenjanusinspection1bb,"AdjustRepActivePerson SUSPICIOUS -5
AdjustRep sindrian_diktat SUSPICIOUS -1
$sfcalienatedkween = true 7
$sfckweenjanusinspected = true","Вы приказываете офицеру сенсоров сделать все возможное, чтобы сорвать сканирование. Начинается быстрая смена собственных сенсорных режимов, сигналов бедствия и слабых импульсов интердикции, и лицо Квин меняется на разочарованное.

«Капитан!» - кричит Квин. «Если вы собираетесь вести себя так, то прекрасно! Нужно было просто сказать, что не хотите сканирования флота. Цк, вы ведете себя как ребенок, знаете?»

Прежде чем вы успеваете ответить, канал связи гаснет.",cutCommLink:Разорвать связь,
#END sfc kween janus tree,,,,,,
,,,,,,
# sfc kween siren after,,,,,,
sfckweensirenafter1,PopulateKweenSirenOptions,,,,"sfckweensiren1a:Сказать - что бой был тяжелым.
sfckweensiren1b:Сказать - что вам приходилось и хуже.
sfckweensiren1c:Потребовать - чтобы Квин рассказала - что она сделала с Sierra.",
sfckweensirenafter1a,DialogOptionSelected,$option == sfckweensiren1a,"sfcplaymusic
FireAll PopulateOptions
$global.sfcsirenaftertalk = true","«Ха, вы и правда смелы, $playerName. Полагаю, флот, которому поручили работать с этой машиной, оказался не самого высокого уровня Компании. Но не важно, это было впечатляющее зрелище, не так ли? Такое массовое подчинение целой ударной группы, и все по воле одной машины. Вам не кажется, что это...""

Жуткая улыбка Квин становится еще шире, ее изумрудные глаза сияют под визором.

«... завораживает? Ах, ну что ж, что сделано, то сделано. Я надеялась, что вам удастся вернуть ту машину, но, пожалуй, не стоило ожидать слишком многого от вольного капитана. Итак... вам от меня что-нибудь нужно?»",,
sfckweensirenafter1b,DialogOptionSelected,$option == sfckweensiren1b,"sfcplaymusic
FireAll PopulateOptions
$global.sfcsirenaftertalk = true","«Цк, цк, цк, а я-то думала, что флот, к которому я прикрепила ту машину, был обычного уровня. Если у вас возникли такие трудности в бою с ними, возможно, Компания наконец наняла более компетентных людей. Или, может, вы командовали вполпьяна, м?»

Квин мрачно хихикает и затем вздыхает. «Ну и ладно, жаль машину, но я уверена, что найду еще. Итак, вам что-нибудь нужно, $PlayerName?»",,
sfckweensirenafter1c,DialogOptionSelected,$option == sfckweensiren1c,"sfcplaymusic
FireAll PopulateOptions
$global.sfcsirenaftertalk = true","Взгляд Квин становится еще жестче, ее перекошенная улыбка принимает иную форму.

«Какой требовательный, $playerName. Я лишь делала то, что сделал бы любой хороший ученый. Я изучала, а затем решила проверить пределы. Это моя работа. Вы ведь не станете винить меня за то, что я выполняю свою работу, верно? Вы сделали свою работу, уничтожив врага, а я сделала свою, чтобы узнать, на что способна та машина. В итоге мы оба в выигрыше, разве нет? Но я понимаю... что ж, ничего. В конечном счете важно, что в итоге все сработало».

Улыбка главной исследовательницы снова становится относительно безобидной, и она коротко смеется. «Ах, ну что ж. Итак, вам что-нибудь нужно от меня?»",,
#END sfc kween siren after,,,,,,
,,,,,,
# sfckween ai core turn in,,,,,,
#aiCores_disableTurnInOptionKween,DisableTurnInCoresOptionIfNeeded,"$id == sfckween score:1000
!AICores playerHasCores","SetTooltip aiCores_startTurnInKween ""У вас нет ИИ-ядер.""
SetEnabled aiCores_startTurnInKween false",,,
aiCores_disableTurnInOptionKween,DisableTurnInKweenCoresOptionIfNeeded,"$id == sfckween score:1000
!sfckweenturnin playerHasAllowedItem","SetTooltip aiCores_startTurnInKween ""У вас нет ИИ-ядер.""
SetEnabled aiCores_startTurnInKween false",,,
aiCores_turnInOptionKween,PopulateOptions,"$isPerson
$id == sfckween score:1000
sfcreltrack -25 100",FireBest DisableTurnInKweenCoresOptionIfNeeded,,15:aiCores_startTurnInKween:Сдать ИИ-ядра Квин.,
aiCores_turnInOptionSelKween,DialogOptionSelected,$option == aiCores_startTurnInKween,FireAll PopulateCoresTurnInOptionsKween,"$Post $personLastName, кажется, загорается от восторга, услышав ваши слова.

«ИИ-ядра? Вот до чего я давно пыталась добраться... то есть, хотела утилизировать как положено. Да, можете передать их мне, и я прослежу, чтобы они были... 'утилизированы надлежащим образом'».",,
aiCores_playerHasOptionKween,PopulateCoresTurnInOptionsKween,,,,0:aiCores_selectCoresKween:Выбрать ИИ-ядра для сдачи,
aiCores_neverMindOptionKween,PopulateCoresTurnInOptionsKween,,,,100:aiCores_neverMindKween:Передумать сдавать ИИ-ядра.,
aiCores_neverMindOptionSelectedKweenEmployee,DialogOptionSelected,"$option == aiCores_neverMindKween
sfcemployee sindrian_diktat","AdjustRepActivePerson SUSPICIOUS -2
AdjustRep sindrian_diktat SUSPICIOUS -1
FireAll PopulateOptions","Взгляд $Post слегка мерцает, когда она наклоняется ближе к экрану.

«Ах... раз вы сотрудник Sindrian Fuel Company, вы ведь понимаете, что обязаны передавать любые материалы по моему запросу, верно? Так что будьте хорошим сотрудником и передайте ядра».
OR
Улыбка $Post становится шире, когда она наклоняется ближе к экрану.

«Капитан, вы и я оба знаем, что это ложь. Очень смелая ложь, но все же ложь. Как ваш руководитель, я вправе требовать передачу любых материалов, о которых попрошу. Это прописано в вашем контракте. Так что спрошу еще раз. Где. Эти. Ядра?»
OR
$Post слегка наклоняет голову и издает тревожный смешок.

«Вы в этом так уверены? Вы ведь не пытаетесь меня обмануть, правда? Потому что я знаю, что у вас есть ИИ-ядра, капитан. Так почему бы вам не быть хорошим сотрудником и не передать их? Вы же не пытаетесь намеренно вывести меня из себя, да?»
OR
$Post слегка подается вперед, отражение света на затемненных защитных очках скрывает от вас ее глаза.

«Знаете, я могу прямо сейчас приказать остановить и обыскать ваши корабли, учитывая, что вы сотрудник Компании. Но я не настолько груба. А вот вы, капитан... вы ведь будете хорошим помощником и передадите свои ядра, верно?»

$personLastName широко ухмыляется, и ее пронзительный взгляд снова встречается с вашим. «Верно?!»",,
aiCores_neverMindOptionSelectedKween,DialogOptionSelected,"$option == aiCores_neverMindKween
!sfcemployee sindrian_diktat",FireAll PopulateOptions,"$Post хмурится, наклоняясь ближе к экрану.

«О? ИИ-ядер нет?»",,
aiCores_turnInOptionSelectedKween,DialogOptionSelected,$option == aiCores_selectCoresKween,sfckweenturnin selectItems,,,
aiCores_turnInResponseDefaultKweenLow,AICoresTurnedInKweenLow,,FireAll PopulateOptions,"$Post $personLastName хмурится. «Этого явно недостаточно, капитан. Мне нужно больше... больше!»
OR
$Post $personLastName разочарованно качает головой. «Так мало ядер, такой скромный улов! Вы ведь ничего не утаиваете, капитан?»",,
aiCores_turnInResponseDefaultKween,AICoresTurnedInKween,,FireAll PopulateOptions,"$Post $personLastName ухмыляется, когда приказ на передачу завершен. Вскоре на ТриПад приходит уведомление о зачислении кредитов на ваш счет.
OR
«О да, вот так...» - говорит $Post $personLastName, пока вы подтверждаете передачу, и ваш ТриПад сигналит о переводе оговоренной суммы кредитов.",,
#END sfckween ai core turn in,,,,,,
,,,,,,
# sfckween card turn in,,,,,,
Tarkov_disableTurnInOptionKween,DisableTurnInTarkovOptionIfNeeded,"$id == sfckween score:1000
!sfckweencores playerHasTarkov","SetTooltip Tarkov_startTurnInKween ""У вас нет ключ-карт. Возможно, какой-нибудь случайный флот патеров оставит одну после боя.""
SetEnabled Tarkov_startTurnInKween false",,,
Tarkov_turnInOptionKween,PopulateOptions,"$isPerson
$id == sfckween score:1000
sfcreltrack -25 100
sfccheckmodid uaf",FireBest DisableTurnInTarkovOptionIfNeeded,,15:Tarkov_startTurnInKween:Передать ключ-карты Квин.,
Tarkov_turnInOptionSelKween,DialogOptionSelected,$option == Tarkov_startTurnInKween,FireAll PopulateTarkovTurnInOptionsKween,"«Ключ-карты, $playerName? Хмм, я слышала, что в Персеанском секторе в последнее время всплывают эти странные штуки. Похоже, это связано с необычными показаниями, которые я недавно фиксировала в лаборатории. Если связь есть, я с удовольствием их изучу».
OR
«Интригующе! По слухам, в этих ключ-картах хранится действительно важная информация. Если я смогу их вскрыть, это может привести к крупному прорыву. Скажу так, передайте мне несколько таких карт, и я их изучу».",,
Tarkov_playerHasOptionKween,PopulateTarkovTurnInOptionsKween,,,,0:Tarkov_selectCoresKween:Выбрать ключ-карты для передачи,
Tarkov_neverMindOptionKween,PopulateTarkovTurnInOptionsKween,,,,100:Tarkov_neverMindKween:Передумать передавать ключ-карты.,
Tarkov_turnInOptionSelectedKween,DialogOptionSelected,$option == Tarkov_selectCoresKween,sfckweencores selectKeycard,,,
Tarkov_turnInResponseDefaultKween,TarkovTurnedInKween,,"#AdjustRep ""uaf"" VENGEFUL -5
FireAll PopulateOptions","$Post $personLastName ухмыляется, когда нужные предметы передаются. В этот момент вы слышите странный сигнал от карт. Надеемся, это ничего не значит.
OR
«Ах, какие тайны вы раскроете сегодня?» - говорит $Post $personLastName, пока вы подтверждаете передачу. ТриПад сигналит о переводе оговоренных кредитов, а затем издает еще один странный пинг. Наверное, ничего важного. Наверное.",,
Tarkov_nevermindOptionSelectedKweenEmployee,DialogOptionSelected,"$option == Tarkov_neverMindKween
sfcemployee sindrian_diktat","AdjustRepActivePerson SUSPICIOUS -2
AdjustRep sindrian_diktat SUSPICIOUS -1
FireAll PopulateOptions","$Post хмурится, наклоняясь ближе к экрану.

«Вы НЕ собираетесь передавать карты? Но я ваш руководитель, $playerName. Значит, я могу приказать вам это сделать, вы ведь понимаете?»
OR
«Хмм... прискорбно. Но не менее прискорбно и то, что я ваш руководитель, так что передайте карты как хороший маленький сотрудник».
OR
«Мы правда будем играть в эту игру, $playerName? Как ваш руководитель, я приказываю вам передать ключ-карты. Вы должны быть рады уже тому, что я все еще готова вам платить».",,
Tarkov_nevermindOptionSelectedKween,DialogOptionSelected,"$option == Tarkov_neverMindKween
!sfcemployee sindrian_diktat",FireAll PopulateOptions,"$Post хмурится, наклоняясь ближе к экрану.

«О? Ключ-карт нет? Вы уверены?»
OR
«Точно у вас нет при себе ключ-карт? Потому что сканеры говорят обратное...»
OR
«Мы точно будем играть в эту игру, $playerName? Никто не любит, когда его дразнят».",,
,,,,,,
proComDeliverGreetingNotEnoughkween,PickGreeting,"$proCom_needsCommodity score:1000
Call $proCom_ref updateData
!$proCom_playerHasEnough
$player.metsfckween
$id == sfckween
$faction.id == sindrian_diktat
!$entity.isHostile","ShowPersonVisual
SetTextHighlights $proCom_quantity
FireAll PopulateOptions","«Вы здесь, чтобы доставить $proCom_quantity ед. $proCom_commodityName? Тогда почему мои грузовые сканеры показывают, что у вас нет того, что мне нужно?»

Улыбка $personLastName слегка тускнеет, а ее сверкающие глаза будто пытаются прожечь экран насквозь.

«Тогда зачем вы здесь?» - спрашивает $heOrShe.
OR
«Я ожидаю груз ровно в $proCom_quantity ед. $proCom_commodityName», - говорит $personLastName, читая с датапада. «Доставка в полном объеме». Затем $HeOrShe наконец поднимает взгляд. «Именно на таких условиях».",,
proComDeliverGreetingkween,PickGreeting,"$proCom_needsCommodity score:1000
Call $proCom_ref updateData
$proCom_playerHasEnough
$player.metsfckween
$id == sfckween
$faction.id == sindrian_diktat
!$entity.isHostile","ShowPersonVisual
SetTextHighlights $proCom_quantity $proCom_pricePerUnit","$personName окидывает вас хищной ухмылкой. «Товар у вас. И его можно разгружать - как и было согласовано, $proCom_quantity ед. по $proCom_pricePerUnit за единицу?»
OR
$personName осматривает вас, и ее пронзительные зеленые глаза словно пытаются пройти сквозь экран. «Что ж, капитан, рада, что вы прибыли». Затем $HisOrHer взгляд уходит на вспомогательный дисплей. «Мои грузовые сканеры показывают, что у вас ровно то, что мне нужно, все $proCom_quantity ед. Идем по согласованной цене $proCom_pricePerUnit за единицу. И не беспокойтесь о патрулях безопасности. Просто скажите им, что этого потребовала $personLastName».","proCom_deliver:Передать $proCom_commodityName
cutCommLink:Разорвать связь",
proComDeliverCompletedkween,ProComCompletedText,$id == sfckween,,"$HeOrShe кивает. «Спасибо, что вы такой хороший помощник».
OR
«Хорошо. Очень хорошо», - $heOrShe издает тревожный смешок. «Сейчас так трудно найти хорошую помощь».
OR
«Спасибо за доставку, $playerName». $HeOrShe отмечает подтверждение на датападе и снова смотрит на вас. «Ваш вклад не забудут».",,
#END sfckween card turn in,,,,,,
,,,,,,
# sfckweentalktree,,,,,,
kweentalkcompliment,PopulateKweenTalkOptions,$id == sfckween score:1000,,,kweentalkcompliment:Похвалить Квин.,
kweentalkinsult,PopulateKweenTalkOptions,$id == sfckween score:1000,,,kweentalkinsult:Оскорбить Квин.,
kweentalkreturn,PopulateKweenTalkOptions,$id == sfckween score:1000,"SetShortcut kweentalkreturn ""ESCAPE""",,kweentalkreturn:Назад.,
,,,,,,
kweentalkcomplimentres,DialogOptionSelected,$option == kweentalkcompliment,"$sfckweentalk = true 14
AdjustRepActivePerson WELCOMING 1
FireAll PopulateKweenOptions","«Ах да, хвалите меня. Именно этого я и заслуживаю».
OR
«Вижу, вы распознаете мой гений как он есть. Хорошо».
OR
«Думаете, лесть далеко вас заведет? Что ж, возможно, так и будет».
OR
«Умный ход, да? Всегда важно признавать тех, кто выше вас».
OR
«Наука не останавливается ни для кого, но ради ваших слов сделает короткую паузу».",,
kweentalkinsultres,DialogOptionSelected,$option == kweentalkinsult,"$sfckweentalk = true 14
AdjustRepActivePerson SUSPICIOUS -2
FireAll PopulateKweenOptions","«Интересно, кто-нибудь будет скучать, если вы вдруг исчезнете?»
OR
«Какой же у вас жалкий ум. Так быстро судите».
OR
«Я не стану тратить время на такую чушь».
OR
«Простак, да? А я думала, после Балаши уже все подобные закончились».
OR
«Вы просто завидуете, не так ли?»",,
kweentalkreturnres,DialogOptionSelected,$option == kweentalkreturn,FireAll PopulateKweenOptions,,,
#END sfckweentalktree,,,,,,
,,,,,,
# sfckweengifttree,,,,,,
kweenasklobster,PopulateKweenGiftOptions,"$id == sfckween score:1000
!PlayerHasCargo lobster",,,kweenasklobster:Спросить Квин - что она думает о Volturnian Lobster.,
kweengiftlobster,PopulateKweenGiftOptions,"$id == sfckween score:1000
PlayerHasCargo lobster",,,kweengiftlobster:Предложить Квин Volturnian Lobster.,
kweengiftlobsterplush,PopulateKweenGiftOptions,"$id == sfckween score:1000
PlayerHasCargo sfcgift6",,,kweengiftlobsterplush:Подарить Квин плюшевого Volturny.,
kweenaskdrinks,PopulateKweenGiftOptions,"$id == sfckween score:1000
!PlayerHasCargo ii_wine
!PlayerHasCargo red_water",,,kweenaskdrinks:Спросить Квин о ее любимых напитках.,
kweengiftiiwine,PopulateKweenGiftOptions,"$id == sfckween score:1000
PlayerHasCargo ii_wine",,,kweengiftwine:Предложить Квин бутылку вина.,
kweengifthmiwater,PopulateKweenGiftOptions,"$id == sfckween score:1000
PlayerHasCargo red_water",,,kweengiftredwater:Предложить Квин бутылку red water.,
kweenasksweets,PopulateKweenGiftOptions,"$id == sfckween score:1000
!PlayerHasCargo uaf_bakery_choco_lava
!PlayerHasCargo ocua_cookies",,,kweenasksweets:Спросить Квин - какие десерты ей нравятся.,
kweengiftuafcake,PopulateKweenGiftOptions,"$id == sfckween score:1000
PlayerHasCargo uaf_bakery_choco_lava",,,kweengiftclc:Предложить Квин Choco Lava Cake.,
kweengiftcookies,PopulateKweenGiftOptions,"$id == sfckween score:1000
PlayerHasCargo ocua_cookies
#!$player.offeredkweencookies",,,kweengiftcookies:Предложить Квин коробку печенья.,
kweengiftreturn,PopulateKweenGiftOptions,$id == sfckween score:1000,"SetShortcut kweengiftreturn ""ESCAPE""",,kweengiftreturn:Назад.,
,,,,,,
kweenasklobsterrep,DialogOptionSelected,$option == kweenasklobster,"$sfckweengifted = true 3
FireAll PopulateKweenOptions","«Лобстеры? Вы правда собираетесь тратить мое время на такую ерунду?»
OR
«То, что я работаю в Компании, продающей лобстеров, еще не значит, что я по ним фанатею».",,
kweengiftlobsterrep,DialogOptionSelected,$option == kweengiftlobster,"$sfckweengifted = true 7
AdjustRepActivePerson NEUTRAL 1
AddRemoveCommodity lobster -1 true
FireAll PopulateKweenOptions","«О. Volturnian Lobster», - говорит $personLastName слегка натянутым голосом. «Мой... любимый».

Кажется, подарок ее совсем не впечатлил.
OR
«... Спасибо, я... сохраню это на потом, наверное».

Кажется, подарок ее совсем не впечатлил.",,
kweengiftlobsterplushrep,DialogOptionSelected,$option == kweengiftlobsterplush,"$sfckweengifted = true 14
AdjustRepActivePerson COOPERATIVE 5
AddRemoveCommodity sfcgift6 -1 true
FireAll PopulateKweenOptions","«Плюшевый?» - $personLastName смотрит на вас немного странно, пока вы отправляете ей плюшевого Volturny. Получив игрушку, она будто бы слегка улыбается.

По крайней мере, вам кажется, что это улыбка. Но, похоже, ей и правда понравилось. Наверное.",,
kweenaskdrinksrep,DialogOptionSelected,$option == kweenaskdrinks,"$sfckweengifted = true 3
FireAll PopulateKweenOptions","«Ах, я люблю хорошее вино. Особенно красное. По-настоящему лучшее из лучшего».
OR
«Капитан, вы хотите угостить меня чем-нибудь? Хех, если да, хорошее красное вино вполне подойдет. Или что-нибудь еще... красное».",,
kweengiftiiwinerep,DialogOptionSelected,$option == kweengiftwine,"$sfckweengifted = true 14
AdjustRepActivePerson FRIENDLY 5
AddRemoveCommodity ii_wine -1 true
FireAll PopulateKweenOptions","«Ох, дорогой вкус, да? Вы, случайно, не ждете, что я поделюсь?»
OR
«Хорошее вино, да? Пытаетесь меня расположить? Что ж, может, это и сработает».",,
kweengifthmiwaterrep,DialogOptionSelected,$option == kweengiftredwater,"$sfckweengifted = true 14
AdjustRepActivePerson FRIENDLY 5
AddRemoveCommodity red_water -1 true
FireAll PopulateKweenOptions","$personLastName издает тревожный смешок. «Вы довольно смелы, знаете? Что ж, я обязательно оценю этот подарок в свободное время».
OR
«Разве прилично подсовывать наркотики невинной молодой леди вроде меня?» - $personLastName широко ухмыляется. «Но да, спасибо за подарок, капитан».",,
kweenasksweetsrep,DialogOptionSelected,$option == kweenasksweets,"$sfckweengifted = true 3
FireAll PopulateKweenOptions","«Шоколад, капитан. Я люблю шоколад. И если вы собираетесь дарить мне шоколад, пусть это будет лучшее, что есть».
OR
«Я всегда предпочитала шоколад, капитан. Почему спрашиваете? Хотите купить мне что-нибудь? Пытаетесь завоевать мое расположение сладостями? Что ж... посмотрим, достаточно ли вы смелы для этого».",,
kweengiftuafcakerep,DialogOptionSelected,$option == kweengiftclc,"$sfckweengifted = true 14
AdjustRepActivePerson FRIENDLY 5
AddRemoveCommodity uaf_bakery_choco_lava -1 true
FireAll PopulateKweenOptions","«Шоколадный лава-кейк, говорите? Что ж, я не против чего-нибудь сладкого. Присылайте».
OR
«Ах, сладкий и вкусный шоколадный торт. Не переживайте, я не съем его весь сразу».
OR
«А это откуда именно? Хмм... похоже, мне стоит запланировать туда небольшую деловую поездку».",,
kweengiftcookiesrep,DialogOptionSelected,$option == kweengiftcookies,"$sfckweengifted = true 14
AdjustRepActivePerson FRIENDLY 5
AddRemoveCommodity ocua_cookies -1 true
FireAll PopulateKweenOptions","«О, коробка Oculian cookies? Пытаетесь подсадить меня? Цк, цк, как дьявольски с вашей стороны... но от такого вкусного я не откажусь».
OR
«Хочу, чтобы вы знали, я отлично понимаю, что именно Ouclians добавляют в это печенье. Так что не беспокойтесь, я не стану слишком жадной до него. Хотя... еще одну коробку я бы не отвергла, капитан».
OR
«Подкупаете меня печеньем? Вы за ребенка меня держите? Ну хоть молока в следующий раз предложите, ладно?»",,
kweengiftreturnrep,DialogOptionSelected,$option == kweengiftreturn,FireAll PopulateKweenOptions,,,
#END sfckweengifttree,,,,,,
,,,,,,
# sfckweenpeopletreeresponse,,,,,,
kweenpeopleresponsplayerlow,DialogOptionSelected,"$option == kweenpeopleplayer
sfcreltrack -100 0",,"«У вас есть ближайшие родственники? Из вас вышел бы отличный подопытный».
OR
«$playerName, вы когда-нибудь задумывались, заметит ли кто-то, если вы просто исчезнете?»
OR
«У меня полно тестов, которые нужно провести. Насколько быстро вы бегаете, $playerName?»",,
kweenpeopleresponsplayernormal,DialogOptionSelected,"$option == kweenpeopleplayer
sfcreltrack 0 25",,"«Хмм... вы все еще живы, и это хорошо».
OR
«Интересно, вы будете хорошим помощником или плохим?»
OR
«Вам нравится наука, $playerName?»",,
kweenpeopleresponsplayerhigh,DialogOptionSelected,"$option == kweenpeopleplayer
sfcreltrack 25 70",,"«Надо же, вы все еще живы. Очень хорошо. Очень, очень хорошо».
OR
«Вы довольно шустры, не так ли, $playerName».
OR
«Продолжайте давать нужные мне результаты, и продолжите получать награды».",,
kweenpeopleresponsplayerveryhigh,DialogOptionSelected,"$option == kweenpeopleplayer
sfcreltrack 70 100",,"«Вы были таким хорошим подопытным, знаете?»
OR
«Мои эксперименты еще никогда не были столь успешны. Вам стоит гордиться собой, $PlayerName».
OR
«С вашей помощью великий горизонт науки стал еще ближе. Однажды я... нет. Однажды мы увидим, на что действительно способно человечество».",,
kweenpeopleresponseandrada,DialogOptionSelected,$option == kweenpeopleandrada,,"«Ах, Андрада. Такой интересный человек. Когда я впервые его встретила, он искал любую помощь, чтобы его мечта сбылась. А теперь? Теперь он не ставит мне никаких ограничений в исследованиях. А взамен получает все мои успехи. Отличная сделка, не находите, $playerName?»",,
kweenpeopleresponsemacario,DialogOptionSelected,$option == kweenpeoplemacario,,"«Ммм, какой же конфликтный этот Макарио. Вечно сует нос не в свое дело. Если бы кто-нибудь пришел и прихлопнул этого коварного паука, это бы в целом пошло Компании на пользу».",,
kweenpeopleresponsemann,DialogOptionSelected,"$option == kweenpeoplemann
!$player.sfcmannbetrayed",,"«Маннфред такой... занятный. Он делает хорошую работу для Компании, но в последние годы слишком ограничен мелким масштабом мышления. Корабли должны быть больше, лучше, сильнее, быстрее! Ах, я скучаю по временам, когда он еще двигал границы возможного в кораблестроении. Тогда я почти считала его равным себе. Ну что ж, может, однажды его блеск снова засияет хотя бы немного похоже на мой».",,
kweenpeopleresponsemannbetrayed,DialogOptionSelected,"$option == kweenpeoplemann
$player.sfcmannbetrayed",,"«Маннфред в последнее время изменился. Он точно уже не улыбается так часто, как раньше. Вы что-то с ним сделали, $playerName?»",,
kweenpeopleresponsebalashi,DialogOptionSelected,$option == kweenpeoplebalashi,,"«Бедный, бедный Балаши. Он так спешит хвалить Андраду, что даже не понимает, каким посмешищем себя выставляет. Но он упрямо держится. Возможно, именно поэтому Андрада и держит его рядом. Такой клоун, как он, точно кого-то смешит. Меня, например, когда я вижу его выходки».",,
kweenpeopleresponsebaird,DialogOptionSelected,$option == kweenpeoplebaird,,"«Провост Галатийской академии - точно не тот человек, с которым стоит ссориться. Но Бэрдом я восхищаюсь. Пусть я и предпочитаю более прямые методы решения проблем, я все равно уважаю людей, готовых на все ради продвижения науки. Жаль, что мне закрыт путь в Академию уже больше двадцати циклов. Я бы с удовольствием познакомилась с новым провостом».",,
kweenpeopleresponsekanta,DialogOptionSelected,$option == kweenpeoplekanta,,"«Значит, вы встретили саму печально известную Джориен Канту? Представьте, сколько тайн скрыто в этом стареющем разуме. Только подумать, она жива почти с самого начала Коллапса... Ах, но я бы не смогла так. Вся эта кибернетика, все эти замененные части... она, может, и жива, но осталась ли под этим всем человеком?»",,
kweenpeopleresponseisceleste,DialogOptionSelected,$option == kweenpeopleisceleste,,"«Хрмм... Каэда, Каэда, Каэда Селест... где же я раньше слышала это имя? Кажется, я сталкивалась с ним еще во времена Галатийской академии. Или где-то еще? А, неважно, кто бы это ни был, звучит ужасно скучно».",,
kweenpeopleresponsesfcrunihavebad,DialogOptionSelected,"$option == kweenpeoplesfcruni
$global.sfcenthralled
sfcrunichanges yuniferChecker",,"«Скажите, капитан, надеюсь, у Юнифер все хорошо? Без сомнения, она быстро усваивает все важные вещи, необходимые флотскому офицеру».
OR
«Ах, еще раз спасибо, что забрали Юнифер с моих рук. Я уже начинала от нее уставать. По крайней мере, теперь она делает с жизнью что-то более полезное».
OR
«Не забудьте поблагодарить меня за всю мою тяжелую работу, капитан. Уверена, Юнифер прекрасно вписалась в ваш флот, верно?»",,
kweenpeopleresponsesfcrunihave,DialogOptionSelected,"$option == kweenpeoplesfcruni
sfcrunichanges yuniferChecker",,"«Ох, капитан... вы уже устали от Юнифер? Если она вам больше не нужна, я с радостью заберу ее обратно».
OR
«Капитан, неужели вы еще не устали от... недостатков Юнифер? Я могу помочь исправить такие вещи».
OR
«Юнифер ведь вам не мешает, капитан? Можете не лгать мне, знаете ли».",,
kweenpeopleresponsesfcruni,DialogOptionSelected,$option == kweenpeoplesfcruni,$player.askedaboutruni1 = true,"«Юнифер?» - Квин вздыхает, когда вы называете это имя. «Вы правда настаиваете, чтобы говорить о ней? Хорошо, хорошо, если уж так хотите».

«Юнифер должна была стать капитаном Iapetus IS-20000. Она усердно работала, чтобы быть способной к такому командованию. К сожалению, Sindrian Fuel Company решила перечеркнуть эти мечты. И теперь она лишь одна из моих ассистенток. Скука смертная. Знаете, она часто спрашивает о вас, все интересуется, как там IS-20000. Ах, какая же она надоедливая».",,
kweenpeopleresponsereturn,DialogOptionSelected,$option == kweenpeoplereturn,FireAll PopulateKweenOptions,,,
#END sfckweenpeopletreeresponse,,,,,,
,,,,,,
# sfckweenpeopletree,,,,,,
kweenpeopleme,PopulateKweenPeopleOptions,$id == sfckween score:1000,,,kweenpeopleplayer:Спросить о себе,
kweenpeopleandrada,PopulateKweenPeopleOptions,$id == sfckween score:1000,,,kweenpeopleandrada:Спросить о Верховном Руководителе Филлипе Андраде,
kweenpeoplemacario,PopulateKweenPeopleOptions,"$id == sfckween score:1000
$player.metMacario",,,kweenpeoplemacario:Спросить об исполнительном менеджере Долосе Макарио,
kweenpeoplemann,PopulateKweenPeopleOptions,"$id == sfckween score:1000
$player.metsfcmann",,,kweenpeoplemann:Спросить о ведущем разработчике Маннфреде,
kweenpeoplebalashi,PopulateKweenPeopleOptions,"$id == sfckween score:1000
$player.gotAndradaBook",,,kweenpeoplebalashi:Спросить о помощнике секретаря Балаши,
kweenpeoplebaird,PopulateKweenPeopleOptions,"$id == sfckween score:1000
$global.metBaird",,,kweenpeoplebaird:Спросить о провосте Бэрде,
kweenpeoplekanta,PopulateKweenPeopleOptions,"$id == sfckween score:1000
$player.metKanta",,,kweenpeoplekanta:Спросить о Канте,
kweenpeopleisceleste,PopulateKweenPeopleOptions,"$id == sfckween score:1000
$player.metEISCeleste",,,kweenpeopleisceleste:Спросить о Каэде Селест,
kweenpeoplesfcruni,PopulateKweenPeopleOptions,"$id == sfckween score:1000
$player.metsfcruni
!$global.runirepurposed
",,,kweenpeoplesfcruni:Спросить о Юнифер,
kweenpeoplereturn,PopulateKweenPeopleOptions,$id == sfckween score:1000,"SetShortcut kweenpeoplereturn ""ESCAPE""",,kweenpeoplereturn:Назад,
#END sfckweenpeopletree,,,,,,
,,,,,,
# sfckweendialoguetree,,,,,,
convokweenStart,PopulateOptions,$id == sfckween score:1000,,,conversekween:Поговорить,
convokweenList,DialogOptionSelected,$option == conversekween,FireAll PopulateKweenOptions,,,
convokweenoption1,PopulateKweenOptions,"!$askedCommissionedKween
$id == sfckween score:1000
RepGTE $faction.id WELCOMING
$faction.id == sindrian_diktat",,,kweenOptionCommissioned:Спросить Квин - есть ли у нее для вас работа.,
convokweendc1,PopulateKweenOptions,$ondc1 == true,,,sfc_ondc1option:Сообщить Квин о статусе вашей миссии,
sfckweenhaulercheck,PopulateKweenOptions,"SFCGateHaulerCheck
$id == sfckween score:1000
$talkedGatehauler == false",SetOptionColor sfchaulerkweenstart highlight,,sfchaulerkweenstart:Поговорить с Квин о Gatehauler,
sfckweenhaulerresponse,DialogOptionSelected,$option == sfchaulerkweenstart,"$talkedGatehauler = true
FireAll PopulateKweenOptions",Проверка Gatehauler работает. Слава мододелам!,,
sfckweenrukafatestart,PopulateKweenOptions,"$id == sfckween score:1000
$global.sfc_fateOfRuka
$madeRukaDecision == false","SetOptionColor sfcrukakweenstart highlight
sfcoptionconfirm sfcrukakweenstart ""Вы правда хотите решить судьбу Руки?"" ""Да"" ""Нет""",,sfcrukakweenstart:Поговорить с Юнрис Квин о судьбе Руки Йенни,
sfckweensierrastarta,PopulateKweenOptions,"$id == sfckween score:1000
sfcsierra
!$sfckweenmetsierra
!$global.sfcsierraconvincedmannfred","SetOptionColor sfcsierrakweenstart ""205,155,255,255""",,sfcsierrakweenstart:Представить Sierra Юнрис Квин,
sfckweensierrastartb,PopulateKweenOptions,"$id == sfckween score:1000
sfcsierra
!$sfckweenmetsierra
$global.sfcsierraconvincedmannfred","SetOptionColor sfcsierrakweenstart ""205,155,255,255""
sfcoptionconfirm sfcsierrakweenstart ""Вы правда хотите познакомить Sierra с Квин?"" ""Да."" ""Нет.""",,sfcsierrakweenstart:Представить Sierra Юнрис Квин.,
sfckweenmayflystart1,PopulateKweenOptions,"$player.askedsfcspying
!$player.sfctoldsfcaboutmayfly
$id == sfckween score:1000","sfcoptionconfirm sfckweenmayflystart ""Вы хотите сообщить Юнрис Квин о Mayfly?"" ""Да."" ""Нет.""",,sfckweenmayflystart:Сообщить Квин о Mayfly.,
sfckweenmayflymissionsuccess,PopulateKweenOptions,"$player.sfckweenmayflysuccess
!$player.sfcmayflyboom
$id == sfckween score:1000",,,sfckweenmayflysuccess:Сообщить Квин о миссии Mayfly.,
sfckweenmayflymissionfail,PopulateKweenOptions,"$player.sfckweenmayflyfailed
$id == sfckween score:1000",,,sfckweenmayflyfail:Сообщить Квин о миссии Mayfly.,
sfckweenmayflymissionfailb,PopulateKweenOptions,"$player.sfckweenmayflysuccess
$player.sfcmayflyboom
$id == sfckween score:1000",,,sfckweenmayflyfail:Сообщить Квин о миссии Mayfly.,
sfckweenrunicontactrequest,PopulateKweenOptions,"$id == sfckween score:1000
$player.sfcruniliedtokween
!$global.sfcrunifirstgreeting
!$player.sfcrunicontactasked",,,sfckweenrunicontact:Попросить Квин дать вам контакт Руни.,
sfckweenrunihirerequest,PopulateKweenOptions,"$id == sfckween score:1000
$player.triedtohireruniearly
!$player.hiredsfcruni
!$global.runirepurposed",,,sfckweenrunihirehelp:Попросить Квин помочь с вербовкой Юнифер.,
sfckweenyennicontactrequest,PopulateKweenOptions,"$id == sfckween score:1000
$global.sfckweenrukameeting
!$global.sfcrukahandled
!$global.sfckweenrukameetingheld",,,sfckweenyennicontact:Организовать встречу между Квин и Рукой.,
sfckweenzigguratsurrendered,PopulateKweenOptions,"$player.sfcgaveawayziggurat
!$sfcaskedkweenaboutziggurat
!$player.sfczigguratresolved",,,sfckweenziggurattaken:Сообщить Квин - что флот Топливной компании Синдрии захватил Ziggurat.,
convoKweenChat,PopulateKweenOptions,$id == sfckween score:1000,,,chatkween:Поболтать,
convoKweenChatResponses,DialogOptionSelected,$option == chatkween,,"«Мне постоянно говорят, что я зря исследую все новые способы делать корабли больше и лучше. Я слышу это снова и снова - зачем нам один большой корабль, если можно собрать несколько меньших? Так почему мне не делать корабли крупнее и мощнее? Думаете, Iapetus - самый большой корабль, над которым я работала? Ха, эти глупцы даже не представляют...»
OR
«Как бы ни были вкусны все лобстеры, что можно съесть, иногда хочется чего-то другого. Нельзя бесконечно есть одних лобстеров, рано или поздно от них начинает мутить. Только не говорите об этом Балаши, а то у него случится инфаркт. Хотя, может, и скажите. Хоть на день-два замолчит».
OR
«В следующий раз, когда будете исследовать окраины сектора, принесите мне что-нибудь стоящее для исследований. Говорят, там полно артефактов эпохи Доминиона, которые только и ждут, чтобы их нашли. Безопасность? Вас заботит безопасность? Вам бы брать пример с меня и послать безопасность куда подальше. Осторожность еще никого не продвинула вперед».
OR
«Эй, в следующий раз, когда увидите толпу патеров на тех дурацких кораблях, которые они смеют называть Prometheus, не забудьте загнать reaper-торпеду им прямо в глотки. Эти патеры не узнали бы хороший вкус, даже если бы он вцепился им в шею».
OR
«О, у меня тут недавно появился новый исследовательский проект, и мне бы пригодился помощник. Не переживайте, я покалечила всего-то около 25% добровольцев, что мне помогали. К тому же сами виноваты, что двигались недостаточно быстро».",,
convokweenoption1.2,PopulateKweenOptions,"!$kweenhullmodget
$id == sfckween score:1000
sfcreltrack 25 100",,,kweenOptionhullmod:Спросить о текущих исследованиях Квин.,
convokweenoption1.22,PopulateKweenOptions,"sfccheckmodid ""nexerelin"" score:1000
!$kweenprisonerhelpask
$id == sfckween score:1000
sfcreltrack 50 100",,,kweenOptionprisoners:Спросить Квин - нужна ли ей помощь.,
convokweenoption1.222a,PopulateKweenOptions,"$kweenprisonerhelpask
!$kweenprisonergive
$id == sfckween score:1000
PlayerHasCargo prisoner","SetTooltip kweenOptionprisonersgive ""Передать Квин ценного пленника за 50000 кредитов.""
SetTooltipHighlights kweenOptionprisonersgive 50000",,kweenOptionprisonersgive:Передать Квин одного из ваших ценных пленных.,
convokweenoption1.222b,PopulateKweenOptions,"$kweenprisonerhelpask
$kweenprisonergive
$id == sfckween score:800
PlayerHasCargo prisoner","sfcwaittime ""$kweenprisonergive"" ""$kweenprisonergiveDGS""
SetTooltip kweenOptionprisonersgive2 ""Вы недавно передали Квин ценного пленника. Подождите $kweenprisonergiveDGS.""
SetTooltipHighlights kweenOptionprisonersgive2 $kweenprisonergiveDGS
SetEnabled kweenOptionprisonersgive2 false",,kweenOptionprisonersgive2:Передать Квин одного из ваших ценных пленных.,
convokweenoption1.2222a,PopulateKweenOptions,"$kweenprisonerhelpask
$kweenprisonergive
$id == sfckween score:600
!PlayerHasCargo prisoner","SetTooltip kweenOptionprisonersgivenone ""У вас нет ценного пленника для передачи Квин.""
SetEnabled kweenOptionprisonersgivenone false",,kweenOptionprisonersgivenone:Передать Квин одного из ваших ценных пленных.,
convokweenoption1.3de,PopulateKweenOptions,"sfccheckmodid ""Diktat Enhancement"" score:1000
!$kweeniapetusship
$id == sfckween score:1000
sfcreltrack 95 100",,,kweenOptioniapetusde:Спросить - над какими кораблями Квин работала для Компании.,
convokweenoptionmotepurchase,PopulateKweenOptions,"$player.sfcshuphasereceived
!$player.sfcpurchasedmote
$id == sfckween score:1000
$player.credits >= 100000
","sfcoptionconfirm kweenOptionpurchasemote ""Вы хотите купить Mote Megacondenser?"" ""Да."" ""Нет.""",,kweenOptionpurchasemote:Купить Mote Megacondenser (1000000 кредитов),
convokweenoptionmotepurchasecant,PopulateKweenOptions,"$player.sfcshuphasereceived
!$player.sfcpurchasedmote
$id == sfckween score:1000
$player.credits < 100000","SetTooltip kweenOptionpurchasemote2 ""У вас недостаточно кредитов.""
SetEnabled kweenOptionpurchasemote2 false",,kweenOptionpurchasemote2:Купить Mote Megacondenser (1000000 кредитов),
convokweenoption1.3,PopulateKweenOptions,"!sfccheckmodid ""Diktat Enhancement"" score:1000
!$kweeniapetusship
$id == sfckween score:1000
sfcreltrack 95 100
",,,kweenOptioniapetus:Спросить - над какими кораблями Квин работала для Компании.,
convokweenoption2,PopulateKweenOptions,$id == sfckween score:1000,,,kweenOptionPeople:Спросить Квин о ком-нибудь.,
convokweenoption2.1,PopulateKweenOptions,"!$sfckweengifted
sfcreltrack -25 100",,,kweenOptionGift:Подарить Квин подарок.,
convokweenoption2.2,PopulateKweenOptions,"$sfckweengifted
sfcreltrack -25 100","sfcwaittime ""$sfckweengifted"" ""$sfckweengiftedDGS""
SetTooltip kweenOptionGift2 ""Вы недавно уже выбирали этот вариант. Подождите $sfckweengiftedDGS.""
SetTooltipHighlights kweenOptionGift2 $sfckweengiftedDGS
SetEnabled kweenOptionGift2 false",,kweenOptionGift2:Подарить Квин подарок.,
convokweenoption2.3,PopulateKweenOptions,"!$sfckweentalk
$id == sfckween score:1000",,,kweenOptiontalk:Сказать что-нибудь еще...,
convokweenoption2.4,PopulateKweenOptions,"$sfckweentalk
$id == sfckween score:1000","sfcwaittime ""$sfckweentalk"" ""$sfckweentalkDGS""
SetTooltip kweenOptiontalk2 ""Вы недавно уже выбирали этот вариант. Подождите $sfckweentalkDGS.""
SetTooltipHighlights kweenOptiontalk2 $sfckweentalkDGS
SetEnabled kweenOptiontalk2 false",,kweenOptiontalk2:Сказать что-нибудь еще...,
convokweenoption3,PopulateKweenOptions,$id == sfckween score:1000,"SetShortcut kweenOptionMenu ""ESCAPE""",,kweenOptionMenu:Назад,
kweenhighrelations,DialogOptionSelected,"$option == kweenOptionCommissioned
$id == sfckween score:1000","sfcaddcontact
$askedCommissionedKween = true
FireAll PopulateKweenOptions","$Post $PersonName заметно оживляется, и вы видите, как $himOrHer подается ближе к экрану.

«О, вы предлагаете помощь? Отлично, так редко встретишь человека, который настолько готов продвигать дело науки. Знаете, наши предшественники не думали о правилах безопасности, когда прокладывали путь научному прогрессу. А сейчас? Кругом эти 'правила' и 'ограничения' о том, что можно и чего нельзя». $PersonName вздыхает. «По крайней мере, здесь мой гений признают и не сковывают, в отличие от всех тех несчастных по всему Персеанскому сектору. Только подумать, сколько исследований душат самоуверенные невежды».

$Post переводит $hisOrHer внимание куда-то вне кадра, а на ваш датапад приходят контактные данные.

«Итак, $playerName, я жду от вас хороших результатов! Мы обязательно достигнем этого чудесного научного горизонта, и к черту любого, кто посмеет встать у нас на пути».",,
kweenhullmod,DialogOptionSelected,$option == kweenOptionhullmod,"$kweenhullmodget = true
FireAll PopulateOptions
sfcaddhullmod sfcantiengine","«Сейчас я работаю над улучшением корабельных двигателей с использованием антиматерии. На некоторых проектах они уже стоят, но я пытаюсь сделать их проще для адаптации к другим кораблям флота. Вы так хорошо помогали, что можете взять себе проектную документацию. Мне пригодится больше людей, которые испытают эти двигатели в деле. Только не ждите, что я возмещу убытки, если вы в процессе разнесете свои корабли».",,
kweenprisonerhelp,DialogOptionSelected,$option == kweenOptionprisoners,"$kweenprisonerhelpask = true
$global.sfckweengiveprisoner = true
FireAll PopulateOptions
AddTextSmall ""Главный исследователь Квин теперь будет принимать передачу ценных пленников."" highlight","«Помощь? Хрмм... между нами, здесь и правда туго с хорошими помощниками. Все больше заняты тем, чтобы кому-то угодить, а не делом. Так что вот что. Почему бы вам не найти мне подходящих людей?»

При этой мысли Квин заметно улыбается.

«Неважно, где вы их добудете, но я уверена, в секторе хватает капитанов с правильной головой на плечах. Так что если наткнетесь на парочку, смело передавайте их мне. Я щедро компенсирую ваши усилия. А если они не смогут помочь мне своим разумом... у меня есть и другие способы применить их во имя науки».",,
kweenprisonertransfer,DialogOptionSelected,$option == kweenOptionprisonersgive,"$kweenprisonergive = true 15
AdjustRepActivePerson COOPERATIVE 5
AddRemoveCommodity credits 50000 true
AddRemoveCommodity prisoner -1 true
FireAll PopulateKweenOptions","Вы заполняете документы на перевод пленного и подписываете их. На своей стороне Квин жутковато ухмыляется, когда перевод подтверждается.

«Спасибо, $playerName. Уверена, этот человек не разочарует меня так, как предыдущие».
OR
Квин жутковато улыбается, когда пленного официально передают под ее контроль.

«Отлично! Вот ваша компенсация за перевод, $playerName. И еще раз спасибо за вклад в науку».",,
kweeniapetusde,DialogOptionSelected,$option == kweenOptioniapetusde,FireAll PopulateKweenIapetusOptions,"Глаза $personLastName вспыхивают тревожным блеском, а улыбка на ее лице превращается в хищную ухмылку.

«Да, конечно, и должна сказать, есть один шедевр, над которым мне довелось поработать с огромным удовольствием. И все же, несмотря на все мои труды, похоже, это было растрачено впустую».

Квин на мгновение отводит взгляд. «Скажите, вы знакомы с Iapetus IS-20000? Уверена, вы видели, как он курсирует у Синдрии, верно? Похоже, такую величественную и мощную вещь используют совершенно неправильно. ... Ах, прежде чем продолжать, нам лучше встретиться лично. Я хочу кое-что вам показать, особенно учитывая, каким полезным помощником вы были. И не беспокойтесь, я пришлю шаттл прямо к вам на объект. От вас нужно только согласие».",,
kweeniapetus,DialogOptionSelected,$option == kweenOptioniapetus,FireAll PopulateKweenIapetusOptions,"Глаза $personLastName вспыхивают тревожным блеском, а улыбка на ее лице превращается в хищную ухмылку.

«Да, конечно, и должна сказать, есть один шедевр, над которым мне довелось поработать с огромным удовольствием. И все же, несмотря на все мои труды, похоже, это было растрачено впустую».

Квин на мгновение отводит взгляд. «Скажите, вы знакомы с Iapetus IS-15000? Мощнейший линкор, гордость флота! Но что, если я скажу, что за ним скрывается куда больше? ... Ах, прежде чем продолжать, нам лучше встретиться лично. Я хочу кое-что вам показать, особенно учитывая, каким полезным помощником вы были. И не беспокойтесь, я пришлю шаттл прямо к вам на объект. От вас нужно только согласие».",,
kweenmotepurchaser,DialogOptionSelected,$option == kweenOptionpurchasemote,"$player.sfcpurchasedmote = true
sfcaddspecial sfc_motemegacondenser
AddCredits -1000000
AddTextSmall ""Вы приобрели предмет Mote Megacondenser."" highlight
FireAll PopulateOptions","«Ах, благодарю. Я сейчас же распоряжусь, чтобы мои ассистенты доставили предмет к вашему флоту. Итак, вам еще что-нибудь нужно, капитан?»",kweenOptionpurchasemote:Купить Mote Megacondenser (1000000 кредитов),
kweenpeople,DialogOptionSelected,$option == kweenOptionPeople,FireAll PopulateKweenPeopleOptions,,,
kweengift,DialogOptionSelected,$option == kweenOptionGift,FireAll PopulateKweenGiftOptions,,,
kweentalk,DialogOptionSelected,$option == kweenOptiontalk,FireAll PopulateKweenTalkOptions,,,
kweenmenu,DialogOptionSelected,$option == kweenOptionMenu,FireAll PopulateOptions,,,
#END sfckweendialoguetree,,,,,,
,,,,,,
# sfckweenrukasfate,,,,,,
sfckweenrukafate1,DialogOptionSelected,$option == sfcrukakweenstart,"sfcplaymusic ""music_unknown_encounter_neutral""
FireAll RukaFateHub1Options","«Да...» - начинает Квин, впиваясь в вас зелеными глазами.

«Как я уже говорила, мисс Йенни больше не подходит для своей должности в Sindrian Fuel Company. Допустить столь зрелищный разгром Большого Топливного Флота... нет, боюсь, ей больше не позволят командовать».

Она ухмыляется. «Разумеется, именно вы в лучшем положении, чтобы решить, что с ней делать, не так ли, капитан? Ей можно позволить и дальше служить Компании, но уже под моим надзором. Впрочем, она провалила Sindrian Fuel Company весьма впечатляюще. За такой провал полагается только одно решение, вы согласны?»",,
sfckweenrukafatehub1a,RukaFateHub1Options,,,,sfckweenrukafatehub1a:Сказать - что вы готовы принять решение,
sfckweenrukafatehub1b,RukaFateHub1Options,$askedAboutRuka == false,,,sfckweenrukafatehub1b:Спросить - как Руке удалось получить свой пост в Компании,
sfckweenrukafatehub1c,RukaFateHub1Options,$askedAboutSecondChance == false,,,sfckweenrukafatehub1c:Спросить - почему Топливная компания Синдрии не позволит Руке снова командовать,
sfckweenrukafatehub1backout,RukaFateHub1Options,$askedAboutBackOut1 == false,,,sfckweenrukafatehub1backout:Сказать - что вам слишком тяжело принимать такое решение,
sfckweenrukafatehub1bresponse,DialogOptionSelected,$option == sfckweenrukafatehub1b,"$askedAboutRuka = true 0
FireAll RukaFateHub1Options","«Как ей это удалось? Ну конечно же, благодаря мне».

«Все в ее карьере в Компании случилось потому, что я решила, что так и должно быть», - замечает Квин. «Конечно, она не была моим первым выбором, но справлялась вполне достойно. Ну, пока не появились вы, капитан».",,
sfckweenrukafatehub1cresponse,DialogOptionSelected,$option == sfckweenrukafatehub1c,"$askedAboutSecondChance = true 0
FireAll RukaFateHub1Options","«Потому что я не позволю ей этого».

«Рука выполнила свою роль и больше для нее не годится. И даже если бы Sindrian Fuel Company решила снова дать ей командование, моего слова более чем достаточно, чтобы этого никогда не произошло».",,
sfckweenrukafatehub1backoutresponse,DialogOptionSelected,$option == sfckweenrukafatehub1backout,"AdjustRepActivePerson SUSPICIOUS -1
$askedAboutBackOut1 = true 0
FireAll RukaFateHub1Options",«Нет. Вы примете решение».,,
sfckweenrukafatehub1continue,DialogOptionSelected,$option == sfckweenrukafatehub1a,"$madeRukaDecision = true
FireAll RukaFinalFateOptions","«Хорошо, теперь скажите мне, что мне делать с мисс Йенни?»",,
sfckweenrukafatehub2a,RukaFinalFateOptions,,"SetOptionColor sfckweenrukafatefinala highlight
sfcoptionconfirm sfckweenrukafatefinala ""Это ваше окончательное решение?"" ""Да"" ""Нет""",,sfckweenrukafatefinala:Сказать - что Рука должна работать на вас,
sfckweenrukafatehub2b,RukaFinalFateOptions,,"SetOptionColor sfckweenrukafatefinalb highlight
sfcoptionconfirm sfckweenrukafatefinalb ""Это ваше окончательное решение?"" ""Да"" ""Нет""",,sfckweenrukafatefinalb:Сказать - что Руку нужно перевести под руководство Квин,
sfckweenrukafatehub2c,RukaFinalFateOptions,,"SetOptionColor sfckweenrukafatefinalc highlight
sfcoptionconfirm sfckweenrukafatefinalc ""Это ваше окончательное решение?"" ""Да"" ""Нет""",,sfckweenrukafatefinalc:Сказать - что Рука должна заплатить за провал,
sfckweenrukafatehub2d,RukaFinalFateOptions,,"SetOptionColor sfckweenrukafatefinalc highlight
sfcoptionconfirm sfckweenrukafatefinalc ""Это ваше окончательное решение?"" ""Да"" ""Нет""",,sfckweenrukafatefinald:Сказать - что вы не можете принять это решение,
sfckweenrukafatehub2aresponsehigh,DialogOptionSelected,"#$player.sfckweenfavor >= 3
$option == sfckweenrukafatefinala","sfcoptionconfirm sfckweenrukareason1 ""Это ваше окончательное решение?"" ""Да"" ""Нет""
sfcoptionconfirm sfckweenrukareason2 ""Это ваше окончательное решение?"" ""Да"" ""Нет""
sfcoptionconfirm sfckweenrukareason3 ""Это ваше окончательное решение?"" ""Да"" ""Нет""","Квин слегка наклоняет голову, услышав вашу просьбу, ее обычная улыбка чуть меркнет.

«Хмм... странная просьба, не находите, капитан? Зачем вам вообще интересоваться этой неудачницей? Она уже доказала свою несостоятельность. Вы ведь это понимаете?»

Несмотря на неодобрение, Квин держится вежливо. Возможно, у вас еще есть шанс убедить ее.","sfckweenrukareason1:Сказать - что навыки Руки все еще ценны
sfckweenrukareason2:Сказать - что под вашим командованием Рука добьется успеха
sfckweenrukareason3:Сказать - что Рука заслуживает второго шанса",
#sfckweenrukafatehub2aresponselow,DialogOptionSelected,"$player.sfckweenfavor < 3
$option == sfckweenrukafatefinala",,"Kween glares at you as you make your request.

""Why?"" Kween says as she tilts her head slightly. ""Why would you deem to request for such a thing, Captain? She is a failure. Such things don't deserve to be awarded with continued command!""

Kween continues to glare at you. But you have her attention now. Now you need to make your case.",,
sfckweenrukafatehub2aresponse1,DialogOptionSelected,$option == sfckweenrukareason1,,"«Хмм, какое-то время она и правда показывала хорошие навыки...»

Квин отводит взгляд, обдумывая ваши слова. Через короткую паузу она снова смотрит на вас.

«Хорошо, если вы так считаете, я это позволю, капитан. Я распоряжусь о переводе ее под ваше командование».

Прежде чем вы успеваете продолжить, канал связи гаснет. Немного позже вы получаете подтверждение, что к вашему кораблю направлен шаттл.",sfcrukahirestart1:Отправиться в ангар шаттлов,
sfckweenrukafatehub2aresponse2,DialogOptionSelected,$option == sfckweenrukareason2,,"«Вы готовы поручиться за ее успех своим командованием, капитан?» - замечает Квин, все еще не убежденная. «А если она снова провалится, что тогда?»

Прежде чем вы успеваете ответить, Квин пожимает плечами. «Что ж, если хотите командовать ею, пусть так и будет».

Канал связи гаснет прежде, чем вы успеваете что-то добавить. Чуть позже вы получаете уведомление, что к вашему кораблю направлен шаттл.",sfcrukahirestart1:Отправиться в ангар шаттлов,
sfckweenrukafatehub2aresponse3,DialogOptionSelected,$option == sfckweenrukareason3,"sfcplaymusic ""music_unknown_encounter_hostile""
$sfcalienatedkween = true 7
$global.sfc_rukafate = failure
AdjustRepActivePerson HOSTILE -25
","«Второй шанс?» - повторяет Квин, нахмурившись. «Вы меня разочаровываете, капитан. Здесь вторых шансов не бывает. И, похоже, вы не готовы это принять. Разговор окончен».

Прежде чем вы успеваете что-то сказать, канал связи гаснет.",cutCommLink:Разорвать связь,
sfckweenrukafatehub2bresponsefinal,DialogOptionSelected,$option == sfckweenrukafatefinalb,"$sfckweenbusy = true 7
$global.sfc_rukafate = assistant","«Хмм, уместно», - отвечает Квин. «По крайней мере, она все еще сможет помогать мне в более важных делах. Спасибо за ваши слова, капитан. А теперь, если позволите, мне нужно заняться введением ассистента в должность».

Прежде чем вы успеваете продолжить, канал связи гаснет.",cutCommLink:Разорвать связь,
sfckweenrukafatehub2cresponsefinal,DialogOptionSelected,$option == sfckweenrukafatefinalc,"$sfckweenbusy = true 7
$global.sfc_rukafate = failure","«Ох, как кровожадно с вашей стороны, капитан», - отвечает Квин с жуткой ухмылкой. «Но это вполне уместно. В Sindrian Fuel Company нет места провалам. Без сомнения, судьба Руки станет напоминанием всем остальным, что здесь выживают только те, кто способен добиться успеха».

Прежде чем вы успеваете продолжить, канал связи гаснет.",cutCommLink:Разорвать связь,
sfckweenrukafatehub2dresponse,DialogOptionSelected,"$indecision < 3
$option == sfckweenrukafatefinald","AdjustRepActivePerson SUSPICIOUS -2
$indecision++
FireAll RukaFinalFateOptions","Квин смотрит на вас в упор. «Примите решение, капитан».
OR
«Вы должны принять решение, капитан».
OR
«Примите решение, капитан. Я больше не намерена это обсуждать».",sfckweenrukafatefinald:Сказать - что вы не можете принять это решение,
sfckweenrukafatehub2dresponsefinal,DialogOptionSelected,"$indecision >= 3
$option == sfckweenrukafatefinald","sfcplaymusic ""music_unknown_encounter_hostile""
$sfcalienatedkween = true 7
$global.sfc_rukafate = failure
AdjustRepActivePerson HOSTILE -25
","Квин смотрит на вас в упор.

«Хорошо», - замечает Квин, и в ее голосе слышится тяжелое разочарование. «Пусть будет так. Если вы не хотите решать судьбу Руки, этот разговор окончен».

Прежде чем вы успеваете ответить, канал связи обрывается.",cutCommLink:Разорвать связь,
#END sfckweenrukasfate,,,,,,
,,,,,,
# sfciapetus get tree,,,,,,
kweeniapetusstart,PopulateKweenIapetusOptions,,,,,
kweeniapetus1.0,PopulateKweenIapetusOptions,,,,kweensfyes:Согласиться встретиться с Квин.,
kweeniapetus1.1,PopulateKweenIapetusOptions,,,,kweensfno:Сказать - что вы слишком заняты для встречи.,
kweeniapetus1end,DialogOptionSelected,$option == kweensfno,FireAll PopulateOptions,"Улыбка главной исследовательницы Квин слегка дрогнула, когда она коротко вздохнула. «Заняты, да? Что ж, предложение все еще в силе. Когда будете посвободнее, сможете заглянуть в лабораторию».",,
kweeniapetusmeetingstart,DialogOptionSelected,$option == kweensfyes,,"«Отлично, я так рада, что вы решили прийти. Просто подождите там, шаттл уже в пути. И, пожалуйста, приходите один. Это только для ваших глаз, капитан».

Через короткое время вам сообщают, что шаттл уже ожидает, чтобы забрать вас. Оставив корабль позади, вы поднимаетесь на борт и отмечаете роскошный интерьер. Без сомнений, транспорт рассчитан на VIP-персон Sindrian Fuel Company. Устроившись в кресле, вы чувствуете, как пилот отрывается от вашего флота и уводит шаттл вниз, к самой Синдрии.",kweeniapetus1:Устроиться поудобнее и ждать прибытия,
kweeniapetusmeeting1,DialogOptionSelected,$option == kweeniapetus1,"sfcplaymusic ""music_unknown_encounter_neutral""
ShowImageVisual galatia_academy","Устроившись на месте, вы бросаете взгляд в иллюминатор. Проходя через один из входов в подземную часть Синдрии, вы замечаете, что в этот раз вас не накрывает привычной волной музыки и рекламы. Странное, но приятное чувство - наконец можно спокойно услышать собственные мысли.

Шаттл быстро уходит глубже под поверхность, минуя бесчисленные здания по пути к главному административному центру Синдрии. Баннеров и рекламы по-прежнему много, но здесь все выглядит куда аккуратнее, без хаотичной пестроты на каждом свободном клочке. Шаттл направляется к одному из зданий - высокотехнологичному комплексу, где, судя по всему, располагается центр исследований и разработок. Подойдя к посадочной площадке, шаттл мягко касается поверхности. Вы выходите, осматриваетесь и вскоре замечаете, как к вам подходит синеволосая женщина.",kweeniapetus2:Продолжить,
kweeniapetusmeeting2a,DialogOptionSelected,"$option == kweeniapetus2
!$player.metsfcruni","sfcoptionconfirm kweeniapetus3a ""Вы правда хотите принять?"" ""Да."" ""Нет.""
sfcoptionconfirm kweeniapetus3b ""Вы правда хотите отказаться?"" ""Да."" ""Нет.""
BeginConversation sfcruni true true
$player.metsfcruni = true","«Капитан $playerName?» - спрашивает женщина, и ее голос кажется смутно знакомым. Переведя на нее взгляд, вы первым делом замечаете усталость на лице. Изможденность подчеркивает тускло-зеленые глаза, и смотрит она на вас очень утомленно.

«Меня зовут Юнифер Руни, и главная исследовательница Квин поручила мне сопроводить вас в исследовательские доки», - говорит Юнифер, приглашая следовать за ней. «Пожалуйста, пойдемте. Мисс Квин не любит, когда ее заставляют ждать».

Следуя за Юнифер, вы входите в здание. Вы проходите через множество извилистых коридоров, время от времени замечая через смотровые окна ученых, занятых разными проектами. Отвлекаясь на происходящее вокруг, вы едва замечаете, что уже оказались у массивной пары гидравлических дверей.

«Квин вас ожидает, капитан», - говорит Юнифер, но не спешит отойти с дороги. «Эм... к-капитан... м-можно я... провожу в-вас внутрь?»","kweeniapetus3a:Принять
kweeniapetus3b:Отказаться",
kweeniapetusmeeting2b,DialogOptionSelected,"$option == kweeniapetus2
$player.metsfcruni","sfcoptionconfirm kweeniapetus3a ""Вы правда хотите принять?"" ""Да."" ""Нет.""
sfcoptionconfirm kweeniapetus3b ""Вы правда хотите отказаться?"" ""Да."" ""Нет.""
BeginConversation sfcruni true true","«П-п-привет снова, капитан. Н-надеюсь, у вас все хорошо», - запинается Юнифер, но быстро берет себя в руки и жестом приглашает следовать за ней. «Пожалуйста, идемте. Мисс Квин не любит, когда ее заставляют ждать».

Следуя за Юнифер, вы входите в здание. Вы проходите через множество извилистых коридоров, время от времени замечая через смотровые окна ученых, занятых разными проектами. Отвлекаясь на происходящее вокруг, вы едва замечаете, что уже оказались у массивной пары гидравлических дверей.

«Квин вас ожидает, капитан», - говорит Юнифер, но не спешит отойти с дороги. «Эм... к-капитан... м-можно я... провожу в-вас внутрь?»","kweeniapetus3a:Принять
kweeniapetus3b:Отказаться",
kweeniapetusmeeting3a,DialogOptionSelected,$option == kweeniapetus3a score:1000,"AdjustRepActivePerson WELCOMING 5
ShowSecondPerson sfckween
$player.sfcruniallowed = true","Юнифер будто светится, когда вы соглашаетесь на ее просьбу.

«Тогда, пожалуйста, за мной», - отвечает Юнифер, прикладывая пропуск к соседнему считывателю. Гидравлические двери с шипением медленно открываются. Внутри вы оказываетесь в огромном сухом доке, где в главном стапеле стоит гигантский боевой корабль. Пока вы идете за Юнифер, вы замечаете, как она время от времени бросает взгляды на этот корабль.

«Ах, капитан!» - раздается голос, привлекая ваше внимание. «Рада, что вы добрались!» Исследовательница Квин входит в поле зрения и замечает, кто вас сопровождает. Привычная улыбка на ее лице меркнет. «Вижу, ей удалось уговорить вас привести ее сюда...»

Юнифер поворачивается к Квин, и лицо вашей проводницы наполняется стыдом. «К-Квин, я-я... я п-просто хотела...»

Квин вздыхает и отмахивается от Юнифер. «Ладно, можешь полюбоваться кораблем, Юнифер. Но это в последний раз, когда я об этом слышу. А теперь мне нужно поговорить с нашим гостем».

На лице Юнифер появляется облегчение, и она отходит в сторону, приближаясь к огромному кораблю. Квин лишь тяжело стонет и жестом показывает вам следовать за ней.",kweeniapetus4a:Следовать за Квин,
kweeniapetusmeeting3b,DialogOptionSelected,$option == kweeniapetus3b score:1000,BeginConversation sfckween true true,"«Ох... я-я... понимаю, капитан», - отвечает Юнифер печальным голосом. «Тогда желаю вам удачи».

Юнифер прикладывает пропуск к считывателю, и гидравлические двери с шипением медленно открываются. «Мисс Квин будет ждать вас внутри».

Пройдя внутрь, вы слышите, как двери с шипением закрываются за спиной, оставляя вас одного в огромном сухом доке. Ваше внимание сразу притягивает гигантский боевой корабль в главном стапеле.

«Ах! Капитан $playerName!» - раздается голос, и вы оборачиваетесь, видя приближающуюся главную исследовательницу Квин. «Надеюсь, Юнифер не доставила вам лишних хлопот. Хотя кого я обманываю? Она вечно создает проблемы. В любом случае, о том, зачем вы здесь! Идемте за мной, я все покажу».",kweeniapetus4b:Следовать за Квин,
kweeniapetusmeeting4a,DialogOptionSelected,$option == kweeniapetus4a,"BeginConversation sfckween true true
HideSecondPerson","«Разве она не прекрасна, капитан?» - замечает Квин, когда вы вдвоем подходите к кораблю. «Я вложила в нее жизнь и душу, сделав ее кораблем-ужасом, способным изменить судьбу Персеанского сектора. И что с ней сделали? Растратили. Полностью растратили. Но больше этого не будет!»

Главная исследовательница поворачивается к вам, и ее улыбка искажается в странную, пугающую ухмылку. «Вы заслужили по-настоящему великолепную награду за то, как много помогали мне. Iapetus IS-20000 отныне под вашим командованием, $playerName. Она и ее экипаж теперь подчиняются вам. Считайте это моим подарком за то, каким полезным капитаном вы для меня были. Сделайте так, чтобы она стала тем ужасом, каким я всегда хотела ее видеть».

Вы некоторое время смотрите на Квин, затем снова на корабль. Надо признать, не каждый день вам просто так дарят целый дредноут.",kweeniapetusend:Принять командование IS-20000,
kweeniapetusmeeting4b,DialogOptionSelected,$option == kweeniapetus4b,,"«Разве она не прекрасна, капитан?» - замечает Квин, когда вы вдвоем подходите к кораблю. «Я вложила в нее жизнь и душу, сделав ее кораблем-ужасом, способным изменить судьбу Персеанского сектора. И что с ней сделали? Растратили. Полностью растратили. Но больше этого не будет!»

Главная исследовательница поворачивается к вам, и ее улыбка искажается в странную, пугающую ухмылку. «Вы заслужили по-настоящему великолепную награду за то, как много помогали мне. Iapetus IS-20000 отныне под вашим командованием, $playerName. Она и ее экипаж теперь подчиняются вам. Считайте это моим подарком за то, каким полезным капитаном вы для меня были. Сделайте так, чтобы она стала тем ужасом, каким я всегда хотела ее видеть».

Вы некоторое время смотрите на Квин, затем снова на корабль. Надо признать, не каждый день вам просто так дарят целый дредноут.",kweeniapetusend:Принять командование IS-20000,
kweeniapetusmeetingend,DialogOptionSelected,$option == kweeniapetusend,"ShowDefaultVisual
sfcplaymusic
$kweeniapetusship = true
$player.sfcgotsuperiapetus = true
$player.sfcrunicall = true 7
$player.sfckweenfavor++
$player.sfcnpchigh++
sfcaddship sfcsuperiapetus_Mixed true
AddCommodity crew 1500
AddCommodity fuel 2000
AddCommodity supplies 500
AddStoryPoints 1","Квин смеется, когда вы принимаете командование Iapetus IS-20000. «Тогда желаю удачи! Пора уже очистить этот сектор от всех дураков и идиотов!»

Поднявшись на IS-20000, вы видите, как экипаж отдает вам честь, пока вы направляетесь к мостику. Внутри рулевой приветствует вас, корабль снимают с креплений и дают разрешение на выход. Ворота сухого дока открываются, и корабль начинает выходить наружу.

Можно только представить, как отреагирует остальной ваш флот, когда IS-20000 наконец поднимется к поверхности Синдрии.",cutCommLink:Вернуться к своему флоту,
#END sfciapetus get tree,,,,,,
,,,,,,
# sfcshuphase get tree,,,,,,
kweenshuitemstart,PopulateOptions,"$id == sfckween score:1000
$sfcshuphaseleadup
!$player.sfcshuphasereceived",SetOptionColor sfckweenshumeeting highlight,,10:sfckweenshumeeting:Сесть на шаттл и встретиться с Квин.,
kweenshumeetingstart,DialogOptionSelected,$option == sfckweenshumeeting,,"«Отлично, я так рада, что вы решили прийти. Просто подождите там, шаттл уже в пути. И, пожалуйста, приходите один. Это только для ваших глаз, капитан».

Через короткое время вам сообщают, что шаттл уже ожидает, чтобы забрать вас. Оставив корабль позади, вы поднимаетесь на борт и отмечаете роскошный интерьер. Без сомнений, транспорт рассчитан на VIP-персон Sindrian Fuel Company. Устроившись в кресле, пилот отрывается от вашего флота и берет курс на Command and Control.",sfckweenshu1:Устроиться поудобнее и ждать прибытия,
kweenshu1,DialogOptionSelected,$option == sfckweenshu1,"sfcplaymusic ""music_unknown_encounter_neutral""
ShowImageVisual orbital","Полет проходит удивительно спокойно. Вы даже благодарны, что вас не засыпают рекламой, пока шаттл приближается к докам станции. После посадки и завершения стыковки вы спускаетесь в приемный холл. Пока вы оглядываетесь, пытаясь понять, куда идти дальше, к вам подходит молодая синеволосая женщина и машет рукой.",sfckweenshu2:Продолжить.,
kweenshu2a,DialogOptionSelected,"$option == sfckweenshu2
$player.hiredsfcruni score:1000",,"«Капитан», - говорит женщина почти монотонным голосом. «Главная исследовательница Квин ожидает вас. Пожалуйста, следуйте за мной».

Вы идете за синеволосой женщиной по станции, немного насторожившись из-за ее слишком механичных движений. Войдя в защищенный сектор, вы замечаете, как пара охранников пристально смотрит на вас, пока вы проходите мимо. После этого вы оказываетесь перед тяжелой парой гидравлических дверей. Ваша проводница прикладывает пропуск к считывателю, и двери медленно открываются.

«Сюда, Квин вас ждет», - говорит женщина и ведет вас внутрь.",sfckweenshu3:Войти и встретиться с Квин.,
kweenshu2b,DialogOptionSelected,"$option == sfckweenshu2
!$player.metsfcruni","BeginConversation sfcruni true true
$player.metsfcruni = true","«Здравствуйте, капитан. Я Юнифер Руни, и я должна сопроводить вас на встречу с главной исследовательницей», - говорит синеволосая женщина, и ее голос кажется вам знакомым. «Пожалуйста, следуйте за мной».

Вы замечаете намек на усталость в зеленых глазах Юнифер, когда она разворачивается и жестом приглашает вас идти следом. Войдя в защищенный сектор, вы замечаете, как пара охранников пристально смотрит на вас, пока вы проходите мимо. После этого вы оказываетесь перед тяжелой парой гидравлических дверей. Ваша проводница прикладывает пропуск к считывателю, и двери медленно открываются.

«Квин ожидает вас, капитан», - говорит Юнифер, указывая вам пройти дальше без нее.",sfckweenshu2:Войти в помещение и встретиться с Квин.,
kweenshu2c,DialogOptionSelected,"$option == sfckweenshu2
$player.metsfcruni",BeginConversation sfcruni true true,"«О-о, здравствуйте снова, капитан», - запинаясь, говорит Юнифер, но быстро берет себя в руки. «Пожалуйста, следуйте за мной».

Вы идете за Юнифер по станции и замечаете, как она время от времени оглядывается на вас. Войдя в защищенный сектор, вы замечаете, как пара охранников пристально смотрит на вас, пока вы проходите мимо. После этого вы оказываетесь перед тяжелой парой гидравлических дверей. Ваша проводница прикладывает пропуск к считывателю, и двери медленно открываются.

«Квин ожидает вас, капитан», - говорит Юнифер, указывая вам пройти дальше без нее. «И-и капитан? Н-надеюсь, с Iapetus все хорошо...»",sfckweenshu3:Встретиться с Квин.,
kweenshu3,DialogOptionSelected,$option == sfckweenshu3,BeginConversation sfckween true true,"Вы входите в помещение и осматриваете вокруг себя мощно экранированное исследовательское оборудование. Затем вы замечаете главную исследовательницу, которая как раз беседует с несколькими ассистентами.

«Ах, рада, что вы смогли прийти, капитан!» - кричит Квин, едва замечает вас, и ее ассистенты тут же расходятся. Она улыбается, когда вы останавливаетесь в паре шагов от нее. «Добро пожаловать в экспериментальный исследовательский комплекс, куда меня отправляют, когда Компания считает мои разработки слишком 'рискованными' для Синдрии».

Квин усмехается и жестом обращает ваше внимание на остальную часть помещения. Несколько ассистентов суетятся вокруг одного устройства в центре, соединенного кабелями с различными машинами вокруг.

«Красота, правда?» - говорит главная исследовательница. «И все это благодаря вашей помощи».","sfckweenshu4a:Спросить - на что именно вы смотрите.
sfckweenshu4b:Улыбнуться и сказать - что рады помочь.",
kweenshu4a,DialogOptionSelected,$option == sfckweenshu4a,,"«Это плод моих исследований!» - отвечает Квин, подходя к ближайшему терминалу. «Следующий шаг в фазовых технологиях! Над этим я работала несколько циклов, но постоянно упиралась в тупик... пока не выяснилось, что наши 'друзья' из Tri-Tachyon уже сделали за меня большую часть работы!»

Квин начинает быстро печатать, а ассистенты поспешно отходят от устройства. Один из них подходит к вам, протягивая тяжелые защитные очки.

«Вам это понадобится», - говорит ассистент, пока вы слышите низкий гул запускающихся механизмов.",sfckweenshu5:Взять очки и посмотреть - что произойдет.,
kweenshu4b,DialogOptionSelected,$option == sfckweenshu4b,,"«Именно, и вы это заслужили», - говорит Квин, подходя к ближайшему терминалу. «Если бы не вы, я так и застряла бы без недостающего элемента... но теперь узрите... плод моих исследований!»

Квин быстро печатает на клавиатуре, а ассистенты отходят подальше от устройства. Низкий гул механизмов заполняет помещение, и один из ассистентов подходит к вам с тяжелыми защитными очками в руках.

«Вам это понадобится», - говорит ассистент, пока гул становится все громче.",sfckweenshu5:Взять очки и посмотреть - что произойдет.,
kweenshu5,DialogOptionSelected,$option == sfckweenshu5,,"Вы надеваете очки, а устройство в центре продолжает гудеть и светиться с неясной целью. Вы наблюдаете, как мелкие предметы начинают дрожать по мере усиления шума. Ассистенты прячутся за защитными барьерами, пока устройство трясется все сильнее.

Все это время вы успеваете заметить, как Квин безумно ухмыляется.

Устройство уходит в фазу и выходит из нее, будто вот-вот разорвется на части. Но затем над странным объектом начинает собираться мерцающий свет. Огонек пляшет в воздухе, затем к нему присоединяется второй. Вы слышите смех Квин, пока огни кружатся и внезапно ударяют в одну из соседних машин. Летят электрические искры, появляются новые огни, и они начинают бить по другим устройствам вокруг.

Так продолжается еще несколько минут, пока главная исследовательница не нажимает несколько кнопок, гул стихает, и все постепенно возвращается в норму. Огни исчезают, ассистенты вновь принимаются за работу.

Квин поворачивается к вам, все так же широко улыбаясь. «Впечатляет?»","sfckweenshu6a:Спросить Квин - что все это означает.
sfckweenshu6b:Сказать Квин - что в следующий раз ей стоит быть осторожнее.",
kweenshu6a,DialogOptionSelected,$option == sfckweenshu6a,"$player.sfcshuphasereceived = true
sfcaddhullmod specialsphmod_sfc_phasemote_upgrades
FireAll PopulateMotePurchaseOptions
SetTextHighlights ""One Million""","«Это означает, что мы снова раздвинули границы науки, капитан!» - радостно заявляет Квин. «Вот он, плод научного процесса, доказательство того, что человечество продолжает идти все дальше и дальше».

Затем главная исследовательница берет ТриПад и отправляет вам информацию с чертежами. «Вот, за всю вашу работу я хочу, чтобы именно вы первыми это испытали. Конечно, вам потребуется кое-что еще... Видите ли, я выяснила, что только один весьма специфический предмет позволяет стабильно поддерживать этот процесс. Не уверена, встречали ли вы такое в своих путешествиях, но я готова продать вам один экземпляр для сбора данных».

На ТриПаде отображается предмет: Mote Megacondeser.

«Один миллион кредитов, и он ваш, капитан».",,
kweenshu6b,DialogOptionSelected,$option == sfckweenshu6b,"$player.sfcshuphasereceived = true
AdjustRepActivePerson INHOSPITABLE -1
sfcaddhullmod specialsphmod_sfc_phasemote_upgrades
FireAll PopulateMotePurchaseOptions
SetTextHighlights ""One Million""","Квин хмурится в ответ на ваши слова.

«Хмф, безопасность лишь сдерживает нас, и я не позволю сомневающимся сдерживать меня», - отвечает Квин. «В любом случае, вот над чем я работала, и вы сами видели, насколько впечатляющий результат. Я все еще дорабатываю некоторые детали, но хочу, чтобы вы помогли мне еще немного. Мне нужны дополнительные полевые данные, и вы для этого в идеальной позиции».

Затем главная исследовательница делится с вами чертежами, отправляя их на ТриПад. «Работает это только на фазовых кораблях, но прирост характеристик будет весьма заметным. Однако нужно кое-что еще, чтобы модификации полноценно заработали. Если у вас достаточно кредитов, я могу это предоставить».

На ТриПаде отображается предмет: Mote Megacondeser.

«Один миллион кредитов, и он ваш, капитан».",,
kweenshu7a,PopulateMotePurchaseOptions,$player.credits >= 100000,"sfcoptionconfirm kweenSHUpurchasemote ""Вы хотите купить Mote Megacondenser?"" ""Да."" ""Нет.""",,kweenSHUpurchasemote:Купить Mote Megacondenser (1000000 кредитов),
kweenshu7anone,PopulateMotePurchaseOptions,$player.credits < 100000,"SetTooltip kweenSHUpurchasemote2 ""У вас недостаточно кредитов.""
SetEnabled kweenSHUpurchasemote2 false",,kweenSHUpurchasemote2:Купить Mote Megacondenser (1000000 кредитов),
kweenshu7b,PopulateMotePurchaseOptions,,,,kweenSHUpurchasemoteno:Отказаться от покупки.,
kweenshu7aa,DialogOptionSelected,$option == kweenSHUpurchasemote,"$player.sfcpurchasedmote = true
sfcaddspecial sfc_motemegacondenser
AddCredits -1000000
AddTextSmall ""Вы приобрели предмет Mote Megacondenser."" highlight","Вы совершаете покупку, и после подтверждения Квин кивает вам.

«Я распоряжусь, чтобы ассистенты немедленно отправили это к вашему флоту. И еще раз спасибо, капитан! Искренне желаю вам удачи!»

Закончив встречу, вы возвращаетесь к своему флоту.",cutCommLink:Вернуться к своему флоту,
kweenshu7bb,DialogOptionSelected,$option == kweenSHUpurchasemoteno,"ShowDefaultVisual
sfcplaymusic","«Жаль... но если передумаете, я с радостью продам это вам позже. В любом случае спасибо, что заглянули, капитан. Желаю удачи вам и вашему флоту».

После этого Квин машет вам и возвращает внимание к устройству. Понимая, что разговор завершен, вы покидаете здание и направляетесь обратно к шаттлу.",cutCommLink:Вернуться к своему флоту,
#END sfcshuphase get tree,,,,,,
,,,,,,
# sfckween misc,,,,,,
convoDefaultGreetingkweenmacario1a,DialogOptionSelected,$option == sfcKweenMacarioFirst1a,FireAll PopulateOptions,"Квин смеется над вашим ответом.

«Ха, ну это же очевидно! Кто в здравом уме будет доверять человеку с прозвищем 'Паук Синдрии'?» - продолжает Квин, все еще слегка хихикая. «Честно говоря, я бы сильно разочаровалась, ответь вы иначе».",,
convoDefaultGreetingkweenmacario1b,DialogOptionSelected,$option == sfcKweenMacarioFirst1b,FireAll PopulateOptions,"Улыбка Квин слегка меркнет, пока она продолжает смотреть на вас.

«Вот как?» - замечает главная исследовательница. «Вы говорите это, потому что действительно так считаете? Или потому что он заплатил вам за такие слова? Ах, ну что ж, если хотите доверять столь очевидно ненадежному человеку, не удивляйтесь, если в итоге сами запутаетесь в его паутине, капитан».",,
convoDefaultGreetingkweenmacario1c,DialogOptionSelected,$option == sfcKweenMacarioFirst1c,"AdjustRepActivePerson SUSPICIOUS -5
FireAll PopulateOptions","Квин хмурится в ответ на ваши слова.

«... Ваша попытка пошутить крайне неудачна, капитан», - замечает Квин, глядя на вас с явной неприязнью. «В будущем лучше не говорите столь откровенно нелепых вещей. Это может стоить вам жизни».",,
#END sfckween misc,,,,,,
#END kweendirectory,,,,,,
,,,,,,
# manndirectory,,,,,,
proComDeliverCompletedmann,ProComCompletedText,$id == sfcmann score:1000,,"«Спасибо, этот груз $proCom_commodityName важнее, чем может показаться».
OR
«Я знал, что могу на вас положиться. Спасибо за поставку».
OR
«Отличная работа, вы реально сняли с меня кучу забот».
OR
«Все выполнено идеально, капитан. Я это запомню».",,
mannpeopleresponsereturn,DialogOptionSelected,$option == mannpeoplereturn,FireAll PopulateMannOptions,,,
,,,,,,
# sfcmanndialoguetree,,,,,,
convomannStart,PopulateOptions,$id == sfcmann score:1000,,,conversemann:Поговорить,
convomannList,DialogOptionSelected,$option == conversemann,FireAll PopulateMannOptions,,,
convomannoption1,PopulateMannOptions,"!$askedCommissionedMann1
$id == sfcmann score:1000
RepGTE $faction.id WELCOMING
$faction.id == sindrian_diktat",,,mannOptionCommissioned:Спросить Маннфреда - можете ли вы чем-то помочь.,
convosfcmannfredMayfly,PopulateMannOptions,"$player.askedsfcspying
!$player.sfctoldsfcaboutmayfly
$id == sfcmann score:1000","sfcoptionconfirm sfcmannfredmayflystart ""Вы хотите сообщить Грегори Маннфреду о Mayfly?"" ""Да."" ""Нет.""",,sfcmannfredmayflystart:Сообщить Маннфреду о Mayfly.,
convosfcmannfredMayflyMission,PopulateMannOptions,"$player.sfcmayflymission == mannfred
$player.sfcmayflyboom
$id == sfcmann score:1000",,,sfcmannfredmayflymission:Сообщить Маннфреду об уничтожении Mayfly.,
convosfcmannRuni,PopulateMannOptions,"$player.sfcrunifirstmeeting
!$player.sfcruniaskedcontact
!$global.sfcrunifirstgreeting
!$runicontactmannfred
!$player.sfcrunicontact 
sfcreltrack 50 100",,,sfcmannfredrunicontactstart:Попросить у Маннфреда контакты Юнифер.,
sfcSierramannstart,PopulateMannOptions,"$id == sfcmann score:1000
sfcsierra
!$sfcmannmetsierra","SetOptionColor sfcsierramannstart ""205,155,255,255""",,sfcsierramannstart:Представить Sierra Грегори Маннфреду,
convoMannChat,PopulateMannOptions,$id == sfcmann score:1000,,,chatmann:Поболтать,
convoMannChatResponses,DialogOptionSelected,$option == chatmann,,"«Вы когда-нибудь были в Volturnian Lobster Garden? Прекрасное место. Как будто отдельный мир сам по себе. Жаль только, очереди все еще огромные. Хех, да, даже мне приходится стоять в очереди ради такого места. Но поверьте, оно того стоит».
OR
«У меня полно претензий к тому, как другие фракции относятся к топливным танкерам. Будто служба на таком корабле - это что-то позорное. А для меня? Нет ничего почетнее, чем служить на судне, которое перевозит кровь всего сектора. Мы ведь не сможем летать между системами без антиматерийного топлива, верно?»
OR
«Да, именно я отвечал за проект и разработку Notos NS-15000. Что значит, он кажется знакомым? Это полностью уникальный дизайн. Да, я, возможно, чем-то вдохновлялся, но в Персеанском секторе нет ничего подобного».
OR
«Я никогда не могу запомнить полный титул Главного Руководителя. Это Верховный Властитель-Шеф или Властитель-Шеф-Верховный? А, неважно. Мне хватает и «Президент-исполнитель». Даже если Балаши каждый раз злится, когда это слышит».
OR
«Как бы я ни любил все корабли, которые проектирую, честно говоря, я уже немного устал от работы над капитальными кораблями. Они так часто выходят за бюджет или рамки проекта, что мне приходится снова и снова все переделывать. Гораздо больше люблю разрабатывать небольшие корабли. По крайней мере, там понятнее предел того, что можно построить, а что нельзя».",,
convomannoption1.2,PopulateMannOptions,"!$mannhullmodget
$id == sfcmann score:1000
sfcreltrack 25 100",,,mannOptionhullmod:Спросить Маннфреда - разработал ли он что-то новое.,
convomannoption1shu,PopulateMannOptions,"sfccheckmodid ""mayu_specialupgrades"" score:1000
!$player.mannshuhullmodget
$id == sfcmann score:1000
sfcreltrack 50 100",,,mannOptionsSHUIhullmod:Спросить Маннфреда - над чем работала его команда.,
convomannoption1.3,PopulateMannOptions,"!$mannsuperfighterget
$id == sfcmann score:1000
sfcreltrack 75 100",,,mannOptionsuperfighter:Спросить Маннфреда - работает ли он над чем-то особенным.,
convomannoption1.4,PopulateMannOptions,"$mannsuperfighterget
!$sfcmannhaddrinks
$id == sfcmann score:1000",,,mannOptiondrinks:Сходить с Маннфредом в бар.,
convomannoption1.4b,PopulateMannOptions,"$mannsuperfighterget
$sfcmannhaddrinks
$id == sfcmann score:1000","sfcwaittime ""$sfcmannhaddrinks"" ""$sfcmannhaddrinksDGS""
SetTooltip mannOptiondrinks2 ""Вы недавно уже ходили выпить с Маннфредом. Подождите $sfcmannhaddrinksDGS, прежде чем спрашивать снова. И ради вашей печени тоже.""
SetTooltipHighlights mannOptiondrinks2 $sfcmannhaddrinksDGS
SetEnabled mannOptiondrinks2 false",,mannOptiondrinks2:Сходить с Маннфредом в бар.,
convomannoption2,PopulateMannOptions,$id == sfcmann score:1000,,,mannOptionPeople:Спросить Маннфреда о чем-нибудь.,
convomannoption2.1,PopulateMannOptions,"!$sfcmanngifted
$id == sfcmann score:1000
sfcreltrack -25 100",,,mannOptionGift:Подарить Маннфреду подарок.,
convomannoption2.2,PopulateMannOptions,"$sfcmanngifted
sfcreltrack 10 100","sfcwaittime ""$sfcmanngifted"" ""$sfcmanngiftedDGS""
SetTooltip mannOptionGift2 ""Вы недавно уже дарили подарок. Подождите $sfcmanngiftedDGS.""
SetTooltipHighlights mannOptionGift2 $sfcmanngiftedDGS
SetEnabled mannOptionGift2 false",,mannOptionGift2:Подарить Маннфреду подарок.,
convomannoption2.3,PopulateMannOptions,"!$sfcmanntalk
$id == sfcmann score:1000",,,mannOptiontalk:Сказать что-нибудь еще...,
convomannoption2.4,PopulateMannOptions,"$sfcmanntalk
$id == sfcmann score:1000","sfcwaittime ""$sfcmanntalk"" ""$sfcmanntalkDGS""
SetTooltip mannOptiontalk2 ""Вы недавно уже выбирали этот вариант. Подождите $sfcmanntalkDGS.""
SetTooltipHighlights mannOptiontalk2 $sfcmanntalkDGS
SetEnabled mannOptiontalk2 false",,mannOptiontalk2:Сказать что-нибудь еще...,
convomannoption3,PopulateMannOptions,$id == sfcmann score:1000,"SetShortcut mannOptionMenu ""ESCAPE""",,mannOptionMenu:Назад,
mannhighrelations,DialogOptionSelected,"$option == mannOptionCommissioned
$id == sfcmann score:1000","sfcaddcontact
$askedCommissionedMann1 = true
FireAll PopulateMannOptions","$Post $PersonName слегка подается вперед.

«Хм, обычно это я тут всем помогаю, капитан $playerName. Если вы готовы подставить плечо, я только рад. Видите ли, я постоянно занят разработкой все более крупных и совершенных кораблей для Sindrian Fuel Company, но чаще всего помощь, которую я получаю здесь... мягко говоря, посредственная. Они, конечно, стараются, но мне нужен кто-то поумнее обычного персонала. И кто-то, кто не болтает без конца о Президенте-исполнителе».

Правая рука $Post на мгновение уходит за пределы кадра, а на ваш ТриПад приходят контактные данные.

«Вот и все, $playerName. Надеюсь, дальше у нас будет отличное рабочее сотрудничество».",,
mannhullmod,DialogOptionSelected,$option == mannOptionhullmod,"$mannhullmodget = true
FireAll PopulateOptions
sfcaddhullmod sfcamaccelerator","«Хорошо, что спросили, $playerName. Я как раз недавно завершил испытания по улучшению работы турелей с помощью антиматерийных ускорителей. Турели смогут быстрее поворачиваться, а снаряды полетят быстрее. Могу заверить, турели не взорвутся при повреждении, но из-за модификаций они все же стали более хрупкими. Так что будьте осторожны в бою».",,
mannSHUhullmod,DialogOptionSelected,$option == mannOptionsSHUIhullmod,"$player.mannshuhullmodget = true
FireAll PopulateOptions
sfcaddhullmod specialsphmod_sfc_aquaticstimulator_upgrades
SetTextHighlights ""Senior Manager Jenkins"" ""Volturn""","«О, моя команда работала над многими вещами», - говорит Маннфред, слегка посмеиваясь. «Хотя признаю, часто мне достаются проекты, от которых другие отделы отказываются, когда у них заканчивается финансирование. Но вот эта штука вам точно понравится!»

После этого Маннфред передает вам чертеж. «Похоже, команда, которая это делала, работала втайне. Не самая умная идея, признаю. Компания не любит, когда кто-то использует ее ресурсы без ведома руководства. Но это должно заметно улучшить ваши истребители... точнее, может улучшить, если добавить один нужный компонент».

На вашем ТриПаде появляется еще один предмет: Aquatic Stimulator. «Поговорите со старшим менеджером Дженкинсом на Volturn. Вот моя авторизация. Этого должно хватить, чтобы вы смогли купить нужный предмет. В общем, капитан, нужно еще что-нибудь?»",,
mannsuperfighter,DialogOptionSelected,$option == mannOptionsuperfighter,FireAll PopulateMannSuperOptions,"Маннфред заметно оживляется от вашего вопроса. «Ах! Ну конечно работал! Тихо, в фоновом режиме, это мой побочный проект. Но раз уж вы так мне помогали, я с радостью покажу. Давайте так, спускайтесь ко мне. Вы, я и пара напитков. Ну как, $PlayerName?»",,
mannpeople,DialogOptionSelected,$option == mannOptionPeople,FireAll PopulateMannPeopleOptions,,,
manngift,DialogOptionSelected,$option == mannOptionGift,FireAll PopulateMannGiftOptions,,,
manntalk,DialogOptionSelected,$option == mannOptiontalk,FireAll PopulateMannTalkOptions,,,
mannmenu,DialogOptionSelected,$option == mannOptionMenu,FireAll PopulateOptions,,,
#END sfcmanndialoguetree,,,,,,
,,,,,,
# sfcmannpeopletree,,,,,,
mannpeopleme,PopulateMannPeopleOptions,$id == sfcmann score:1000,,,mannpeopleplayer:Спросить о себе.,
mannpeopleandrada,PopulateMannPeopleOptions,$id == sfcmann score:1000,,,mannpeopleandrada:Спросить о Верховном Руководителе Филлипе Андраде.,
mannpeoplekween,PopulateMannPeopleOptions,"$id == sfcmann score:1000
$player.metsfckween",,,mannpeoplekween:Спросить о главной исследовательнице Квин.,
mannpeoplebalashi,PopulateMannPeopleOptions,"$id == sfcmann score:1000
$player.gotAndradaBook",,,mannpeoplebalashi:Спросить о помощнике секретаря Балаши.,
mannpeoplesfcruni,PopulateMannPeopleOptions,"$id == sfcmann score:1000
$player.metsfcruni",,,mannpeoplesfcruni:Спросить о Юнифер Руни.,
mannpeoplesfcsierra,PopulateMannPeopleOptions,"$id == sfcmann score:1000
$global.sfcsierraconvincedmannfred",,,mannpeoplesfcsierra:Спросить о Sierra.,
mannpeoplereturn,PopulateMannPeopleOptions,$id == sfcmann score:1000,"SetShortcut mannpeoplereturn ""ESCAPE""",,mannpeoplereturn:Назад.,
mannpeopleresponsplayerveryhigh,DialogOptionSelected,"$option == mannpeopleplayer
sfcreltrack 70 100",,"«На вас можно положиться, $playerName, значит и на меня тоже можно».
OR
«В следующий раз, когда я поведу команду на тимбилдинг, хочу, чтобы вы пошли с нами».
OR
«Жаль, что вы не в моей команде. Вы были бы настоящим примером для всех остальных».",,
mannpeopleresponsplayerhigh,DialogOptionSelected,"$option == mannpeopleplayer
sfcreltrack 25 70",,"«Вы доказываете, что на вас можно опереться. Я это ценю».
OR
«Так держать, $playerName. Таких людей, как вы, здесь редко встретишь».
OR
«Если бы здесь было больше таких, как вы, я бы сделал намного больше и намного быстрее».",,
mannpeopleresponsplayernormal,DialogOptionSelected,"$option == mannpeopleplayer
sfcreltrack 0 25",,"«Вы достаточно надежны, хотя еще посмотрим, останется ли так дальше».
OR
«Я бы не доверил вам ловить меня, если я упаду, но могу доверять, что вы внезапно не ударите в спину. Надеюсь».
OR
«Что бы вы ни делали, просто не устраивайте беспорядок, который потом разгребать мне».",,
mannpeopleresponsplayerlow,DialogOptionSelected,"$option == mannpeopleplayer
sfcreltrack -100 0",,"«Вам бы стоило быть менее негативным».
OR
«Такой негатив - не признак зрелости, знаете ли».
OR
«Вы всегда такой мрачный от природы или вас кто-то сильно обидел в молодости?»",,
mannpeopleresponseandrada,DialogOptionSelected,$option == mannpeopleandrada,,"«Верховный Руководитель, безусловно, человек с видением. Но я давно его не видел. Ну, не лично, если точнее. В основном только звонки или записи. И это как-то неправильно, понимаете? Трудно выстроить рабочую иерархию, если у тебя нет более личного контакта с начальством».",,
mannpeopleresponsekween,DialogOptionSelected,"$option == mannpeoplekween
!$player.sfcfullalienatedkween
sfcreltrack -100 75",,"«Она моя коллега, что тут еще сказать? У главной исследовательницы Квин действительно масса интересных идей, хотя некоторые из них куда менее практичны, чем другие. Но работает она хорошо, так что жаловаться сложно. Хотя, по-моему, я ни разу не видел, чтобы она выходила из лаборатории... будто она там живет».",,
mannpeopleresponsekweenhigh,DialogOptionSelected,"$option == mannpeoplekween
!$player.sfcfullalienatedkween
sfcreltrack 75 100",,"«Только между нами, Квин меня реально пугает. Она постоянно твердит, как важны ее исследования и как все вокруг ей мешают, ну обычное дело. Но, клянусь, однажды ночью я задержался в лаборатории и увидел, как Квин разговаривает с кем-то, кто выглядел точь-в-точь как она сама. Может, я устал, может, она просто смотрела в зеркало, но эти глаза... от них мороз по коже».",,
mannpeopleresponsekweenalienated,DialogOptionSelected,"$option == mannpeoplekween
$player.sfcfullalienatedkween",,"«Квин в последнее время просто слетела с катушек. Она чуть не запустила в меня микроскопом, когда я спросил, что происходит. Черт, я постоянно слышу, как она проклинает ваше имя, будто вы ей собаку переехали. Что вы сделали, $playerName?»",,
mannpeopleresponsebalashi,DialogOptionSelected,$option == mannpeoplebalashi,,"«Кому-то давно пора вынуть палку из Балаши. Вечно напряженный, вечно на взводе. Когда он рядом, ощущение, будто он следит за каждым моим движением лишь бы найти повод придраться».",,
mannpeopleresponsesfcruni,DialogOptionSelected,"$option == mannpeoplesfcruni
!$global.runirepurposed",,"«Юнифер?» - Маннфред некоторое время смотрит на вас озадаченно. «А что с ней? Я видел ее всего несколько раз, как она бегала туда-сюда. Должен сказать, с ней что-то не так. Кажется, я замечал, как она периодически просто зависает. Не знаю, почему Квин держит ее при себе. Если честно, я даже не понимаю, чем она тут вообще занимается».",,
mannpeopleresponsesfcrunimissing,DialogOptionSelected,"$option == mannpeoplesfcruni
$global.runirepurposed",,"«Юнифер?» - Маннфред некоторое время смотрит на вас озадаченно. «Я вообще давно ее не видел. Будто просто исчезла. Я думал спросить у Квин, но... не особо хочу. Надеюсь, у нее все в порядке. Без нее здесь как-то пусто».",,
mannpeopleresponsesfcsierra,DialogOptionSelected,$option == mannpeoplesfcsierra,,"«Ах, Sierra», - отвечает Маннфред, чуть понижая голос. «Берегите ее, $playerName. Она хотя бы это заслуживает».",,
#END sfcmannpeopletree,,,,,,
,,,,,,
# sfcmann,,,,,,
convDefaultGreetingmannfirst,PickGreeting,"!$player.metsfcmann
$id == sfcmann score:1000
$faction.id == sindrian_diktat
!$entity.isHostile","$player.metsfcmann = true
ShowPersonVisual
FireAll PopulateOptions","После короткого ожидания под тропический джингл ваш запрос на связь принимают. На экране появляется Грегори Маннфред с улыбкой на лице.

«Ах, $playerName, рад снова вас видеть! Надеюсь, у вас все хорошо. Итак, есть что-то, что вы хотели обсудить?»",,
#convDefaultGreetingmannfirstoriginal,PickGreeting,"!$player.metsfcmann
$id == sfcmann score:1000
$faction.id == sindrian_diktat
!$entity.isHostile","$player.metsfcmann = true
ShowPersonVisual
FireAll PopulateOptions
AddText ""После короткого ожидания под тропический джингл ваш запрос связи принимают.""
AddTextSmall ""Lead Developer for the Sindrian Fuel's Board of Research and Development, Gregory Mannfred has spent his years working for the Sindrian Fuel Company developing the various construction methods and retrofits needed to transform the Company's fuel fleet from a humble ragtag group of fuel haulers to a respectable force of militarized space faring vessels. Though his somewhat laidback attitude leaves a bit to be desired, none in the Company can deny Mannfred's contributions in transforming the Sindrian Fuel Fleet to the navy it is today."" highlight
AddText ""\""Hello. This is Lead Developer Gregory Mannfred. You got something you need to discuss with me?\""""",,,
convDefaultGreetingmannnormal,PickGreeting,"$player.metsfcmann
$id == sfcmann score:100
$faction.id == sindrian_diktat
!$entity.isHostile
sfcreltrack -100 10","ShowPersonVisual
FireAll PopulateOptions","«Снова здравствуйте, капитан. Еще что-то на уме?»
OR
«Капитан, что-нибудь еще?»
OR
«Вы и дальше будете меня отвлекать, или дадите поработать, капитан?»",,"# this will fire when talking to same person again without leaving the station, but that seems fine"
convDefaultGreetingmannhigh,PickGreeting,"$player.metsfcmann
$id == sfcmann score:300
$faction.id == sindrian_diktat
!$entity.isHostile
sfcreltrack 10 50","ShowPersonVisual
FireAll PopulateOptions","«А, капитан $playerName. У вас для меня что-то есть?»
OR
«Капитан $playerName, надеюсь, у вас все хорошо».
OR
«Я сейчас немного занят, но для вас, капитан $playerName, найду пару минут».",,"# this will fire when talking to same person again without leaving the station, but that seems fine"
convDefaultGreetingmannveryhigh,PickGreeting,"$player.metsfcmann
$id == sfcmann score:1000
$faction.id == sindrian_diktat
!$entity.isHostile
sfcreltrack 50 100","ShowPersonVisual
FireAll PopulateOptions","Улыбка Маннфреда становится ярче, когда вы выходите с ним на связь.

«А, $playerName. Рад видеть, что вы все еще в строю!»
OR
Маннфред кивает, когда вы выходите с ним на связь.

«Приветствую, $playerName. Надеюсь, у вас все хорошо?»
OR
Маннфред смеется, когда вы выходите с ним на связь.

«$playerName! Как насчет как-нибудь сходить выпить? Угощаю!»",,"# this will fire when talking to same person again without leaving the station, but that seems fine"
convDefaultGreetingmannNonFuel,PickGreeting,$id == sfcmann,"ShowDefaultVisual
EndConversation","После короткого ожидания соединение воспроизводит автоматическое сообщение.

«Здравствуйте. Это ведущий разработчик Грегори Маннфред. К сожалению, сейчас меня нет на рабочем месте. Оставьте сообщение, и я свяжусь с вами, как только смогу».

После этого канал связи гаснет.",,"# this will fire when talking to same person again without leaving the station, but that seems fine"
convDefaultGreetingmannHostile,PickGreeting,"$id == sfcmann score:500
$faction.id == sindrian_diktat
$entity.isHostile",BeginConversation sfcmann,"После короткого ожидания ваш запрос на связь принимают.

Ведущий разработчик Грегори Маннфред смотрит на вас секунду, затем тянется к чему-то за пределами экрана.

После этого канал связи гаснет.
OR
После короткого ожидания ваш запрос на связь принимают.

«Здравствуйте. Это ведущий разработчик Грегори Маннфред. Мне нужно откло... О. Простите, неверный номер».

После этого канал связи гаснет.",cutCommLink:Разорвать связь,"# this will fire when talking to same person again without leaving the station, but that seems fine"
convDefaultGreetingmannUpset,PickGreeting,"$id == sfcmann score:2000
$faction.id == sindrian_diktat
$sfcmannupset","sfcwaittime ""$sfcmannupset"" ""$sfcmannupsetDGS""
AddText ""После короткого ожидания под тропическую музыку соединение внезапно обрывается. Похоже, ведущий разработчик не хочет с вами говорить. Возможно, стоит подождать $sfcmannupsetDGS.""
SetTextHighlights $sfcmannupsetDGS
ShowDefaultVisual
EndConversation",,,
convDefaultGreetingmannBetrayed,PickGreeting,"$id == sfcmann score:9999
$faction.id == sindrian_diktat
$player.sfcmannbetrayed","BeginConversation sfcmann
SetPersonHidden sfcmann true","После короткого ожидания ваш запрос на связь принимают.

Как только ведущий разработчик появляется на экране, его брови хмурятся.

«Ты».

Грегори Маннфред на мгновение закрывает глаза и медленно трет лоб. «Почему? Я думал, мы друзья, $playerName. Но нет, ты просто змея. Это последний раз, когда я вообще хочу тебя видеть».

Прежде чем вы успеваете ответить, канал связи гаснет.",cutCommLink:Разорвать связь.,# Mannfred will disappear from Sindria with this
,,,,,,
aiCores_turnInOptionMann,PopulateOptions,$id == sfcmann score:1000,FireBest DisableTurnInCoresOptionIfNeeded,,10:aiCores_startTurnIn:Сдать ИИ-ядра ведущему разработчику.,
aiCores_turnInOptionSelMann,DialogOptionSelected,"$option == aiCores_startTurnIn
$id == sfcmann score:1000",FireAll PopulateCoresTurnInOptions,"«Вы ведете довольно рискованную игру, таская такое по центральным мирам. Разумеется, я с радостью заберу это у вас, $playerName. И прослежу, чтобы вы получили достойную компенсацию».",,
aiCores_neverMindOptionSelectedMann,DialogOptionSelected,"$option == aiCores_neverMind
$id == sfcmann score:1000",FireAll PopulateOptions,"$Post $personLastName хмурится, откидываясь в кресле.

«Вы точно уверены? Другие могут оказаться куда менее сговорчивыми, если узнают, что у вас в трюмах. Так что хотя бы заработайте на этом, сдав ядра, верно?»",,
aiCores_turnInResponseDiktatMann,AICoresTurnedIn,$id == sfcmann score:1000,FireAll PopulateOptions,"$PersonName улыбается, когда вы подтверждаете передачу, а $Post нажимает несколько кнопок на ТриПаде вне кадра, чтобы отправить вам оговоренную сумму кредитов.
OR
«Вы делаете разумный выбор, $playerName. Не волнуйтесь, я прослежу, чтобы это безопасно утилизировали до того, как кто-то еще узнает. И, пожалуйста, не говорите об этом мисс Квин. Последнее, что мне нужно, это чтобы она попыталась у меня это отобрать».",,
,,,,,,
convProcureGreetingNotEnoughmann,PickGreeting,"$proCom_needsCommodity score:2000
Call $proCom_ref updateData
!$proCom_playerHasEnough
$player.metsfcmann
$id == sfcmann score:2000
$faction.id == sindrian_diktat
!$entity.isHostile","ShowPersonVisual
SetTextHighlights $proCom_quantity
FireAll PopulateOptions","«Да, здравствуйте». $HeOrShe, похоже, занят просмотром грузовой ведомости на соседнем дисплее. «Я ожидаю груз в $proCom_quantity ед. $proCom_commodityName. С оплатой», - $hisOrHer взгляд переключается на вас. «По факту поставки. В полном объеме».
OR
«Я ожидаю поставку $proCom_commodityName, $proCom_quantity единиц, ровно», - $HeOrShe рассеянно читает с датапада. «Таковы условия».",,
convProcureGreetingmann,PickGreeting,"$proCom_needsCommodity score:2000
Call $proCom_ref updateData
$proCom_playerHasEnough
$player.metsfcmann
$id == sfcmann score:2000
$faction.id == sindrian_diktat
!$entity.isHostile","ShowPersonVisual
SetTextHighlights $proCom_quantity $proCom_pricePerUnit","«А, вы здесь, отлично». $personName читает с датапада. «Итак, если верить записям... да, тут сказано, что вы доставляете $proCom_quantity ед. $proCom_commodityName. Верно?»","proCom_deliver:Передать $proCom_commodityName
cutCommLink:Разорвать связь",
#END sfcmann,,,,,,
,,,,,,
# sfcmanngifttree,,,,,,
mannaskfood,PopulateMannGiftOptions,"$id == sfcmann score:1000
!PlayerHasCargo lobster
!PlayerHasCargo uaf_bakery_product_3",,,mannaskfood:Спросить Грегори о его любимой еде.,
manngiftlobster,PopulateMannGiftOptions,"$id == sfcmann score:1000
PlayerHasCargo lobster",,,manngiftlobster:Предложить Volturnian Lobster.,
manngiftshirts,PopulateMannGiftOptions,"$id == sfcmann score:1000
PlayerHasCargo sfcgift5",,,manngiftshirts:Предложить комплект туристических рубашек.,
manngiftuafpretzels,PopulateMannGiftOptions,"$id == sfcmann score:1000
PlayerHasCargo uaf_bakery_product_3",,,manngiftuafpretzels:Предложить набор кренделей и круассанов.,
mannaskdrinks,PopulateMannGiftOptions,"$id == sfcmann score:1000
!PlayerHasCargo alcoholism_sunshine_c
!PlayerHasCargo alcoholism_stout_c",,,mannaskdrinks:Спросить Грегори о его любимых напитках.,
manngiftsubsunshine,PopulateMannGiftOptions,"$id == sfcmann score:1000
PlayerHasCargo alcoholism_sunshine_c",,,manngiftsubsunshine:Предложить бутылку Askonian Sunshine.,
manngiftsubstout,PopulateMannGiftOptions,"$id == sfcmann score:1000
PlayerHasCargo alcoholism_stout_c",,,manngiftsubstout:Предложить бутылку Phoenix Stout.,
manngiftreturn,PopulateMannGiftOptions,$id == sfcmann score:1000,"SetShortcut manngiftreturn ""ESCAPE""",,manngiftreturn:Назад.,
,,,,,,
mannaskfoodrep,DialogOptionSelected,$option == mannaskfood,"$sfcmanngifted = true 3
FireAll PopulateMannOptions","«Ну, с хорошим лобстером точно не прогадаешь, верно? Хотя, если честно, мне не хватает хорошего свежего хлеба».
OR
«У вас есть лобстер? Или хлеб? Я бы не отказался от свежего хлеба. Здесь такое добыть чертовски сложно».",,
manngiftlobsterrep,DialogOptionSelected,$option == manngiftlobster,"$sfcmanngifted = true 15
AdjustRepActivePerson WELCOMING 5
AddRemoveCommodity lobster -1 true
FireAll PopulateMannOptions","«А, лобстер. Я как раз собирался взять немного после работы. Спасибо!»
OR
«Ммм, бесплатный лобстер - это всегда хорошо».
OR
«Может, в следующий раз принесете мне лобстеровый пирог, а? Но и так огромное спасибо».",,
manngiftshirtsrep,DialogOptionSelected,$option == manngiftshirts,"$sfcmanngifted = true 15
AdjustRepActivePerson COOPERATIVE 5
AddRemoveCommodity sfcgift5 -1 true
FireAll PopulateMannOptions","«О, кстати, я как раз думал взять еще таких рубашек! Спасибо!»
OR
«Отлично! Знаете, почему-то эти штуки очень быстро изнашиваются, так что дополнительные рубашки очень кстати!»
OR
«Рубашки с лобстерами? Надеюсь, мои любимые дизайны на месте!»",,
manngiftuafpretzelsrepfirst,DialogOptionSelected,"$option == manngiftuafpretzels
!$sfcmannfredgiftedbread","$sfcmanngifted = true 15
$sfcmannfredgiftedbread = true
$global.sfcmannfredvacation = true
$global.sfcmannfredvacationtime = true 120
AdjustRepActivePerson FRIENDLY 10
AddRemoveCommodity uaf_bakery_product_3 -1 true
FireAll PopulateMannOptions","Вы отправляете в кабинет ведущего разработчика набор кренделей и круассанов, и пока посылка идет до Маннфреда, вы обмениваетесь парой фраз. На своей стороне связи он получает коробку, открывает ее и вдыхает запах.

«Ммм, пахнет очень приятно», - замечает Маннфред, берет крендель и откусывает. «И вкус тоже отличный! Просто идеально! Где, говорите, вы это взяли?»

Вы объясняете, откуда еда, и Маннфред тепло улыбается. «А, хрмм, у меня ведь накопилось немало отпуска... В любом случае спасибо за угощение, $playerName!»",,
manngiftuafpretzelsrep,DialogOptionSelected,"$option == manngiftuafpretzels
$sfcmannfredgiftedbread","$sfcmanngifted = true 15
AdjustRepActivePerson FRIENDLY 5
AddRemoveCommodity uaf_bakery_product_3 -1 true
FireAll PopulateMannOptions","«А, еще этого вкусного хлеба? Отлично!»
OR
«Спасибо! Самое то для короткого перерыва».",,
mannaskdrinksrep,DialogOptionSelected,$option == mannaskdrinks,"$sfcmanngifted = true 3
FireAll PopulateMannOptions","«Напиток? Ха, я бы прямо сейчас выпил! Только никому не говорите, но мне больше нравится то, что производит Гегемония, чем местные варианты».
OR
«Обычно я против алкоголя на работе, но это не значит, что нельзя выпить на перерыве! Если у вас есть Stout, я бы с радостью сделал глоток!»",,
manngiftsubsunshinerep,DialogOptionSelected,$option == manngiftsubsunshine,"$sfcmanngifted = true 15
AdjustRepActivePerson WELCOMING 5
AddRemoveCommodity alcoholism_sunshine_c -1 true
FireAll PopulateMannOptions","«Отлично. Как раз то, что помогает рабочему дню идти быстрее».
OR
«Вы можете считать, что пить на работе - плохая идея, а я считаю, что это помогает идеям течь свободнее».
OR
«Эй, если я вырублюсь после пары стаканов, вы же позовете кого-нибудь меня забрать, да?»",,
manngiftsubstoutrepfirst,DialogOptionSelected,"$option == manngiftsubstout
!$sfcmannfredgiftedstout","$sfcmanngifted = true 15
$sfcmannfredgiftedstout = true
AdjustRepActivePerson FRIENDLY 10
AddRemoveCommodity alcoholism_stout_c -1 true
FireAll PopulateMannOptions","Как только Грегори получает напиток на своей стороне канала связи, вы видите, как он широко вам улыбается.

«Ах, вы просто великолепны!» - говорит Грегори, открывая бутылку. «За вас!»",,
manngiftsubstoutrep,DialogOptionSelected,"$option == manngiftsubstout
$sfcmannfredgiftedstout","$sfcmanngifted = true 15
AdjustRepActivePerson FRIENDLY 5
AddRemoveCommodity alcoholism_stout_c -1 true
FireAll PopulateMannOptions","«Phoenix Stout... смелый выбор, знаете ли. Но от хорошего напитка я не откажусь!»
OR
«Прямо из Гегемонии. Балаши закатил бы целую тираду, если бы увидел это у меня. Значит, надо выпить побыстрее».",,
manngiftreturnrep,DialogOptionSelected,$option == manngiftreturn,FireAll PopulateMannOptions,,,
#END sfcmanngifttree,,,,,,
,,,,,,
# sfcmanntalktree,,,,,,
manntalkcompliment,PopulateMannTalkOptions,$id == sfcmann score:1000,,,manntalkcompliment:Похвалить Маннфреда.,
manntalkinsult,PopulateMannTalkOptions,$id == sfcmann score:1000,,,manntalkinsult:Оскорбить Маннфреда.,
manntalkreturn,PopulateMannTalkOptions,$id == sfcmann score:1000,"SetShortcut manntalkreturn ""ESCAPE""",,manntalkreturn:Назад.,
,,,,,,
manntalkcomplimentres,DialogOptionSelected,$option == manntalkcompliment,"$sfcmanntalk = true 14
AdjustRepActivePerson FRIENDLY 1
FireAll PopulateMannOptions","«Эй, и вам того же, дружище».
OR
«Доброе слово всегда может далеко зайти».
OR
«Приятно знать, что не все в этом секторе вечно несчастные».",,
manntalkinsultres,DialogOptionSelected,$option == manntalkinsult,"$sfcmanntalk = true 14
AdjustRepActivePerson NEUTRAL -1
FireAll PopulateMannOptions","«Вы настолько несчастны, что пытаетесь сделать несчастными и остальных?»
OR
«Звучит так, будто вас в детстве никто ни разу не обнял».
OR
«Вас родители вообще манерам не учили?»
OR
«Вы когда-нибудь думали о том, чтобы перестать быть таким придурком?»",,
manntalkreturnres,DialogOptionSelected,$option == manntalkreturn,FireAll PopulateMannOptions,,,
#END sfcmanntalktree,,,,,,
,,,,,,
# sfcnephroidea get,,,,,,
mannsuperfighterstart,PopulateMannSuperOptions,,,,,
mannsuperfighter1.0,PopulateMannSuperOptions,,,,mannsfyes:Согласиться встретиться с Маннфредом.,
mannsuperfighter1.1,PopulateMannSuperOptions,,"sfcoptionconfirm mannsfno ""Вы правда хотите отказаться?"" ""Да."" ""Нет.""",,mannsfno:Сказать - что вы слишком заняты для встречи. (Пропустить встречу),
mannsuperfighter1end,DialogOptionSelected,$option == mannsfno,"$mannsuperfighterget = true
$player.sfcnpchigh++
FireAll PopulateOptions
sfcaddspecial sfc_nep_bp
sfcaddfighter sfcnephropoidea_wing
AddText ""Грегори Маннфред предоставил вам доступ к элитному истребителю Nephropoidea и его чертежу"" highlight","Грегори выглядит немного поникшим, когда вы отклоняете его предложение. «... А, ну ничего. Как-нибудь в другой раз». Выждав пару секунд, Грегори продолжает. «В любом случае, вы очень помогли здесь, и я хотел кое-что вам передать. Это особый истребитель, который я надеялся протолкнуть во флот Sindrian Fuel, но у меня не было времени собрать по нему достаточно данных. Надеюсь, вы сможете использовать его на своих авианосцах и проверить в деле. Кто знает, может, при хорошем объеме боевой статистики он станет новой звездой флота! И да, если будет свободное время в будущем, можем сходить выпить, ладно?»",,
mannsuperfightermeetingstart,DialogOptionSelected,$option == mannsfyes,"AdjustRepActivePerson COOPERATIVE 1
$player.manndrinksaccepted = true
","«Отлично! Давайте, я пришлю шаттл, который заберет вас и доставит ко мне домой. Наконец-то нормально выпьем!»

Примерно через полчаса к вашему кораблю прибывает шаттл. Поскольку приглашение только для вас, вы поднимаетесь на борт и замечаете, насколько роскошен интерьер. Без сомнений, транспорт для VIP-персон. Устроившись в кресле, вы слышите, как пилот подтверждает ваше присутствие, после чего отстыковывается и берет курс к месту назначения.",mannnep1:Устроиться поудобнее и ждать прибытия,
mannsuperfightermeeting1,DialogOptionSelected,$option == mannnep1,"sfcplaymusic ""music_gas_market_neutral_fleet""
ShowImageVisual urban02","Устроившись в кресле, вы смотрите в иллюминатор. Проходя через один из входов в подземную часть Синдрии, вы замечаете, что в этот раз вас не накрывает привычной волной музыки и рекламы. Странное, но приятное чувство - наконец можно спокойно услышать собственные мысли.

Пройдя в основной вход подземного города, шаттл скользит над центральными районами, мимо бесчисленных жилых аркологий и промышленных центров. Пилот указывает на пункт назначения: более роскошную аркологию в стороне от основной суеты. Похоже, до нее даже не добрался Совет рекламы и маркетинга. Приблизившись к посадочной площадке, вы замечаете, что вас уже кто-то ждет.

Как только вы выходите из шаттла, слышите бодрый смех: к вам подходит Грегори Маннфред с сияющей улыбкой. «А, капитан $PlayerName! Как же приятно видеть вас вживую! Идемте, идемте, зайдем внутрь».",mannnep2:Следовать за Маннфредом,
mannsuperfightermeeting2,DialogOptionSelected,$option == mannnep2,BeginConversation sfcmann true true,"Вы проходите за Грегори через вестибюль: ведущий разработчик машет удостоверением администратору и проводит вас через закрытый проход. За ним вы попадаете в сложную искусственную среду, оформленную под поверхность планеты. Искусственный горизонт, имитированное солнце и, по всей видимости, синтетическая растительность - но у вас почти нет времени все рассмотреть, вас ведут дальше.

«Неплохо, да?» - замечает Маннфред, поднимаясь с вами по лестнице и проходя вдоль ряда одинаковых дверей апартаментов. «Почти забываешь, что живешь на несколько тысяч футов под землей. О, вот и мы, мой дом!»

Остановившись у двери, Маннфред прикладывает ID к сенсорной панели, звучит короткий сигнал, и дверь медленно открывается. «Заходите, чувствуйте себя как дома, а я пока принесу нам выпить!»

Оказавшись внутри, вы видите, что жилье Маннфреда хорошо обставлено, хотя и немного утилитарно по стилю. Вы садитесь на один из табуретов у кухонной стойки, а Маннфред возвращается с бутылкой и парой бокалов.

«Ну что, по бокалу?»","mannnep3a:Принять напиток
mannnep3b:Вежливо отказаться",
mannsuperfightermeeting3a,DialogOptionSelected,$option == mannnep3a,AdjustRepActivePerson COOPERATIVE 1,"Грегори улыбается, наливая вам, и вы поднимаете тост. «За нашу прекрасную дружбу!» - говорит Грегори, делает глоток, и вы следуете примеру.

Затем ведущий разработчик садится рядом. «$playerName, я рад, что вы пришли. Понимаю, в Персеанском секторе у вас наверняка куча дел. Но иногда важно сделать паузу, верно? Так что считайте это предложением: в будущем приходите ко мне в любое время. Капитану нужно место, где можно расслабиться и выдохнуть, и я буду рад дать вам такую возможность».

Ведущий разработчик делает еще глоток. «Ну что, расслабимся и поболтаем! Уверен, вам есть что рассказать!»",mannnep4:Наслаждаться визитом,
mannsuperfightermeeting3b,DialogOptionSelected,$option == mannnep3b,,"Грегори слегка сникает, когда вы отказываетесь, но тут же отмахивается с улыбкой. «А, ничего. Капитану вроде вас нужно быть готовым действовать в любую секунду, верно?» Ведущий разработчик наливает себе и поднимает бокал. «За нашу прекрасную дружбу, я рад, что мы встретились».

Сделав короткий глоток, Грегори садится рядом. «$PlayerName, я рад, что вы пришли. Понимаю, в Персеанском секторе у вас наверняка куча дел. Но иногда важно сделать паузу, верно? Так что считайте это предложением: в будущем приходите ко мне в любое время. Капитану нужно место, где можно расслабиться и выдохнуть, и я буду рад дать вам такую возможность».

Ведущий разработчик делает еще глоток. «Ну что, расслабимся и поболтаем! Уверен, вам есть что рассказать!»",mannnep4:Наслаждаться визитом,
mannsuperfightermeeting4,DialogOptionSelected,$option == mannnep4,,"Вы проводите часы, обмениваясь историями и приключениями; сам Грегори рассказывает, как оказался в Sindrian Fuel Company и как пришел к своей нынешней должности. По мере продолжения встречи Маннфред все подливает себе и вскоре уже делает третью доливку.

«... И вот так мне пришлось вызывать скорую для Балаши после того, как я сказал, что в новом ролике с Андрадой он выглядит так, будто спит!» - Грегори смеется и несколько раз хлопает ладонью по стойке. «Ах, хорошие времена, хорошие. Кстати о времени, уже поздно! В общем, я хотел еще кое-что вам показать».

Грегори выводит изображение на ТриПад и разворачивает голограмму перед вами. «Я разрабатываю новый истребитель для Sindrian Fuel Company. Но Компания, скажем так... упрямится, когда речь заходит о принятии новых истребительных проектов. А ведь модель отличная, мне просто нужно доказательство! И вот тут вы мне и нужны, $playerName. Возьмите этот проект, используйте его во флоте и соберите как можно больше боевых данных! Когда Sindrian Fuel Company увидит, насколько он эффективен, им придется принять его во флот. Все будет идеально. И да, если захотите, сможете делать собственные копии! Ну что скажете?»",mannnepend:Принять чертеж,
mannsuperfightermeetingend,DialogOptionSelected,$option == mannnepend,"ShowDefaultVisual
sfcplaymusic
$mannsuperfighterget = true
$sfcmannhaddrinks = true 14
$player.sfcnpchigh++
sfcaddspecial sfc_nep_bp
sfcaddfighter sfcnephropoidea_wing
AdjustRepActivePerson COOPERATIVE 1
AddStoryPoints 1
AddText ""Грегори Маннфред предоставил вам доступ к элитному истребителю Nephropoidea и его чертежу"" highlight","«Отлично! Я немедленно отправлю чертеж в ваш флот! И даже добавлю LPC, чтобы вы сразу могли начать испытания», - говорит Грегори, ставя бокал. «Ах, кажется, я выпил лишнего. В любом случае спасибо, что заглянули, $playerName. Выход найдете сами, администратор поможет, а шаттл уже подготовят».

Грегори машет вам на прощание, пока вы выходите из апартаментов и возвращаетесь к посадочной площадке. Вскоре прибывает еще один VIP-шаттл, чтобы забрать вас. Устроившись на месте, вы чувствуете, как шаттл взлетает и уходит прочь, оставляя жилую аркологию позади.",cutCommLink:Вернуться к своему флоту,
#END sfcnephroidea get,,,,,,
,,,,,,
# sfcmanndrinkstree,,,,,,
sfcmannbarstart,DialogOptionSelected,$option == mannOptiondrinks,"sfcoptionconfirm sfcmannbaroption2 ""Вы правда хотите передумать?"" ""Да."" ""Нет.""","Грегори смеется. «Ну что, насчет того пива, что я тебе задолжал!»
OR
Грегори широко улыбается, когда вы предлагаете выбраться выпить. «У меня есть свободное время! Давай напьемся вместе!»
OR
«Отлично!» - громко говорит Грегори. «Я как раз искал повод уйти с работы пораньше!»","sfcmannbaroption1:Сесть на шаттл и встретиться с Маннфредом.
sfcmannbaroption2:Передумать встречаться с Маннфредом.",
sfcmannbarcancel,DialogOptionSelected,$option == sfcmannbaroption2,"$sfcmannhaddrinks = true 14
AdjustRepActivePerson NEUTRAL -1
FireAll PopulateOptions","Грегори разочарованно качает головой. «Серьезно? Ну, может, в другой раз тогда...»
OR
Грегори хмурится. «Ладно, ладно, но в следующий раз точно идем пить, договорились?»
OR
Грегори вздыхает. «Серьезно? Сначала обнадежил, а теперь вот так? Нехорошо так делать, знаешь».",,
sfcmannbaracceptplaceholder,DialogOptionSelected,"$option == sfcmannbaroption1
$player.sfcmannfriendship <= 3","$sfcmannhaddrinks = true 30
AdjustRepActivePerson COOPERATIVE 3
$player.sfcmannfriendship++","[PLACEHOLDER TEXT] Вы спускаетесь, чтобы встретиться с Грегори Маннфредом. После теплой встречи и короткого обмена новостями вы вместе идете в ближайший бар. Грегори платит за напитки, и вы проводите несколько часов в спокойном отдыхе.

После этого вы прощаетесь и на шаттле возвращаетесь к своему флоту.",cutCommLink:Вернуться к своему флоту,
,,,,,,
# sfcdrinks low,,,,,,
sfcmannbaracceptlow,DialogOptionSelected,"$option == sfcmannbaroption1
$player.sfcmannfriendship > 3","$sfcmannhaddrinks = true 30
AdjustRepActivePerson COOPERATIVE 3
FireAll PopulateBarCrawlLowOptions
$player.sfcmannfriendship++","Вы спускаетесь, чтобы встретиться с Грегори Маннфредом. После встречи в парке Грегори ведет вас в бар, куда обычно заглядывает после работы.",,
sfcbaroptionlow1,PopulateBarCrawlLowOptions,!$sfcbarlowoption1,,,sfcbarlowoption1:Спросить Грегори - как у него дела.,
sfcbaroptionlow2,PopulateBarCrawlLowOptions,!$sfcbarlowoption2,,,sfcbarlowoption2:Спросить Грегори - над чем он недавно работал.,
sfcbaroptionlow3,PopulateBarCrawlLowOptions,!$sfcbarlowoption3,,,sfcbarlowoption3:Спросить Грегори - чем он занимался до работы в Компании.,
sfcbaroptionlow4,PopulateBarCrawlLowOptions,,,,sfcbarlowoption4:Просто наслаждаться напитком.,
sfcbaroptionlow1a,DialogOptionSelected,$option == sfcbarlowoption1,$sfcbarlowoption1 = true,"«Ну, я пью, рядом хороший друг, и в будущем планирую уйти в отпуск! Так что, считай, живу лучшую жизнь! Но хватит обо мне, пора напиваться!»

После еще нескольких раундов вы прощаетесь с Грегори, и шаттл забирает вас обратно к флоту.",cutCommLink:Вернуться к своему флоту,
sfcbaroptionlow2a,DialogOptionSelected,$option == sfcbarlowoption2,$sfcbarlowoption2 = true,"«Над чем я недавно работал? Ну, мог бы сказать, но тогда пришлось бы тебя убить».

Грегори быстро смеется, но оставляет фразу повисеть в воздухе. «Шутка, шутка! На самом деле я сейчас пытаюсь продвинуть больше истребительных проектов для Компании. Знаю, Верховный Руководитель не горит желанием расширять истребительное крыло, но думаю, смогу его убедить. Особенно если ты покажешь хорошие результаты с тем проектом истребителя, что я тебе дал раньше».

После еще пары раундов вы расходитесь, и вы возвращаетесь к своему флоту.",cutCommLink:Вернуться к своему флоту,
sfcbaroptionlow3a,DialogOptionSelected,$option == sfcbarlowoption3,$sfcbarlowoption3 = true,"Грегори коротко смеется.

«О, это интересная история. Ты, возможно, не поверишь, но я раньше не занимался проектированием кораблей», - замечает Грегори, ставя стакан. «Я был в команде мусорщиков, исследовал дальние окраины Сектора в поисках старых и забытых технологий».

«График был ужасный, оплата дрянная, условия кошмар... но тогда я нашел много друзей. Они помогали мне, когда становилось тяжело. Без них я бы не стал тем, кто я сейчас. Жаль, что они не видят меня теперь...»

Ведущий разработчик ненадолго замолкает, затем снова смеется. «Извини, что загрузил! Ладно, давай еще по одной!»

После еще пары напитков вы с Грегори расходитесь.",cutCommLink:Вернуться к своему флоту,
sfcbaroptionlow4a,DialogOptionSelected,$option == sfcbarlowoption4,,"Вы просто решаете приятно провести время с Грегори: обсуждаете истории, смеетесь и позволяете себе немного выдохнуть.

Спустя некоторое время вы расходитесь, и вы возвращаетесь на шаттле к своему флоту.",cutCommLink:Вернуться к своему флоту,
#END sfcdrinks low,,,,,,
#END sfcmanndrinkstree,,,,,,
,,,,,,
# sfcmann runi options,,,,,,
,,,,,,
# getting runi contact,,,,,,
sfcmann get runi contact,DialogOptionSelected,$option == sfcmannfredrunicontactstart,FireAll MannfredRuniContactOptions,"На лице Грегори появляется недоумение, когда вы озвучиваете просьбу.

«И зачем вам это, капитан?» - спрашивает Грегори, слегка прищурившись.",,
sfcmannrunicontactoptiona,MannfredRuniContactOptions,,,,sfcmannrunioptiona:Сообщить Грегори - что Юнифер недавно связывалась с вами.,
sfcmannrunicontactanswera,DialogOptionSelected,$option == sfcmannrunioptiona,"$player.sfckweeninformed = true
$runicontactmannfred = true
FireAll PopulateOptions
","«Она правда это сделала?» Грегори слегка наклоняет голову. «Странно, обычно она очень замкнутая. Значит, ей действительно было важно с вами поговорить. Ладно, я тогда навещу ее и попробую попросить выйти с вами на связь позже. Вам сейчас еще что-то нужно от меня?»",,
sfcmannrunicontactoptionb,MannfredRuniContactOptions,!$sfcoptinb,,,sfcmannrunioptionb:Сказать - что хотите узнать - как у нее дела.,
sfcmannrunicontactanswerb,DialogOptionSelected,$option == sfcmannrunioptionb,"FireAll PopulateMannOptions
$sfcoptinb = true 0","«Насколько я видел в последний раз, с ней все в порядке, капитан», - отвечает Грегори, продолжая щуриться. «Знаете, это довольно странная просьба. В следующий раз, когда увижу ее, передам, что вы спрашивали. Итак, я могу еще чем-то помочь?»",,
sfcmannrunicontactoptionc,MannfredRuniContactOptions,sfcreltrack 75 100,,,sfcmannrunioptionc:Сослаться на вашу дружбу с Грегори.,
sfcmannrunicontactanswerc,DialogOptionSelected,$option == sfcmannrunioptionc,"FireAll PopulateOptions
SetPersonHidden sfcruni false
$player.sfcrunicontact = sfcmann
$runicontactmannfred = true
$player.sfcconfrontation = true
AddTextSmall ""Ведущий разработчик Маннфред передал вам контактные данные Юнифер Руни."" highlight","«Что ж, вы и правда много для меня сделали», - замечает Грегори, почесывая подбородок. «Не вижу в этом проблемы. Скажу ей ожидать ваш звонок в ближайшее время».

Через несколько секунд на ваш ТриПад приходит контактная информация.

«Итак, вам еще что-нибудь нужно от меня?»",,
#END getting runi contact,,,,,,
#END sfcmann runi options,,,,,,
#END manndirectory,,,,,,
,,,,,,
# secofficerdirectory,,,,,,
,,,,,,
# secofficer,,,,,,
convDefaultGreetingsecofficerrhea,PickGreeting,"$id == sec_officer score:4200
$sfcfirstsecmeeting
$global.daysSinceStart > 365
!$global.sfcrheacameo
$faction.id == sindrian_diktat
!$entity.isHostile","$global.sfcrheacameo = true
BeginConversation sec_officer","«Слава Анд-» - начинает $PersonName, но прежде чем он успевает продолжить свою обычную речь, вы видите, как его внимание переключается на что-то в стороне. «-А, простите, мне нужно это принять. Свяжитесь со мной позже».

$PersonName исчезает с экрана связи, но вы замечаете, что соединение все еще активно. Вы не уверены, когда именно $heOrShe вернется, но можете закрыть канал сейчас. Или подождать.","sfcrheacameo:Подождать - пока Балаши вернется.
cutCommLink:Разорвать связь","# this will fire when talking to same person again without leaving the station, but that seems fine"
#convDefaultGreetingsecofficerrheadev,PickGreeting,"$id == sec_officer score:4200
$sfcfirstsecmeeting
$global.isDevMode
$global.daysSinceStart <= 365
!$global.sfcrheacameo
$faction.id == sindrian_diktat
!$entity.isHostile","$global.sfcrheacameo = true
BeginConversation sec_officer","""Glory to And-"" $PersonName begins but before he can continue with his usual spiel, you notice his attention being drawn away to something. ""-Ah, sorry, I have to take this. Please contact me again later.""

$PersonName disappears from the comm link screen, though you notice you're still connected. You're not entirely sure when $heOrShe will come back, but you could close the comm link now. Or wait.","cutCommLink:Разорвать связь
sfcrheacameo:Подождать возвращения Балаши.","# this will fire when talking to same person again without leaving the station, but that seems fine"
convDefaultGreetingsecofficer,PickGreeting,"$id == sec_officer score:100
$faction.id == sindrian_diktat
!$sfcfirstsecmeeting
!$entity.isHostile","$sfcfirstsecmeeting = true
ShowPersonVisual
FireAll PopulateOptions","После короткого ожидания под тропический джингл ваш запрос на связь принимают.

$PersonName с энтузиазмом отдает вам честь, появляясь на экране.

«Слава Верховному Главному Повелителю Президенту-Исполнителю Управляющему Газовой Станцией и слава Sindrian Fuel Company!» - выкрикивает $HeOrShe. «Как вы намерены послужить Sindrian Fuel Company в этот славный день, капитан $PlayerName?»",,
convDefaultGreetingsecofficer2,PickGreeting,"$id == sec_officer score:300
$faction.id == sindrian_diktat
$sfcfirstsecmeeting
!$entity.isHostile","ShowPersonVisual
FireAll PopulateOptions","«Слава Андраде!»
OR
«Слава Sindrian Fuel Company!»
OR
«Слава Льви- нашему Великодушному, Превосходному, Славному и Благословенному Верховному Главному Повелителю Президенту-Исполнителю Управляющему Газовой Станцией!»",,"# this will fire when talking to same person again without leaving the station, but that seems fine"
convDefaultGreetingsecofficernoncomm,PickGreeting,"$id == sec_officer score:2000
$faction.id == sindrian_diktat
!sfcemployee sindrian_diktat",BeginConversation sec_officer,"После короткого ожидания под тропический мотив ваш запрос на связь принимают.

«Слава Верховному Главному Повелителю Президенту-Исполнителю Управляющему Газовой Станцией, чем вы можете послу- Ты! Ты пересмотрел свой выбор, $playerName? Лишь когда признаешь свои ошибки, я вообще подумаю снова с тобой говорить».

После этого канал связи гаснет.",cutCommLink:Разорвать связь,
convDefaultGreetingsecofficerHostile,PickGreeting,"$id == sec_officer score:9999
$faction.id == sindrian_diktat
$entity.isHostile",BeginConversation sec_officer,"После короткого ожидания под тропический мотив ваш запрос на связь принимают.

«Слава Верховному Главному Повелителю Президенту-Исполнителю Управляющему Газовой Станцией, чем вы можете послу- ТЫ! Как ты смеешь связываться со мной, предатель! Да постигнет тебя навеки бесславная участь, $playerName!»

После этого канал связи гаснет.",cutCommLink:Разорвать связь,"# this will fire when talking to same person again without leaving the station, but that seems fine"
convDefaultGreetingsecofficerNonFuel,PickGreeting,"$id == sec_officer score:100
$faction.id != sindrian_diktat",,"После короткого ожидания под тропическую музыку соединение воспроизводит автоматическое сообщение.

«Приветствую, вы связались с офисом прославленного Спендера Балаши, помощника секретаря великого Верховного Главного Повелителя Президента-Исполнителя Филлипа Андрады из славной Sindrian Fuel Company. Примите мои смиренные извинения, я сейчас не могу ответить, поэтому оставьте сообщение, и я свяжусь с вами, как толь-».

Остальная часть сообщения обрывается, и канал связи гаснет.",,"# this will fire when talking to same person again without leaving the station, but that seems fine"
#END secofficer,,,,,,
,,,,,,
# secofficerdialoguetree,,,,,,
convosecofficerStart,PopulateOptions,$id == sec_officer score:1000,,,conversesecofficer:Поговорить,
convosecofficerList,DialogOptionSelected,$option == conversesecofficer,FireAll PopulateSecOfficerOptions,,,
convosecofficerSierraStart,PopulateSecOfficerOptions,"$isPerson
$id == sec_officer score:1000
sfcsierra
!$sfcsierrametbalashi
$global.sierraMentionedAndradaBook",SetOptionColor sfcsecofficersierrastart sierraTextColor,,sfcsecofficersierrastart:Представить Sierra Балаши.,
convosecofficerMayfly,PopulateSecOfficerOptions,"$player.askedsfcspying
!$player.sfctoldsfcaboutmayfly
$id == sec_officer score:1000","sfcoptionconfirm secofficermayflystart ""Вы хотите сообщить Спендеру Балаши о Mayfly?"" ""Да."" ""Нет.""",,secofficermayflystart:Сообщить Балаши о Mayfly.,
convosecofficerMayflyMission,PopulateSecOfficerOptions,"$player.sfcmayflymission == secofficer
$player.sfcmayflyboom
$id == sec_officer score:1000",,,secofficermayflymission:Сообщить Балаши об уничтожении Mayfly.,
convoSecOfficerChat,PopulateSecOfficerOptions,$id == sec_officer score:1000,,,chatsecofficer:Поболтать,
convoSecOfficerChatResponses,DialogOptionSelected,$option == chatsecofficer,,"«Вы не думали пожертвовать в пенсионный фонд нашего Превосходного, Славного и Благословенного Верховного Главного Повелителя Президента-Исполнителя Управляющего Газовой Станцией? Я понимаю, мысль о том, что у Sindrian Fuel Company когда-нибудь не будет ее великого лидера, может пугать, но даже он заслуживает достойной пенсии после стольких лет служения народу».
OR
«Как же прискорбно жить в секторе, где находятся те, кто отрицает величие Sindrian Fuel Company. Поистине наш долг - просветить таких людей и дать им понять, что антиматерийное топливо марки Sindrian - единственно приемлемый выбор».
OR
«Вы видели последнюю речь нашего дорогого Великодушного, Превосходного, Славного и Благословенного Верховного Главного Повелителя Президента-Исполнителя Управляющего Газовой Станцией? Я не спал всю ночь, чтобы посмотреть ее целиком, а потом пересмотрел запись еще раз, чтобы полностью впитать каждое слово!»
OR
«Сейчас я выполняю важное поручение главной исследовательницы Квин. Она сказала мне 'Потеряться'. Но, похоже, этот самый 'Потерявшийся' оказывается крайне неуловим. Возможно, вы поможете мне найти 'Потерявшегося', $playerName?»
OR
«Однажды мне пришлось нарядиться в Laffy the Security Lion для парада. Хотя я был в восторге от такой важной роли, человек, который носил костюм до меня, так и не удосужился его нормально постирать».",,
convosecofficeroption1,PopulateSecOfficerOptions,"!$secofficerhullmodget
$id == sec_officer score:1000
sfcreltrack 25 100",,,secofficerOptionhullmod:Спросить - чем еще Балаши занимается в Топливная компания Синдрии.,
convosecofficeroption1.1,PopulateSecOfficerOptions,"!$secofficerandrada1
$id == sec_officer score:1000
sfcreltrack 50 100",,,secofficerOptionandrada1:Сказать Балаши - что вы хотели бы встретиться с Андрадой.,
convosecofficeroption1.11,PopulateSecOfficerOptions,"$secofficerandrada1
$id == sec_officer score:1000",,,secofficerOptionandrada11:Попросить у Балаши копию Phillip Andrada experience.,
convosecofficeroption1.2,PopulateSecOfficerOptions,"$secofficerandrada1
!$secofficergalastart
$id == sec_officer score:1000
sfcreltrack 75 100",,,secofficerOptionandrada2:Сказать Балаши - что вы хотите встретиться с Андрадой по-настоящему.,
convosecofficeroption2,PopulateSecOfficerOptions,$id == sec_officer score:1000,,,secofficerOptionPeople:Спросить мнение Балаши о чем-нибудь.,
convosecofficeroption2.1,PopulateSecOfficerOptions,"!$secofficergifted
$id == sec_officer score:1000",,,secofficerOptionGift:Предложить Балаши что-нибудь.,
convosecofficeroption2.2,PopulateSecOfficerOptions,"$secofficergifted
$id == sec_officer score:1000","sfcwaittime ""$secofficergifted"" ""$secofficergiftedDGS""
SetTooltip secofficerOptionGift2 ""Вы недавно уже дарили подарок. Подождите $secofficergiftedDGS.""
SetTooltipHighlights secofficerOptionGift2 $secofficergiftedDGS
SetEnabled secofficerOptionGift2 false",,secofficerOptionGift2:Предложить Балаши что-нибудь.,
convosecofficeroption2.3,PopulateSecOfficerOptions,"!$secofficertalk
$id == sec_officer score:1000",,,secofficerOptiontalk:Сказать что-нибудь еще...,
convosecofficeroption2.4,PopulateSecOfficerOptions,"$secofficertalk
$id == sec_officer score:1000","sfcwaittime ""$secofficertalk"" ""$secofficertalkDGS""
SetTooltip secofficerOptiontalk2 ""Вы недавно уже выбирали этот вариант. Подождите $secofficertalkDGS.""
SetTooltipHighlights secofficerOptiontalk2 $secofficertalkDGS
SetEnabled secofficerOptiontalk2 false",,secofficerOptiontalk2:Сказать что-нибудь еще...,
convosecofficeroption3,PopulateSecOfficerOptions,$id == sec_officer score:1000,"SetShortcut secofficerOptionMenu ""ESCAPE""",,secofficerOptionMenu:Назад,
secofficerhullmod,DialogOptionSelected,$option == secofficerOptionhullmod,"$secofficerhullmodget = true
FireAll PopulateOptions
sfcaddhullmod sfcfuelstoragerefit
sfcaddhullmod sfcmaximizedfuelstorage
AddTextSmall ""Спендер Балаши выдал вам модификации корпуса для увеличения максимального запаса топлива кораблей."" highlight","«Разумеется! В свободное время я изучаю, как еще сильнее увеличить объем топлива, который можно хранить на кораблях. Люди постоянно говорят, что перегружать корабль топливом сверх разумного - опасно, но я скажу так, эти люди просто трусы! Когда речь о Sindrian Fuel Company, мы обязаны максимально наращивать топливную емкость!»",,
secofficerandradaexperience,DialogOptionSelected,$option == secofficerOptionandrada1,"$secofficerandrada1 = true
FireAll PopulateOptions
AddTextSmall ""Теперь вы можете воспользоваться копией опыта Великодушного, Превосходного, Славного, Благоприятного Верховного Главного Повелителя Президента Исполнительного Директора Заправочной Станции Филиппа Андрады, принадлежащей Балаши."" highlight","Балаши смотрит на вас с заметным разочарованием.

«Я понимаю, что вы хотите встретиться с Верховным Главным Повелителем Президентом-Исполнителем, $PlayerName, но он очень занятой человек! Однако, учитывая вашу преданность делу Sindrian Fuel Company, думаю, я могу кое-что для вас сделать».

Балаши ненадолго исчезает из кадра, а затем возвращается с голопроектором в руках.

«Это копия Phillip Andrada experience, позволяющая встретиться с виртуальным интеллектом нашего Верховного Руководителя! Как столь верному стороннику Компании, я считаю справедливым позволить вам пользоваться моей копией в любое время. Только не забудьте вернуть ее, когда закончите. Итак, могу ли я еще чем-то помочь?»",,
secofficerandradagalawait,DialogOptionSelected,"$option == secofficerOptionandrada2
$player.sfcnpchigh < 3",FireAll PopulateOptions,"Балаши собирается что-то сказать, но делает паузу. Сверившись с чем-то вне кадра, он вновь переключает внимание на вас.

«К сожалению, капитан, Верховный Руководитель все еще крайне занят. Я знаю, вы уже многое сделали, чтобы помочь мне, но впереди еще немало работы. Поэтому я поручаю вам помогать и другим сотрудникам Sindrian Fuel Company. Возможно, если вы заработаете более громкое имя среди других старших менеджеров, то получите то, чего добиваетесь».

Затем он кивает. «Итак, могу ли я еще чем-то помочь?»",,
secofficerandradagalasoon,DialogOptionSelected,"$option == secofficerOptionandrada2
$player.sfcnpchigh >= 3","FireAll PopulateOptions
AddTextSmall ""Корпоративная гала-вечеринка появится в будущем обновлении мода. Спасибо, что играете в Phillip Andrada: Gas Station Manager!"" highlight","Балаши собирается что-то сказать, но делает паузу. Сверившись с чем-то вне кадра, он вновь переключает внимание на вас.

«Что ж, вы хорошо проявили себя с другими сотрудниками Sindrian Fuel Company. Хотя я не могу организовать вам личную встречу с Верховным Руководителем, хочу сообщить о предстоящем корпоративном гала-вечере».

Балаши слегка улыбается. «Это очень важное событие, где будут все значимые фигуры Компании. И каждый может привести с собой одного гостя. Раз вы так помогали Компании, я готов взять вас с собой как своего плюс-один. Конечно, до гала еще есть время, но надеюсь, вы оцените это внимание».

«Итак, могу ли я еще чем-то помочь?»",,
secofficerpeople,DialogOptionSelected,$option == secofficerOptionPeople,FireAll PopulateSecOfficerPeopleOptions,,,
secofficergift,DialogOptionSelected,$option == secofficerOptionGift,FireAll PopulateSecOfficerGiftOptions,,,
secofficertalk,DialogOptionSelected,$option == secofficerOptiontalk,FireAll PopulateSecOfficerTalkOptions,,,
#devtestportrait,PopulateSecOfficerOptions,$global.isDevMode,,,sfcdevtestportrait:Снять с Балаши солнцезащитные очки (DEV TEST),
#devtestportraiteresult,DialogOptionSelected,$option == sfcdevtestportrait,"sfcnpcchanges changenpcPortrait balashi
FireAll PopulateOptions",,,
#devtestimportance,PopulateSecOfficerOptions,$global.isDevMode,,,sfcdevtest:Сделать Балаши Очень Важным (DEV TEST),
#devtestimportanceresult,DialogOptionSelected,$option == sfcdevtest,"sfcnpcchanges changenpcImportanceVeryHigh
FireAll PopulateOptions",,,
secofficermenu,DialogOptionSelected,$option == secofficerOptionMenu,FireAll PopulateOptions,,,
#END secofficerdialoguetree,,,,,,
,,,,,,
# secofficerpeopletree,,,,,,
secofficerpeopleme,PopulateSecOfficerPeopleOptions,$id == sec_officer score:1000,,,secofficerpeopleplayer:Спросить о себе.,
secofficerpeopleandrada,PopulateSecOfficerPeopleOptions,$id == sec_officer score:1000,,,secofficerpeopleandrada:Спросить о Верховном Главном Повелителе Президенте-Исполнителе Управляющем Газовой Станцией Филлипе Андраде.,
secofficerpeoplekween,PopulateSecOfficerPeopleOptions,"$id == sec_officer score:1000
$player.metsfckween",,,secofficerpeoplekween:Спросить о главной исследовательнице Квин.,
secofficerpeoplemann,PopulateSecOfficerPeopleOptions,"$id == sec_officer score:1000
$player.metsfcmann",,,secofficerpeoplemann:Спросить о ведущем разработчике Маннфреде,
secofficerpeoplenftpononzi,PopulateSecOfficerPeopleOptions,"$id == sec_officer score:1000
$player.metnftpononzi",,,secofficerpeoplenftpononzi:Спросить о директоре NFT - Inc. Пононзи,
secofficerpeoplereturn,PopulateSecOfficerPeopleOptions,$id == sec_officer score:1000,"SetShortcut secofficerpeoplereturn ""ESCAPE""",,secofficerpeoplereturn:Назад.,
secofficerpeopleresponsplayer,DialogOptionSelected,$option == secofficerpeopleplayer,,"«Мое личное мнение о вас мало что значит, капитан $playerName. Пока вы служите славе Верховного Главного Повелителя Президента-Исполнителя Управляющего Газовой Станцией, я не позволю своим личным чувствам этому мешать».",,
secofficerpeopleresponseandrada,DialogOptionSelected,$option == secofficerpeopleandrada,,"«Он был величайшим адмиралом, которого когда-либо знала Гегемония, но смиренно решил следовать своей мечте. Пусть многие и осуждали его поступок, он остался верен себе и завоевал любовь миллионов. Это Верховный Главный Повелитель Президент-Исполнитель Управляющий Газовой Станцией Филлип Андрада - самый выдающийся человек в Персеанском секторе и за его пределами».
OR
«Он любит жар и держит прохладу благодаря своим фирменным очкам. Его сияние ярче самой Асконии. Народ в благоговении перед величием его власти. Это Верховный Главный Повелитель Президент-Исполнитель Управляющий Газовой Станцией Филлип Андрада - самый блистательный человек в Персеанском секторе и за его пределами».
OR
«Он поддерживает движение всего сектора своим премиальным антиматерийным топливом, объединяющим людей. Другие пытаются копировать его, но их продукция бледнеет в сравнении. Люди по всему сектору используют его топливо, чтобы преодолевать расстояния между звездами. Это Верховный Главный Повелитель Президент-Исполнитель Управляющий Газовой Станцией Филлип Андарда - самый замечательный человек в Персеанском секторе и за его пределами».",,
secofficerpeopleresponsemann,DialogOptionSelected,$option == secofficerpeoplemann,,"«Ведущий разработчик Грегори Маннфред - крайне ценный сотрудник Sindrian Fuel Company. Однако отсутствие у него должной выдержки и его ленивое отношение - болезненная проблема в его в остальном блестящей карьере. Если бы не его важнейший вклад в Компанию, думаю, Андрада давно бы уже выставил его за дверь».",,
secofficerpeopleresponsekween,DialogOptionSelected,$option == secofficerpeoplekween,,"«Главная исследовательница Юнрис Квин обеспечила Sindrian Fuel Company серьезное преимущество своими проектами. Однако она постоянно запрашивает все больше ассистентов и подопытных. Я слышал, Совет по труду планирует направить ей официальную жалобу с требованием экономнее расходовать выделяемые ресурсы».",,
secofficerpeopleresponsenftpononzi,DialogOptionSelected,$option == secofficerpeoplenftpononzi,,"«И зачем вам вообще говорить о столь ужасном человеке? Карлос Пононзи - избалованный ребенок, который думает, что с помощью связей сможет подорвать славу Sindrian Fuel Company. Ему давно пора принять, что его корпорация никогда не затмит Sindrian Fuel. На вашем месте я бы держался от него подальше. От него одни проблемы».",,
secofficerpeopleresponsereturn,DialogOptionSelected,$option == secofficerpeoplereturn,FireAll PopulateSecOfficerOptions,,,
#END secofficerpeopletree,,,,,,
,,,,,,
# secofficergifttree,,,,,,
secofficerasklobster,PopulateSecOfficerGiftOptions,"$id == sec_officer score:1000
!PlayerHasCargo lobster",,,secofficerasklobster:Спросить Балаши - что он думает о Volturnian Lobster.,
secofficergiftlobster,PopulateSecOfficerGiftOptions,"$id == sec_officer score:1000
PlayerHasCargo lobster",,,secofficergiftlobster:Предложить свежего Volturnian Lobster.,
secofficeraskdrinks,PopulateSecOfficerGiftOptions,"$id == sec_officer score:1000
!PlayerHasCargo alcoholism_sunshine_c",,,secofficeraskdrinks:Спросить Балаши о его любимом напитке.,
secofficergiftsubsunshine,PopulateSecOfficerGiftOptions,"$id == sec_officer score:1000
PlayerHasCargo alcoholism_sunshine_c",,,secofficergiftsubsunshine:Предложить Балаши бутылку Askonian Sunshine.,
secofficeraskfoods,PopulateSecOfficerGiftOptions,"$id == sec_officer score:1000
!PlayerHasCargo uaf_bakery_product_2",,,secofficeraskfoods:Спросить Балаши - какую еду он любит.,
secofficergiftuafdonuts,PopulateSecOfficerGiftOptions,"$id == sec_officer score:1000
PlayerHasCargo uaf_bakery_product_2",,,secofficergiftuafdonuts:Предложить Балаши коробку пончиков.,
secofficergiftreturn,PopulateSecOfficerGiftOptions,$id == sec_officer score:1000,"SetShortcut secofficergiftreturn ""ESCAPE""",,secofficergiftreturn:Назад.,
,,,,,,
secofficerasklobsterrep,DialogOptionSelected,$option == secofficerasklobster,"$secofficergifted = true 3
FireAll PopulateSecOfficerOptions","«Volturnian Lobster? Благороднейшее создание, с прочным панцирем, способным пережить самые тяжелые испытания! Воистину существо, достойное своего значения в Sindrian Fuel Company!»
OR
«Нет существа благороднее Volturnian Lobster, капитан! Мы все должны стремиться быть подобными стойкому лобстеру перед лицом суровых невзгод, как и Верховный Главный Повелитель Президент-Исполнитель Управляющий Газовой Станцией Филлип Андрада!»",,
secofficergiftlobsterrep,DialogOptionSelected,$option == secofficergiftlobster,"$secofficergifted = true 15
AdjustRepActivePerson COOPERATIVE 5
AddRemoveCommodity lobster -1 true
FireAll PopulateSecOfficerOptions","«Ах да, Volturnian Lobster! Воистину наиболее подходящее существо для символа нашей великой Компании. Я высоко ценю этот прекрасный дар, $playerName».
OR
«Нет существа прекраснее Volturnian Lobster. Воистину идеальное создание для нашей Компании. Я позабочусь о нем как следует, $playerName».",,
secofficeraskdrinksrep,DialogOptionSelected,$option == secofficeraskdrinks,"$secofficergifted = true 3
FireAll PopulateSecOfficerOptions","«Я предпочитаю только лучшие напитки из тех, что способна производить Компания, капитан!»
OR
«Хмф, вы соблазняете меня напитком, пока я при исполнении? Что ж, если вам интересно, моего внимания достойны лишь лучшие напитки Volturn».",,
secofficergiftsubsunshinerep,DialogOptionSelected,$option == secofficergiftsubsunshine,"$secofficergifted = true 15
AdjustRepActivePerson COOPERATIVE 5
AddRemoveCommodity alcoholism_sunshine_c -1 true
FireAll PopulateSecOfficerOptions","«Ничего, кроме лучшей выдержки в секторе. Я прослежу, чтобы ни капли не пропало зря».
OR
«Именно тяжелый труд рабочих Volturn позволил вручить мне этот прекрасный подарок. Я этого не забуду».",,
secofficerasfoodsrep,DialogOptionSelected,$option == secofficeraskfoods,"$secofficergifted = true 3
FireAll PopulateSecOfficerOptions","«Еда? Что ж, в моем положении можно довольно долго обходиться без возможности поесть. Я обязан всегда оставаться преданным нашему благородному лидеру! Однако от пончика я бы не отказался».
OR
«Кстати, вы правы, у меня редко бывает шанс нормально перекусить на работе. Даже короткого перерыва едва хватает. Жаль, я бы сейчас не отказался от пончиков...»",,
secofficergiftuafdonutsrepfirst,DialogOptionSelected,"$option == secofficergiftuafdonuts
!$secofficerfirstuaf","$secofficergifted = true 15
$secofficerfirstuaf = true
AdjustRepActivePerson COOPERATIVE 15
AddRemoveCommodity uaf_bakery_product_2 -1 true
FireAll PopulateSecOfficerOptions","$personName смотрит на вас с явным любопытством, когда вы показываете $himOrHer коробку пончиков, и еще внимательнее - когда сообщаете, откуда она. После отправки коробки курьером в его офис посылка наконец достигает стола $personLastName. $personLastName несколько раз тыкает пончики, затем берет один. Несколько мучительно долгих секунд $HeOrShe рассматривает его и только потом откусывает.

«... О... О!» На лице $personLastName проступает искренняя радость - почти инородная для обычно столь серьезного человека. Не успеваете вы опомниться, как $heOrShe уже хватает второй, затем третий...

Через несколько минут $personLastName удовлетворенно вздыхает, с той странно обычной улыбкой на лице. $HeOrShe поворачивается к вам и вдруг осознает, что все еще в канале связи. Взяв паузу, чтобы собраться, $personLastName возвращает своему лицу привычную серьезность.

«Капитан $playerName, у меня к вам скромная просьба. Я был бы крайне признателен, если бы вы снова принесли еще одну коробку пончиков. Не слишком часто, разумеется, но на регулярной основе. Я чувствую, что таким... божественным... десертом следует делиться с остальной Компанией».

У вас есть ощущение, что $heOrShe будет съедать их в основном сам, но вы оставляете эту мысль при себе.",,
secofficergiftuafdonutsreprepeat,DialogOptionSelected,"$option == secofficergiftuafdonuts
$secofficerfirstuaf","$secofficergifted = true 15
$secofficerfirstuaf = true
AdjustRepActivePerson COOPERATIVE 10
AddRemoveCommodity uaf_bakery_product_2 -1 true
FireAll PopulateSecOfficerOptions","«О, еще этих божествен- то есть... спасибо за очередную поставку этих продуктов, $playerName».
OR
«Еще пончики? Несите сюда! Я не могу дождать- Кхм, благодарю за ваш вклад, $playerName».
OR
«Вкусные, восхитительные пончики, вот они и- да, спасибо еще раз за снабжение Компании этими десертами, $playerName».",,
secofficergiftreturnrep,DialogOptionSelected,$option == secofficergiftreturn,FireAll PopulateSecOfficerOptions,,,
#END secofficergifttree,,,,,,
,,,,,,
# secofficertalktree,,,,,,
secofficertalkcompliment,PopulateSecOfficerTalkOptions,$id == sec_officer score:1000,,,secofficertalkcompliment:Похвалить Балаши.,
secofficertalkinsult,PopulateSecOfficerTalkOptions,$id == sec_officer score:1000,,,secofficertalkinsult:Оскорбить Балаши.,
secofficertalkreturn,PopulateSecOfficerTalkOptions,$id == sec_officer score:1000,"SetShortcut secofficertalkreturn ""ESCAPE""",,secofficertalkreturn:Назад.,
,,,,,,
secofficertalkcomplimentres,DialogOptionSelected,$option == secofficertalkcompliment,"$secofficertalk = true 14
AdjustRepActivePerson COOPERATIVE 1
FireAll PopulateSecOfficerOptions","«Единственный, кого вы должны хвалить, это Андрада, $playerName. Но ваши слова я учту».",,
secofficertalkinsultres,DialogOptionSelected,$option == secofficertalkinsult,"$secofficertalk = true 14
AdjustRepActivePerson VENGEFUL -1
FireAll PopulateSecOfficerOptions","«Ах, я не позволю подобным словам повлиять на меня! Пока я сосредоточен на служении Андраде, никакие оскорбления меня не заденут!»",,
secofficertalkreturnres,DialogOptionSelected,$option == secofficertalkreturn,FireAll PopulateSecOfficerOptions,,,
#END secofficertalktree,,,,,,
#END secofficerdirectory,,,,,,
,,,,,,
# runidirectory,,,,,,
,,,,,,
# runi,,,,,,
convDefaultGreetingrunifirstmannfred,PickGreeting,"!$global.sfcrunifirstgreeting
$player.sfcrunicontact == sfcmann
$id == sfcruni score:1000","$global.sfcrunifirstgreeting = true
ShowPersonVisual
FireAll PopulateOptions","Вы ждете несколько секунд, пока канал связи соединяется с Юнифер. Как только она появляется на экране, на ее лице отражается удивление.

«П-п-привет, к-капитан», - запинается она, с трудом удерживая взгляд на вас. «Маннфред говорил, что вы с-свяжетесь со мной, но я н-не думала, что вы и-п-правда это сделаете. Я-я-»

Юнифер делает глубокий вдох, изо всех сил стараясь собраться.",,
convDefaultGreetingrunifirstkweenyes,PickGreeting,"!$global.sfcrunifirstgreeting
$player.sfcrunicontact == sfckween
$id == sfcruni score:1000","$global.sfcrunifirstgreeting = true
ShowPersonVisual
FireAll PopulateOptions","Вы ждете несколько секунд, пока канал связи соединяется с Юнифер. Как только она появляется на экране, на ее лице отражается удивление.

«К-капитан!» - запинается она, с трудом удерживая взгляд на вас. «Я-я-я... к-как у вас этот контакт? В-вам его дала Квин? Я-я-»

Юнифер делает глубокий вдох, изо всех сил стараясь собраться.",,
convDefaultGreetingrunifirstmacario,PickGreeting,"!$global.sfcrunifirstgreeting
$player.sfcrunicontact == macario
$id == sfcruni score:1000","$global.sfcrunifirstgreeting = true
ShowPersonVisual
FireAll PopulateOptions","Вы ждете несколько секунд, пока канал связи соединяется с Юнифер. Как только она появляется на экране, на ее лице отражается удивление.

«К-капитан!» - запинается она, с трудом удерживая взгляд на вас. «Я-я-я... к-как у вас этот контакт? В-вам его дала Квин? Я-я-»

Юнифер делает глубокий вдох, изо всех сил стараясь собраться.",,
convDefaultGreetingruni,PickGreeting,"$global.sfcrunifirstgreeting
$id == sfcruni score:100
","ShowPersonVisual
FireAll PopulateOptions
","«П-привет снова, к-капитан».
OR
«Д-да, капитан?»
OR
«П-приветствую, к-капитан».",,"# this will fire when talking to same person again without leaving the station, but that seems fine"
convDefaultGreetingruninoship,PickGreeting,"$global.sfcrunifirstgreeting
!$sfcruninoiapetus
$id == sfcruni score:1000
!PlayerFleetHasShipWithBaseHull sfcsuperiapetus","ShowPersonVisual
FireAll PopulateOptions
$sfcruninoiapetus = true 14
AdjustRepActivePerson SUSPICIOUS -1
","«К-капитан... где он... где он?»
OR
«Корабль... к-корабль... где он?»
OR
«... К-капитан... мой корабль... г-где он?»",,"# this will fire when talking to same person again without leaving the station, but that seems fine"
#convDefaultGreetingrunihire,PickGreeting,"$global.sfcrunifirstgreeting
$id == sfcruni score:1000
sfcreltrack 60 100","BeginConversation sfcruni
sfcplaymusic ""runi_encounter_neutral""
FireAll SFCRuniRukaDefeat","$personName gives you an unnerving stare, with a look of exhaustion more extreme than is usual for her. Her frown deepens as she does her best to to compose herself.

""I-I'm sorry, Captain, I-I don't know if t-this is a good time,"" $personFirstName states as she squints. ""I-I... I-I... I just received some t-terrible news about... about Ruka.""",,"# this will fire when talking to same person again without leaving the station, but that seems fine"
convDefaultGreetingrunirukadefeat,PickGreeting,"$global.sfcrunifirstgreeting == true
$id == sfcruni score:300
$sfcrunirukaupset == false
$global.sfcGFF_outta_gas == true","BeginConversation sfcruni
sfcplaymusic ""runi_encounter_neutral""
FireAll SFCRuniRukaDefeat","$personName смотрит на вас тревожным взглядом; усталость на ее лице заметно сильнее обычного. Ее хмурость усиливается, пока она изо всех сил пытается собраться.

«Я-и-извините, капитан, я-я не думаю, что с-сейчас подходящее время», - говорит $personFirstName, щурясь. «Я-я... я-я... только что получила у-ужасные новости о... о Руке».",,"# this will fire when talking to same person again without leaving the station, but that seems fine"
convDefaultGreetingupset,PickGreeting,"$player.sfcruniupset
$id == sfcruni score:9999","
",Вы пытаетесь связаться с Юнифер. Однако после нескольких минут ожидания подключиться к ее каналу связи так и не удается.,,"# this will fire when talking to same person again without leaving the station, but that seems fine"
convoruniStart,PopulateOptions,$id == sfcruni score:100,,,conversesfcruni:Поговорить,
convoruniList,DialogOptionSelected,$option == conversesfcruni score:200,FireAll PopulateRuniOptions,,,
convoruniChat,PopulateRuniOptions,$id == sfcruni score:100,,,chatsfcruni:Поболтать,
convoruniChatResponse,DialogOptionSelected,$option == chatsfcruni score:100,,"«С-столько времени прошло с тех пор, как я к-командовала кораблем. Хотелось бы снова...»
OR
«Я бы х-хотела, чтобы Компания снова позволила мне к-командовать кораблем...»
OR
«Как там Iapetus? Ты х-хорошо о ней заботишься?»",,
convoruniChatResponsenoiapetus,DialogOptionSelected,"$option == chatsfcruni score:200
!PlayerFleetHasShipWithBaseHull sfcsuperiapetus",,"«М-мой корабль...»
OR
«Г-где он...»
OR
«П-почему... где мой корабль?»",,
convoruniAsk,PopulateRuniOptions,$id == sfcruni score:100,,,asksfcruni:Спросить Юнифер о чем-нибудь.,
convoruniGift,PopulateRuniOptions,"!$sfcrunigifted
$id == sfcruni score:100
sfcreltrack -50 100",,,giftsfcruni:Предложить Юнифер подарок.,
convoruniGiftwait,PopulateRuniOptions,"$sfcrunigifted
$id == sfcruni score:100","sfcwaittime ""$sfcrunigifted"" ""$sfcrunigiftedDGS""
SetTooltip giftsfcruni2 ""Вы недавно уже выбирали этот вариант. Подождите $sfcrunigiftedDGS.""
SetTooltipHighlights runiGiftoption2 $sfcrunigiftedDGS
SetEnabled giftsfcruni2 false",,giftsfcruni2:Предложить Юнифер подарок.,
convoruniTalk,PopulateRuniOptions,"!$sfcrunitalk score:100
$id == sfcruni score:100",,,talksfcruni:Сказать что-нибудь еще...,
convoruniTalkwait,PopulateRuniOptions,"$sfcrunitalk score:200
$id == sfcruni score:100","sfcwaittime ""$sfcrunitalk"" ""$sfcrunitalkDGS""
SetTooltip talksfcruni2 ""Вы недавно уже выбирали этот вариант. Подождите $sfcrunitalkDGS.""
SetTooltipHighlights runiGiftoption2 $sfcrunitalkDGS
SetEnabled talksfcruni2 false",,talksfcruni2:Сказать что-нибудь еще...,
convorunihire1,PopulateRuniOptions,"!$global.sfcrunihireasked1
$id == sfcruni score:100
sfcreltrack 30 100",,,sfcrunihire1:Спросить Юнифер - хочет ли она присоединиться к вашему флоту.,
convorunihire2,PopulateRuniOptions,"$global.sfcrunihireasked1
!$global.sfcrunicooldown
$id == sfcruni score:100
sfcreltrack 60 100",,,sfcrunihire2:Снова спросить Юнифер - хочет ли она присоединиться к вашему флоту.,
convorunioptionescape,PopulateRuniOptions,$id == sfcruni score:100,"SetShortcut sfcruniOptionMenu ""ESCAPE""",,sfcruniOptionMenu:Назад,
runimenu,DialogOptionSelected,$option == sfcruniOptionMenu score:100,FireAll PopulateOptions,,,
#END runi,,,,,,
,,,,,,
# runiask,,,,,,
runipeopleresponsplayerhighest,DialogOptionSelected,"$option == playerasksfcruni
sfcreltrack 95 100",,"«$playerName...» - начинает Юнифер, стараясь скрыть, как ее лицо медленно краснеет. «П-пожалуйста, будь осторожен».
OR
«Т-ты очень добр ко мне, $playerName», - говорит Юнифер, и на ее лице появляется легкая улыбка. «Я-я рада, что в-встретила т-тебя».
OR
«Н-надеюсь, у тебя все х-хорошо, $playerName», - спрашивает Юнифер, и ее обычная мрачность на мгновение отступает.",,
runipeopleresponsplayerveryhigh,DialogOptionSelected,"$option == playerasksfcruni
sfcreltrack 60 95",,"«К-капитан... с-спасибо, что т-терпишь м-меня».
OR
«К-капитан... ты ведь не бросишь м-меня, правда?»
OR
«К-капитан... п-пожалуйста, н-не забывай м-меня...»",,
runipeopleresponsplayernormal,DialogOptionSelected,"$option == playerasksfcruni
sfcreltrack 0 60",,"«Н-надеюсь, я н-не мешаю т-тебе, к-капитан».
OR
«Н-надеюсь, я н-не трачу т-твое время зря, к-капитан».
OR
«Н-надеюсь, я н-не раздражаю т-тебя, к-капитан».",,
runipeopleresponsplayerlow,DialogOptionSelected,"$option == playerasksfcruni
sfcreltrack -100 0",,"Юнифер что-то тихо бормочет себе под нос. «Т-ты напоминаешь мне Юнрис...»
OR
«Я-я...» - запинается Юнифер, отводя взгляд. «Т-ты меня... н-немного пугаешь...»
OR
«Т-ты всегда т-такой... з-злой?» - спрашивает Юнифер. «Э-это выглядит... о-очень тяжело».
OR
«Н-надеюсь, с т-тобой все в п-порядке...» - замечает Юнифер. «Я-я знаю, что к-командовать ф-флотом м-может быть т-трудно...»",,
runiask,DialogOptionSelected,$option == asksfcruni,"SetShortcut sfcruniAskOptionReturn ""ESCAPE""","Юнифер слегка наклоняет голову. «О-о? Ты хотел что-то у меня спросить?»
OR
«П-понятно», - отвечает Юнифер, «Я н-не знаю, почему ты хочешь о чем-то спросить именно меня, но я б-буду рада ответить на твои вопросы».","playerasksfcruni:Спросить о самой Юнифер.
sfcpeoplesfcruni:Спросить о людях в Топливная компания Синдрии.
sfcruniAskOptionReturn:Назад","# Start of Runi Ask Tree
# save these for later 
# nonsfcpeoplesfcruni:Ask about people in the Sector.
# eventsfcruni:Ask about events in the Sector."
runiaskreturn,DialogOptionSelected,$option == sfcruniAskOptionReturn,FireAll PopulateRuniOptions,,,
,,,,,,
# runiaskpeople,,,,,,
,,,,,,
# runisfcasks,,,,,,
runiasksfclist,DialogOptionSelected,$option == sfcpeoplesfcruni,FireAll PopulateRuniSFCPeopleOptions,,,
runiasksfcandrada,PopulateRuniSFCPeopleOptions,,,,sfcruniandrada:Спросить о Верховном Руководителе Филлипе Андраде.,
runisfcpeoplekween,PopulateRuniSFCPeopleOptions,$player.metsfckween,,,sfcrunikween:Спросить о главной исследовательнице Юнрис Квин,
runisfcpeoplemann,PopulateRuniSFCPeopleOptions,$player.metsfcmann,,,sfcrunimann:Спросить о ведущем разработчике Грегори Маннфреде,
runisfcpeoplebalashi,PopulateRuniSFCPeopleOptions,$player.gotAndradaBook,,,sfcrunibalashi:Спросить о помощнике секретаря Спендере Балаши,
runisfcpeopleruka,PopulateRuniSFCPeopleOptions,$player.metsfcyenni,,,sfcrunirukaask:Спросить о адмирале флота Руке Йенни,
runiandradaresponse,DialogOptionSelected,$option == sfcruniandrada,,"«А-Андрада?» - тихо отвечает Юнифер. «К-когда я впервые его увидела... м-мне казалось, будто он смотрит прямо в мою д-душу. Я-я... с-с тех пор я е-его больше не в-встречала...»",,
runikweenresponse,DialogOptionSelected,$option == sfcrunikween,,"«О-она моя непосредственная н-начальница», - говорит Юнифер, и тревога в ее голосе легко слышна. «О-она заставляет меня п-помогать в ее т-тестах. И-ногда я-я даже у-участвую в н-них».",,
runimannresponse,DialogOptionSelected,$option == sfcrunimann,,"«М-Маннфред добрый, н-но мы р-редко разговариваем. О-он всегда выглядит таким жизнерадостным, д-даже когда все идет н-не по его п-плану».",,
runibalashiresponse,DialogOptionSelected,$option == sfcrunibalashi,,"«Б-Балаши странный... о-он так много говорит об Андраде, н-но я ни разу не видела его р-рядом с Андрадой. О-он правда настолько в-важен, как с-сам говорит?»",,
runirukaresponse,DialogOptionSelected,"$option == sfcrunirukaask
!$sfc",,"«Р-Рука? О-откуда ты е-е знаешь?» - $personFirstName запинается, путая слова. «Я-я... о-она... »",,
runiasksfcpeoplereturn,PopulateRuniSFCPeopleOptions,,"SetShortcut sfcruniAskOptionReturn ""ESCAPE""",,sfcruniAskOptionReturn:Назад,
#END runisfcasks,,,,,,
#END runiaskpeople,,,,,,
#END runiask,,,,,,
,,,,,,
# runigift,,,,,,
runigiftlobsterask,PopulateRuniGiftOptions,"!PlayerHasCargo lobster
!$player.offeredrunilobster",,,sfcrunilobsterask:Спросить Юнифер - что она думает о Volturna Lobsters.,
runigiftlobsteroffer,PopulateRuniGiftOptions,"PlayerHasCargo lobster
!$player.offeredrunilobster",,,sfcrunilobsteroffer:Предложить Юнифер Volturnian Lobster,
runigiftlobsterplushoffer,PopulateRuniGiftOptions,PlayerHasCargo sfcgift6,,,sfcruniplushoffer:Подарить Юнифер плюшевого Volturny.,
runigiftdrinkask,PopulateRuniGiftOptions,"!PlayerHasCargo ii_wine
!PlayerHasCargo red_water",,,sfcrunidrinkask:Спросить Юнифер - какие напитки ей нравятся.,
runigiftiiwineoffer,PopulateRuniGiftOptions,PlayerHasCargo ii_wine,,,sfcruniiiwineoffer:Предложить Юнифер бутылку Byzantine Wine.,
runigifthmiwateroffer,PopulateRuniGiftOptions,"PlayerHasCargo red_water
!$player.offeredruniwater",,,sfcrunihmiwateroffer:Предложить Юнифер канистру Red Water.,
runigiftsweetsask,PopulateRuniGiftOptions,"!PlayerHasCargo uaf_bakery_choco_lava
!PlayerHasCargo ocua_cookies",,,sfcrunisweetsask:Спросить Юнифер - какие сладости ей нравятся.,
runigiftcakeoffer,PopulateRuniGiftOptions,PlayerHasCargo uaf_bakery_choco_lava,,,sfcruniuafcakeoffer:Предложить Юнифер Chocolate Lava Cake.,
runigiftredcookiesoffer,PopulateRuniGiftOptions,PlayerHasCargo ocua_cookies,,,sfcruniredcookiesoffer:Предложить Юнифер коробку Oculian Cookies.,
runigiftreturn,PopulateRuniGiftOptions,,,,sfcruniGiftOptionMenu:Передумать дарить Юнифер подарок.,
runigiftdirectory,DialogOptionSelected,$option == giftsfcruni,"FireAll PopulateRuniGiftOptions
SetShortcut sfcruniGiftOptionMenu ""ESCAPE""","«П-подарок? М-мне?» Юнифер на мгновение смотрит в сторону с явной тревогой. «Я п-правда заслуживаю т-такого?»
OR
«У-у тебя есть что-то для меня?» - спрашивает Юнифер. «Т-ты уверен, что х-хочешь делать это?»",,
runigiftlobsteraskresponse,DialogOptionSelected,$option == sfcrunilobsterask,"$sfcrunigifted = true 3
FireAll PopulateRuniOptions","После вашего вопроса Юнифер выглядит немного настороженной. Она ненадолго отводит взгляд от экрана.

«Я-я... я знаю, что л-люди их едят, н-но эти б-бедные лобстеры», - говорит она. «Д-должно быть, это ужасно - когда тебя в-вылавливают из океана, а потом в-внезапно превращают в еду...»",,
runigiftlobsterresponse,DialogOptionSelected,$option == sfcrunilobsteroffer,"$sfcrunigifted = true 7
$player.offeredrunilobster = true
FireAll PopulateRuniOptions","Когда вы предлагаете Юнифер Volturnian Lobster, она качает головой и отводит взгляд. «П-простите, капитан, н-но я-я... м-мне не очень нравятся Volturnian Lobsters. У них к-какой-то не тот вкус для меня. С-спасибо за предложение, н-но я н-не могу это принять».

Похоже, больше не стоит предлагать Юнифер лобстеров.",,
runigiftlobsterplushresponsefirst,DialogOptionSelected,"$option == sfcruniplushoffer
!$player.offeredruniplush","$sfcrunigifted = true 14
AddRemoveCommodity sfcgift6  -1 true
$player.offeredruniplush = true
AdjustRepActivePerson COOPERATIVE 15
FireAll PopulateRuniOptions","Вы дарите Юнифер Volturny, плюшевого Volturnian Lobster. Получив его, Юнифер держит игрушку в руках и смотрит на нее.

«Ты такой милый малыш, правда...» - говорит Юнифер, на мгновение прижимая его к себе. «И такой мягкий...»

Лишь через несколько секунд она вспоминает, что связь все еще открыта. Она слегка краснеет и откладывает игрушку в сторону. «С-спасибо, капитан, я обязательно буду хорошо о нем заботиться».",,
runigiftlobsterplushresponseafter,DialogOptionSelected,"$option == sfcruniplushoffer
$player.offeredruniplush","$sfcrunigifted = true 7
AddRemoveCommodity sfcgift6  -1 true
AdjustRepActivePerson COOPERATIVE 5
FireAll PopulateRuniOptions","Юнифер улыбается, получая от вас еще одного плюшевого Volturny.

«Такой мягкий...» - замечает она, крепко прижимая новый плюш к себе на несколько секунд.",,
runidrinkaskresponse,DialogOptionSelected,$option == sfcrunidrinkask,"$sfcrunigifted = true 3
FireAll PopulateRuniOptions","«Н-напитки...?» - переспрашивает Юнифер. «Эм... ну, о-однажды я п-пробовала вино...»

Она на мгновение замолкает, будто погружаясь в свои мысли. «А-ах, извините, капитан. Я-я просто... это б-было очень приятно. Т-такой красивый красный цвет... »",,
runigiftiiwineresponse,DialogOptionSelected,"!$player.offeredruniwine
$option == sfcruniiiwineoffer","$sfcrunigifted = true 14
$player.offeredruniwine = true
AdjustRepActivePerson COOPERATIVE 10
AddRemoveCommodity ii_wine  -1 true
FireAll PopulateRuniOptions","Вы отправляете Юнифер бутылку Byzantine Wine и наблюдаете, как посылка доходит до нее. Юнифер сканирует бутылку, внимательно осматривая ее раз за разом.

«... Юнрис однажды пила вино прямо на работе», - говорит Юнифер, не отрывая взгляда от подарка. «Она оставила его на столе, когда ушла на встречу... не знаю, заметила ли она, но я тогда тайком сделала глоток».

Юнифер снова смотрит на вас, и на ее лице появляется легкая улыбка. «Я постараюсь смаковать эту бутылку так же, как смаковала тот глоток много времени назад».",,
runigiftiiwineresponseafter,DialogOptionSelected,"$player.offeredruniwine
$option == sfcruniiiwineoffer","$sfcrunigifted = true 14
AdjustRepActivePerson COOPERATIVE 5
AddRemoveCommodity ii_wine  -1 true
FireAll PopulateRuniOptions","Когда Юнифер получает ваш подарок, на ее лице мелькает озорное выражение. «Я сделаю так, чтобы эта бутылка продержалась подольше».
OR
«Еще одна бутылка для меня?» - спрашивает Юнифер, и на ее лице проскальзывает улыбка, пока она бережно прижимает подарок. «Ммм, постараюсь не выпить все за один раз».",,
runigifthmiwaterresponse,DialogOptionSelected,$option == sfcrunihmiwateroffer,"$sfcrunigifted = true 7
$player.offeredruniwater = true
AdjustRepActivePerson SUSPICIOUS -5
FireAll PopulateRuniOptions","Вы видите, как Юнифер нервно ерзает, когда через экран связи вы показываете ей канистру Red Water. Она пристально смотрит на нее, и ее дискомфорт становится тревожно заметным.

«Она однажды добавила это мне в воду», - говорит Юнифер, не сводя взгляда с канистры в ваших руках. «Она сказала, что это тест на мою реакцию. Я... я... извините, капитан, не могли бы вы убрать это?»

Вы убираете канистру и делаете заметку больше не предлагать это Юнифер.

И, пожалуй, Юнрис тоже больше не стоит подвозить такие канистры.",,
runigiftsweetsaskresponse,DialogOptionSelected,$option == sfcrunisweetsask,"$sfcrunigifted = true 3
FireAll PopulateRuniOptions","Юнифер выглядит немного смущенной и застенчиво отводит взгляд от экрана связи.

«Я-я... знаю, что н-не должна такое говорить, н-но мне очень нравится ш-шоколад...» - отвечает Юнифер, все еще глядя в сторону. «К-Квин говорит, что мне не с-стоит так у-увлекаться, но я-я бы о-очень хотела шоколада... в-ведь в этом нет ничего п-плохого, да?»
OR
«К-капитан... у тебя есть ш-шоколад?» - спрашивает Юнифер. «Я-я бы очень х-хотела немного шоколада...»

Юнифер на мгновение отворачивается от связи, будто стыдясь сказанного. «Н-но все в порядке, е-если у тебя нет. Я-я, наверное, не д-должна была просить».",,
runigiftuafcakeresponse,DialogOptionSelected,"!$player.offeredrunicake
$option == sfcruniuafcakeoffer","$sfcrunigifted = true 14
$player.offeredrunicake = true
AdjustRepActivePerson COOPERATIVE 10
AddRemoveCommodity uaf_bakery_choco_lava -1 true
FireAll PopulateRuniOptions","Вы предлагаете доставить Юнифер шоколадный лава-кейк, и она смотрит на вас с удивлением. «П-правда, ты т-точно уверен, что мне можно это?»

Когда десерт доставляют, вы через некоторое время видите, как Юнифер его получает. Офицер нерешительно тыкает торт, а затем откусывает.

«Э-это... так сладко!» - в непривычно бодром тоне говорит Юнифер и берет еще кусочек. «Невероятно вкусно! Спасибо, $playerName!»

Лишь потом к ней возвращается обычная мрачноватая интонация. «А-ах... да. С-спасибо еще раз за это».",,
runigiftuafcakeresponseafter,DialogOptionSelected,"$player.offeredrunicake
$option == sfcruniuafcakeoffer","$sfcrunigifted = true 14
AdjustRepActivePerson COOPERATIVE 5
AddRemoveCommodity uaf_bakery_choco_lava -1 true
FireAll PopulateRuniOptions","Вы замечаете, как Юнифер слегка улыбается, когда отправляете ей еще один десерт. «С-спасибо еще раз, $playerName».
OR
Лицо Юнифер заметно светлеет, когда она получает еще один шоколадный лава-кейк. «Я-я очень это ценю, $playerName».",,
runigiftredcookiesresponse,DialogOptionSelected,"!$player.offeredrunicookies
$option == sfcruniredcookiesoffer","$sfcrunigifted = true 14
$player.offeredrunicookies = true
AdjustRepActivePerson COOPERATIVE 10
AddRemoveCommodity ocua_cookies -1 true
FireAll PopulateRuniOptions","Коробка печенья доходит до Юнифер без лишней суеты, и она осторожно открывает ее. Юнифер пробует одно печенье и откусывает.

«Т-так сладко...» - замечает Юнифер, беря еще одно печенье. «Надеюсь, ты не заставишь меня слишком к этому привыкнуть».",,
runigiftredcookiesresponseafter,DialogOptionSelected,"$player.offeredrunicookies
$option == sfcruniredcookiesoffer","$sfcrunigifted = true 14
AdjustRepActivePerson COOPERATIVE 5
AddRemoveCommodity ocua_cookies -1 true
FireAll PopulateRuniOptions","Юнифер получает коробку печенья с явным оживлением, берет одно и откусывает, а улыбка на ее лице ненадолго рассеивает привычную мрачность.
OR
Как только вы видите, что Юнифер получила коробку сладостей, она сразу же рвет упаковку, чтобы достать печенье. На мгновение она будто забывает, что вы на связи, но потом вспоминает и осторожно отодвигает коробку в сторону, слегка смущаясь.",,
runigiftescape,DialogOptionSelected,$option == sfcruniGiftOptionMenu,FireAll PopulateRuniOptions,"«О-о, я п-понимаю», - отвечает Юнифер. «Я-я ничего не с-сделала, чтобы заслужить подарок».
OR
«В-все в порядке, капитан», - говорит Юнифер. «Я-я понимаю».",,
#END runigift,,,,,,
,,,,,,
# runitalk,,,,,,
runitalk,DialogOptionSelected,$option == talksfcruni score:100,FireAll PopulateRuniTalkOptions,,,
runitalkcompliment,PopulateRuniTalkOptions,$id == sfcruni score:1000,,,runitalkcompliment:Похвалить Юнифер.,
runitalkinsult,PopulateRuniTalkOptions,$id == sfcruni score:1000,,,runitalkinsult:Оскорбить Юнифер,
runitalkreturn,PopulateRuniTalkOptions,$id == sfcruni score:1000,"SetShortcut runitalkreturn ""ESCAPE""",,runitalkreturn:Пересмотреть варианты.,
runitalkcomplimentres,DialogOptionSelected,$option == runitalkcompliment,"$sfcrunitalk = true 7
AdjustRepActivePerson COOPERATIVE 1
FireAll PopulateRuniOptions","«О-о, капитан?» - запинается Юнифер, стараясь скрыть румянец на щеках за волосами. «С-спасибо...»
OR
Вы замечаете, как на лице Юнифер ненадолго появляется улыбка, после чего она застенчиво отводит взгляд. «Э-это очень мило с твоей стороны, к-капитан».
OR
«Я-я... с-спасибо, капитан», - говорит Юнифер, уводя взгляд в сторону. «Я-я ценю, что ты это сказал».",,
runitalkinsultres,DialogOptionSelected,"$option == runitalkinsult
!$player.yuniferconfident","$sfcrunitalk = true 7
AdjustRepActivePerson NEUTRAL -1
FireAll PopulateRuniOptions","«Я-я... прости», - отвечает Юнифер, отводя взгляд.
OR
«Я-я понимаю, капитан», - говорит Юнифер, опуская голову и избегая смотреть на вас. «Я-я знаю, что з-заслуживаю э-этого».
OR
«К-капитан?» - тихо спрашивает Юнифер, и ее глаза заметно дрожат. «Т-ты п-правда т-так думаешь? Я-я... я...»",,
runitalkreturnres,DialogOptionSelected,$option == runitalkreturn,FireAll PopulateRuniOptions,,,
#END runitalk,,,,,,
,,,,,,
# runihire,,,,,,
,,,,,,
# runihire1,,,,,,
runihire1previous,DialogOptionSelected,"$option == sfcrunihire1
$player.sfcrunifirstmeetinghire","FireAll PopulateRuniHire1Options
sfcplaymusic ""runi_encounter_neutral""","Юнифер, похоже, хмурится в ответ на ваши слова.

«Я-я же говорила, к-капитан... я больше н-не гожусь в о-офицеры... я-я... я просто бесполезна...» - говорит Юнифер, качая головой. «Я д-даже своим кораблем н-не смогла к-командовать больше о-одного дня...»",,
runihire1first,DialogOptionSelected,"$option == sfcrunihire1
!$player.sfcrunifirstmeetinghire","FireAll PopulateRuniHire1Options
sfcplaymusic ""runi_encounter_neutral""","«К-капитан!?» - отвечает Юнифер с явным шоком на лице. «Н-нет... это с-слишком для м-меня. Я-я больше не могу к-командовать... н-не после т-того, что случилось...»",,
runihire1skills,PopulateRuniHire1Options,!$sfcaskedskills,,,sfcruniskills1:Спросить о навыках Юнифер.,
runihire1hire,PopulateRuniHire1Options,,,,sfcrunihireattempt1a:Нанять Юнифер.,
runihire1abort,PopulateRuniHire1Options,,,,sfcrunihireabort1:Передумать нанимать Юнифер.,
runihire1skillsresponse,DialogOptionSelected,$option == sfcruniskills1,"AddText ""Вы задаете $personName несколько вопросов, чтобы понять, в чем состоят $hisOrHer навыки.""
sfcofficercheck
$sfcaskedskills = true 0
FireAll PopulateRuniHire1Options
unset $sfcaskedskills","Юнифер явно недовольна вашим вопросом, но все же позволяет продолжить.",,
runihire1attempt,DialogOptionSelected,$option == sfcrunihireattempt1a,"sfcoptionconfirm sfcrunihireattempt1aa ""Вы хотите настоять на найме Юнифер?"" ""Да."" ""Нет.""","Вы спрашиваете, хочет ли Юнифер присоединиться к вашему флоту. В ответ она смотрит на вас неуверенным взглядом.

«П-пожалуйста... я-я...» - едва слышно бормочет Юнифер.","sfcrunihireattempt1aa:Настоять - чтобы Юнифер присоединилась к флоту.
sfcrunihireabort1:Отказаться от найма Юнифер.",
runihire1attemptfail,DialogOptionSelected,$option == sfcrunihireattempt1aa,"ShowDefaultVisual
AdjustRepActivePerson NEUTRAL -5
$player.sfcruniupset = true 7
$player.triedtohireruniearly = true
$global.sfcrunihireasked1 = true
$global.sfcrunicooldown = true 30
$global.yuniferMisery++","Вы продолжаете настаивать, убеждая ее, что так будет лучше для нее. Пока вы говорите, Юнифер остается пугающе тихой. После ваших слов наступает короткая пауза.

«... П-прости... я... я больше не могу...»

Прежде чем вы успеваете что-то сказать, канал связи гаснет.",cutCommLink:Разорвать связь.,
runihire1nohire,DialogOptionSelected,$option == sfcrunihireabort1,"sfcplaymusic
$global.sfcrunihireasked1 = true
$global.sfcrunicooldown = true 1
FireAll PopulateRuniOptions","Вы решаете больше не давить с попыткой найма. Судя по всему, Юнифер испытывает облегчение.

«С-спасибо, к-капитан. Я... я бы только п-потянула флот вниз».",,
#END runihire1,,,,,,
,,,,,,
# runihire2,,,,,,
runihire2start,DialogOptionSelected,$option == sfcrunihire2,"FireAll PopulateRuniHire2Options
sfcplaymusic ""runi_encounter_friendly""","Юнифер выглядит неуверенно, когда вы снова говорите, что хотите ее нанять.

«Я-я...» - Юнифер запинается, отводя взгляд от экрана связи. «Я-я не знаю... ты правда хочешь, чтобы к-кто-то в-вроде меня р-работал с тобой?»",,
runihire2skills,PopulateRuniHire2Options,!$sfcaskedskills,,,sfcruniskills2:Спросить о навыках Юнифер.,
runihire2hire,PopulateRuniHire2Options,,,,sfcrunihireattempt2:Нанять Юнифер.,
runihire2abort,PopulateRuniHire2Options,,,,sfcrunihireabort2:Передумать нанимать Юнифер.,
runihire2skillsresponse,DialogOptionSelected,$option == sfcruniskills2,"AddText ""Вы задаете $personName несколько вопросов, чтобы понять, в чем состоят $hisOrHer навыки.""
sfcofficercheck
$sfcaskedskills = true 0
FireAll PopulateRuniHire2Options
unset $sfcaskedskills","Хотя Юнифер и не в восторге от идеи снова командовать кораблем, она снова перечисляет вам свои навыки.",,
runihire2hireresponse,DialogOptionSelected,$option == sfcrunihireattempt2,FireAll PopulateRuniHireFinalOptions,"Вы продолжаете настаивать, убеждая, что это лучшее решение для Юнифер. Пока вы говорите, она остается пугающе тихой. После ваших слов наступает короткая пауза.

«... Но почему именно я? Есть и другие, кто с радостью пойдет за тобой...» - говорит Юнифер, на мгновение отводя взгляд. «Я-я... я только всех т-тяну вниз...»",,
runihire2hirereason1,PopulateRuniHireFinalOptions,,,,sfcrunihirereason1:Сказать - что навыки Юнифер выдающиеся,
runihire2hirereason2,PopulateRuniHireFinalOptions,,,,sfcrunihirereason2:Сказать - что Юнифер заслуживает большего,
runihire2hirereason3,PopulateRuniHireFinalOptions,,,,sfcrunihirereason3:Сказать Юнифер - что в конечном счете выбор за ней,
runihire2hirereason4,PopulateRuniHireFinalOptions,$yuniferHireAggressive == false,,,sfcrunihirereason4:Сказать - что вы устали смотреть - как другие помыкают Юнифер,
runihire2hirereason4sp,PopulateRuniHireFinalOptions,$yuniferHireAggressive == true,"SetStoryOption sfcrunihirereason4 general ""Спросили капитана, не хочет ли он сорваться с цепи.""",,sfcrunihirereason4:Спросить Юнифер - хочет ли она дать отпор,
runihire2hirereason1a,DialogOptionSelected,$option == sfcrunihirereason1,"$player.hiredsfcruni = true
sfcofficeradder sfcruni
AddTextSmall ""Вы наняли $personName."" highlight
SetPersonHidden sfcruni true","Вы говорите Юнифер, что ее навыки выдающиеся и она прекрасно впишется в ваш флот.

Юнифер издает короткий безрадостный смешок и качает головой. «Значит, я ценна только из-за м-моих навыков... Т-тогда, если ты хочешь использовать меня т-так... пусть будет так. Я б-буду следовать вашим приказам, капитан $PlayerName».",cutCommLink:Разорвать связь.,
runihire2hirereason2a,DialogOptionSelected,$option == sfcrunihirereason2,"$player.hiredsfcruni = true
sfcofficeradder sfcruni
sfcnpcchanges changenpcPersonality cautious
AddTextSmall ""Вы наняли $personName."" highlight
SetPersonHidden sfcruni true","«Н-но я п-правда заслуживаю чего-то л-лучшего?» - говорит Юнифер, глядя в пол. «Я-я т-только тянула людей вниз... я-я не хочу т-тянуть вниз кого-то е-ще...»

После нескольких секунд тишины она снова смотрит на вас. «Е-если ты правда считаешь, что я з-заслуживаю этого, тогда я пойду за тобой, к-капитан $playerName».",cutCommLink:Разорвать связь.,
runihire2hirereason3a,DialogOptionSelected,$option == sfcrunihirereason3,"AdjustRepActivePerson COOPERATIVE 5
$player.hiredsfcruni = true
$global.sfcrunistatus = confident
sfcofficeradder sfcruni
sfcnpcchanges changenpcPersonality steady
sfcnpcchanges changenpcChatter sfcruni2
AddTextSmall ""Вы наняли $personName."" highlight
SetPersonHidden sfcruni true","«М-мой выбор?» - повторяет Юнифер. Она отводит взгляд и молчит несколько секунд... затем еще несколько. «Я-я...»

«Я больше не хочу оставаться здесь... Я-я просто хочу снова вести. Стоять на мостике своего корабля и смотреть в бескрайний космос... я-я хочу снова это увидеть...»

Юнифер снова смотрит на вас, и на ее лице появляется легкая улыбка. «Я... я с радостью пойду за тобой, капитан $playerName».",cutCommLink:Разорвать связь.,
runihire2hirereason4a,DialogOptionSelected,"$option == sfcrunihirereason4
$yuniferHireAggressive == false","$yuniferHireAggressive = true
FireAll PopulateRuniHireFinalOptions","Юнифер выглядит встревоженной вашими словами. Она отворачивается, и одна ее рука нерешительно замирает у рта.

«... Я-я...» - запинается она, пытаясь хоть как-то ответить. Видно, что одна лишь мысль об этом причиняет ей дискомфорт.

Похоже, потребуется больше убеждения.",,
runihire2hirereason4aa,DialogOptionSelected,"$option == sfcrunihirereason4
$yuniferHireAggressive == true","sfcplaymusic ""music_unknown_encounter_neutral""","Вы спрашиваете Юнифер, не хочет ли она когда-нибудь дать отпор всем, кто причинил ей зло.

«Что!?» - на ее лице появляется ужас. «Я-я н-никогда не смогу. Во всем виновата я... во всем виновата я сама, что оказалась в таком положении...»

Она на мгновение замолкает, отводя взгляд. «И все же... почему? Почему я не могу в это поверить? Сколько бы раз я ни повторяла это себе... до конца убедить себя так и не могу...»",sfcrunihirereason4b:Сказать Юнифер - что ошибаются другие - а не она,
runihire2hirereason4b,DialogOptionSelected,$option == sfcrunihirereason4b,,"Юнифер неподвижно смотрит на вас, услышав ваши слова. Проходят секунды... затем еще. Вы уже думаете, не завис ли канал связи. А потом это происходит.

На ее лице появляется гнев.

«Да... да!» - кричит Юнифер, и ее обычно дрожащий голос звучит твердо. «Кто они такие, чтобы говорить, что я не могу командовать!? Я рождена вести в бой, рождена командовать! Почему я позволяю отнять у меня мое предназначение!?»",sfcrunihirereason4c:Продолжить,
runihire2hirereason4c,DialogOptionSelected,$option == sfcrunihirereason4c,,"Наступает тишина, когда Юнифер осознает, что только что сказала. Она прочищает горло, и вспышка гнева быстро исчезает.

«Капитан $playerName», - твердо говорит она. «Здесь для меня больше нет ничего ценного. Пожалуйста, позвольте мне присоединиться к вашему флоту».",sfcrunihirereason4d:Принять Юнифер в свой флот,
runihire2hirereason4d,DialogOptionSelected,$option == sfcrunihirereason4d,"AdjustRepActivePerson COOPERATIVE 5
$player.hiredsfcruni = true
$global.sfcrunistatus = confident
$global.yuniferFury++
sfcofficeradder sfcruni
sfcnpcchanges changenpcPersonality aggressive
sfcnpcchanges changenpcChatter sfcruni2
AddTextSmall ""Вы наняли $personName."" highlight
SetPersonHidden sfcruni true","Юнифер отдает вам честь, когда вы соглашаетесь на ее просьбу. И в этот момент вы ловите отблеск в ее изумрудном глазу - до странности знакомый.

Отогнав эту мысль, вы организуете шаттл, чтобы забрать Юнифер и доставить ее в ваш флот.",cutCommLink:Разорвать связь.,
runihire2nohire,DialogOptionSelected,$option == sfcrunihireabort2,"sfcplaymusic
$global.sfcrunicooldown = true 14
FireAll PopulateRuniOptions","Пока что вы решаете больше не давить с попыткой найма. Судя по всему, Юнифер испытывает облегчение.

«С-спасибо, к-капитан. Я... я бы только п-потянула флот вниз».",,
#END runihire2,,,,,,
#END runihire,,,,,,
,,,,,,
# runirukadefeathub,,,,,,
runirukadefeathub1,SFCRuniRukaDefeat,,,,sfcrukadefeat1:Подождать - пока Юнифер соберется с мыслями.,
runirukadefeathub2,SFCRuniRukaDefeat,,,,sfcrukadefeat2:Спросить Юнифер - что случилось.,
runirukadefeathub3,SFCRuniRukaDefeat,$player.sfcrunitalkedaboutruka,,,sfcrukadefeat3:Спросить - почему Юнифер не рада этой новости.,
runirukadefeathub4,SFCRuniRukaDefeat,,,,sfcrukadefeat4:Извиниться и дать Юнифер время.,
runirukadefeathub1a,DialogOptionSelected,$option == sfcrukadefeat1,"$sfcrunirukaupset = true
FireAll PopulateOptions","Вы просто молчите и ободряюще киваете Юнифер, пока она берет себя в руки.

«П-прости, к-капитан. Е-есть что-то, что я м-могу для тебя сделать?»",,
runirukadefeathub2a,DialogOptionSelected,$option == sfcrukadefeat2,"$sfcrunirukaupset = true
FireAll PopulateOptions","«Р-Рука... это е-е ф-флот...» - с трудом выговаривает Юнифер. «Я-я т-только что услышала, что ее к-корабль б-был у-уничтожен, и никто н-не знает, что случилось с... »

Юнифер не может закончить фразу. «Я-извините, к-капитан. Это в-вас не касается. Е-есть что-то, что я могу для тебя сделать?»",,
runirukadefeathub4a,DialogOptionSelected,$option == sfcrukadefeat4,"$player.sfcruniupset = true 3
$sfcrunirukaupset = true
AdjustRepActivePerson COOPERATIVE 2
","«С-спасибо», - с трудом произносит Юнифер. «Я-я... мне н-нужно идти».

Прежде чем вы успеваете что-то сказать, канал связи гаснет.",cutCommLink:Разорвать связь.,
#END runirukadefeathub,,,,,,
,,,,,,
# runi dev test,,,,,,
#sfc removeyunifer test,PopulateOptions,"sfcrunichanges yuniferChecker
$menuState == main
$global.isDevMode
$faction.id == sindrian_diktat
$hasMarket",SetOptionColor sfc_devRuniRemove gray,,180:sfc_devRuniRemove:DEV - удалить Юнифер Руни из игры,For testing if officer remover works
#sfc removeyunifer devtest,DialogOptionSelected,$option == sfc_devRuniRemove,"sfcrunichanges yuniferLeave
FireAll PopulateOptions",,180:sfc_devRuniRemove:DEV - удалить Юнифер Руни из игры,WILL REMOVE YUNIFER FROM THE GAME. DO NOT USE.
#END runi dev test,,,,,,
,,,,,,
# runi random events,,,,,,
,,,,,,
# runi loke event,,,,,,
runi loke reaction start dev,PopulateOptions,"sfcrunichanges yuniferChecker
$global.sfc_yuniferLokeDeathEvent == false
$menuState == main
$faction.id == sindrian_diktat
$hasMarket
$global.isDevMode",SetOptionColor sfc_yuniferLokeDeathDev gray,,190:sfc_yuniferLokeDeathDev:DEV - запустить реакцию Юнифер на смерть Лоука,
runi loke reaction start,PopulateOptions,"sfcrunichanges yuniferChecker
$menuState == main
$global.murderedCloneLoke == true
$global.sfc_yuniferPresentForLokeMurder == true
$hasMarket
RollProbability 0.4 score:10
$global.sfc_yuniferLokeDeathEvent == false
$global.sfc_yuniferEventWaitTime == false","$option = sfc_yuniferLokeDeathStart
FireBest DialogOptionSelected",,,
runi loke reaction 1 dev,DialogOptionSelected,"$option == sfc_yuniferLokeDeathDev
",,"Ваш ТриПад подает сигнал, пока ваш флот зависает над $marketName. Проверив сообщение, вы видите, что это от вашего капитана Юнифер. Она просит уделить ей немного времени для разговора.",01:sfc_yuniferLokeDeathCont:Продолжить,
runi loke reaction 1,DialogOptionSelected,"$option == sfc_yuniferLokeDeathStart
",,"Ваш ТриПад подает сигнал, пока ваш флот зависает над $marketName. Проверив сообщение, вы видите, что это от вашего капитана Юнифер. Она просит уделить ей немного времени для разговора.",01:sfc_yuniferLokeDeathCont:Продолжить,
runi loke reaction 2 cautious,DialogOptionSelected,"$option == sfc_yuniferLokeDeathCont
sfcrunichanges checkYuniferPersonality cautious",BeginConversation sfcruni,"Вы выходите на связь с Юнифер, и через несколько секунд ожидания она появляется на экране ТриПада. Похоже, она застигнута врасплох вашей быстрой реакцией и отдает честь так неловко, что едва не сбивает с головы фуражку.

«К-капитан!» - запинается Юнифер, медленно опуская руку. «Я-я-я... с-спасибо, что ответили так быстро. Я з-знаю, что вы заняты, н-но я хотела кое-что с-спросить. Т-то есть, если м-можно...»

Не дожидаясь ответа, она делает глубокий вдох и продолжает. «Т-ты правда должен был... у-убить Лока там?»","10:sfc_yuniferLokeDeathReason1:Сказать - что это было нужно - чтобы отвлечь Канту
20:sfc_yuniferLokeDeathReason2:Сказать - что это лучше - чем возвращение Лока к Канте
30:sfc_yuniferLokeDeathReason3:Сказать - что клон был мерзостью
40:sfc_yuniferLokeDeathReason4:Сказать - что причины знаете только вы",
runi loke reaction 2 timid,DialogOptionSelected,"$option == sfc_yuniferLokeDeathCont
sfcrunichanges checkYuniferPersonality timid",BeginConversation sfcruni,"Вы выходите на связь с Юнифер, и через несколько секунд ожидания она появляется на экране ТриПада. Похоже, она застигнута врасплох вашей быстрой реакцией и отдает честь так неловко, что едва не сбивает с головы фуражку.

«К-капитан!» - запинается Юнифер, медленно опуская руку. «Я-я-я... с-спасибо, что ответили так быстро. Я з-знаю, что вы заняты, н-но я хотела кое-что с-спросить. Т-то есть, если м-можно...»

Не дожидаясь ответа, она делает глубокий вдох и продолжает. «Т-ты правда должен был... у-убить Лока там?»","10:sfc_yuniferLokeDeathReason1:Сказать - что это было нужно - чтобы отвлечь Канту
20:sfc_yuniferLokeDeathReason2:Сказать - что это лучше - чем возвращение Лока к Канте
30:sfc_yuniferLokeDeathReason3:Сказать - что клон был мерзостью
40:sfc_yuniferLokeDeathReason4:Сказать - что причины знаете только вы",
runi loke reaction 2 confident,DialogOptionSelected,$option == sfc_yuniferLokeDeathCont,BeginConversation sfcruni,"Вы выходите на связь с Юнифер и почти сразу получаете ответ. Едва появившись на экране, она отдает вам честь.

«Спасибо, капитан, что откликнулись на мою просьбу», - ровно говорит Юнифер, опуская руку. «Я знаю, что вы заняты, но хотела поговорить с вами о важном. Разрешите высказаться прямо, но...»

Она на мгновение задумывается и затем продолжает. «Я просто хочу понять, почему вы решили убить Онесимоса Лока?»","10:sfc_yuniferLokeDeathReason1:Сказать - что это было нужно - чтобы отвлечь Канту
20:sfc_yuniferLokeDeathReason2:Сказать - что это лучше - чем возвращение Лока к Канте
30:sfc_yuniferLokeDeathReason3:Сказать - что клон был мерзостью
40:sfc_yuniferLokeDeathReason4:Сказать - что причины знаете только вы",
runi loke reaction 3a,DialogOptionSelected,$option == sfc_yuniferLokeDeathReason1,"$player.ethosMercenary++
$option = sfc_yuniferLokeReasonReaction
FireBest DialogOptionSelected","Вы объясняете Юнифер, что это был лучший способ отвлечь Канту. Вы рассуждаете, что ее одержимость Локом была настолько велика, что это позволило флоту безопасно уйти к Галатийской академии.

Юнифер смотрит на вас, и продолжает смотреть еще несколько секунд. Затем она отводит взгляд в сторону.",,
runi loke reaction 3b,DialogOptionSelected,$option == sfc_yuniferLokeDeathReason2,"$player.ethosMercy++
$option = sfc_yuniferLokeReasonReaction
FireBest DialogOptionSelected","Вы говорите Юнифер, что Локу было лучше умереть, чем снова вернуться к Канте. Вы отмечаете, что одержимость Канты Локом была ненормальной, и никто не должен становиться объектом такого отношения.

Юнифер смотрит на вас, и продолжает смотреть еще несколько секунд. Затем она отводит взгляд в сторону.",,
runi loke reaction 3c,DialogOptionSelected,$option == sfc_yuniferLokeDeathReason3,"$player.ethosRuthless++
$option = sfc_yuniferLokeReasonReaction
FireBest DialogOptionSelected","Вы заявляете Юнифер, что клон был мерзостью - противоестественным искажением, которое заслуживало смерти. Подобное идет против естественного порядка, и вы считаете, что поступили правильно, расправившись с ним именно так.

Юнифер смотрит на вас, и продолжает смотреть еще несколько секунд. Затем она отводит взгляд в сторону.",,
runi loke reaction 3d,DialogOptionSelected,$option == sfc_yuniferLokeDeathReason4,"$player.ethosMercenary++
$option = sfc_yuniferLokeReasonReaction
FireBest DialogOptionSelected","Вы просто говорите Юнифер, что приняли это решение сами и только вы должны нести его тяжесть.

Юнифер смотрит на вас, и продолжает смотреть еще несколько секунд. Затем она отводит взгляд в сторону.",,
runi loke reaction 4 reckless,DialogOptionSelected,"$option == sfc_yuniferLokeReasonReaction
sfcrunichanges checkYuniferPersonality reckless",$global.yuniferFury++,"«Полагаю, лучше он, чем мы, верно?» - замечает Юнифер, и с ее губ срывается безрадостный смешок. «Мы в итоге живы! Для хищников естественно делать со своей добычей все, что они хотят».

Вы замечаете странную улыбку на лице Юнифер. «Что ж, капитан, спасибо за разговор. Больше отвлекать не буду, так что... я отключаюсь». Она отдает вам честь и завершает связь со своей стороны.",10:sfc_yuniferLokeReactionBadEnd:Продолжить,
runi loke reaction 4 cautious,DialogOptionSelected,"$option == sfc_yuniferLokeReasonReaction
sfcrunichanges checkYuniferPersonality cautious",,"«Я-я...» - заикается Юнифер, продолжая смотреть в сторону и поднося руку ко рту. «... Я видела, как его тело дрейфовало там, после того как ты выбросил его через шлюз...»

«Его лицо... столько боли...» - продолжает она, закрывая глаза. «Искаженное, перекрученное... я хотела отвернуться... н-но... но не смогла... мне казалось, будто он осуждает меня».

Вы замечаете, как рука Юнифер слегка дрожит, пока она пытается говорить, но, похоже, слова застревают.","10:sfc_yuniferLokeUnconfident1:Спросить - в порядке ли Юнифер
20:sfc_yuniferLokeUnconfident2:Сказать Юнифер - что это уже не имеет значения
30:sfc_yuniferLokeUnconfident3:Сказать Юнифер - что все будет хорошо",
runi loke reaction 4 timid,DialogOptionSelected,"$option == sfc_yuniferLokeReasonReaction
sfcrunichanges checkYuniferPersonality timid",,"«Я-я...» - заикается Юнифер, продолжая смотреть в сторону и поднося руку ко рту. «... Я видела, как его тело дрейфовало там, после того как ты выбросил его через шлюз...»

«Его лицо... столько боли...» - продолжает она, закрывая глаза. «Искаженное, перекрученное... я хотела отвернуться... н-но... но не смогла... мне казалось, будто он осуждает меня».

Вы замечаете, как рука Юнифер слегка дрожит, пока она пытается говорить, но, похоже, слова застревают.","10:sfc_yuniferLokeUnconfident1:Спросить - в порядке ли Юнифер
20:sfc_yuniferLokeUnconfident2:Сказать Юнифер - что это уже не имеет значения
30:sfc_yuniferLokeUnconfident3:Сказать Юнифер - что все будет хорошо",
runi loke reaction 4 confident,DialogOptionSelected,$option == sfc_yuniferLokeReasonReaction,,"«Я... понятно», - отвечает Юнифер, снова поворачиваясь к вам. «Не хочу, чтобы это звучало так, будто я осуждаю вас за сделанное, я просто хотела понять. После вашего решения это не выходило у меня из головы. Мне просто... немного жаль его, понимаете?»","10:sfc_yuniferLokePity1:Сказать - что Лок рано или поздно все равно бы погиб
20:sfc_yuniferLokePity2:Сказать - что Лок сам к этому пришел",
runi loke reaction 5pitya,DialogOptionSelected,$option == sfc_yuniferLokePity1,,"«Да...» - отвечает Юнифер, с явным вздохом. «Если бы не мы, Канте, вероятно, в конце концов самой пришлось бы его убить. И еще раз спасибо, что выслушали меня, капитан».

После этого она отдает честь и завершает связь со своей стороны.",10:sfc_yuniferLokeReactionEnd:Продолжить,
runi loke reaction 5pityb,DialogOptionSelected,$option == sfc_yuniferLokePity2,$player.ethosRuthless++,"Юнифер, похоже, не слишком убеждена вашим ответом, но все же кивает.

«В любом случае, не буду вас больше задерживать, капитан», - говорит Юнифер, отдавая честь, после чего закрывает связь со своей стороны.",10:sfc_yuniferLokeReactionEnd:Продолжить,
runi loke reaction 5 unconfident1,DialogOptionSelected,$option == sfc_yuniferLokeUnconfident1,,"На ваш вопрос Юнифер вздрагивает и смотрит на вас своим изумрудным глазом. Она пытается что-то сказать, и с ее губ срывается едва слышный всхлип.

«... Нет... кажется, нет...» - говорит Юнифер, качая головой. «Я-я... простите, капитан, мне не следовало вас беспокоить».

Прежде чем вы успеваете ответить, Юнифер обрывает связь со своей стороны.",10:sfc_yuniferLokeReactionBadEnd:Продолжить,
runi loke reaction 5 unconfident2,DialogOptionSelected,$option == sfc_yuniferLokeUnconfident2,"AdjustRepActivePerson SUSPICIOUS -1
$player.ethosRuthless++
$global.yuniferMisery++","Вы спрашиваете Юнифер, почему это вообще важно, рассуждая, что люди умирают постоянно и в том, что произошло с Локом, нет ничего особенного.

Юнифер несколько секунд просто смотрит на вас, сверля своим изумрудным глазом.

«... Вы бы выбросили и меня через шлюз, если бы решили, что вам это выгодно?»

Проходит несколько секунд тишины, и Юнифер смотрит на вас испуганно. Она дрожит, пытаясь что-то сказать.

«Я-я... простите, капитан, я... я не могу-»

Не закончив фразу, она обрывает связь.",10:sfc_yuniferLokeReactionBadEnd:Продолжить,
runi loke reaction 5 unconfident3,DialogOptionSelected,$option == sfc_yuniferLokeUnconfident3,$player.ethosHumanitarian++,"«... И-извините, капитан, я знаю, что это н-не должно меня волновать, н-но... волнует...» - говорит Юнифер, качая головой. «Я просто... надеюсь, что теперь он в покое...»

Через несколько секунд тишины Юнифер берет себя в руки. «С-спасибо, капитан. Я знаю, это было э-эгоистично с моей стороны, но... с-спасибо».

Она отдает вам немного неровную честь и завершает связь со своей стороны.",10:sfc_yuniferLokeReactionEnd:Продолжить,
runi loke reaction end bad,DialogOptionSelected,$option == sfc_yuniferLokeReactionBadEnd,"$global.sfc_yuniferLokeDeathEvent = true
ShowDefaultVisual
EndConversation NO_CONTINUE
FireAll PopulateOptions","Вы несколько секунд смотрите на ТриПад, обдумывая слова Юнифер. После этого возвращаетесь к своим делам.",,
runi loke reaction end normal,DialogOptionSelected,$option == sfc_yuniferLokeReactionEnd,"$global.sfc_yuniferLokeDeathEvent = true
ShowDefaultVisual
EndConversation NO_CONTINUE
FireAll PopulateOptions",Вы возвращаетесь к своим делам.,,
#END runi loke event,,,,,,
,,,,,,
# runi anh event,,,,,,
#runi anh reaction start,PopulateOptions,"sfcrunichanges yuniferChecker
$menuState == main
$hasMarket
RollProbability 0.4 score:10
$global.anh_completed == true
$global.sfc_yuniferANHEvent == false
$global.sfc_yuniferEventWaitTime == false","$option = sfc_yuniferANHEventStart
FireBest DialogOptionSelected",,,# do this later to write for more reactions
runi anh reaction 1,DialogOptionSelected,$option == sfc_yuniferANHEventStart,,"Ваш ТриПад подает сигнал, пока ваш флот зависает над $marketName. Проверив сообщение, вы видите, что это от вашего капитана Юнифер. Она просит уделить ей немного времени для разговора.",01:sfc_yuniferANHEvent1:Продолжить,
runi anh reaction 2,DialogOptionSelected,$option == sfc_yuniferANHEvent1,,"Ваш ТриПад подает сигнал, пока ваш флот зависает над $marketName. Проверив сообщение, вы видите, что это от вашего капитана Юнифер. Она просит уделить ей немного времени для разговора.",01:sfc_yuniferANHEvent1:Продолжить,
#END runi anh event,,,,,,
#END runi random events,,,,,,
#END runidirectory,,,,,,
#END sindria npcs,,,,,,
,,,,,,
# cruor npcs,,,,,,
,,,,,,
# dunn,,,,,,
,,,,,,
# sfcdunngreetings,,,,,,
convDefaultGreetingdunnfirst,PickGreeting,"!$player.metsfcdunn
$id == sfcdunn score:1000
$faction.id == sindrian_diktat
!$entity.isHostile","$player.metsfcdunn = true
ShowPersonVisual
FireAll PopulateOptions
AddText ""После короткого ожидания под тропический джингл ваш запрос связи принимают.""
AddTextSmall ""Нынешний управляющий всеми трудовыми операциями на Круоре, Меридин Данн, обладает сомнительной честью дольше всех удерживаться на этой должности. Его предшественников повышали, переводили или просто увольняли, а Данн уже несколько циклов поддерживает квоты Круора. Некоторые считают, что в нем есть нечто большее, чем кажется, но большинство сходится на том, что он удивительно точно подходит своей нише."" highlight
AddText ""\""Ну что ж, добро пожаловать на Круор! Если есть жалобы, можете оставить их в моем ящике для жалоб. Итак, что привело вас сюда сегодня?\""""",,,
convDefaultGreetingdunnnormal,PickGreeting,"$player.metsfcdunn
$id == sfcdunn score:200
$faction.id == sindrian_diktat
!$entity.isHostile
sfcreltrack -100 10","ShowPersonVisual
FireAll PopulateOptions","«Эй, я тут занят, у тебя дело или как?»
OR
«Лучше бы ты не отвлекал меня по пустякам».
OR
«Ты торговец или наемник?»",,"# this will fire when talking to same person again without leaving the station, but that seems fine"
convDefaultGreetingdunnhigh,PickGreeting,"$player.metsfcdunn
$id == sfcdunn score:300
$faction.id == sindrian_diktat
!$entity.isHostile
sfcreltrack 10 50","ShowPersonVisual
FireAll PopulateOptions","«Помогаешь поддерживать здесь порядок?»
OR
«Ну, тебе что-то нужно?»
OR
«Привез разгружать какой-то груз?»",,"# this will fire when talking to same person again without leaving the station, but that seems fine"
convDefaultGreetingdunnveryhigh,PickGreeting,"$player.metsfcdunn
$id == sfcdunn score:400
$faction.id == sindrian_diktat
!$entity.isHostile
sfcreltrack 50 100","ShowPersonVisual
FireAll PopulateOptions","Данн показывает вам пару «пистолетов» из пальцев.

«Эй! У тебя есть буйные ребята в экипаже, которых надо приструнить?»
OR
Появившись на экране, Данн заметно расслабляет плечи.

«Ну что, хочешь еще помочь? Ха, мне это нравится!»
OR
Данн усмехается сразу, как появляется на экране.

«Ты очень занятой капитан, да? Нужна работа?»",,"# this will fire when talking to same person again without leaving the station, but that seems fine"
convDefaultGreetingdunnNonFuel,PickGreeting,$id == sfcdunn score:100,"ShowDefaultVisual
EndConversation","После короткого ожидания соединение воспроизводит автоматическое сообщение.

«Эй, я сейчас недоступен. Проваливай».

После этого канал связи гаснет.",,"# this will fire when talking to same person again without leaving the station, but that seems fine"
convDefaultGreetingdunnHostile,PickGreeting,"$id == sfcdunn score:2000
$faction.id == sindrian_diktat
$entity.isHostile",,После короткого ожидания ваш запрос на связь отклоняют.,,"# this will fire when talking to same person again without leaving the station, but that seems fine"
#END sfcdunngreetings,,,,,,
,,,,,,
# sfcdunndelivery,,,,,,
convProcureGreetingNotEnoughdunn,PickGreeting,"$proCom_needsCommodity score:2000
Call $proCom_ref updateData
!$proCom_playerHasEnough
$player.metsfcdunn
$id == sfcdunn score:2000
$faction.id == sindrian_diktat
!$entity.isHostile","ShowPersonVisual
SetTextHighlights $proCom_quantity
FireAll PopulateOptions","«Эй, ты что пытаешься провернуть?» $HeOrShe, похоже, тычет в грузовую ведомость за кадром. «Я жду груз в $proCom_quantity ед. $proCom_commodityName. С оплатой», - $hisOrHer взгляд переходит на вас. «По факту поставки. Полностью. Мне что, Байтí на тебя спустить?»
OR
«Я жду поставку $proCom_commodityName, ровно $proCom_quantity единиц». $HeOrShe читает с датапада и смотрит на вас с хмурым видом. «Таковы условия, так что выполняй!»",,
convProcureGreetingdunn,PickGreeting,"$proCom_needsCommodity score:2000
Call $proCom_ref updateData
$proCom_playerHasEnough
$player.metsfcdunn
$id == sfcdunn score:2000
$faction.id == sindrian_diktat
!$entity.isHostile","ShowPersonVisual
SetTextHighlights $proCom_quantity $proCom_pricePerUnit","«А, ты здесь, отлично». $personName читает с датапада. «Итак, посмотрим... да, тут сказано, что ты доставляешь $proCom_quantity ед. $proCom_commodityName. Верно?»","proCom_deliver:Передать $proCom_commodityName
cutCommLink:Разорвать связь",
,,,,,,
proComDeliverCompleteddunn,ProComCompletedText,$id == sfcdunn score:1000,,"«Хорошо, хорошо! Этот груз $proCom_commodityName точно закроет последние квоты».
OR
«Отлично, теперь мне не придется спускать на тебя Байтí».
OR
«Спасибо, нет ничего лучше, чем скинуть тяжелую работу на кого-то другого».
OR
«Хех, большое спасибо. Реально перекрываешь все косяки местной рабочей силы».",,
#END sfcdunndelivery,,,,,,
,,,,,,
# sfcdunntree,,,,,,
convodunnStart,PopulateOptions,$id == sfcdunn score:1000,,,conversesfcdunn:Поговорить,
convodunnList,DialogOptionSelected,$option == conversesfcdunn,FireAll PopulateDunnOptions,,,
convodunnrep1,PopulateDunnOptions,"!$sfcdunnundermarket
$id == sfcdunn score:100
sfcreltrack 10 100",,,sfcdunnoreunlock:Предложить Данну свою помощь.,
convodunnrep1response,DialogOptionSelected,$option == sfcdunnoreunlock,"$sfcdunnundermarket = true
$player.sfclionaudit++
FireAll PopulateDunnOptions
AddTextSmall ""Теперь вы можете продавать Меридину Данну крупные партии руды и транплутониевой руды."" highlight","Вы видите, как бровь Меридина Данна слегка поднимается в ответ.

«О? Хех, вижу в тебе большой потенциал, так что вот чем ты можешь заняться».

Данн ухмыляется, отправляя вам информацию. «Мне нужен стабильный поток руды. Достаешь руду - получаешь оплату. По рукам? Да, думаю, нам обоим это будет выгодно!»",,
convodunnrep3,PopulateDunnOptions,"!$sfcdunnmech
$id == sfcdunn score:100
sfcreltrack 50 100",,,sfcdunnmechunlock:Спросить - нужна ли Данну еще помощь.,
convodunnrep3response,DialogOptionSelected,$option == sfcdunnmechunlock,"$sfcdunnmech = true
$player.sfcnpchigh++
sfcaddspecial sfc_mech_bp
FireAll PopulateDunnOptions","Меридин Данн смеется в ответ на ваш вопрос.

«Еще помощь? Дружище, ты и так здорово меня выручаешь! Вообще, ты заслужил небольшой подарок за всю эту работу. Вот...»

Ваш ТриПад подает сигнал.

«Это у меня давно лежало. Старые добрые мехи-тендеры для топлива. Здесь внизу от них толку мало, так что держи схемы, пользуйся».",,
convodunnChat,PopulateDunnOptions,$id == sfcdunn score:1000,,,chatsfcdunn:Поболтать,
convodunnChatResponses,DialogOptionSelected,$option == chatsfcdunn,,"«Поверь, все слухи о трудовых лагерях на Cruor - чистая ложь».
OR
«Работу ищешь? В шахтах полно пустых мест, которые надо закрывать».
OR
«Увидишь бездельников - сразу сообщай. Я прослежу, чтобы к ним заглянул Байтí».
OR
«Сигару хочешь? Тогда добудь себе сам».
OR
«Тюремный труд? Какой еще тюремный труд?»",,
convodunngiftoption,PopulateDunnOptions,"!$dunngifted
$id == sfcdunn score:100
sfcreltrack -50 100",,,dunngift:Предложить Данну подарок.,
convodunngiftoptionwait,PopulateDunnOptions,"$dunngifted
$id == sfcdunn score:100
sfcreltrack -50 100","sfcwaittime ""$dunngifted"" ""$dunngiftedDGS""
SetTooltip dunngift2 ""Вы недавно уже дарили подарок. Подождите $dunngiftedDGS.""
SetTooltipHighlights dunngift2 $dunngiftedDGS
SetEnabled dunngift2 false",,dunngift2:Предложить Данну подарок.,
convodunntalkoption,PopulateDunnOptions,"!$dunntalked
$id == sfcdunn score:100
sfcreltrack -50 100",,,sfcdunntalk:Сказать что-нибудь Данну.,
convodunntalkoptionwait,PopulateDunnOptions,"$dunntalked
$id == sfcdunn score:100
sfcreltrack -50 100","sfcwaittime ""$dunntalked"" ""$dunntalkedDGS""
SetTooltip dunntalk2 ""Вы недавно уже дарили подарок. Подождите $dunntalkedDGS.""
SetTooltipHighlights dunntalk2 $dunntalkedDGS
SetEnabled dunntalk2 false",,dunntalk2:Сказать что-нибудь Данну.,
convodunnoption3,PopulateDunnOptions,$id == sfcdunn score:1000,"SetShortcut sfcdunnOptionMenu ""ESCAPE""",,sfcdunnOptionMenu:Назад,
dunnmenu,DialogOptionSelected,$option == sfcdunnOptionMenu,FireAll PopulateOptions,,,
#END sfcdunntree,,,,,,
,,,,,,
# sfcdunngift,,,,,,
dunngiftdirectory,DialogOptionSelected,$option == dunngift,"FireAll PopulateDunnGiftOptions
SetShortcut dunnGiftOptionMenu ""ESCAPE""",,,
dunnasklobster,PopulateDunnGiftOptions,!PlayerHasCargo lobster,,,dunnlobsterask:Спросить Данна - что он думает о Volturnian Lobsters.,
dunngiftlobsteroffer,PopulateDunnGiftOptions,PlayerHasCargo lobster,,,dunnlobsteroffer:Предложить Данну Volturnian Lobster.,
dunngiftfoodbaroffer,PopulateDunnGiftOptions,PlayerHasCargo sfcgift4,,,dunnfoodbaroffer:Предложить Данну Seafood Bar.,
dunnaskdrinks,PopulateDunnGiftOptions,!PlayerHasCargo alcoholism_king_c,,,dunndrinksask:Спросить Данна - какие напитки ему нравятся.,
dunngiftalcoholoffer,PopulateDunnGiftOptions,PlayerHasCargo alcoholism_king_c,,,dunnalcoholoffer:Предложить Данну Kings Favour.,
dunnaskfoods,PopulateDunnGiftOptions,"!PlayerHasCargo uaf_bakery_choco_lava
!PlayerHasCargo uaf_bakery_product_2
!PlayerHasCargo uaf_bakery_product_3
!PlayerHasCargo uaf_vanilla_ice_cream
!PlayerHasCargo ocua_cookies",,,dunnfoodsask:Спросить Данна - какую еду он любит.,
dunnchocooffer,PopulateDunnGiftOptions,PlayerHasCargo uaf_bakery_choco_lava,,,dunnchocooffer:Предложить Данну Choco Lava Cake.,
dunndonutsoffer,PopulateDunnGiftOptions,PlayerHasCargo uaf_bakery_product_2,,,dunndonutsoffer:Предложить Данну коробку пончиков.,
dunnpretzelsoffer,PopulateDunnGiftOptions,PlayerHasCargo uaf_bakery_product_3,,,dunnpretzelsoffer:Предложить Данну набор снэк-хлеба.,
dunnvanillaoffer,PopulateDunnGiftOptions,PlayerHasCargo uaf_vanilla_ice_cream,,,dunnvanillaoffer:Предложить Данну Queen's Gambit.,
dunncookiesoffer,PopulateDunnGiftOptions,PlayerHasCargo ocua_cookies,,,dunncookiesoffer:Предложить Данну коробку Oculian Cookies.,
dunnuafplatteroffer,PopulateDunnGiftOptions,"PlayerHasCargo uaf_vanilla_ice_cream
PlayerHasCargo uaf_bakery_product_3
PlayerHasCargo uaf_bakery_product_2
PlayerHasCargo uaf_bakery_choco_lava
!$player.offereddunnuafplatter",,,dunnuafplatteroffer:Предложить Данну ассорти из Auroran foods.,
dunngiftreturn,PopulateDunnGiftOptions,,,,dunnGiftOptionMenu:Передумать дарить Данну подарок.,
dunngiftescape,DialogOptionSelected,$option == dunnGiftOptionMenu,FireAll PopulateDunnOptions,,,
dunnlobsteraskresponse,DialogOptionSelected,$option == dunnlobsterask,"$dunngifted = true 3
FireAll PopulateDunnOptions","«Ммм, Volturnian Lobster. Варишь в кастрюле, добавляешь масло - выходит идеальный ужин».
OR
«Спрашиваешь, что я думаю? Думаю, тебе стоит принести мне лобстера, дружище!»",,
dunnlobsterresponse,DialogOptionSelected,$option == dunnlobsteroffer,"$dunngifted = true 7
AddRemoveCommodity lobster -1 true
AdjustRepActivePerson COOPERATIVE 3
FireAll PopulateDunnOptions","«А, как раз думал достать лобстера, молодец».
OR
«Ммм, свежий Volturnian Lobster. Идеальная еда под конец дня».",,
dunnfoodbarresponse,DialogOptionSelected,$option == dunnfoodbaroffer,"$dunngifted = true 7
AddRemoveCommodity sfcgift4 -1 true
AdjustRepActivePerson COOPERATIVE 5
FireAll PopulateDunnOptions","«Еда, славная еда. Для морепродуктов всегда найдется место!»
OR
«Гахаха, ты умеешь правильно порадовать приятеля, приятель!»",,
dunndrinksaskresponse,DialogOptionSelected,$option == dunndrinksask,"$dunngifted = true 3
FireAll PopulateDunnOptions","«Персеанская Лига, может, и кучка разваливающихся идиотов, но хотя бы часть из них знает толк в выпивке».
OR
«Знаешь Fikenhild? Лучшее место в секторе по алкоголю, без вопросов!»",,
dunnalcoholresponse,DialogOptionSelected,"$option == dunnalcoholoffer
!$player.offereddunnalcohol","$player.offereddunnalcohol = true
$dunngifted = true 7
AddRemoveCommodity alcoholism_king_c -1 true
AdjustRepActivePerson COOPERATIVE 10
FireAll PopulateDunnOptions","Данн ухмыляется, получая бутылку Kings Favour. «Если в чем Лига и хороша, так это в выборе достойной выдержки!»",,
dunnalcoholresponseafter,DialogOptionSelected,"$option == dunnalcoholoffer
$player.offereddunnalcohol","$dunngifted = true 7
AddRemoveCommodity alcoholism_king_c -1 true
AdjustRepActivePerson COOPERATIVE 5
FireAll PopulateDunnOptions","«Еще хорошего пойла! Тащи еще, приятель!»
OR
«Ха, вот это действительно отличная выдержка!»",,
dunnfoodsaskresponse,DialogOptionSelected,$option == dunnfoodsask,"$dunngifted = true 3
FireAll PopulateDunnOptions","«Еда!? У тебя есть еда? И не какая-то посредственность, а реально классная сладкая штука!»
OR
«Достань мне что-нибудь вкусное, приятель! Очень вкусное, прямо за пределами этого сектора вкусное!»
OR
«Ты меня разговорами о еде только раззадорил! Достань мне что-нибудь вкусное, приятель!»",,
dunnchocoresponse,DialogOptionSelected,"$option == dunnchocooffer
!$player.offereddunnchoco","$player.offereddunnchoco = true
$dunngifted = true 7
AddRemoveCommodity uaf_bakery_choco_lava -1 true
AdjustRepActivePerson COOPERATIVE 10
FireAll PopulateDunnOptions","Данн улыбается, когда Choco Lava Cake прибывает к нему. «Вот это запах. Идеально после длинного рабочего дня. Конечно, ты еще принесешь, да?»",,
dunnchocoresponseafter,DialogOptionSelected,"$option == dunnchocooffer
$player.offereddunnchoco","$dunngifted = true 7
AddRemoveCommodity uaf_bakery_choco_lava -1 true
AdjustRepActivePerson COOPERATIVE 5
FireAll PopulateDunnOptions","«А, еще торт! Тащи еще, приятель!»
OR
«Еще торт? Ха, как раз хотел чего-нибудь шоколадного!»",,
dunndonutsresponse,DialogOptionSelected,"$option == dunndonutsoffer
!$player.offereddunndonuts","$player.offereddunndonuts = true
$dunngifted = true 7
AddRemoveCommodity uaf_bakery_product_2 -1 true
AdjustRepActivePerson COOPERATIVE 10
FireAll PopulateDunnOptions","Коробка пончиков доходит до Данна без лишней помпы, но как только она появляется на его стороне связи, на лице $Post появляется улыбка.

«А, как заботливо с твоей стороны прислать мне перекус. Спасибо, приятель».",,
dunndonutsresponseafter,DialogOptionSelected,"$option == dunndonutsoffer
$player.offereddunndonuts","$dunngifted = true 7
AddRemoveCommodity uaf_bakery_product_2 -1 true
AdjustRepActivePerson COOPERATIVE 5
FireAll PopulateDunnOptions","«Хаха, еще пончики? Ты реально отличный приятель».
OR
«Пончики что надо. Респект пекарю».",,
dunnpretzelsresponse,DialogOptionSelected,"$option == dunnpretzelsoffer
!$player.offereddunnpretzels","$player.offereddunnpretzels = true
$dunngifted = true 7
AddRemoveCommodity uaf_bakery_product_3 -1 true
AdjustRepActivePerson COOPERATIVE 10
FireAll PopulateDunnOptions","Данн с любопытством смотрит на присланный вами набор и улыбается только после того, как открывает содержимое.

«Ну, еще еды! Надеюсь, ты не пытаешься меня этим подкупить или типа того».",,
dunnpretzelsresponseafter,DialogOptionSelected,"$option == dunnpretzelsoffer
$player.offereddunnpretzels","$dunngifted = true 7
AddRemoveCommodity uaf_bakery_product_3 -1 true
AdjustRepActivePerson COOPERATIVE 5
FireAll PopulateDunnOptions","«Я больше люблю крендели, но круассаны тоже хороши».
OR
«Крендели, а где доп. соль и сыр? Надо было просить, приятель!»",,
dunnvanillaresponse,DialogOptionSelected,"$option == dunnvanillaoffer
!$player.offereddunnvanilla","$player.offereddunnvanilla = true
$dunngifted = true 7
AddRemoveCommodity uaf_vanilla_ice_cream -1 true
AdjustRepActivePerson COOPERATIVE 20
FireAll PopulateDunnOptions","Данн жадно косится на мороженое, едва получает его от помощника. Не успеваете опомниться, как он уже загребает ложками, с энтузиазмом уплетая десерт. Лишь после пары ложек он вспоминает о вашем существовании.

«А, ваниль! Такое не каждый день достанешь. Надеюсь, еще принесешь, приятель».",,
dunnvanillaresponseafter,DialogOptionSelected,"$option == dunnvanillaoffer
$player.offereddunnvanilla","$dunngifted = true 7
AddRemoveCommodity uaf_vanilla_ice_cream -1 true
AdjustRepActivePerson COOPERATIVE 10
FireAll PopulateDunnOptions","Данн издает громкий, пусть и слегка пугающий, смех. «Еще ваниль! Словно снова мой день рождения!»
OR
Данн громко смеется. «Отличная штука! Ваниль не переплюнуть, приятель».",,
dunncookiesresponse,DialogOptionSelected,"$option == dunncookiesoffer
!$player.offereddunncookies","$player.offereddunncookies = true
$dunngifted = true 7
AddRemoveCommodity ocua_cookies -1 true
AdjustRepActivePerson COOPERATIVE 10
FireAll PopulateDunnOptions","Как только коробка печенья появляется на стороне Данна, вы видите, как он жадно разрывает упаковку, чтобы добраться до содержимого.

«Да, ммм! Вот это вещь! Лучше продолжай приносить мне еще, приятель!»",,
dunncookiesresponseafter,DialogOptionSelected,"$option == dunncookiesoffer
$player.offereddunncookies","$dunngifted = true 7
AddRemoveCommodity ocua_cookies -1 true
AdjustRepActivePerson COOPERATIVE 5
FireAll PopulateDunnOptions","«Ахаха, еще печенье! Отлично, приятель, отлично!»
OR
«Да, еще этой вкусноты! Тащи еще, приятель, тащи!»
OR
«Без молока? А, ничего, это печенье и так заходит!»",,
dunnuafplatterresponse,DialogOptionSelected,$option == dunnuafplatteroffer,"$player.offereddunnuafplatter = true
$dunngifted = true 14
AddRemoveCommodity uaf_bakery_choco_lava -1 true
AddRemoveCommodity uaf_bakery_product_2 -1 true
AddRemoveCommodity uaf_bakery_product_3 -1 true
AddRemoveCommodity uaf_vanilla_ice_cream -1 true
AdjustRepActivePerson COOPERATIVE 30
sfcaddfighter sfcfuelmech_wing
FireAll PopulateDunnOptions","Вы видите, как целый набор еды прибывает в кабинет Данна, а $Post смотрит на ваш подарок с довольно тревожной улыбкой.

«Ты и правда отличный приятель, приятель. Скажу так, раз ты так хорошо себя показал, я отправлю тебе кое-что, что может быть интересным. Считай это... благодарностью. Да, благодарностью».",,
#END sfcdunngift,,,,,,
,,,,,,
# sfcdunntalk,,,,,,
dunntalkto,DialogOptionSelected,$option == sfcdunntalk,FireAll PopulateDunnTalkOptions,,,
dunntalkcompliment,PopulateDunnTalkOptions,$id == sfcdunn score:1000,,,sfcdunncompliment:Похвалить Данна.,
dunntalkinsult,PopulateDunnTalkOptions,$id == sfcdunn score:1000,,,sfcdunninsult:Оскорбить Данна.,
dunntalkreturn,PopulateDunnTalkOptions,$id == sfcdunn score:1000,"SetShortcut sfcdunnstalkreturn ""ESCAPE""",,sfcdunntalkreturn:Пересмотреть варианты.,
dunncomplimentres,DialogOptionSelected,$option == sfcdunncompliment,"$dunntalked = true 14
AdjustRepActivePerson WELCOMING 1
FireAll PopulateDunnOptions","«Ха! Отлично сказано!»
OR
«Прямо в точку, дружище!»
OR
«Ха, вот это годно, дружище!»",,
dunninsultres,DialogOptionSelected,$option == sfcdunninsult,"$dunntalked = true 14
AdjustRepActivePerson NEUTRAL -1
FireAll PopulateDunnOptions","«Хочешь поработать на 'честном труде', дружище?»
OR
«Продолжай в том же духе, я тебя очень прошу».
OR
«Думаю, Байтí бы с радостью с тобой познакомился, дружище».",,
dunntalkreturnres,DialogOptionSelected,$option == sfcdunntalkreturn,FireAll PopulateDunnOptions,,,
#END sfcdunntalk,,,,,,
,,,,,,
# sfcdunnoreturnin,,,,,,
sfcOre_disableTurnInOptionDunn,DisableTurnInOreOptionIfNeeded,"$id == sfcdunn score:1000
$sfcdunnundermarket
!sfcoreturnin playerHasOre","SetTooltip sfcOre_startTurnInOre ""У вас нет руды.""
SetEnabled sfcOre_startTurnInOre false",,,
sfcOre_turnInOptionDunn,PopulateOptions,"$isPerson
$id == sfcdunn score:1000
$sfcdunnundermarket
sfcreltrack -25 100",FireBest DisableTurnInOreOptionIfNeeded,,15:sfcOre_startTurnInDunn:Сдать руду старшему менеджеру Данну.,
sfcOre_turnInOptionSelDunn,DialogOptionSelected,$option == sfcOre_startTurnInDunn,FireAll PopulateOreTurnInOptionsDunn,"Данн хищно ухмыляется. «Ну что, есть руда, чтобы 'пожертвовать' на общее дело?»
OR
«Руда есть?» Данн издает гортанный смешок. «Отлично! Руда всегда нужна, чтобы перекрывать косяки этих ленивых работников».",,
sfcOre_playerHasOptionDunn,PopulateOreTurnInOptionsDunn,,,,sfcOre_selectOreDunn:Выбрать руду для сдачи.,
sfcOre_neverMindOptionDunn,PopulateOreTurnInOptionsDunn,,,,sfcOre_neverMindDunn:Передумать сдавать руду.,
sfcOre_dunnorequestion,PopulateOreTurnInOptionsDunn,!$sfcdunnaskedorequestion,,,sfcdunnquestionore:Спросить - что мешает просто покупать руду на рынке Cruor.,
sfcOre_dunnoreanswer,DialogOptionSelected,$option == sfcdunnquestionore,"$sfcdunnaskedorequestion = true
FireAll PopulateOreTurnInOptionsDunn","Данн смеется. «Ну, отличный вопрос! И знаешь что? Ты поддерживаешь экономику, покупая у нас руду, а я получаю больше руды, чтобы ты ее покупал, - идеальная система, не находишь? Но я не плачу тебе за вопросы, так что просто неси мне больше руды».",,
sfcOre_turnInOptionSelectedDunn,DialogOptionSelected,$option == sfcOre_selectOreDunn,sfcoreturnin selectOre,,,
sfcOre_turnInResponseDefaultDunn,sfcOreTurnedInDunn,,FireAll PopulateOptions,"«Приятно иметь с вами дело, капитан $playerName», - отвечает Данн, подтверждая 'пожертвование'. Вскоре вы получаете оговоренную сумму кредитов.
OR
Данн смеется, когда вы передаете руду. «Отлично, отлично! Это с лихвой перекроет любые 'недостачи', которые мои ленивые рабочие устроят в этом месяце».",,
sfcOre_turnInResponseDefaultDunnLow,sfcOreTurnedInDunnLow,,FireAll PopulateOptions,"Данн смотрит на вас с легким разочарованием, когда вы передаете руду.

«Маловато руды в этот раз, а?» - замечает Данн, качая головой. «В следующий раз можешь подогнать побольше?»
OR
«Что-то здесь совсем мало руды», - говорит Данн, и на его лице появляется хмурость. «С таким объемом никакие квоты не закрыть!»",,
sfcOre_nevermindOptionSelectedDunn,DialogOptionSelected,$option == sfcOre_neverMindDunn,FireAll PopulateOptions,"«Эй, в чем проблема, ты просто тратишь мое время?»
OR
«У тебя нет руды для меня? Точно?»
OR
«В следующий раз лучше приходи с рудой».",,
#END sfcdunnoreturnin,,,,,,
,,,,,,
# sfcdunnoreask,,,,,,
#sfcdunnorestart,PopulateOptions,"$id == sfcdunn
$sfcdunnundermarket
!$sfcsoldore",,,sfcdunndonateore:'Сдать' руду Данну.,
#sfcdunnorewait,PopulateOptions,"$id == sfcdunn
$sfcdunnundermarket
$sfcsoldore","sfcwaittime ""$sfcsoldore"" ""$sfcsoldoreDGS""
SetTooltip sfcdunndonateore2 ""Dunn is currently processing your previous ore 'donation.' Please wait for $sfcsoldoreDGS.""
SetTooltipHighlights sfcdunndonateore2 $sfcsoldoreDGS
SetEnabled sfcdunndonateore2 false",,sfcdunndonateore2:'Сдать' руду Данну.,
#END sfcdunnoreask,,,,,,
,,,,,,
# sfcdunnoresale,,,,,,
#sfcdunnoredirectory,DialogOptionSelected,$option == sfcdunndonateore,FireAll PopulateDunnOreOptions,"Данн хищно ухмыляется. ""Ну что, есть руда, чтобы 'пожертвовать' на общее дело?""
OR
""Есть руда?"" Данн издает гортанный смешок. ""Отлично! Руда всегда пригодится, чтобы перекрыть провалы моих ленивых рабочих.""",,# start of dunn ore sale
#sfcdunnorelow,PopulateDunnOreOptions,PlayerHasCargo ore 10000,,,sfcdunnoresmall:'Сдать' 10000 ед. руды (5 кредитов за ед.) -,
#sfcdunnoremiddle,PopulateDunnOreOptions,PlayerHasCargo ore 20000,,,sfcdunnoremedium:'Сдать' 20000 ед. руды (6 кредитов за ед.) -,
#sfcdunnorehigh,PopulateDunnOreOptions,PlayerHasCargo ore 30000,,,sfcdunnorelarge:'Сдать' 30000 ед. руды (8 кредитов за ед.) -,
#sfcdunnrareorelow,PopulateDunnOreOptions,PlayerHasCargo rare_ore 5000,,,sfcdunnrareoresmall:'Сдать' 5000 ед. трансплутониевой руды (50 кредитов за ед.) -,
#sfcdunnrareoremiddle,PopulateDunnOreOptions,PlayerHasCargo rare_ore 10000,,,sfcdunnrareoremedium:'Сдать' 10000 ед. трансплутониевой руды (60 кредитов за ед.) -,
#sfcdunnrareorehigh,PopulateDunnOreOptions,PlayerHasCargo rare_ore 15000,,,sfcdunnrareorelarge:'Сдать' 15000 ед. трансплутониевой руды (70 кредитов за ед.) -,
#sfcdunnorereturn,PopulateDunnOreOptions,,"SetShortcut sfcdunnorereturn ""ESCAPE""",,sfcdunnorereturn:Передумать насчет 'сдачи' руды.,
#sfcdunnoresmallcash,DialogOptionSelected,$option == sfcdunnoresmall,"AddRemoveCommodity ore -10000 true
AddCredits 50000
AdjustRepActivePerson COOPERATIVE 1
$sfcsoldore = true 7
FireAll PopulateOptions","""Приятно иметь с вами дело, капитан $playerName"", - отвечает Данн, подтверждая 'пожертвование'. После этого вы получаете оговоренную сумму кредитов.
OR
Данн смеется, когда вы передаете руду. ""Отлично, отлично! Это с лихвой покроет любые 'недостачи', которые мои ленивые рабочие устроят в этом месяце.""",,
#sfcdunnoremediumcash,DialogOptionSelected,$option == sfcdunnoremedium,"AddRemoveCommodity ore -20000 true
AddCredits 120000
AdjustRepActivePerson COOPERATIVE 2
$sfcsoldore = true 10
FireAll PopulateOptions","""Приятно иметь с вами дело, капитан $playerName"", - отвечает Данн, подтверждая 'пожертвование'. После этого вы получаете оговоренную сумму кредитов.
OR
Данн смеется, когда вы передаете руду. ""Отлично, отлично! Это с лихвой покроет любые 'недостачи', которые мои ленивые рабочие устроят в этом месяце.""",,
#sfcdunnorelargecash,DialogOptionSelected,$option == sfcdunnorelarge,"AddRemoveCommodity ore -30000 true
AddCredits 160000
AdjustRepActivePerson COOPERATIVE 3
$sfcsoldore = true 14
FireAll PopulateOptions","""Приятно иметь с вами дело, капитан $playerName"", - отвечает Данн, подтверждая 'пожертвование'. После этого вы получаете оговоренную сумму кредитов.
OR
Данн смеется, когда вы передаете руду. ""Отлично, отлично! Это с лихвой покроет любые 'недостачи', которые мои ленивые рабочие устроят в этом месяце.""",,
#sfcdunnrareoresmallcash,DialogOptionSelected,$option == sfcdunnrareoresmall,"AddRemoveCommodity rare_ore -5000 true
AddCredits 250000
AdjustRepActivePerson COOPERATIVE 2
$sfcsoldore = true 15
FireAll PopulateOptions","""Приятно иметь с вами дело, капитан $playerName"", - отвечает Данн, подтверждая 'пожертвование'. После этого вы получаете оговоренную сумму кредитов.
OR
Данн смеется, когда вы передаете руду. ""Отлично, отлично! Это с лихвой покроет любые 'недостачи', которые мои ленивые рабочие устроят в этом месяце.""","
",
#sfcdunnrareoremediumcash,DialogOptionSelected,$option == sfcdunnrareoremedium,"AddRemoveCommodity rare_ore -10000 true
AddCredits 600000
AdjustRepActivePerson COOPERATIVE 3
$sfcsoldore = true 20
FireAll PopulateOptions","""Приятно иметь с вами дело, капитан $playerName"", - отвечает Данн, подтверждая 'пожертвование'. После этого вы получаете оговоренную сумму кредитов.
OR
Данн смеется, когда вы передаете руду. ""Отлично, отлично! Это с лихвой покроет любые 'недостачи', которые мои ленивые рабочие устроят в этом месяце.""",,
#sfcdunnrareorelargecash,DialogOptionSelected,$option == sfcdunnrareorelarge,"AddRemoveCommodity rare_ore -15000 true
AddCredits 1050000
AdjustRepActivePerson COOPERATIVE 4
$sfcsoldore = true 25
FireAll PopulateOptions","""Приятно иметь с вами дело, капитан $playerName"", - отвечает Данн, подтверждая 'пожертвование'. После этого вы получаете оговоренную сумму кредитов.
OR
Данн смеется, когда вы передаете руду. ""Отлично, отлично! Это с лихвой покроет любые 'недостачи', которые мои ленивые рабочие устроят в этом месяце.""",,
#sfcdunoreescape,DialogOptionSelected,$option == sfcdunnorereturn,FireAll PopulateOptions,"""Эй, в чем проблема, ты просто тратишь мое время?""
OR
""У тебя нет руды для меня? Точно?""
OR
""В следующий раз приходи с рудой.""",,
#END sfcdunnoresale,,,,,,
#END dunn,,,,,,
,,,,,,
# ruy,,,,,,
,,,,,,
# ruygreetings,,,,,,
convDefaultGreetingruyfirst,PickGreeting,"!$player.metsfcruy
$id == sfcruy score:1000
$faction.id == sindrian_diktat
!$entity.isHostile","$player.metsfcruy = true
ShowPersonVisual
FireAll PopulateOptions
AddText ""После короткого ожидания под тропический джингл ваш запрос на связь принимается.""
AddTextSmall ""Менеджер безопасности Круора, Рудрик Руй, когда-то занимал завидную должность и отвечал за оборону Синдрии от внешних угроз. Однако после того, как Львиная Гвардия добилась исключительного права на защиту Синдрии, Руй оказался на куда менее престижной позиции - защищать Круор. Вместо борьбы с внешними врагами ему чаще приходится улаживать 'разногласия' среди местных, но он все равно продолжает службу, хотя бы ради того, чтобы каждую ночь смотреть на Синдрию вдали."" highlight
AddText ""Да-да, это менеджер безопасности Руй, в чем проблема? Реальная пиратская угроза или опять чей-то конфликт разнимать?""",,,
convDefaultGreetingruynormal,PickGreeting,"$player.metsfcruy
$id == sfcruy score:100
$faction.id == sindrian_diktat
!$entity.isHostile
sfcreltrack -100 10","ShowPersonVisual
FireAll PopulateOptions","""Да? У вас есть что-то важное сообщить или нет?""
OR
""Есть что-то действительно важное для доклада?""
OR
""Вам нужна помощь? Или мне можно вернуться к делам?""",,"# this will fire when talking to same person again without leaving the station, but that seems fine"
convDefaultGreetingruyhigh,PickGreeting,"$player.metsfcruy
$id == sfcruy score:200
$faction.id == sindrian_diktat
!$entity.isHostile
sfcreltrack 10 50","ShowPersonVisual
FireAll PopulateOptions","""Есть сообщения о враждебной активности, $playerName?""
OR
""Есть время помочь зачистить парочку проблемных типов?""
OR
""Нужно что-то от меня, $playerName?""",,"# this will fire when talking to same person again without leaving the station, but that seems fine"
convDefaultGreetingruyveryhigh,PickGreeting,"$player.metsfcruy
$id == sfcruy score:300
$faction.id == sindrian_diktat
!$entity.isHostile
sfcreltrack 50 100","ShowPersonVisual
FireAll PopulateOptions","Руй одобрительно кивает, появляясь на экране.

""Снова приветствую, капитан $playerName. Что-то нужно?""
OR
Появившись на экране, Руй слегка поправляет форму.

""Снова пришли помочь, капитан $playerName?""
OR
Руй появляется на экране, почесывая подбородок.

""Готовы еще поработать здесь, капитан $playerName?""",,"# this will fire when talking to same person again without leaving the station, but that seems fine"
convDefaultGreetingruybanquetinvite,PickGreeting,"$player.metsfcruy
$id == sfcruy score:300
$faction.id == sindrian_diktat
!$entity.isHostile
!$sfcrejectedbanquet
!$sfcwenttobanquet
sfcreltrack 60 100
RollProbability 0.5
",FireAll RuyBanquetStartOptions,"Вместо привычного Рудрика Руя на связи появляется пожилой мужчина в официальной одежде.

""Приветствую, капитан $playerName. К сожалению, мастер Руй сейчас недоступен,"" - говорит он. ""Однако мне поручено официально пригласить вас на банкет, который он проводит сегодня.""",,"# this will fire when talking to same person again without leaving the station, but that seems fine"
convDefaultGreetingruyNonFuel,PickGreeting,$id == sfcruy score:100,"ShowDefaultVisual
EndConversation","После короткого ожидания воспроизводится автоматическое сообщение.

""Прошу прощения, но сейчас я недоступен.""

После этого канал связи отключается.",,"# this will fire when talking to same person again without leaving the station, but that seems fine"
convDefaultGreetingruyHostile,PickGreeting,"$id == sfcruy score:1000
$faction.id == sindrian_diktat
$entity.isHostile",,После короткого ожидания ваш запрос на связь отклоняется.,,"# this will fire when talking to same person again without leaving the station, but that seems fine"
convDefaultGreetingruybusy,PickGreeting,"$sfcruybusy
$id == sfckween score:9999","sfcwaittime ""$sfcruybusy"" ""$sfcruybusyyDGS""
AddText ""После недолгого ожидания под тропическую музыку вы получаете автоматическое сообщение. Похоже, менеджер безопасности сейчас занят. Попробуйте снова через $sfcruybusyDGS.""
SetTextHighlights $sfcruybusyDGS",,,"# this will fire when talking to same person again without leaving the station, but that seems fine"
#END ruygreetings,,,,,,
,,,,,,
# ruydirectory,,,,,,
convoruyStart,PopulateOptions,$id == sfcruy score:1000,,,conversesfcruy:Поговорить -,
convoruyList,DialogOptionSelected,$option == conversesfcruy,FireAll PopulateRuyOptions,,,
convoruyrep1,PopulateRuyOptions,"!$sfcruyblackmarket
$id == sfcruy score:100
sfcreltrack 10 100",,,sfcruytradeunlock:Предложить Рую свою помощь.,
convoruyrep1response,DialogOptionSelected,$option == sfcruytradeunlock,"$sfcruyblackmarket = true
FireAll PopulateRuyOptions
AddTextSmall ""Теперь вы можете покупать экзокостюмы силовой брони для перевода экипажа в морпехов."" highlight","""Итак, хотите помочь? Думаете, сможете вернуть мне старую должность?""

Прежде чем вы успеваете ответить, Рудрик машет рукой. ""Да шучу я. Но дело есть. Видите ли, у меня тут лежит куча... 'излишков' снаряжения без дела. Вы забираете это у меня за... небольшую наценку, а я избавляюсь от бумажной волокиты. Вы в плюсе, и я в плюсе. Звучит неплохо, да?""",,
convoruyrep2,PopulateRuyOptions,"$sfcruyblackmarket
!$sfcruyblackmarket2
$id == sfcruy score:100
sfcreltrack 25 100",,,sfcruytradeunlock2:Спросить Руя - есть ли у него излишки тяжелого вооружения.,
convoruyrep2response,DialogOptionSelected,$option == sfcruytradeunlock2,"$sfcruyblackmarket2 = true
FireAll PopulateRuyOptions
AddTextSmall ""Теперь вы можете закупать тяжелое вооружение оптом у Рудрика Руя."" highlight","""Еще снаряжение? К войне готовитесь?""

Прежде чем вы успеваете ответить, Рудрик вздыхает. ""У нас на складах пылится куча тяжелого военного вооружения. Если сумеете применить его с толком, я, возможно... соглашусь часть официально 'списать'.""",,
convoruyrep3,PopulateRuyOptions,"!$sfcruyblackmarket3
$id == sfcruy score:100
sfcreltrack 50 100",,,sfcruymarketunlock:Спросить - продает ли Руй еще военное снаряжение.,
convoruyrep3response,DialogOptionSelected,$option == sfcruymarketunlock,"$sfcruyblackmarket3 = true
$global.sfcunlockedmarket = true
$player.sfcnpchigh++
$player.sfclionaudit++
FireAll PopulateRuyOptions
AddTextSmall ""Теперь у вас есть доступ к субрынку 'перепродавцов' военного снаряжения Board of Security and Armament."" highlight","""Еще снаряжение, значит?""

Прежде чем вы успеваете ответить, Рудрик кивает. ""Нам здесь почти некуда девать это добро - в основном лежит и пылится. С учетом того, сколько вы для меня сделали, вы это заслужили. Только не поднимайте шум. Снаряжение здесь первоклассное.""",,
convoruyChat,PopulateRuyOptions,$id == sfcruy score:1000,,,chatsfcruy:Поболтать -,
convoruyChatResponses,DialogOptionSelected,$option == chatsfcruy,,"""Хочу обратно на Синдрию. Здесь ничего интересного, кроме разборок с проблемными типами...""
OR
""Я один считаю, что все эти милитаризованные топливные танкеры выглядят нелепо?""
OR
""Раньше я командовал проверенными классическими кораблями. А теперь посмотрите, с чем приходится работать...""
OR
""Не дождусь отпуска. Это место просто ужасно.""
OR
""Президент-экзекьютив пусть надеется, что отдавать безопасность Синдрии Львиному Гварду было умной идеей.""",,
convoruyGift,PopulateRuyOptions,"!$sfcruygift
$id == sfcruy score:1000",,,sfcruygift:Подарить Рую подарок.,
convoruyGiftwait,PopulateRuyOptions,"$sfcruygift
$id == sfcruy score:1000","sfcwaittime ""$sfcruygift"" ""$sfcruygiftDGS""
SetTooltip sfcruygift2 ""Вы недавно использовали этот вариант. Подождите $sfcruygiftDGS.""
SetTooltipHighlights sfcruygift2 $sfcruygiftDGS
SetEnabled sfcruygift2 false",,sfcruygift2:Подарить Рую подарок.,
convoruyTalk,PopulateRuyOptions,"!$sfcruytalk
$id == sfcruy score:1000",,,sfcruytalk:Сказать что-нибудь Рудрику.,
convoruyTalkwait,PopulateRuyOptions,"$sfcruytalk
$id == sfcruy score:1000","sfcwaittime ""$sfcruytalk"" ""$sfcruytalkDGS""
SetTooltip sfcruytalk2 ""Вы недавно использовали этот вариант. Подождите $sfcruytalkDGS.""
SetTooltipHighlights sfcruytalk2 $sfcruytalkDGS
SetEnabled sfcruytalk2 false",,sfcruytalk2:Сказать что-нибудь Рудрику.,
convoruyoption3,PopulateRuyOptions,$id == sfcruy score:1000,"SetShortcut sfcruyOptionMenu ""ESCAPE""",,sfcruyOptionMenu:Вернуться -,
ruymenu,DialogOptionSelected,$option == sfcruyOptionMenu,FireAll PopulateOptions,,,
#END ruydirectory,,,,,,
,,,,,,
# ruyblackmarket,,,,,,
sfcruyblackmarketstart,PopulateOptions,"$id == sfcruy
$sfcruyblackmarket
!$sfcblackmarketwait",,,sfcruyblackmarket:Купить 'излишнее' военное снаряжение.,
sfcruyblackmarketwait,PopulateOptions,"$id == sfcruy
$sfcruyblackmarket
$sfcblackmarketwait","sfcwaittime ""$sfcblackmarketwait"" ""$sfcblackmarketwaitDGS""
SetTooltip sfcruyblackmarket2 ""Вы недавно покупали у Руя военное снаряжение. Подождите $sfcblackmarketwaitDGS.""
SetTooltipHighlights sfcruyblackmarket2 $sfcblackmarketwaitDGS
SetEnabled sfcruyblackmarket2 false",,sfcruyblackmarket2:Купить 'излишнее' военное снаряжение.,
#END ruyblackmarket,,,,,,
,,,,,,
# ruymilitaryequipment,,,,,,
sfcruyequipmentdirectory,DialogOptionSelected,$option == sfcruyblackmarket,FireAll PopulateRuyEquipmentOptions,"Руй окидывает вас взглядом и что-то набирает на TriPad вне кадра. ""Ну что, нужно 'излишнее' снаряжение?""
OR
""Не переживайте, 'излишков' у меня хватает. Просто скажите, что нужно.""",,# start of Ruy black market sales
sfcruymarinessmall,PopulateRuyEquipmentOptions,"PlayerHasCargo crew 100
$player.credits >= 20000",,,sfcruymarinessmall:Купить военное снаряжение для 100 членов экипажа. (20000 кредитов) -,
sfcruymarinesmedium,PopulateRuyEquipmentOptions,"PlayerHasCargo crew 300
$player.credits >= 60000",,,sfcruymarinesmedium:Купить военное снаряжение для 300 членов экипажа. (60000 кредитов) -,
sfcruymarineslarge,PopulateRuyEquipmentOptions,"PlayerHasCargo crew 500
$player.credits >= 100000",,,sfcruymarineslarge:Купить военное снаряжение для 500 членов экипажа. (100000 кредитов) -,
sfcruyheavyarmssmall,PopulateRuyEquipmentOptions,"$sfcruyblackmarket2
$player.credits >= 50000",,,sfcruyheavyarmssmall:Купить 100 ед. 'излишнего' снаряжения. (50000 кредитов) -,
sfcruyheavyarmsmedium,PopulateRuyEquipmentOptions,"$sfcruyblackmarket2
$player.credits >= 150000",,,sfcruyheavyarmsmedium:Купить 300 ед. 'излишнего' снаряжения. (150000 кредитов) -,
sfcruyheavyarmslarge,PopulateRuyEquipmentOptions,"$sfcruyblackmarket2
$player.credits >= 250000",,,sfcruyheavyarmslarge:Купить 500 ед. 'излишнего' снаряжения. (250000 кредитов) -,
sfcruymarketreturn,PopulateRuyEquipmentOptions,,"SetShortcut sfcruymarketreturn ""ESCAPE""",,sfcruymarketreturn:Передумать покупать 'излишнее' снаряжение.,
sfcruymarinesmallcash,DialogOptionSelected,$option == sfcruymarinessmall,"AddRemoveCommodity crew -100 true
AddCredits -20000
AddRemoveCommodity marines 100 true
AdjustRepActivePerson COOPERATIVE 1
$sfcblackmarketwait = true 7
FireAll PopulateOptions","Руй кивает, подтверждая сделку. ""Только помните: вы получили это не от меня.""
OR
""Пользуйтесь снаряжением. И постарайтесь его не угробить, ладно?""",,
sfcruymarinesmediumcash,DialogOptionSelected,$option == sfcruymarinesmedium,"AddRemoveCommodity crew -300 true
AddCredits -60000
AddRemoveCommodity marines 300 true
AdjustRepActivePerson COOPERATIVE 2
$sfcblackmarketwait = true 7
FireAll PopulateOptions","Руй кивает, подтверждая сделку. ""Только помните: вы получили это не от меня.""
OR
""Пользуйтесь снаряжением. И постарайтесь его не угробить, ладно?""",,
sfcruymarineslargecash,DialogOptionSelected,$option == sfcruymarineslarge,"AddRemoveCommodity crew -500 true
AddCredits -100000
AddRemoveCommodity marines 500 true
AdjustRepActivePerson COOPERATIVE 3
$sfcblackmarketwait = true 7
FireAll PopulateOptions","Руй кивает, подтверждая сделку. ""Только помните: вы получили это не от меня.""
OR
""Пользуйтесь снаряжением. И постарайтесь его не угробить, ладно?""",,
sfcruyheavyarmssmallcash,DialogOptionSelected,$option == sfcruyheavyarmssmall,"AddCredits -50000
AddRemoveCommodity hand_weapons 100 true
AdjustRepActivePerson COOPERATIVE 2
$sfcblackmarketwait = true 14
FireAll PopulateOptions","Руй кивает, подтверждая сделку. ""Только помните: вы получили это не от меня.""
OR
""Пользуйтесь снаряжением. И постарайтесь его не угробить, ладно?""","
",
sfcruyheavyarmsmediumcash,DialogOptionSelected,$option == sfcruyheavyarmsmedium,"AddCredits -150000
AddRemoveCommodity hand_weapons 300 true
AdjustRepActivePerson COOPERATIVE 4
$sfcblackmarketwait = true 14
FireAll PopulateOptions","Руй кивает, подтверждая сделку. ""Только помните: вы получили это не от меня.""
OR
""Пользуйтесь снаряжением. И постарайтесь его не угробить, ладно?""",,
sfcruyheavyarmslargecash,DialogOptionSelected,$option == sfcruyheavyarmslarge,"AddCredits -250000
AddRemoveCommodity hand_weapons 500 true
AdjustRepActivePerson COOPERATIVE 6
$sfcblackmarketwait = true 14
FireAll PopulateOptions","Руй кивает, подтверждая сделку. ""Только помните: вы получили это не от меня.""
OR
""Пользуйтесь снаряжением. И постарайтесь его не угробить, ладно?""",,
sfcruymarketescape,DialogOptionSelected,$option == sfcruymarketreturn,FireAll PopulateOptions,,,
#END ruymilitaryequipment,,,,,,
,,,,,,
# ruygift,,,,,,
ruygiftstart,DialogOptionSelected,$option == sfcruygift,FireAll PopulateRuyGiftOptions,,,
ruyasklobster,PopulateRuyGiftOptions,"$id == sfcruy score:1000
!PlayerHasCargo lobster 1",,,sfcruyasklobster:Спросить Руя о его мнении о волтурнских лобстерах.,
ruygiftlobster,PopulateRuyGiftOptions,"$id == sfcruy score:1000
PlayerHasCargo lobster 1",,,sfcruygiftlobster:Подарить Рую лобстера,
ruygiftsoldier,PopulateRuyGiftOptions,"$id == sfcruy score:1000
PlayerHasCargo sfcgift2 1",,,sfcruygiftsoldier:Подарить Рую фигурку бойца Компании.,
ruyaskdrinks,PopulateRuyGiftOptions,"$id == sfcruy score:1000
!PlayerHasCargo alcoholism_sunshine_c 1",,,sfcruyaskdrinks:Спросить Руя о его любимом напитке.,
ruygiftsunshine,PopulateRuyGiftOptions,"$id == sfcruy score:1000
PlayerHasCargo alcoholism_sunshine_c 1",,,sfcruygiftsunshine:Подарить Рую бутылку Askonian Sunshine,
ruygiftexit,PopulateRuyGiftOptions,"$id == sfcruy score:1000
","SetShortcut sfcruygiftexit ""ESCAPE""",,sfcruygiftexit:Передумать.,
ruyasklobster2,DialogOptionSelected,$option == sfcruyasklobster,"$sfcruygift = true 3
FireAll PopulateRuyOptions","""Это деликатес, который можно готовить множеством способов. У меня есть повар, который умеет раскрывать вкус лобстера как надо.""
OR
""Кому-то один и тот же лобстер надоедает, но если готовить по-разному, будто ешь что-то новое. По крайней мере, так мне говорят.""",,
ruygiftlobster2,DialogOptionSelected,$option == sfcruygiftlobster,"$sfcruygift = true 10
AddRemoveCommodity lobster -1 true
AdjustRepActivePerson COOPERATIVE 5
FireAll PopulateRuyOptions","""О, лобстер? Да, у меня к лобстерам слабость.""
OR
""Попрошу повара приготовить это по старому рецепту.""
OR
""Свежий, надеюсь? Не из морозилки многолетней давности?""",,
ruygiftsolider2,DialogOptionSelected,$option == sfcruygiftsoldier,"$sfcruygift = true 10
AddRemoveCommodity sfcgift2 -1 true
AdjustRepActivePerson COOPERATIVE 5
FireAll PopulateRuyOptions","""О? Одна из тех сувенирных фигурок? Хм, как раз хотел пополнить коллекцию.""
OR
""Говорят, со временем такие штуки сильно растут в цене, если слухи не врут. Но мне просто нравится их собирать, хоть и выглядят вычурно...""
OR
""Фигурка, значит? Интересно, когда-нибудь сделают фигурку с моим лицом?""",,
ruyaskdrinks2,DialogOptionSelected,$option == sfcruyaskdrinks,"$sfcruygift = true 3
FireAll PopulateRuyOptions","""Честно, стаут я терпеть не могу. Предпочитаю что-то местное для этой системы. Намного приятнее на вкус.""
OR
""Лучшее обычно беру на Волтурне. А что, собираетесь меня чем-то угостить?""",,
ruygiftsunshine2,DialogOptionSelected,$option == sfcruygiftsunshine,"$sfcruygift = true 10
AddRemoveCommodity alcoholism_sunshine_c -1 true
AdjustRepActivePerson COOPERATIVE 5
FireAll PopulateRuyOptions","""Мм, Askonian Sunshine. Судя по виду, отличный винтаж.""
OR
""Отлично подойдет к банкету, который я скоро устраиваю.""
OR
""Надеюсь, прямо с Волтурна?""",,
ruygiftexit2,DialogOptionSelected,$option == sfcruygiftexit,FireAll PopulateRuyOptions,,,
#END ruygift,,,,,,
,,,,,,
# ruytalk,,,,,,
ruytalkstart,DialogOptionSelected,$option == sfcruytalk,FireAll PopulateRuyTalkOptions,,,
ruytalkcompliment,PopulateRuyTalkOptions,$id == sfcruy score:1000,,,sfcruycompliment:Сделать Рую комплимент.,
ruytalkinsult,PopulateRuyTalkOptions,$id == sfcruy score:1000,,,sfcruyinsult:Оскорбить Руя.,
ruytalkreturn,PopulateRuyTalkOptions,$id == sfcruy score:1000,"SetShortcut sfcruytalkreturn ""ESCAPE""",,sfcruytalkreturn:Передумать.,
ruycomplimentres,DialogOptionSelected,$option == sfcruycompliment,"$sfcruytalk = true 14
AdjustRepActivePerson WELCOMING 1
FireAll PopulateRuyOptions","""Хоть кто-то ценит мою работу.""
OR
""Правда? Что ж, приму любой комплимент, какой дают.""
OR
""Хм, давно меня никто не хвалил.""",,
ruyinsultres,DialogOptionSelected,$option == sfcruyinsult,"$sfcruytalk = true 14
AdjustRepActivePerson NEUTRAL -1
FireAll PopulateRuyOptions","""Если бы не этот экран между нами, я бы вас придушил.""
OR
""Повторите это мне в лицо.""
OR
""Сильны на слова, пока за спиной флот.""",,
ruytalkreturnres,DialogOptionSelected,$option == sfcruytalkreturn,FireAll PopulateRuyOptions,,,
#END ruytalk,,,,,,
#END ruy,,,,,,
,,,,,,
# mongaera,,,,,,
,,,,,,
# mongaeragreetings,,,,,,
convDefaultGreetingmogaerafirst,PickGreeting,"!$player.metcspmongaera
$id == cspmongaera score:1000
$faction.id == sindrian_diktat
!$entity.isHostile","$player.metcspmongaera = true
sfcplaymusic ""music_diktat_market_hostile"" 
ShowPersonVisual
FireAll PopulateOptions
AddText ""После бесконечно долгого ожидания под рекламу преимуществ службы в Львиной Гвардии вы наконец связываетесь с сурово выглядящей, богато одетой женщиной, которая смотрит на вас в упор.""
AddTextSmall ""Кайиста Монгаэра, исполнительный менеджер подразделения контроля лояльности Sindrian Fuel Company, долгие годы обеспечивала удержание персонала и преданность Верховному Главному Повелителю Президенту-Экзекьютиву-Менеджеру АЗС Филиппу Андраде. Некоторые сказали бы, что порой это даже вредило компании в целом."" highlight
AddText ""А, это вы с маленького банкета Рудрика. Капитан $PlayerName, верно? Пришли меня отвлекать или есть что докладывать?""",,,
convDefaultGreetingmogaeranormal,PickGreeting,"$player.metcspmongaera
$id == cspmongaera score:100
$faction.id == sindrian_diktat
!$entity.isHostile
sfcreltrack -100 25","ShowPersonVisual
sfcplaymusic ""music_diktat_market_hostile"" 
FireAll PopulateOptions","""Есть предатели, о которых нужно сообщить?""
OR
""Сохраняйте верность Льву, капитан. Иначе...""
OR
""Смерть - единственное лекарство от нелояльности.""",,"# this will fire when talking to same person again without leaving the station, but that seems fine"
convDefaultGreetingmogaerahigh,PickGreeting,"$player.metcspmongaera
$id == cspmongaera score:200
$faction.id == sindrian_diktat
!$entity.isHostile
sfcreltrack 25 75","ShowPersonVisual
sfcplaymusic ""music_diktat_market_hostile"" 
FireAll PopulateOptions","""Ваша верность делу отмечена, $playerName. Продолжайте в том же духе.""
OR
""Сохраняйте верность, $playerName. Лев щедр к тем, кто хорошо ему служит.""
OR
""Продолжайте работу, $playerName, и, возможно, обретете благосклонность Льва.""",,"# this will fire when talking to same person again without leaving the station, but that seems fine"
convDefaultGreetingmogaeraveryhigh,PickGreeting,"$player.metcspmongaera
$id == cspmongaera score:300
$faction.id == sindrian_diktat
!$entity.isHostile
sfcreltrack 75 100","ShowPersonVisual
sfcplaymusic ""music_diktat_market_neutral"" 
FireAll PopulateOptions","Кайиста откладывает TriPad, появляясь на экране.

""А, капитан $playerName, есть что еще доложить?""
OR
Кайиста одобрительно кивает, когда связь устанавливается.

""Капитан $playerName, пришли помочь разобраться с новыми предателями?""
OR
Кайиста сразу уделяет вам все внимание, как только канал связи открывается.

""Связь отличная, капитан $playerName. Готовы продолжить работу на Льва?""",,"# this will fire when talking to same person again without leaving the station, but that seems fine"
#END mongaeragreetings,,,,,,
#END mongaera,,,,,,
#END cruor npcs,,,,,,
,,,,,,
# volturn npcs,,,,,,
,,,,,,
# fleures,,,,,,
convDefaultGreetingfleuresfirst,PickGreeting,"!$player.metsfcfleures
$id == sfcfleures score:1000
$faction.id == sindrian_diktat
!$entity.isHostile","$player.metsfcfleures = true
ShowPersonVisual
FireAll PopulateOptions
AddText ""После короткого ожидания под длинную и очень бодрую рекламу Sindrian Fuel ваш запрос на связь принимается.""
AddTextSmall ""Подающий надежды менеджер Совета рекламы и маркетинга Sindrian Fuel, Люми Флерес прославилась рядом успешных рекламных кампаний по всему Персеанскому сектору. Делая ставку на более 'современный' подход к маркетингу, Флерес постоянно ищет следующую громкую идею, чтобы продвинуть бренд Sindrian Fuel в коллективное сознание каждого жителя сектора."" highlight
AddText ""Мягкие приветствия и добро пожаловать на Волтурн! Что привело вас сегодня на солнечные берега дома знаменитого волтурнского лобстера?""",,,
convDefaultGreetingfleuresnormal,PickGreeting,"$player.metsfcfleures
$id == sfcfleures score:200
$faction.id == sindrian_diktat
!$entity.isHostile
sfcreltrack -100 10","ShowPersonVisual
FireAll PopulateOptions","""Мягкие приветствия, капитан!""
OR
""Теплых приливов и ясных утр, капитан!""
OR
""Надеюсь, у вас сегодня по-волтурнски отличный день, капитан!""",,"# this will fire when talking to same person again without leaving the station, but that seems fine"
convDefaultGreetingfleureshigh,PickGreeting,"$player.metsfcfleures
$id == sfcfleures score:300
$faction.id == sindrian_diktat
!$entity.isHostile
sfcreltrack 10 50","ShowPersonVisual
FireAll PopulateOptions","""Мягкие приветствия, капитан! Чем могу помочь?""
OR
""Теплых приливов и ясных утр, капитан! Нужна помощь?""
OR
""Надеюсь, у вас сегодня по-волтурнски отличный день, капитан! Что я могу для вас сделать?""",,"# this will fire when talking to same person again without leaving the station, but that seems fine"
convDefaultGreetingfleuresveryhigh,PickGreeting,"$player.metsfcfleures
$id == sfcfleures score:400
$faction.id == sindrian_diktat
!$entity.isHostile
sfcreltrack 50 100","ShowPersonVisual
FireAll PopulateOptions","Улыбка Флерес сияет особенно ярко, когда она появляется на экране связи.

""Приветствую, $playerName! Чем могу помочь в этот спокойный день?""
OR
Флерес тепло улыбается, появляясь на экране связи.

""Теплых приливов и ясных утр вам, $playerName! Надеюсь, вам нравится ваше пребывание на Волтурне!""
OR
Флерес приветливо улыбается вам, появляясь на экране связи.

""Приветствую, $playerName! Надеюсь, день у вас сегодня по-волтурнски отличный!""",,"# this will fire when talking to same person again without leaving the station, but that seems fine"
convDefaultGreetingfleuresNonFuel,PickGreeting,$id == sfcfleures score:100,"ShowDefaultVisual
EndConversation","После короткого ожидания воспроизводится автоматическое сообщение.

""Мягкие приветствия! Сейчас я недоступна, но надеюсь, у вас будет по-волтурнски отличный день!""

После этого канал связи отключается.",,"# this will fire when talking to same person again without leaving the station, but that seems fine"
convDefaultGreetingfleuresHostile,PickGreeting,"$id == sfcfleures score:1000
$faction.id == sindrian_diktat
$entity.isHostile",BeginConversation sfcfleures,После короткого ожидания ваш запрос на связь отклоняется.,cutCommLink:Разорвать связь,"# this will fire when talking to same person again without leaving the station, but that seems fine"
,,,,,,
convofleuresStart,PopulateOptions,$id == sfcfleures score:1000,,,conversesfcfleures:Поговорить -,
convofleuresList,DialogOptionSelected,$option == conversesfcfleures,FireAll PopulateFleuresOptions,,,
convofleuresChat,PopulateFleuresOptions,$id == sfcfleures score:1000,,,chatsfcfleures:Поболтать -,
convofleuresChatResponses,DialogOptionSelected,$option == chatsfcfleures,,"""Вы уже думали забронировать столик в Volturnian Lobster Garden?""
OR
""Не забудьте оценить ваше пребывание на Волтурне на пять звезд!""
OR
""Загляните в местный инфокиоск за бесплатным значком Volturn-y!""
OR
""Лучшей туристической планеты, чем Волтурн, не существует!""
OR
""Слухи о культах на Волтурне - чистая ложь, которую распускают завистливые конкуренты!""
OR
""Слухи о бандитской активности на Волтурне - клевета, которую распространяют недоброжелатели!""
OR
""Слухи о кризисе беженцев - абсолютная неправда, которую распускают обозленные соперники!""",,
,,,,,,
convofleuresoption3,PopulateFleuresOptions,$id == sfcfleures score:1000,"SetShortcut sfcfleuresOptionMenu ""ESCAPE""",,sfcfleuresOptionMenu:Вернуться -,
fleuresmenu,DialogOptionSelected,$option == sfcfleuresOptionMenu,FireAll PopulateOptions,,,
,,,,,,
convProcureGreetingNotEnoughfleures,PickGreeting,"$proCom_needsCommodity score:2000
Call $proCom_ref updateData
!$proCom_playerHasEnough
$player.metsfcfleures
$id == sfcfleures score:2000
$faction.id == sindrian_diktat
!$entity.isHostile","ShowPersonVisual
SetTextHighlights $proCom_quantity
FireAll PopulateOptions","""Мягкие приветствия, капитан!"" $HeOrShe говорит, выводя на экран грузовую ведомость. ""Я ожидаю поставку $proCom_quantity ед. товара $proCom_commodityName. Похоже, у вас сейчас недостаточно груза, к сожалению.""
OR
""Мягкие приветствия, капитан! Я ожидаю поставку $proCom_commodityName в количестве $proCom_quantity единиц, строго по заявке."" $HeOrShe читает с датапада и снова смотрит на вас с той же улыбкой на лице. ""Теперь, пожалуйста, доведите дело до конца!""",,
convProcureGreetingfleures,PickGreeting,"$proCom_needsCommodity score:2000
Call $proCom_ref updateData
$proCom_playerHasEnough
$player.metsfcfleures
$id == sfcfleures score:2000
$faction.id == sindrian_diktat
!$entity.isHostile","ShowPersonVisual
SetTextHighlights $proCom_quantity $proCom_pricePerUnit","""Мягкие приветствия, капитан!"" $personName читает с датапада. ""И, если верить записи... да, здесь указано, что вы доставляете $proCom_quantity ед. товара $proCom_commodityName. Верно?""","proCom_deliver:Доставить $proCom_commodityName
cutCommLink:Разорвать связь",
,,,,,,
proComDeliverCompletedfleures,ProComCompletedText,$id == sfcfleures score:1000,,"""Как по-волтурнски прекрасно! Этот груз $proCom_commodityName - именно то, что нам нужно!""
OR
""Как по-волтурнски прекрасно! Еще раз спасибо за ваш вклад, капитан!""
OR
""Как по-волтурнски прекрасно! Ваш вклад в Sindrian Fuel Company будет помнитьcя!""
OR
""Как по-волтурнски прекрасно! И пусть у вас будет по-волтурнски отличный день!""",,
#END fleures,,,,,,
,,,,,,
# jenkins,,,,,,
,,,,,,
# jenkins greetings,,,,,,
jenkins firstgreet,PickGreeting,"!$player.metsfcjenkins
!$entity.isHostile
$id == sfcjenkins","$player.metsfcjenkins = true
ShowPersonVisual
FireAll PopulateOptions
AddText ""После короткого ожидания под тропический джингл ваш запрос на связь принимается.""
AddTextSmall ""Велмари Дженкинс - старший менеджер Совета среды и производства. Сейчас она отвечает за планетарные обследования и варианты экспансии для Sindrian Fuel Company."" highlight
AddText ""Эй, надеюсь, вы понимаете, что я рабо- Кто вообще вы такие?""",,,
jenkins greeting,PickGreeting,"$player.metsfcjenkins
!$entity.isHostile
$id == sfcjenkins","ShowPersonVisual
FireAll PopulateOptions","""Вы все еще здесь? Больше некого доставать?""
OR
""Опять тратите мое время? Впрочем, его и так постоянно тратят за меня...""
OR
""Если вы продолжаете меня дергать, то это уже считается, что я занята.""",,
#END jenkins greetings,,,,,,
,,,,,,
# jenkins options,,,,,,
,,,,,,
# jenkins converse main directory,,,,,,
jenkins shu option,PopulateOptions,"$player.mannshuhullmodget
!$sfcpurchasedshuaquatic
$id == sfcjenkins score:1000",SetOptionColor sfcjenkinsshuoption highlight,,sfcjenkinsshuoption:Показать Велмари авторизацию от Маннфреда -,
jenkins abyss option,PopulateOptions,"sfccheckmodid ""assortment_of_things""
PlayerHasCargo rat_abyss_survey
$global.showedAbyssData == false
$sfcdataturninunlocked
$id == sfcjenkins score:1000",SetOptionColor sfcjenkinsabyssoption highlight,,sfcjenkinsabyssoption:Спросить Велмари - примет ли она данные обследования - найденные вами в Бездне -,
jenkin hyperspace option,PopulateOptions,"PlayerHasCargo topographic_data
$global.showedHyperspaceData == false
$sfcdataturninunlocked
$id == sfcjenkins score:1000",SetOptionColor sfcjenkinshyperspaceoption highlight,,sfcjenkinshyperspaceoption:Спросить Велмари - примет ли она данные топографии гиперпространства -,
jenkins convo option,PopulateOptions,$id == sfcjenkins score:1000,,,sfcjenkinsconverse:Поговорить -,
jenkins convo start,DialogOptionSelected,$option == sfcjenkinsconverse,FireAll PopulateSFCJenkinsConverseOptions,,,
jenkins chat option,PopulateSFCJenkinsConverseOptions,$id == sfcjenkins score:100,,,sfcJenkinsChatOption:Поболтать,
jenkins chat response,DialogOptionSelected,$option == sfcJenkinsChatOption,,"""Вы и дальше собираетесь меня дергать? Я тут занята разбором всей этой документации.""
OR
""Я здесь занятый менеджер, капитан. У меня нет времени на пустую болтовню.""
OR
""От этой морской соли уже нос закладывает...""
OR
""Почему сейчас так влажно?""
OR
""Лучше бы меня назначили на станцию...""",,
#END jenkins converse main directory,,,,,,
,,,,,,
# jenkins rep rewards,,,,,,
jenkins data turn in unlock,PopulateSFCJenkinsConverseOptions,"!$sfcdataturninunlocked
$id == sfcjenkins score:100
sfcreltrack 5 100",,,sfcJenkinsdataunlock:Предложить Велмари свою помощь.,
jenkins data turn in unlock response,DialogOptionSelected,$option == sfcJenkinsdataunlock,"$sfcdataturninunlocked = true
FireAll PopulateSFCJenkinsConverseOptions","""Помощь?""

Велмари некоторое время сверлит вас взглядом, прежде чем продолжить. ""Ну, вообще-то есть кое-что, с чем вы можете помочь. Технически у Совета среды и производства есть награда за данные обследований различных планет на окраинах сектора. Правда, немногие, кто летит в окраины за такими данными, возвращаются целыми.""

Она вздыхает. ""Но если хотите отправиться за этими данными и рисковать шеей - пожалуйста.""",,
jenkins aquatic stimulator unlocked,PopulateSFCJenkinsConverseOptions,"!$sfcaquaticstimulatorpurchased
$id == sfcjenkins score:100
sfcreltrack 60 100",,,sfcJenkinsstimulatorreward:Спросить - нужна ли Велмари еще какая-нибудь помощь.,
jenkins aquatic stimulator unlocked response,DialogOptionSelected,"$option == sfcJenkinsstimulatorreward
sfcemployee sindrian_diktat","FireAll AquaticStimulatorHub
SetTextHighlights ""250000""","Велмари ненадолго задумывается и опускает взгляд на TriPad вне кадра.

""Вы здесь были довольно полезны, и у меня как раз валяется кое-что, чему можно найти лучшее применение,"" - замечает Велмари. ""Не хотите купить пару вещей, которые просто пылятся?""

После этого Велмари пересылает информацию на ваш TriPad.

""На Волтурне у нас есть несколько запасных Aquatic Stimulator, которые стоят без дела. Вы человек полезный, так что я, возможно, продам один. Поскольку вы сотрудник Sindrian Fuel Company, цена будет 250000 кредитов. Ну что скажете?""",,
jenkins aquatic stimulator unlocked response non employee,DialogOptionSelected,"$option == sfcJenkinsstimulatorreward
!sfcemployee sindrian_diktat","FireAll AquaticStimulatorHub
SetTextHighlights ""1000000""","Велмари ненадолго задумывается и опускает взгляд на TriPad вне кадра.

""Вы здесь были довольно полезны, и у меня как раз валяется кое-что, чему можно найти лучшее применение,"" - замечает Велмари. ""Не хотите купить пару вещей, которые просто пылятся?""

После этого Велмари пересылает информацию на ваш TriPad.

""На Волтурне у нас есть несколько запасных Aquatic Stimulator, которые стоят без дела. Вы человек полезный, так что я, возможно, продам один. Но раз вы не сотрудник, это обойдется в 1000000 кредитов. Ну что скажете?""",,
jenkins aquatic stimulator hub a,AquaticStimulatorHub,"sfcemployee sindrian_diktat
$player.credits >= 250000",,,0:sfcpurchasestimulatorsfc:Купить Aquatic Stimulator за 250000 кредитов.,
jenkins aquatic stimulator hub a no buy,AquaticStimulatorHub,"sfcemployee sindrian_diktat
$player.credits < 250000","SetTooltip sfcpurchasestimulatorsfc2 ""У вас недостаточно кредитов.""
SetEnabled sfcpurchasestimulatorsfc2 false",,0:sfcpurchasestimulatorsfc2:Купить Aquatic Stimulator за 250000 кредитов.,
jenkins aquatic stimulator hub b,AquaticStimulatorHub,"!sfcemployee sindrian_diktat
$player.credits >= 1000000",,,0:sfcpurchasestimulator:Купить Aquatic Stimulator за 1000000 кредитов.,
jenkins aquatic stimulator hub b no buy,AquaticStimulatorHub,"!sfcemployee sindrian_diktat
$player.credits < 1000000","SetTooltip sfcpurchasestimulator2 ""У вас недостаточно кредитов.""
SetEnabled sfcpurchasestimulator2 false",,0:sfcpurchasestimulator2:Купить Aquatic Stimulator за 1000000 кредитов.,
jenkins aquatic stimulator hub escape,AquaticStimulatorHub,"
","SetShortcut sfcpurchasestimulatorexit ""ESCAPE""",,0:sfcpurchasestimulatorexit:Не покупать Aquatic Stimulator.,
jenkins aquatic stimulator purchased,DialogOptionSelected,$option == sfcpurchasestimulatorsfc,"$sfcaquaticstimulatorpurchased = true
sfcaddspecial sfc_aquaticstimulator
AddCredits -250000
FireAll PopulateSFCJenkinsConverseOptions
AddTextSmall ""Вы приобрели колониальный предмет Aquatic Stimulator."" highlight","""Отлично, я прямо сейчас отправлю его вашему флоту,"" - говорит Велмари, что-то набирая на вашем TriPad. ""Еще раз спасибо, это на одну головную боль меньше. Итак, что-нибудь еще нужно?""",,
jenkins aquatic stimulator purchased no sfc,DialogOptionSelected,$option == sfcpurchasestimulator,"$sfcaquaticstimulatorpurchased = true
sfcaddspecial sfc_aquaticstimulator
AddCredits -1000000
FireAll PopulateSFCJenkinsConverseOptions
AddTextSmall ""Вы приобрели колониальный предмет Aquatic Stimulator."" highlight","""Вы правда купили его за такую цену? Что ж, я не стану вас останавливать,"" - замечает Велмари, набирая что-то на TriPad. ""Сейчас его отправят вашему флоту. Итак, что-нибудь еще нужно?""",,
jenkins aquatic stimulator no purchase,DialogOptionSelected,$option == sfcpurchasestimulatorexit,FireAll PopulateSFCJenkinsConverseOptions,"""Хм... ладно, предложение останется в силе, если передумаете, капитан. Итак, что-нибудь еще нужно?""",,
jenkins abyss reseponse,DialogOptionSelected,$option == sfcjenkinsabyssoption,"$global.showedAbyssData = true
AddText ""Велмари хмуро смотрит на вас, получив копию данных. Просмотрев их, она вздыхает и снова переводит взгляд на вас.""
AddText ""Ладно, беру это, хотя материалы очень странные. По крайней мере, буду выглядеть занятой, пока разбираюсь, что это вообще такое. Итак, вам еще что-нибудь нужно?""
AddTextSmall ""Велмари Дженкинс теперь принимает данные обследования Бездны."" highlight
FireAll PopulateOptions",,,
jenkins hyperspace reseponse,DialogOptionSelected,$option == sfcjenkinshyperspaceoption,"$global.showedHyperspaceData = true
AddText ""Велмари хмуро смотрит на вас, получив копию данных. Просмотрев их, она вздыхает и снова переводит взгляд на вас.""
AddText ""Совет толком не уточняет, какие именно данные обследования нам нужны - только то, что любые данные могут оказаться полезными. Пожалуй, это подходит. Но вам стоит быть благодарным, что я вообще соглашаюсь это принять, ясно? Теперь вам еще что-нибудь нужно от меня?""
AddTextSmall ""Велмари Дженкинс теперь принимает данные топографии гиперпространства."" highlight
FireAll PopulateOptions",,,
#END jenkins rep rewards,,,,,,
,,,,,,
# jenkins data turnin,,,,,,
Data_disableTurnInOptionJenkins,DisableTurnInDataOptionIfNeeded,"$id == sfcjenkins score:1000
$sfcdataturninunlocked
!sfcplanetdataturnin playerHasPlanetData","SetTooltip Data_startTurnInJenkins ""У вас нет планетарных данных в грузе.""
SetEnabled Data_startTurnInJenkins false",,,
Data_turnInOptionJenkins,PopulateOptions,"$isPerson
$id == sfcjenkins score:1000
$sfcdataturninunlocked
sfcreltrack -25 100",FireBest DisableTurnInDataOptionIfNeeded,,15:Data_startTurnInJenkins:Сдать данные обследований старшему менеджеру Дженкинс.,
Data_turnInOptionSelJenkins,DialogOptionSelected,$option == Data_startTurnInJenkins,FireAll PopulateDataTurnInOptionsJenkins,"Менеджер Дженкинс тяжело вздыхает, когда вы спрашиваете ее о данных обследований.

""Да, я принимаю данные обследований, $playerName. Хотела бы не принимать, но выбора у меня нет. Ладно, что у вас для меня? Надеюсь, что-то стоящее.""",,
Data_playerHasOptionJenkins,PopulateDataTurnInOptionsJenkins,,,,0:Data_selectDataJenkins:Выбрать данные обследований для сдачи -,
Data_neverMindOptionJenkins,PopulateDataTurnInOptionsJenkins,,,,100:Data_neverMindJenkins:Передумать сдавать данные обследований -,
Data_turnInOptionSelectedJenkins,DialogOptionSelected,$option == Data_selectDataJenkins,sfcplanetdataturnin selectData,,,
Data_turnInResponseDefaultJenkins,DataTurnedInJenkins,,FireAll PopulateOptions,"$Post $personLastName тяжело вздыхает, когда данные обследований передаются ей.

""Мне это разбирать целую вечность..."" - бормочет она себе под нос, затем натягивает максимально вежливую улыбку. ""Вот ваши кредиты. Только не спустите все сразу.""",,
Data_turnInResponseDefaultJenkinsLow,DataTurnedInJenkinsLow,,FireAll PopulateOptions,"$Post $personLastName коротко вздыхает, когда данные обследований передаются ей.

""Ну, с этим я управлюсь хотя бы за час..."" - бормочет она себе под нос, затем натягивает максимально вежливую улыбку. ""Вот ваши кредиты. Только не спустите все сразу.""",,
Data_nevermindOptionSelectedJenkins,DialogOptionSelected,$option == Data_neverMindJenkins,FireAll PopulateOptions,"$Post будто прячет улыбку, когда вы отменяете сделку.

""Ох, какая досада. Похоже, мне придется и дальше ничего не делать.""
OR
""Как жаль. Ладно, вам еще что-нибудь нужно?""
OR
""Какая трагедия. А я уж думала, сегодня правда придется поработать за зарплату.""",,
#END jenkins data turnin,,,,,,
,,,,,,
# jenkins populateaskoptions,,,,,,
jenkins ask escape,PopulateSFCJenkinsAskOptions,$id == sfcjenkins score:1000,"SetShortcut jenkinsEscape ""ESCAPE""",,jenkinsEscape:Назад,
jenkins ask escape picked,DialogOptionSelected,$option == jenkinsEscape,FireAll PopulateOptions,,,
,,,,,,
# jenkins ask tree,,,,,,
#jenkins ask option,PopulateSFCJenkinsConverseOptions,$id == sfcjenkins score:1000,,,sfcjenkinsasklist:СПИСОК ВОПРОСОВ,
jenkins ask start tree,DialogOptionSelected,$option == sfcjenkinsasklist,FireAll PopulateSFCJenkinsAskOptions,,,
#END jenkins ask tree,,,,,,
,,,,,,
# jenkins faction npc tree,,,,,,
jenkins ask start faction npcs,PopulateSFCJenkinsAskOptions,,,,jenkinsSFCNPCs:Спросить о людях в Топливная компания Синдрии.,
jenkins ask start faction npcs selected,DialogOptionSelected,$option == npcTemplateFactionNPCs,FireAll PopulateSFCJenkinsSFCNPCsOptions,,,
jenkins ask faction leader option,PopulateSFCJenkinsSFCNPCsOptions,,,,jenkinsAndradaAsk:Спросить о верховном экзекьютиве Филиппе Андраде -,
jenkins ask faction leader reaction,DialogOptionSelected,$option == jenkinsAndradaAsk,,"""Андрада? Андрада нормальный. И только не говорите Балаши, что это от меня слышали. Этот тип звучит так, будто у него сердечный приступ, если кто-то говорит об Андраде без высшей степени восхищения. Раздражает...""",,
jenkins ask escape faction npc option,PopulateSFCJenkinsSFCNPCsOptions,$id == sfcjenkins score:1000,"SetShortcut jenkinsSFCAskEscape ""ESCAPE""",,jenkinsSFCAskEscape:Назад,
jenkins ask escape faction npc picked,DialogOptionSelected,$option == jenkinsSFCAskEscape,FireAll PopulateSFCJenkinsConverseOptions,,,
#END jenkins faction npc tree,,,,,,
,,,,,,
# jenkins non faction npc tree,,,,,,
#jenkins ask start non faction npcs,PopulateNPCTemplateAskOptions,,,,npcTemplateNonFactionNPCs:Спросить о [НЕФРАКЦИОННЫХ] персонажах.,
#jenkins ask start non faction npcs selected,DialogOptionSelected,$option == npcTemplateNonFactionNPCs,FireAll PopulateNPCTemplateAskOtherNPCsOptions,,,
#jenkins ask escape non faction npc option,PopulateNPCTemplateNonFactionNPCsOptions,$id == npctemplate score:1000,"SetShortcut npcTemplateNonFactionNPCAskEscape ""ESCAPE""",,npcTemplateNonFactionNPCAskEscape:Назад,
#jenkins ask escape non faction npc picked,DialogOptionSelected,$option == npcTemplateNonFactionNPCAskEscape,FireAll PopulateNPCTemplateConverseOptions,,,
#END jenkins non faction npc tree,,,,,,
,,,,,,
# jenkins other ask tree,,,,,,
#jenkins ask start sector events,PopulateNPCTemplateAskOptions,,,,npcTemplateSectorEvents:Спросить о другом.,
#jenkins ask start sector events selected,DialogOptionSelected,$option == npcTemplateSectorEvents,FireAll PopulateNPCTemplateAskOtherOptions,,,
#jenkins ask escape event option,PopulateNPCTemplateFactionNPCsOptions,$id == npctemplate score:1000,"SetShortcut npcTemplateOtherAskEscape ""ESCAPE""",,npcTemplateOtherAskEscape:Назад,
#jenkins ask escape event option picked,DialogOptionSelected,$option == npcTemplateOtherAskEscape,FireAll PopulateNPCTemplateConverseOptions,,,
#END jenkins other ask tree,,,,,,
#END jenkins populateaskoptions,,,,,,
,,,,,,
# jenkins populategift,,,,,,
jenkinsgiftoption,PopulateSFCJenkinsConverseOptions,"!$sfcjenkinsgifted
$id == sfcjenkins score:100",,,sfcjenkinsgift:Предложить Велмари подарок -,
jenkinsgiftoptionwait,PopulateSFCJenkinsConverseOptions,"$sfcjenkinsgifted
$id == sfcjenkins score:100","sfcwaittime ""$sfcjenkinsgifted"" ""$sfcjenkinsgiftedDGS""
SetTooltip sfcjenkinsgift2 ""Вы недавно дарили подарок. Подождите $sfcjenkinsgiftedDGS.""
SetTooltipHighlights sfcjenkinsgift2 $sfcjenkinsgiftedDGS
SetEnabled sfcjenkinsgift2 false",,sfcjenkinsgift2:Предложить Велмари подарок -,
jenkinsgiftlobsterask,PopulateSFCJenkinsGiftOptions,!PlayerHasCargo lobster,,,sfcjenkinslobsterask:Спросить Велмари о ее мнении о волтурнских лобстерах.,
jenkinsgiftlobsteroffer,PopulateSFCJenkinsGiftOptions,PlayerHasCargo lobster,,,sfcjenkinslobsteroffer:Предложить Велмари волтурнского лобстера -,
jenkinsgiftdrinkask,PopulateSFCJenkinsGiftOptions,!PlayerHasCargo alcoholism_tea_c,,,sfcjenkinsdrinksask:Спросить Велмари о ее любимом напитке.,
jenkinsgiftdrinksoffer,PopulateSFCJenkinsGiftOptions,PlayerHasCargo alcoholism_tea_c,,,sfcjenkinsdrinksoffer:Предложить Велмари чашку чая.,
jenkinsgiftdonutsask,PopulateSFCJenkinsGiftOptions,!PlayerHasCargo uaf_bakery_product_2,,,sfcjenkinsdonutsask:Спросить Велмари - какую еду она любит.,
jenkinsgiftdonutsoffer,PopulateSFCJenkinsGiftOptions,PlayerHasCargo uaf_bakery_product_2,,,sfcjenkinsdonutsoffer:Предложить Велмари коробку пончиков -,
jenkinsgiftmugask,PopulateSFCJenkinsGiftOptions,!PlayerHasCargo sfcgift3,,,sfcjenkinsmugask:Спросить Велмари о ее любимом товаре Компании.,
jenkinsgiftmugoffer,PopulateSFCJenkinsGiftOptions,PlayerHasCargo sfcgift3,,,sfcjenkinsmugoffer:Предложить Велмари фирменную кружку Компании.,
jenkinsgiftreturn,PopulateSFCJenkinsGiftOptions,,,,sfcjenkinsGiftOptionMenu:Передумать дарить Велмари подарок.,
jenkinsgiftdirectory,DialogOptionSelected,$option == sfcjenkinsgift,"FireAll PopulateSFCJenkinsGiftOptions
SetShortcut sfcjenkinsGiftOptionMenu ""ESCAPE""","""Подарок? Мне? Вы ведь не пытаетесь меня подкупить, надеюсь?""
OR
""Ох, очередной человек, который думает, что может подкупить меня шоколадками и цветочками.""",,
jenkinsgiftescape,DialogOptionSelected,$option == sfcjenkinsGiftOptionMenu,FireAll PopulateSFCJenkinsConverseOptions,"""Передумали? И ладно, вы бы, скорее всего, только опозорились.""
OR
""Оу, а я уже надеялась, что под конец дня мне будет что выбросить.""",,
jenkinslobsteraskresponse,DialogOptionSelected,$option == sfcjenkinslobsterask,"$sfcjenkinsgifted = true 3
FireAll PopulateSFCJenkinsConverseOptions","""Меня от них уже тошнит. Пусть они и популярны, но никакая популярность не отменит, как они воняют, когда начинают гнить.""
OR
""Казалось бы, живешь на планете, где их вылавливают атласами каждую неделю и суют повсюду, и должна бы их полюбить... но нет.""",,
jenkinslobsterresponse,DialogOptionSelected,$option == sfcjenkinslobsteroffer,"$sfcjenkinsgifted = true 15
AdjustRepActivePerson NEUTRAL 3
FireAll PopulateSFCJenkinsConverseOptions","""Лобстер? Серьезно? Взяли на рынке по пути сюда?""
OR
""Вы же знаете, что я и так могу достать это прямо сейчас, да?""
OR
""Вот это уровень признательности, дружище. Захватили по дороге?""",,
jenkinsdrinksaskresponse,DialogOptionSelected,$option == sfcjenkinsdrinksask,"$sfcjenkinsgifted = true 3
FireAll PopulateSFCJenkinsConverseOptions","""Обычно я пью кофе, но стараюсь сократить, так что чаще перехожу на чай. Если собираетесь принести мне чаю, я, возможно, это оценю. Возможно.""",,
jenkinsdrinksresponse,DialogOptionSelected,"$option == sfcjenkinsdrinksoffer
!$sfcjenkinsteafirst","$sfcjenkinsgifted = true 15
$sfcjenkinsteafirst = true
AddRemoveCommodity alcoholism_tea_c -1 true
AdjustRepActivePerson FRIENDLY 10
FireAll PopulateSFCJenkinsConverseOptions","Вы отправляете чай и наблюдаете, как Велмари получает его у себя. ""О, наконец-то чай,"" - говорит Велмари, наливая его в кружку. ""Вот это мне и было нужно.""",,
jenkinsdrinksresponseafter,DialogOptionSelected,"$option == sfcjenkinsdrinksoffer
$sfcjenkinsteafirst","$sfcjenkinsgifted = true 15
AddRemoveCommodity alcoholism_tea_c -1 true
AdjustRepActivePerson FRIENDLY 5
FireAll PopulateSFCJenkinsConverseOptions","""Еще чай? Что ж, лишний заряд бодрости не помешает.""",,
jenkinsdonutsaskresponse,DialogOptionSelected,$option == sfcjenkinsdonutsask,"$sfcjenkinsgifted = true 3
FireAll PopulateSFCJenkinsConverseOptions","""Пончики. Да, пончиков бы я не отказалась. Мне плевать, насколько это вредно, это все равно лучше, чем иметь дело со всеми этими морепродуктами.""
OR
""Хотите поднять мне настроение? Тогда принесите пончики. В любом случае лучше всех этих дурацких лобстеров.""",,
jenkinsdonutsresponse,DialogOptionSelected,"$option == sfcjenkinsdonutsoffer
!$sfcjenkinsdonutsfirst","$sfcjenkinsgifted = true 15
$sfcjenkinsdonutsfirst = true
AddRemoveCommodity uaf_bakery_product_2 -1 true
AdjustRepActivePerson FRIENDLY 10
FireAll PopulateSFCJenkinsConverseOptions","""О?"" Велмари с любопытством смотрит на вас, когда вы предлагаете ей пончики марки Auroran. ""Я как раз проголодалась, так что отправляйте сюда.""

После доставки коробки курьерским шаттлом Велмари получает пончики и сразу откусывает один. ""Хм, а это не так уж плохо. Спасибо.""",,
jenkinsdonutsresponseafter,DialogOptionSelected,"$option == sfcjenkinsdonutsoffer
$sfcjenkinsdonutsfirst","$sfcjenkinsgifted = true 15
AddRemoveCommodity uaf_bakery_product_2 -1 true
AdjustRepActivePerson FRIENDLY 5
FireAll PopulateSFCJenkinsConverseOptions","""Пончики, да? Ну, это лучше, чем ничего.""
OR
""Надеюсь, соленый воздух это не испортит.""",,
jenkinsmugaskresponse,DialogOptionSelected,$option == sfcjenkinsmugask,"$sfcjenkinsgifted = true 3
FireAll PopulateSFCJenkinsConverseOptions","""Любимый фирменный предмет? Наверное, кружка. По крайней мере она реально полезная, в отличие от половины сувениров Компании.""
OR
""Если уж говорить о брендированном хламе, кружки хотя бы можно использовать каждый день.""",,
jenkinsmugsresponse,DialogOptionSelected,"$option == sfcjenkinsmugoffer
!$sfcgiftedmugfirst","$sfcjenkinsgifted = true 15
$sfcgiftedmugfirst = true
AddRemoveCommodity sfcgift3 -1 true
AdjustRepActivePerson FRIENDLY 10
FireAll PopulateSFCJenkinsConverseOptions","""О, вы подарили мне кружку,"" - говорит Велмари, когда вы отправляете ее курьерским шаттлом. ""Я как раз думала взять новую, а с моей работой я вечно застреваю здесь. Спасибо. И я серьезно. Только никому не рассказывайте, что я сказала спасибо.""",,
jenkinsmugsresponseafter,DialogOptionSelected,"$option == sfcjenkinsmugoffer
$sfcgiftedmugfirst","$sfcjenkinsgifted = true 15
AddRemoveCommodity sfcgift3 -1 true
AdjustRepActivePerson FRIENDLY 5
FireAll PopulateSFCJenkinsConverseOptions","""Еще кружка? Ну, лишняя не помешает.""
OR
""Еще кружка? Вы же знаете, что у меня уже есть одна, да?""
OR
""Ладно, возьму еще одну кружку, как бы странно это ни было...""",,
#END jenkins populategift,,,,,,
,,,,,,
# jenkins populatetalk,,,,,,
jenkinsTalk,PopulateSFCJenkinsConverseOptions,"!$sfcjenkinstalk
$id == sfcjenkins score:1000",,,sfcjenkinstalk:Сказать что-нибудь Велмари.,
jenkinsTalkwait,PopulateSFCJenkinsConverseOptions,"$sfcjenkinstalk
$id == sfcjenkins score:1000","sfcwaittime ""$sfcjenkinstalk"" ""$sfcjenkinstalkDGS""
SetTooltip sfcjenkinstalk2 ""Вы недавно использовали этот вариант. Подождите $sfcjenkinstalkDGS.""
SetTooltipHighlights sfcjenkinstalk2 $sfcjenkinstalkDGS
SetEnabled sfcjenkinstalk2 false",,sfcjenkinstalk2:Сказать что-нибудь Велмари.,
jenkinstalkto,DialogOptionSelected,$option == sfcjenkinstalk,FireAll PopulateSFCJenkinsTalkOptions,,,
jenkinstalkcompliment,PopulateSFCJenkinsTalkOptions,$id == sfcjenkins score:1000,,,sfcjenkinstalkcompliment:Сделать Велмари комплимент.,
jenkinstalkinsult,PopulateSFCJenkinsTalkOptions,$id == sfcjenkins score:1000,,,sfcjenkinsinsult:Оскорбить Велмари.,
jenkinstalkreturn,PopulateSFCJenkinsTalkOptions,$id == sfcjenkins score:1000,"SetShortcut sfcjenkinstalkreturn ""ESCAPE""",,sfcjenkinstalkreturn:Передумать.,
jenkinscomplimentres,DialogOptionSelected,$option == sfcjenkinstalkcompliment,"$sfcjenkinstalk= true 14
AdjustRepActivePerson WELCOMING 1
FireAll PopulateSFCJenkinsConverseOptions","""Подхалим.""
OR
""Пытаетесь меня подмаслить, да?""
OR
""Одними словами далеко не уедете, дружище.""",,
jenkinsinsultres,DialogOptionSelected,$option == sfcjenkinsinsult,"$sfcjenkinstalk = true 14
AdjustRepActivePerson NEUTRAL -1
FireAll PopulateSFCJenkinsConverseOptions","""Прекратите это.""
OR
""Тонко. Очень тонко.""
OR
""Замолчи.""",,
jenkinstalkreturnres,DialogOptionSelected,$option == sfcjenkinstalkreturn,FireAll PopulateSFCJenkinsConverseOptions,,,
#END jenkins populatetalk,,,,,,
,,,,,,
# jenkins convo chat escape,,,,,,
jenkins convo escape option,PopulateSFCJenkinsConverseOptions,$id == sfcjenkins score:100,"SetShortcut sfcJenkinsEscapeConverse ""ESCAPE""",,sfcJenkinsEscapeConverse:Вернуться,
jenkins convo escape picked,DialogOptionSelected,$option == sfcJenkinsEscapeConverse,FireAll PopulateOptions,,,
#END jenkins convo chat escape,,,,,,
,,,,,,
# jenkins shu tree,,,,,,
jenkins shu start,DialogOptionSelected,$option == sfcjenkinsshuoption,"SetTextHighlights ""250000""
FireAll JenkinsSHUOptions","Велмари смотрит на вас без всякого энтузиазма, когда вы показываете ей авторизацию от Грегори Маннфреда.

""... Серьезно?"" - говорит Велмари, тяжело вздыхая. ""Лаадно, раз он так хочет, чтобы я это отдала вам, выбора у меня нет. Будете брать? 250000 кредитов, либо берите, либо нет.""",,
jenkins shu option 1a,JenkinsSHUOptions,$player.credits >= 250000,,,10:sfcjenkinshupurchase:Купить Aquatic Stimulator. (250000 кредитов) -,
jenkins shu option 1b,JenkinsSHUOptions,$player.credits < 250000,"SetTooltip sfcjenkinshupurchase2 ""У вас недостаточно кредитов.""
SetEnabled sfcjenkinshupurchase2 false",,10:sfcjenkinshupurchase2:Купить Aquatic Stimulator. (250000 кредитов) -,
jenkins shu option 1aa,DialogOptionSelected,"$option == sfcjenkinshupurchase
$player.credits >= 250000","$sfcpurchasedshuaquatic = true
sfcaddspecial sfc_aquaticstimulator
AddRemoveCommodity sfcgift1 1 true
AddCredits -250000
AddTextSmall ""Вы приобрели колониальный предмет Aquatic Stimulator. И заодно очки."" highlight","""Наконец-то... ладно, сейчас отправлю предмет вашему флоту. И... не обращайте внимания на очки. Какой-то идиот решил, что если надеть на это солнцезащитные очки, оно будет казаться менее ценным. Этому идиоту, наверное, пора на 'неоплачиваемую стажировку' на Круоре... В общем, мне надо работать, так что, пожалуйста, исчезните.""

Канал связи обрывается, не дав вам продолжить.",cutCommLink:Вернуться к флоту -,
jenkins shu option 2a,JenkinsSHUOptions,"
","SetShortcut jenkinshucancel ""ESCAPE""",,20:jenkinshucancel:Не покупать Aquatic Stimulator.,
jenkins shu option 2b,DialogOptionSelected,"$option == jenkinshucancel
",FireAll PopulateOptions,"""Хм... ладно, предложение останется в силе, если передумаете, капитан. Итак, что-нибудь еще нужно?""",,
#END jenkins shu tree,,,,,,
#END jenkins options,,,,,,
#END jenkins,,,,,,
#END volturn npcs,,,,,,
,,,,,,
# fleet npcs,,,,,,
,,,,,,
# yennidirectory,,,,,,
,,,,,,
# yenni20000reaction,,,,,,
#yenni20000start,YenniISReaction,,,,"sfcyenni20000start:Спросить - что случилось.
sfcyenni20000start:Притворно кашлянуть - чтобы нарушить молчание.
sfcyenni20000start:Попытаться разорвать связь.",
#yenni200001a,DialogOptionSelected,$option == sfcyenni20000start,"sfcplaymusic ""music_unknown_encounter_hostile""","""Captain..."" Ruka Yenni says, her voice unsettlingly harsh. ""... What is that ship that you have?""

Admiral Yenni seems to be really fixated on the Iapetus IS-20000 in your fleet. You should probably be very careful.","sfcyenniis2a:Сказать - что не понимаете - о каком корабле речь.
sfcyenniis2b:Сказать - что вы его нашли.
sfcyenniis2c:Сказать - что это вам дала главный исследователь Юнрис Квин.",
#yenni200002a,DialogOptionSelected,$option == sfcyenniis2a,"AdjustRepActivePerson NEUTRAL -2
FireAll YenniISDestroyOptions","Admiral Yenni scoffs at your response, her gaze narrowing.

""You know very well which ship I'm talking about, Captain,"" Yenni says, leaning closer to her viewscreen. ""Such a ship shouldn't exist. Failures don't deserve second chances. You should destroy it.""",,
#yenni200002b,DialogOptionSelected,$option == sfcyenniis2b,"AdjustRepActivePerson NEUTRAL -4
FireAll YenniISDestroyOptions","Admiral Yenni shakes her head for a moment.

""Just found it?"" She repeats in disbelief.  ""Impossible. You just don't 'find' an experimental ship like that out in the wild. Such a ship doesn't deserve to exist anymore. It should be destroyed.""","
",
#yenni200002c,DialogOptionSelected,$option == sfcyenniis2c,,"Admiral Yenni seems to pale upon hearing Kween's name.

""I-impossible. T-the s-ship was supposed to be c-condemned,"" Yenni stutters, her former composure quickly evaporating. ""S-she... s-she... s-she...""",sfcyenniis3c:Подождать ответа.,
#yenni200003c,DialogOptionSelected,$option == sfcyenniis3c,ShowSecondPerson sfckween,"Admiral Yenni frantically looks away from you, her attention focused on something else. Before you know it, another person connects to the communication.

""Admiral Yenni, what is the meaning of this?"" Head Researcher Kween remarks the moment she appears on the feed. ""You know very well that I am a busy woman and don't like being disturbed, especially in the middle of research.""

""K-Kween,"" Admiral Yenni replies, her voice trembling. ""I-I-I... T-this Captain is s-saying... the I-Iapetus...""

",,
#END yenni20000reaction,,,,,,
#END yennidirectory,,,,,,
#END fleet npcs,,,,,,
,,,,,,
# nft npcs,,,,,,
,,,,,,
# nftpononzi,,,,,,
,,,,,,
# nftpononziGreeting,,,,,,
convDefaultGreetingponoziSindrian,PickGreeting,"sfcemployee sindrian_diktat
$id == nftpononzi score:2000
$faction.id == hegemony
!$entity.isHostile",BeginConversation nftpononzi,"После короткого ожидания под музыку удержания ваш запрос на связь принимается.

""Приветствую, это- Что за? Убирайтесь с линии, собака Андрады! У меня нет времени на таких, как вы.""

После этого канал связи обрывается.",cutCommLink:Разорвать связь,"# this will fire when talking to same person again without leaving the station, but that seems fine"
convDefaultGreetingponoziNonHeg,PickGreeting,$id == nftpononzi score:100,"ShowDefaultVisual
EndConversation","После короткого ожидания под музыку удержания воспроизводится автоматическое сообщение.

""Это офис директора Карлоса Пононзи. К сожалению, сейчас я занят. Оставьте сообщение, и мой секретарь свяжется с вами при первой возможности.""

После этого канал связи сразу обрывается.",,"# this will fire when talking to same person again without leaving the station, but that seems fine"
convDefaultGreetingponoziHostile,PickGreeting,"$id == nftpononzi score:1500
$faction.id == hegemony
$entity.isHostile",BeginConversation nftpononzi,"После короткого ожидания под музыку удержания ваш запрос на связь принимается.

""Приветствую, это- Что за? Как вы вообще получили этот канал?""

После этого канал связи обрывается.",cutCommLink:Разорвать связь,"# this will fire when talking to same person again without leaving the station, but that seems fine"
convDefaultGreetingponoziAngry,PickGreeting,"$angrynft
$id == nftpononzi score:2000","sfcwaittime ""$angrynft"" ""$angrynftDGS""
AddText ""После короткого ожидания под музыку удержания и логотипом корпорации Nachiketa Fuel Traders, Incorporated связь внезапно обрывается. Похоже, вы разозлили директора. Лучше подождать $angrynftDGS, пока он остынет.""
SetTextHighlights $angrynftDGS",,,"# this will fire when talking to same person again without leaving the station, but that seems fine"
convDefaultGreetingpononzifirst,PickGreeting,"!$player.metnftpononzi
$id == nftpononzi score:1000
$faction.id == hegemony
!$entity.isHostile","$player.metnftpononzi = true
ShowPersonVisual
FireAll PopulateOptions
AddText ""После короткого ожидания под музыку удержания и логотипом корпорации Nachiketa Fuel Traders, Incorporated ваш запрос на связь принимается.""
AddTextSmall ""Нынешний директор Nachiketa Fuel Traders, Incorporated, Карлос Пононзи, по слухам, один из богатейших людей Гегемонии; его состояние сопоставимо с капиталами многих знатных домов Эвентида. Будучи убежденным сторонником нынешнего Верховного Гегемона, директор Пононзи потратил неисчислимые суммы кредитов на общественные проекты. Единственное, что для него важнее поддержки Гегемонии, - покончить с топливными операциями Филиппа Андрады и вернуть NFT, Inc. статус главного продавца AM-топлива в Персеанском секторе."" highlight
AddText ""Приветствую, говорит директор Пононзи. Сейчас у меня окно между совещаниями, так что у вас есть деловой вопрос?""",,,
convDefaultGreetingpononzinormal,PickGreeting,"$player.metnftpononzi
$id == nftpononzi score:200
$faction.id == hegemony
!$entity.isHostile
sfcreltrack -100 10","ShowPersonVisual
FireAll PopulateOptions","""Я занятой человек, так что говорите кратко.""
OR
""Нужно что-то еще? У меня встреча на подходе.""
OR
""Пару минут выделить могу, но не больше.""",,"# this will fire when talking to same person again without leaving the station, but that seems fine"
convDefaultGreetingpononzihigh,PickGreeting,"$player.metnftpononzi
$id == nftpononzi score:300
$faction.id == hegemony
!$entity.isHostile
sfcreltrack 10 50","ShowPersonVisual
FireAll PopulateOptions","""Капитан, у вас деловой вопрос?""
OR
""Я могу выделить вам встречу, капитан.""
OR
""Я занят, но можете составить мне компанию, пока я работаю, капитан.""",,"# this will fire when talking to same person again without leaving the station, but that seems fine"
convDefaultGreetingpononziveryhigh,PickGreeting,"$player.metnftpononzi
$id == nftpononzi score:400
$faction.id == hegemony
!$entity.isHostile
sfcreltrack 50 100","ShowPersonVisual
FireAll PopulateOptions","$personLastName откладывает бумаги, когда вы подключаетесь к каналу связи.

""Капитан $PlanyerName, какими делами займемся сегодня?""
OR
На лице $personLastName появляется легкая улыбка, когда вы выходите на связь.

""Как вовремя, капитан $playerName. У меня есть дело, которое вас может заинтересовать.""
OR
$personLastName отвлекается на кого-то вне кадра, когда вы выходите на связь.

""Да, секретарь? Перенесите следующую встречу, у меня важные дела."" $Post поворачивается к вам. ""Итак, чем могу помочь, капитан $playerName?""",,"# this will fire when talking to same person again without leaving the station, but that seems fine"
,,,,,,
convProcureGreetingNotEnoughpononzi,PickGreeting,"$proCom_needsCommodity score:1000
Call $proCom_ref updateData
!$proCom_playerHasEnough
$player.metnftpononzi
$id == nftpononzi score:1000
$faction.id == hegemony
!$entity.isHostile","ShowPersonVisual
SetTextHighlights $proCom_quantity
FireAll PopulateOptions","""Да, здравствуйте."" $HeOrShe, похоже, занят просмотром грузовой ведомости на соседнем дисплее. ""Я ожидаю груз $proCom_quantity ед. товара $proCom_commodityName. Оплата,"" $hisOrHer взгляд переводится на вас. ""После доставки. В полном объеме.""
OR
""Я ожидаю поставку $proCom_commodityName в количестве $proCom_quantity единиц, строго по заявке."" $HeOrShe рассеянно читает с датапада. ""Таковы условия.""",,
convProcureGreetingpononzi,PickGreeting,"$proCom_needsCommodity score:1000
Call $proCom_ref updateData
$proCom_playerHasEnough
$player.metnftpononzi
$id == nftpononzi score:1000
$faction.id == hegemony
!$entity.isHostile","ShowPersonVisual
SetTextHighlights $proCom_quantity $proCom_pricePerUnit","""А, вы пришли, отлично."" $personName читает с датапада. ""И, если верить записи... да, здесь указано, что вы доставляете $proCom_quantity ед. товара $proCom_commodityName. Верно?""","proCom_deliver:Доставить $proCom_commodityName
cutCommLink:Разорвать связь",
,,,,,,
proComDeliverCompletedpononzi,ProComCompletedText,$id == nftpononzi score:1000,,"""Благодарю, этот груз $proCom_commodityName важнее, чем вы можете подумать.""
OR
""Спасибо за службу Nachiketa Fuel Traders, Incorporated, $playerName.""
OR
""Вы хорошо сработали. Вы действительно выполняете дела в срок, в отличие от большинства людей в моей корпорации.""
OR
""Превосходно, на одну проблему меньше."" $HeOrShe нажимает несколько кнопок на датападе. ""Мой секретарь уже переводит средства на ваш счет.""",,
#END nftpononziGreeting,,,,,,
,,,,,,
# nftdialoguetree,,,,,,
convopononziStart,PopulateOptions,$id == nftpononzi score:1000,,,conversepononzi:Поговорить -,
convopononziList,DialogOptionSelected,$option == conversepononzi,FireAll PopulatePononziOptions,,,
convopononzioption1,PopulatePononziOptions,"!$askedCommissionedPononzi1
$id == nftpononzi score:1000
$faction.rel == COOPERATIVE
$faction.id == hegemony",,,pononziOptionCommissioned:Я помог многим в Гегемонии. Чем могу быть полезен?,
convopononzioption1.1,PopulatePononziOptions,"!$askedCommissionedPononzi2
$id == nftpononzi score:1000
$faction.rel == FRIENDLY
$faction.id == hegemony",,,pononziOptionCommissioned:Я помог многим в Гегемонии. Чем могу быть полезен?,
convopononzioption1.2,PopulatePononziOptions,"!$receivedpononzigrant
$id == nftpononzi score:1000
sfcreltrack 75 100",,,pononziOptiongrant:Я слышал - вы часто выдаете гранты и пожертвования.,
convopononzioption2,PopulatePononziOptions,$id == nftpononzi score:1000,,,pononziOptionPeople:Что вы думаете о...,
convopononzioption2.1,PopulatePononziOptions,$id == nftpononzi score:1000,,,pononziOptionGift:Могу я предложить вам подарок?,
convopononzioption2.3,PopulatePononziOptions,"!$nftpononzitalk
$id == nftpononzi score:1000",,,pononziOptiontalk:Сказать что-нибудь еще...,
convopononzioption2.4,PopulatePononziOptions,"$nftpononzitalk
$id == nftpononzi score:1000","sfcwaittime ""$nftpononzitalk"" ""$nftpononzitalkDGS""
SetTooltip pononziOptiontalk2 ""Вы недавно использовали этот вариант. Подождите $nftpononzitalkDGS.""
SetTooltipHighlights pononziOptiontalk2 $nftpononzitalkDGS
SetEnabled pononziOptiontalk2 false",,pononziOptiontalk2:Сказать что-нибудь еще...,
convopononzioption3,PopulatePononziOptions,$id == nftpononzi score:1000,"SetShortcut pononziOptionMenu ""ESCAPE""",,pononziOptionMenu:Вернуться -,
pononzihighrelations,DialogOptionSelected,"$option == pononziOptionCommissioned
$id == nftpononzi score:1000","sfcaddcontact
AdjustRepActivePerson WELCOMING 5
$askedCommissionedPononzi1 = true
$askedCommissionedPononzi2 = true
FireAll PopulatePononziOptions","$Post $PersonName приподнимает бровь и слегка откидывается назад.

""Я внимательно за вами наблюдаю, капитан $playerName. Вы многое сделали для Гегемонии, и я считаю, что именно вы поможете продвинуть интересы Nachiketa Fuel Traders, Incorporated. Надеюсь, вы будете честны в делах, капитан, и мое доверие не окажется ошибкой. В любом случае с вашей помощью я смогу многое здесь сдвинуть с места.""

Правая рука $Post на мгновение уходит из кадра, и на ваш TriPad приходят контактные данные.

""Не заставляйте меня пожалеть об этом, $playerName.""",,
pononzigrant,DialogOptionSelected,$option == pononziOptiongrant,"$receivedpononzigrant = true
FireAll PopulateOptions
AddRemoveCommodity credits 1000000 true","$Post $PersonName приподнимает бровь и наклоняется ближе к экрану.

""Да... да, это так, капитан $playerName. Я действительно выдавал множество грантов и пожертвований на общественные проекты и другие инициативы. Я не раздаю такие средства легкомысленно: каждое вложение должно работать на благо Гегемонии в целом. Но раз вы спросили - вы оказали моей корпорации серьезную услугу. Да, думаю, это возможно.""

$personLastName тянется к чему-то вне кадра и нажимает кнопку. ""Секретарь, подготовьте, пожалуйста, грант для нашего капитана.""

Через несколько минут ваш TriPad подает сигнал: вы получаете уведомление от Nachiketa Fuel Traders, Incorporated.

""Этого должно хватить за вашу службу корпорации, $playerName. Проследите, чтобы эти средства пошли на дальнейшую помощь Гегемонии.""",,
pononzipeople,DialogOptionSelected,$option == pononziOptionPeople,FireAll PopulatePononziPeopleOptions,,,
pononzigift,DialogOptionSelected,$option == pononziOptionGift,,"$Post $personName качает головой.

""Прошу прощения, капитан $playerName, но я не принимаю подарки - только дарю их. Не хочу лишней бумажной волокиты в налоговый сезон, знаете ли.""",,
pononzitalk,DialogOptionSelected,$option == pononziOptiontalk,FireAll PopulatePononziTalkOptions,,,
pononzimenu,DialogOptionSelected,$option == pononziOptionMenu,FireAll PopulateOptions,,,
#END nftdialoguetree,,,,,,
,,,,,,
# nftpeopletree,,,,,,
pononzipeopleme,PopulatePononziPeopleOptions,$id == nftpononzi score:1000,,,pononzipeopleplayer:... Меня.,
pononzipeoplehegemon,PopulatePononziPeopleOptions,$id == nftpononzi score:1000,,,pononzipeoplehegemon:... Верховного Гегемона Дауда.,
pononzipeopleeisquy,PopulatePononziPeopleOptions,"$id == nftpononzi score:1000
$player.metEISQuy",,,pononzipeopleeisquy:... Советницу Куай.,
pononzipeopleeishartley,PopulatePononziPeopleOptions,"$id == nftpononzi score:1000
$player.metEISHartley",,,pononzipeopleeishartley:... Комиссара Хартли.,
#pononzipeopledawn,PopulatePononziPeopleOptions,$id == nftpononzi score:1000,,,pononzipeopledawn:... коммодор Стефанс.,
pononzipeopleandrada,PopulatePononziPeopleOptions,"!$pononziaskedandrada
$id == nftpononzi score:1000
$player.gotAndradaBook","sfcoptionconfirm pononzipeopleandrada ""Вы ТОЧНО хотите упомянуть заклятого соперника директора ему в лицо?"" ""Да, YOLO."" ""Нет, ОТБОЙ.""",,pononzipeopleandrada:... Филиппа Андраду.,
pononzipeoplereturn,PopulatePononziPeopleOptions,$id == nftpononzi score:1000,"SetShortcut pononzipeoplereturn ""ESCAPE""",,pononzipeoplereturn:... Неважно.,
,,,,,,
pononzipeopleresponsplayerlow,DialogOptionSelected,"$option == pononzipeopleplayer
sfcreltrack -100 0",,"""Это что, я чувствую запах синдрианского топлива от ваших кораблей? Лучше бы нет.""
OR
""Надо было поручить этот звонок секретарю...""
OR
""У вас что, нет работы?""",,
pononzipeopleresponsplayernormal,DialogOptionSelected,"$option == pononzipeopleplayer
sfcreltrack 0 25",,"""Зависит от того, будете ли вы и дальше работать в моих интересах.""
OR
""Пока вы не покупаете синдрианское топливо, у нас нет проблем.""
OR
""Только не делайте глупостей - и мы в порядке.""",,
pononzipeopleresponsplayerhigh,DialogOptionSelected,"$option == pononzipeopleplayer
sfcreltrack 25 100",,"""Вы надежны. Это больше, чем можно сказать о многих здесь.""
OR
""Продолжайте закрывать задачи, и у нас сохранится отличное рабочее сотрудничество.""
OR
""Из вас вышел бы отличный сотрудник корпорации. Не думали подать заявку?""",,
pononzipeopleresponsehegemon,DialogOptionSelected,$option == pononzipeoplehegemon,,"""Верховный Гегемон - хороший человек. Я встречался с ним лично несколько раз, и, пусть некоторые не согласны, это точно тот, кто нужен на этом посту. Да, он бывает жестким, но на то есть причины. И уж точно лучше всех этих надменных аристократов из Эвентида.""",,
pononzipeopleresponseeisquy,DialogOptionSelected,$option == pononzipeopleeisquy,,"""То, что людям не нравится платить налоги, никак не делает работу советницы Куай менее важной. Она помогает экономическому механизму Гегемонии работать без сбоев. И да, я плачу квартальные налоги вовремя, большое спасибо. Я вообще слежу, чтобы все отчеты были подготовлены в трех экземплярах и переданы лично.""",,
pononzipeopleresponseeishartley,DialogOptionSelected,$option == pononzipeopleeishartley,,"""Комиссар Хартли - человек действия. Если бы тогда он сумел разобраться с Андрадой, мне не пришлось бы так усердно удерживать корпорацию конкурентоспособной против этого проклятого выскочки. И все же его решимость заслуживает уважения, а вклад в постоянно развивающуюся промышленность сектора трудно переоценить.""",,
#pononzipeopleresponsedawn,DialogOptionSelected,$option == pononzipeopledawn,,"""A lot of people might consider Commodore Stephans a maverick. Even I do, but you can't deny she gets results. And besides, as long as she keeps my operations safe, I'll be happy to work with her. Just for the sake of your sanity though, don't mention anything Tri-Tachyon related to her.""",,
pononzipeopleresponsereturn,DialogOptionSelected,$option == pononzipeoplereturn,FireAll PopulatePononziOptions,,,
#END nftpeopletree,,,,,,
,,,,,,
# asked about andrada you fool,,,,,,
pononziaskedandradastart,DialogOptionSelected,$option == pononzipeopleandrada,"sfcplaymusic ""music_hegemony_encounter_neutral""
AdjustRepActivePerson INHOSPITABLE -1","Стоит вам произнести имя Андрады, как по спине пробегает холодок.

Вы смотрите, как Пононзи неподвижно сверлит вас взглядом. На секунду даже кажется, что связь зависла. А затем вы видите, как Пононзи медленно поднимается со своего места.

""Андрада?"" - произносит Пононзи.",pononziandrada1:Продолжить.,
pononziaskedandrada1,DialogOptionSelected,$option == pononziandrada1,AdjustRepActivePerson INHOSPITABLE -4,"""Андрада!?"" Пононзи с грохотом бьет кулаком по столу, и предметы на нем заметно подпрыгивают. ""Как вы смеете произносить это имя здесь! Этот проклятый человек принес мне и моей корпорации одни проблемы. Если бы не Андрада и его идиотские топливные операции, Nachiketa Fuel Traders, Incorporated была бы единственным местом, где можно купить нормальное антиматерийное топливо. Но нет, ему обязательно понадобилось влезть в рынок и решить, что он может его захватить. Отвратительный паразит!""",pononziandrada2:Продолжить.,
pononziaskedandrada2,DialogOptionSelected,$option == pononziandrada2,AdjustRepActivePerson INHOSPITABLE -10,"Пононзи на время исчезает из кадра; за экраном летят предметы, что-то с треском разбивается, и вы видите, как Пононзи обрушивает ножку стула на стол. ""Будь я тогда у власти, когда Андрада ушел в предатели, я бы потратил каждый последний кредит, чтобы похоронить его и его проклятые топливные операции! Я бы утопил этого выскочку в море антиматерии еще до того, как он встал бы на ноги! Проклятый Андрада, он все рушит!""",pononziandradaend:Продолжить.,
pononziaskedandradaend,DialogOptionSelected,$option == pononziandradaend,"ShowDefaultVisual
sfcplaymusic
AdjustRepActivePerson INHOSPITABLE -15
$pononziaskedandrada = true
$angrynft = true 7","Еще несколько минут вы слышите грохот и звон разбиваемых предметов, после чего $Post возвращается в кадр с подобием спокойствия на лице. $HeOrShe сужает глаза и смотрит на вас. ""Никогда больше не смейте упоминать этого человека.""

Прежде чем вы успеваете ответить, канал связи гаснет.",cutCommLink:Разорвать связь,
#END asked about andrada you fool,,,,,,
,,,,,,
# nftpononzitalktree,,,,,,
pononzitalkcompliment,PopulatePononziTalkOptions,$id == nftpononzi score:1000,,,pononzitalkcompliment:... комплимент.,
pononzitalkinsult,PopulatePononziTalkOptions,$id == nftpononzi score:1000,,,pononzitalkinsult:... оскорбление.,
pononzitalkreturn,PopulatePononziTalkOptions,$id == nftpononzi score:1000,"SetShortcut pononzitalkreturn ""ESCAPE""",,pononzitalkreturn:... неважно.,
,,,,,,
pononzitalkcomplimentreslow,DialogOptionSelected,"$option == pononzitalkcompliment
sfcreltrack -100 40","$nftpononzitalk = true 14
FireAll PopulatePononziOptions","""Извините, я занятой человек, у меня нет времени на комплименты.""
OR
""Вы пытаетесь мне льстить или у нас здесь есть реальные дела?""
OR
""Разговоры дешевы. Лучше сделайте что-нибудь полезное.""",,
pononzitalkcomplimentreshigh,DialogOptionSelected,"$option == pononzitalkcompliment
sfcreltrack 40 100","$nftpononzitalk = true 14
AdjustRepActivePerson FRIENDLY 1
FireAll PopulatePononziOptions","""Вы неплохо помогали в последнее время, так что спасибо за эти слова.""
OR
""Хм, вот каково это ощущается. Неплохо.""
OR
""От сердца сказано? Что ж, ваше сердце точно на правильном месте.""",,
pononzitalkinsultres,DialogOptionSelected,$option == pononzitalkinsult,"$nftpononzitalk = true 14
AdjustRepActivePerson NEUTRAL -1
FireAll PopulatePononziOptions","""У меня нет времени на людей, которые меня высмеивают.""
OR
""Время - деньги, а вы тратите и то, и другое.""
OR
""Синдрианцы вам заплатили за это?""
OR
""Очень смешно. Может, пойдете шутить в другом месте?""",,
pononzitalkreturnres,DialogOptionSelected,$option == pononzitalkreturn,FireAll PopulatePononziOptions,,,
#END nftpononzitalktree,,,,,,
#END nftpononzi,,,,,,
,,,,,,
# nftgimlet,,,,,,
,,,,,,
# gimlet greetings,,,,,,
gimletGreetingStart,PickGreeting,$id == nftgimlet score:10,"sfcplaymusic ""music_hegemony_market_neutral""
FireBest sfcGimletGreeting",Вы пытаетесь установить связь.,,
gimletGreetingFirst,sfcGimletGreeting,$player.sfcMetGimlet == false,"$player.sfcMetGimlet = true
ShowPersonVisual
FireAll GimletOptionsMain
AddText ""После короткого ожидания ваш запрос на связь принимается.""
AddTextSmall ""Украшенный наградами ветеран Второй войны ИИ, генерал Дарингтон Гимлет в настоящее время работает дипломатическим связным с чартистскими повстанцами в Асконии. Строгий и дисциплинированный, Дарингтон обеспечивает Гегемонии канал для продолжения контроля над системой."" highlight
AddText ""Говорит генерал Дарингтон Гимлет.""",,,
gimletGreetingMain,sfcGimletGreeting,$player.sfcMetGimlet == true,"ShowPersonVisual
AddText ""После короткого ожидания ваш запрос связи принимают.""
FireBest GimletGreetings
FireAll GimletOptionsMain",,,
gimletGreetingListNormal,GimletGreetings,,,"""Я сейчас немного занят, у вас есть что-то действительно важное для доклада?""
OR
""Вы здесь, чтобы передать мне отчет?""
OR
""Есть что-нибудь, о чем вы должны мне доложить?""",,
#END gimlet greetings,,,,,,
,,,,,,
# gimlet options,,,,,,
gimletCutComms,GimletOptionsMain,,,,cutCommLink:Разорвать связь,
#END gimlet options,,,,,,
#END nftgimlet,,,,,,
#END nft npcs,,,,,,
,,,,,,
# diktat enhancement character,,,,,,
,,,,,,
# dejalecto secretary,,,,,,
convoJalectosecretarystart,PickGreeting,"$id == dejalecto score:1000
!$player.lgattention","ShowDefaultVisual
EndConversation","После мучительно долгого ожидания под логотип Львиной Гвардии канал связи выводит вас на, по-видимому, младшего кадета. По вашему мнению, он еще даже не окончил военно-морскую академию.

""Здравствуйте, гражданин,"" - бодро щебечет кадет. ""Вы дозвонились в офис экзекьютора Жалекто. Экзекьютор в данный момент недоступен.""

Прежде чем вы успеваете ответить, канал связи гаснет.",,
#END dejalecto secretary,,,,,,
,,,,,,
# dejalecto,,,,,,
convDefaultGreetingjalectofirst,PickGreeting,"!$player.metdejalecto
$player.lgattention
$id == dejalecto score:1000
$faction.id == sindrian_diktat
!$entity.isHostile","$player.metdejalecto = true
ShowPersonVisual
FireAll PopulateOptions
AddText ""После короткого ожидания под довольно необычную трансляцию ваш запрос на связь принимается.""
AddTextSmall ""Один из основателей Львиной Гвардии, сформированной из офицерского корпуса Гегемонии, который последовал за Верховным Главным Повелителем Президентом-Экзекьютивом-Менеджером АЗС в отставку, исполнительный менеджер Рэндалл Жалекто входит во внутренний круг Андрады над Советом исполнительных менеджеров. На протяжении бесчисленных циклов он с почти религиозным рвением проводил волю своего Президента-Экзекьютива и теперь отвечает за поддержание операций по всей системе Андор. По его мандату Sindrian Fuel Company сохраняет площадку для продолжения деятельности на случай немыслимого."" highlight
AddText ""Перед вами один из служителей Льва. Помните о должном почтении к тем, кто обеспечивает безопасность Льва.""",,,
convDefaultGreetingjalectonormal,PickGreeting,"$player.metdejalecto
$id == dejalecto score:200
$faction.id == sindrian_diktat
!$entity.isHostile
sfcreltrack -100 10","ShowPersonVisual
FireAll PopulateOptions","""Воля Льва не терпит тех, кто тратит время впустую.""
OR
""Вы пришли просто глазеть? Или вам есть что сказать?""
OR
""У меня мало времени для тех, кто хочет лишь смотреть.""",,"# this will fire when talking to same person again without leaving the station, but that seems fine"
convDefaultGreetingjalectohigh,PickGreeting,"$player.metdejalecto
$id == dejalecto score:300
$faction.id == sindrian_diktat
!$entity.isHostile
sfcreltrack 10 50","ShowPersonVisual
FireAll PopulateOptions","""Воля Льва замечает тех, кто подает надежды, капитан.""
OR
""Хотя воля Льва не любит праздных разговоров, она не настолько черства, чтобы отмахнуться от вас.""
OR
""Есть ли нечто, о чем вы должны спросить у служителей Льва?""",,"# this will fire when talking to same person again without leaving the station, but that seems fine"
convDefaultGreetingjalectoveryhigh,PickGreeting,"$player.metdejalecto
$id == dejalecto score:400
$faction.id == sindrian_diktat
!$entity.isHostile
sfcreltrack 50 100","ShowPersonVisual
FireAll PopulateOptions","Жалекто кивает вам, появляясь на экране связи.

""С какой целью вы предстали перед волей Льва?""
OR
Появившись на экране, Жалекто будто немного расслабляет плечи.

""Как вы намерены служить Льву сегодня, капитан $PlayerName?""
OR
Появившись на экране, Жалекто одобрительно хмыкает.

""С какой целью вы ищете аудиенции у воли Льва, капитан $PlayerName?""",,"# this will fire when talking to same person again without leaving the station, but that seems fine"
convDefaultGreetingjalectoNonFuel,PickGreeting,$id == dejalecto score:100,,"После короткого ожидания воспроизводится автоматическое сообщение.

""Воля Льва велит мне не отвечать на этот вызов. Пусть в другой раз вам сопутствует большая удача.""

После этого канал связи отключается.",,"# this will fire when talking to same person again without leaving the station, but that seems fine"
convDefaultGreetingjalectoHostile,PickGreeting,"$id == dejalecto score:1000
$faction.id == sindrian_diktat
$entity.isHostile",BeginConversation dejalecto,После короткого ожидания ваш запрос на связь отклоняется.,cutCommLink:Разорвать связь,"# this will fire when talking to same person again without leaving the station, but that seems fine"
#END dejalecto,,,,,,
,,,,,,
# dejalecto start,,,,,,
convojalectoStart,PopulateOptions,$id == dejalecto score:1000,,,conversedejalecto:Поговорить -,
convojalectoList,DialogOptionSelected,$option == conversedejalecto,FireAll PopulateJalectoOptions,,,
convojalectoChat,PopulateJalectoOptions,$id == dejalecto score:1000,,,chatdejalecto:Поболтать -,
convojalectoChatResponses,DialogOptionSelected,$option == chatdejalecto,,"""Воля Льва абсолютна, и пусть тех, кто противится Льву, ждет лишь забвение.""
OR
""Видение Льва будущего неоспоримо. Лишь в его видении Персеанский сектор обретет спасение.""
OR
""Кто посмеет вновь встать против Льва? Его величие сияет ярче любой звезды.""
OR
""Пусть Лев даст мне силы продолжать мой дозор.""
OR
""Служить воле Льва - высшая из служб.""",,
,,,,,,
convojalectooption3,PopulateJalectoOptions,$id == dejalecto score:1000,"SetShortcut dejalectoOptionMenu ""ESCAPE""",,dejalectoOptionMenu:Вернуться -,
jalectomenu,DialogOptionSelected,$option == dejalectoOptionMenu,FireAll PopulateOptions,,,
#END dejalecto start,,,,,,
#END diktat enhancement character,,,,,,
,,,,,,
# umbra npcs,,,,,,
,,,,,,
# emiliana,,,,,,
,,,,,,
# emiliana greeting,,,,,,
emilianaGreetingStart,PickGreeting,$id == sfcarc score:10,FireBest sfcEmilianaGreeting,Вы пытаетесь установить связь.,,
emilianaGreetingFirstSindrian,sfcEmilianaGreeting,"$player.sfcMetEmilianaDiktat == false score:10
$player.sfcMetEmiliana == false score:10
$player.commissionFactionId == sindrian_diktat score:10","$player.sfcMetEmiliana = true
$player.sfcMetEmilianaDiktat = true
ShowPersonVisual
FireAll EmilianaOptionsDiktat","После короткого ожидания ваш запрос на связь принимается. На экране женщина сверлит вас ледяным взглядом.

""Ты, громила! Что привело сюда одну из шавок Андрады?""",,
emilianaGreetingFirst,sfcEmilianaGreeting,$player.sfcMetEmiliana == false score:10,"$player.sfcMetEmiliana = true
ShowPersonVisual
FireAll EmilianaOptionsMain
AddText ""После короткого ожидания ваш запрос на связь принимается.""
AddTextSmall ""Основательница Askonia Revolutionary Council, Эмилиана Франсиса с еще до уничтожения Описа жестко выступала против статус-кво в Асконии. Яростно выступая против 'диктатуры Андрады', Эмилиана не прекращала борьбу за освобождение системы от угнетения."" highlight
AddText ""Говорит Эмилиана Франсиса. Вы пришли помочь Революции?""",,,
emilianaGreetingMain,sfcEmilianaGreeting,,"ShowPersonVisual
FireAll EmilianaOptionsMain","""Капитан $playerName, вы пришли помочь ARC?""
OR
""Капитан, есть причина для этого прерывания?""
OR
""Капитан $playerName, вам есть что мне сообщить?""",,
emilianaGreetingSindrian,sfcEmilianaGreeting,$player.commissionFactionId == sindrian_diktat score:10,,После короткого ожидания ваш запрос на связь отклоняется.,,
#END emiliana greeting,,,,,,
,,,,,,
# emiliana options diktat,,,,,,
sdtuUmbraEmilianaDiktat,EmilianaOptionsDiktat,"$id == sfcarc score:10
$market.sdtu_extractAgent",,,sfcEmilianaAskAgentDiktat:Мне нужно найти агента - работающего на Топливная компания Синдрии.,
emilianaOptionsDiktat,EmilianaOptionsDiktat,,,,"sfcEmilianaDiktatOption1:Асконский Заправочный Консорциум падет!
sfcEmilianaDiktatOption2:Ваша маленькая революция никогда не победит Топливная компания Синдрии!
sfcEmilianaDiktatOption3:Я просто хотел сообщить - что вам положена пожизненная поставка антиматерийного топлива бренда Sindrian.
sfcEmilianaDiktatOption4:Разорвать связь",
emilianaOptionsDiktat1,DialogOptionSelected,$option == sfcEmilianaDiktatOption1,"AdjustRepActivePerson VENGEFUL -10
FireAll SDTUUmbraMakeFleetsHostile","$PersonName качает головой. ""Мы никогда не позволим тиранам диктовать нашу борьбу!""

После этого канал связи гаснет. Затем ваш офицер связи сообщает о переговорах в близлежащих флотах. Похоже, они могут попытаться вас перехватить.",cutCommLink:Продолжить,
emilianaOptionsDiktat2,DialogOptionSelected,$option == sfcEmilianaDiktatOption2,"AdjustRepActivePerson VENGEFUL -10
FireAll SDTUUmbraMakeFleetsHostile","$PersonName качает головой. ""Пока народ един, нас не победить!""

После этого канал связи гаснет. Затем ваш офицер связи сообщает о переговорах в близлежащих флотах. Похоже, они могут попытаться вас перехватить.",cutCommLink:Продолжить,
emilianaOptionsDiktat3,DialogOptionSelected,$option == sfcEmilianaDiktatOption3,"AdjustRepActivePerson VENGEFUL -10
FireAll SDTUUmbraMakeFleetsHostile","$PersonName качает головой. ""Мы никогда не позволим вам устроить повторение Описа!""

После этого канал связи гаснет. Затем ваш офицер связи сообщает о переговорах в близлежащих флотах. Похоже, они могут попытаться вас перехватить.",cutCommLink:Продолжить,
emilianaOptionsDiktat4,DialogOptionSelected,$option == sfcEmilianaDiktatOption4,"AdjustRepActivePerson VENGEFUL -10
FireAll SDTUUmbraMakeFleetsHostile","Вы обрываете связь со своей стороны. Затем ваш офицер связи сообщает о переговорах в близлежащих флотах. Похоже, они могут попытаться вас перехватить.",cutCommLink:Продолжить,
sdtuUmbraEmilianaAskAgentSD,DialogOptionSelected,$option == sfcEmilianaAskAgentDiktat,"AdjustRepActivePerson VENGEFUL -10
FireAll SDTUUmbraMakeFleetsHostile","$HeOrShe продолжает сверлить вас взглядом, пока вы озвучиваете просьбу.

""С чего бы мне вообще слушать требования синдрианской псины!?"" - рычит $PersonName; по каналу слышно, как где-то с грохотом ударяют по столу. ""Единственное, что ты здесь найдешь, - свою смерть!""

Офицер связи сообщает вам о переговорах в сети. Похоже, ближайшим флотам отдали приказ атаковать вас.

""Угнетателям не будет пощады!""

После этого канал связи гаснет.",cutCommLink:Продолжить,
#END emiliana options diktat,,,,,,
,,,,,,
# emiliana options main,,,,,,
#sdtuUmbraEmiliana,EmilianaOptionsMain,"$id == sfcarc score:10
$market.sdtu_extractAgent",,,sfcEmilianaAskAgent:Попросить Эмилиану помочь найти агента - работающего на Топливную компанию Синдрии,
emilianaChat,EmilianaOptionsMain,,,,sfcEmilianaChat:Поболтать,
emilianaCutComms,EmilianaOptionsMain,,,,cutCommLink:Разорвать связь,
#END emiliana options main,,,,,,
,,,,,,
# emiliana chat directory,,,,,,
emilianaChatResponses,DialogOptionSelected,$option == sfcEmilianaChat,,"""Конец правления Андрады в Асконии уже близок! Скоро народ снова станет свободным!""
OR
""Падение диктатуры Андрады приближается, и скоро люди наконец смогут сами выбирать свою судьбу.""
OR
""Власть, не желающая дать народу мир, сама не получит мира от народа.""
OR
""Лучше умереть свободными, чем преклонить колено перед тиранами.""
OR
""Единый народ непобедим!""
OR
""Нас не будут угнетать тираны и их головорезы.""",,
#END emiliana chat directory,,,,,,
#END emiliana,,,,,,
#END umbra npcs,,,,,,
,,,,,,
# npc vn template,,,,,,
,,,,,,
# npc greeting template,,,,,,
npc firstgreet template,PickGreeting,"!$player.metvntemplate
!$entity.isHostile
$id == npctemplate","$player.metvntemplate = true
ShowPersonVisual
FireAll PopulateOptions
AddText ""ШАБЛОН ПЕРВОЙ СТРОКИ.""
AddTextSmall ""КОРОТКОЕ ОПИСАНИЕ NPC."" highlight
AddText ""\""КОРОТКАЯ РЕПЛИКА NPC.\""""",,,
npc greeting template,PickGreeting,"$player.metvntemplate
!$entity.isHostile
$id == npctemplate","ShowPersonVisual
FireAll PopulateOptions
AddText ""\""КОРОТКАЯ РЕПЛИКА NPC.\""""",,,
#END npc greeting template,,,,,,
,,,,,,
# npc populateoptions template,,,,,,
,,,,,,
# npc converse main directory,,,,,,
npc convo option,PopulateOptions,$id == npctemplate score:1000,,,npctemplateconverse:Побеседовать,
npc convo start,DialogOptionSelected,$option == npctemplateconverse,FireAll PopulateNPCTemplateConverseOptions,,,
npc chat option,PopulateNPCTemplateConverseOptions,$id == npctemplate score:100,,,npcTemplateChatOption:Поболтать,
npc chat response,DialogOptionSelected,$option == npcTemplateChatOption,,"[INSERT CHAT RESPONSE #1]
OR
[INSERT CHAT RESPONSE #2]
OR
[INSERT CHAT RESPONSE #3]
OR
[INSERT CHAT RESPONSE #4]
OR
[INSERT CHAT RESPONSE #5]",,
#END npc converse main directory,,,,,,
,,,,,,
# npc populateaskoptions template,,,,,,
npc ask escape,PopulateNPCTemplateConverseOptions,$id == npctemplate score:1000,"SetShortcut npcTemplateEscape ""ESCAPE""",,npcTemplateEscape:Назад,
npc ask escape picked,DialogOptionSelected,$option == npcTemplateEscape,FireAll PopulateOptions,,,
,,,,,,
# npc ask tree,,,,,,
npc ask option,PopulateNPCTemplateConverseOptions,$id == npctemplate score:1000,,,npctemplateasktemplate:СПИСОК ВОПРОСОВ,
npc ask start tree,DialogOptionSelected,$option == npctemplateasktemplate,FireAll PopulateNPCTemplateAskOptions,,,
#END npc ask tree,,,,,,
,,,,,,
# npc template faction npc tree,,,,,,
npc ask start faction npcs,PopulateNPCTemplateAskOptions,,,,npcTemplateFactionNPCs:Спросить о персонажах [НАЗВАНИЕ ФРАКЦИИ].,
npc ask start faction npcs selected,DialogOptionSelected,$option == npcTemplateFactionNPCs,FireAll PopulateNPCTemplateFactionNPCsOptions,,,
npc ask faction leader option,PopulateNPCTemplateFactionNPCsOptions,,,,npcTemplateFactionLeaderAsk:Спросить о [ИМЯ ЛИДЕРА ФРАКЦИИ],
npc ask faction leader reaction,DialogOptionSelected,$option == npcTemplateFactionLeaderAsk,,[INSERT NPC DIALOGUE ABOUT FACTION LEADER.],,
npc ask escape faction npc option,PopulateNPCTemplateFactionNPCsOptions,$id == npctemplate score:1000,"SetShortcut npcTemplateNPCAskEscape ""ESCAPE""",,npcTemplateNPCAskEscape:Назад,
npc ask escape faction npc picked,DialogOptionSelected,$option == npcTemplateNPCAskEscape,FireAll PopulateNPCTemplateConverseOptions,,,
#END npc template faction npc tree,,,,,,
,,,,,,
# npc template non faction npc tree,,,,,,
npc ask start non faction npcs,PopulateNPCTemplateAskOptions,,,,npcTemplateNonFactionNPCs:Спросить о [НЕФРАКЦИОННЫХ] персонажах.,
npc ask start non faction npcs selected,DialogOptionSelected,$option == npcTemplateNonFactionNPCs,FireAll PopulateNPCTemplateAskOtherNPCsOptions,,,
npc ask escape non faction npc option,PopulateNPCTemplateNonFactionNPCsOptions,$id == npctemplate score:1000,"SetShortcut npcTemplateNonFactionNPCAskEscape ""ESCAPE""",,npcTemplateNonFactionNPCAskEscape:Назад,
npc ask escape non faction npc picked,DialogOptionSelected,$option == npcTemplateNonFactionNPCAskEscape,FireAll PopulateNPCTemplateConverseOptions,,,
#END npc template non faction npc tree,,,,,,
,,,,,,
# npc template other ask tree,,,,,,
npc ask start sector events,PopulateNPCTemplateAskOptions,,,,npcTemplateSectorEvents:Спросить о другом.,
npc ask start sector events selected,DialogOptionSelected,$option == npcTemplateSectorEvents,FireAll PopulateNPCTemplateAskOtherOptions,,,
npc ask escape event option,PopulateNPCTemplateFactionNPCsOptions,$id == npctemplate score:1000,"SetShortcut npcTemplateOtherAskEscape ""ESCAPE""",,npcTemplateOtherAskEscape:Назад,
npc ask escape event option picked,DialogOptionSelected,$option == npcTemplateOtherAskEscape,FireAll PopulateNPCTemplateConverseOptions,,,
#END npc template other ask tree,,,,,,
#END npc populateaskoptions template,,,,,,
,,,,,,
# npc populategift template,,,,,,
npctemplategiftoption,PopulateNPCTemplateConverseOptions,"!$npctemplategifted
$id == npctemplate score:100",,,npctemplategift:Предложить подарок персонажу,
npctemplategiftoptionwait,PopulateNPCTemplateConverseOptions,"$npctemplategifted
$id == npctemplate score:100","sfcwaittime ""$npctemplategifted"" ""$npctemplategiftedDGS""
SetTooltip npctemplategift2 ""Вы недавно уже дарили подарок. Подождите $npctemplategiftedDGS.""
SetTooltipHighlights runiGiftoption2 $npctemplategiftedDGS
SetEnabled npctemplategift2 false",,npctemplategift2:Предложить подарок персонажу,
npctemplategiftlobsteroffer,PopulateNPCTemplateGiftOptions,"PlayerHasCargo lobster
!$player.offerednpctemplatelobster",,,npctemplatelobsteroffer:Предложить персонажу вольтурнийского лобстера,
npctemplategiftreturn,PopulateNPCTemplateGiftOptions,,,,npctemplateGiftOptionMenu:Пересмотреть выбор подарка персонажу.,
npctemplategiftdirectory,DialogOptionSelected,$option == npctemplategift,"FireAll PopulateNPCTemplateGiftOptions
SetShortcut npctemplateGiftOptionMenu ""ESCAPE""","[INSERT DIALOG HERE]
OR
[INSERT OTHER DIALOG HERE IF YOU WANT]",,
npctemplategiftescape,DialogOptionSelected,$option == npctemplateGiftOptionMenu,FireAll PopulateNPCTemplateConverseOptions,"[INSERT DIALOG HERE IF YOU WANT]
OR
[INSERT MORE DIALOG HERE IF YOU WANT]",,
npctemplatelobsterresponse,DialogOptionSelected,$option == npctemplatelobsteroffer,"$npctemplategifted = true 7
$player.offerednpctemplatelobster = true
FireAll PopulateNPCTemplateConverseOptions","[ВСТАВИТЬ ДИАЛОГ ЗДЕСЬ, НАПРИМЕР: ""ХА-ХА, ЛОБСТЕРЫ ОТСТОЙ, ХА-ХА.""]",,
#END npc populategift template,,,,,,
,,,,,,
# npc populatetalk template,,,,,,
npctemplateTalk,PopulateNPCTemplateConverseOptions,"!$npctemplatetalk
$id == npctemplate score:1000",,,npctemplatetalk:Что-то сказать персонажу.,
npctemplateTalkwait,PopulateNPCTemplateConverseOptions,"$npctemplatetalk
$id == npctemplate score:1000","sfcwaittime ""$npctemplatetalk"" ""$npctemplatetalkDGS""
SetTooltip npctemplatetalk2 ""Вы недавно уже выбирали этот вариант. Подождите $npctemplatetalkDGS.""
SetTooltipHighlights npctemplatetalk2 $npctemplatetalkDGS
SetEnabled npctemplatetalk2 false",,npctemplatetalk2:Что-то сказать персонажу.,
npctemplatetalk,DialogOptionSelected,$option == talksfcruni,FireAll PopulateNPCTemplateTalkOptions,,,
npctemplatetalkcompliment,PopulateNPCTemplateTalkOptions,$id == npctemplate score:1000,,,npctemplatetalkcompliment:Сделать комплимент персонажу.,
npctemplateitalkinsult,PopulateNPCTemplateTalkOptions,$id == npctemplate score:1000,,,npctemplatetalkinsult:Оскорбить персонажа.,
npctemplatetalkreturn,PopulateNPCTemplateTalkOptions,$id == npctemplate score:1000,"SetShortcut npctemplatetalkreturn ""ESCAPE""",,npctemplatetalkreturn:Пересмотреть варианты.,
npctemplatecomplimentres,DialogOptionSelected,$option == npctemplatetalkcompliment,"$npctemplatetalk = true 14
AdjustRepActivePerson WELCOMING 1
FireAll PopulateNPCTemplateConverseOptions",,,
npctemplateinsultres,DialogOptionSelected,$option == npctemplatetalkinsult,"$npctemplatetalk = true 14
AdjustRepActivePerson NEUTRAL -1
FireAll PopulateNPCTemplateConverseOptions",,,
npctemplatetalkreturnres,DialogOptionSelected,$option == npctemplatetalkreturn,FireAll PopulateNPCTemplateConverseOptions,,,
#END npc populatetalk template,,,,,,
,,,,,,
# npc convo chat escape,,,,,,
npc convo escape option,PopulateNPCTemplateConverseOptions,$id == npctemplate score:100,"SetShortcut npcTemplateEscapeConverse ""ESCAPE""",,npcTemplateEscapeConverse:Назад,
npc convo escape picked,DialogOptionSelected,$option == npcTemplateEscapeConverse,FireAll PopulateOptions,,,
#END npc convo chat escape,,,,,,
#END npc populateoptions template,,,,,,
#END npc vn template,,,,,,
,,,,,,
# special fleets,,,,,,
,,,,,,
# yenni fleet greeting,,,,,,
#greetingYenniIS20000,OpenCommLink,"$id == sfcyenni score:2000
$faction.id == sindrian_diktat
!$PlayerFleetHasShipWithBaseHull sfcsuperiapetus",FireAll YenniISReaction,"As soon as you open the comm link, you see Admiral Ruka Yenni glaring at you with an unnerving gaze, the unusual smile of hers twisted into a disappointed frown.

She glares at you for an uncomfortable amount of time, unblinking and unmoving, as if her video feed is frozen.",,
greetingYenniFirstGreetingFriendly,OpenCommLink,"!$player.metsfcyenni
$id == sfcyenni score:1200
$faction.id == sindrian_diktat
$faction.friendlyToPlayer score:1200","$player.metsfcyenni = true
$entity.musicSetId = ""ruka_encounter_friendly"" 0
$encounter.musicSetId = ""ruka_encounter_friendly"" 0
$menuState = fleetConvMain 0
FireAll PopulateOptions
AddText ""Вас встречает жутковатая улыбка синеволосой молодой женщины.""
AddTextSmall ""Адмирал Гранд-Топливного флота Sindrian Fuel Company, Рука Йенни, одновременно уважаема и внушает страх по всей Компании. Обладая почти неестественным уровнем мастерства и способностей, адмирал Йенни неусыпно защищает Асконию, опираясь на всю мощь Компании."" highlight
AddText ""Ох, неужели маленький мотылек решил приблизиться к моему флоту? Тогда почему бы не подлететь еще ближе? К огню ведь всегда тянет.""",,cutCommLink:Разорвать связь,
greetingYenniFriendlyComm,OpenCommLink,"$player.metsfcyenni
$id == sfcyenni score:1000
$faction.id == sindrian_diktat
$faction.friendlyToPlayer score:1200
sfcemployee sindrian_diktat
","$entity.musicSetId = ""ruka_encounter_friendly"" 0
$encounter.musicSetId = ""ruka_encounter_friendly"" 0
$menuState = fleetConvMain 0
FireAll PopulateOptions","""Какой же ты трудолюбивый маленький мотылек.""
OR
""Какой же ты прилежный маленький мотылек.""
OR
""Возможно, даже такой маленький мотылек, как ты, может сиять ярко.""",cutCommLink:Разорвать связь,
greetingYenniFriendly,OpenCommLink,"$player.metsfcyenni 
$id == sfcyenni score:1000
$faction.id == sindrian_diktat
$faction.friendlyToPlayer score:1200","$entity.musicSetId = ""ruka_encounter_friendly"" 0
$encounter.musicSetId = ""ruka_encounter_friendly"" 0
$menuState = fleetConvMain 0
FireAll PopulateOptions","""Ах, маленький мотылек, подойди, погрейся в моем сиянии.""
OR
""Маленький мотылек, маленький мотылек, как же беспечно и свободно ты порхаешь.""
OR
""О, маленький мотылек, ты пришел полюбоваться теми, кто выше тебя?""",cutCommLink:Разорвать связь,
greetingYenniHostileWeaker,OpenCommLink,"$player.metsfcyenni 
$id == sfcyenni score:1000
$faction.id == sindrian_diktat
$entity.isHostile score:1200
$entity.relativeStrength < 0","$entity.ignorePlayerCommRequests = true 1
$entity.musicSetId = ""ruka_encounter_hostile"" 0
$encounter.musicSetId = ""ruka_encounter_hostile"" 0","""Какой грубый маленький мотылек, совсем не боишься обжечься.""
OR
""Держись подальше, маленький мотылек. Ты действительно невыносим.""
OR
""Прочь, маленький мотылек, иначе испытаешь пламя моего гнева.""",cutCommLink:Разорвать связь,
greetingYenniHostileWeakerDefiant,OpenCommLink,"$id == sfcyenni score:1000
$faction.id == sindrian_diktat
$entity.isHostile score:1200
$entity.relativeStrength < 0
$entity.weakerThanPlayerButHolding","$entity.ignorePlayerCommRequests = true 1
$entity.musicSetId = ""ruka_encounter_hostile"" 0
$encounter.musicSetId = ""ruka_encounter_hostile"" 0","""Подлетай ближе, маленький мотылек, я сожгу тебя даже последним вздохом.""
OR
""Можешь считать себя сильным, но ты все тот же маленький мотылек, которому суждено сгореть.""
OR
""Можешь думать, что загнал меня в угол, но сегодня сгоришь именно ты, маленький мотылек.""",cutCommLink:Разорвать связь,
greetingYenniHostileStronger,OpenCommLink,"$id == sfcyenni score:1000
$faction.id == sindrian_diktat
$entity.isHostile score:1200
$entity.relativeStrength >= 0","$entity.ignorePlayerCommRequests = true 1
$entity.musicSetId = ""ruka_encounter_hostile"" 0
$encounter.musicSetId = ""ruka_encounter_hostile"" 0","""О маленький мотылек, маленький мотылек, подлетай ближе. Пора тебе сгореть.""
OR
""Пламя все ближе, маленький мотылек. Теперь тебе не уйти.""
OR
""Прощай, маленький мотылек, пламя пришло поглотить тебя.""",cutCommLink:Разорвать связь,
greetingYenniFirstGreetingNeutral,OpenCommLink,"!$player.metsfcyenni
$id == sfcyenni score:1200
$faction.id == sindrian_diktat
$faction.neutralToPlayer score:1200","$player.metsfcyenni = true
$entity.musicSetId = ""ruka_encounter_neutral"" 0
$encounter.musicSetId = ""ruka_encounter_neutral"" 0
$menuState = fleetConvMain 0
FireAll PopulateOptions
AddText ""Вас встречает жутковатая улыбка синеволосой молодой женщины.""
AddTextSmall ""Адмирал Гранд-Топливного флота Sindrian Fuel Company, Рука Йенни, одновременно уважаема и внушает страх по всей Компании. Обладая почти неестественным уровнем мастерства и способностей, адмирал Йенни неусыпно защищает Асконию, опираясь на всю мощь Компании."" highlight
AddText ""Ох, неужели маленький мотылек решил приблизиться к моему флоту? Тогда почему бы не подлететь ближе? Ты похож на того, кто хочет сгореть в моем совершенстве.""",,cutCommLink:Разорвать связь,
greetingYennitNeutralComm,OpenCommLink,"$player.metsfcyenni
$id == sfcyenni score:1000
$faction.id == sindrian_diktat
$faction.neutralToPlayer score:1200
sfcemployee sindrian_diktat","$entity.musicSetId = ""ruka_encounter_neutral"" 0
$encounter.musicSetId = ""ruka_encounter_neutral"" 0
$menuState = fleetConvMain 0
FireAll PopulateOptions
","""Какой же ты непослушный маленький мотылек.""
OR
""Маленькому мотыльку вроде тебя стоит помнить свое место.""
OR
""Маленький мотылек, надеюсь, ты не начнешь тлеть от всех мостов, которые уже сжег.""",cutCommLink:Разорвать связь,
greetingYennitNeutral,OpenCommLink,"$player.metsfcyenni
$id == sfcyenni score:1000
$faction.id == sindrian_diktat
$faction.neutralToPlayer score:1200","$entity.musicSetId = ""ruka_encounter_neutral"" 0
$encounter.musicSetId = ""ruka_encounter_neutral"" 0
$menuState = fleetConvMain 0
FireAll PopulateOptions
","""О маленький мотылек, снова заблудился?""
OR
""Маленький мотылек, маленький мотылек, неужели ты опять заворожен моим сиянием?""
OR
""Какой же ты глупенький, маленький мотылек. Смотри, не обожгись.""",cutCommLink:Разорвать связь,
,,,,,,
# yenni chatting,,,,,,
#convoYenniConverseTree,DialogOptionSelected,$option == sfcconverseRuka,FireAll PopulateRukaConverseOptions,,,
#convoYenniPopulateOptionsConverse,PopulateOptions,$id == sfcyenni score:100,,,sfcconverseRuka:Побеседовать with Ruka.,
#convoYenniConverseExit,PopulateRukaConverseOptions,,"SetShortcut sfcconverseRukaExit ""ESCAPE""",,sfcconverseRukaExit:Назад,
#convoYenniConverseExitOption,DialogOptionSelected,$option == sfcconverseRukaExit,FireAll PopulateOptions,,,
#END yenni chatting,,,,,,
,,,,,,
# yenni responses,,,,,,
,,,,,,
# yenni usurpers,,,,,,
,,,,,,
# Usurpers Step 3: Yenni,,,,,,
optionYenniSmugglerStart,PopulateOptions,"$id == sfcyenni score:1000
Call $global.sdtu_ref updateData
$sdtu_stage == INTERCEPT_FLEET
$sfc_sdtu_yennismugglingresponded == false",,,sfc_sdtustep3response:Спросить адмирала Йенни - не попадались ли ей в последнее время контрабандисты -,
responseYenniSmugglerStart,DialogOptionSelected,$option == sfc_sdtustep3response,"$sfc_sdtu_yennismugglingresponded = true
$sfc_sdtu_yenniInvolvment++
FireAll PopulateOptions","Адмирал Рука тихо стонет, когда вы спрашиваете ее о возможных контрабандистах.

""Прошу, капитан, вы что, принимаете меня за какой-то патруль?"" - замечает она, на мгновение широко разводя руки. ""Я командую величайшим флотом во всей Асконии! Вы правда думаете, что я трачу время, гоняясь за ничтожными насекомыми?""",,
#END Usurpers Step 3: Yenni,,,,,,
,,,,,,
# Usurpers Step 4: Yenni,,,,,,
optionYenniHyderStart,PopulateOptions,"$id == sfcyenni score:1000
Call $global.sdtu_ref updateData
$sdtu_stage == MEET_HYDER
$player.sfc_sdtu_yenniHyderResponded == false",,,sfc_sdtustep4response:Спросить адмирала Йенни - где находится флот вице-исполнительного менеджера Хайдер -,
responseYenniHyderStart,DialogOptionSelected,$option == sfc_sdtustep4response,"$player.sfc_sdtu_yenniHyderResponded = true
$sfc_sdtu_yenniInvolvment++
FireAll PopulateOptions","Адмирал Йенни надменно смеется, когда вы заканчиваете вопрос.

""Эта старая развалина? Прошу, нет никакого смысла тратить на нее время, $playerName. Оксана Хайдер - не более чем реликт ушедшей эпохи. Ей место скорее в музее, чем в командовании! Sindrian Fuel Company давно пора передать управление следующему поколению.""",,
#END Usurpers Step 4: Yenni,,,,,,
,,,,,,
# Usurpers Step 7: Yenni,,,,,,
optionYenniCadenStart,PopulateOptions,"$id == sfcyenni score:1000
Call $global.sdtu_ref updateData
$sdtu_stage == MEET_CADEN
$player.sfc_sdtu_yenniCadenResponded == false",,,sfc_sdtustep7response:Спросить адмирала Йенни - где находится флот экзекьютора Орасио Кадена -,
responseYenniCadenStart,DialogOptionSelected,$option == sfc_sdtustep7response,"$player.sfc_sdtu_yenniCadenResponded = true
$sfc_sdtu_yenniInvolvment++
FireAll PopulateOptions","Адмирал Йенни ухмыляется, пока вы задаете вопрос, явно сдерживая смех.

""Орасио Каден? Из всех людей вы спрашиваете, где ОН?"" Смех срывается с ее губ. ""Этот законченный простофиля едва ли стоит вашего времени, $playerName. Он всего лишь сварливый старик, который носится со своим 'обожаемым' идолом Андрадой. Неужели вам правда нечем заняться, кроме как слушать его бесконечное бормотание?""

Она вздыхает. ""Но если вам так нужно найти этого зануду, наверняка увидите его и его 'флот' где-нибудь у Синдрии. А если нет - что ж, может, он наконец сделал хоть что-то полезное за всю свою жалкую жизнь.""",,
#END Usurpers Step 7: Yenni,,,,,,
#END yenni usurpers,,,,,,
,,,,,,
# yenni recruitment,,,,,,
sfcRukaRecruitment,DialogOptionSelected,$option == sfcrukahirestart1,BeginConversation sfcyenni true true,"Вы прибываете в ангарный отсек после стыковки шаттла с вашим кораблем. Через несколько напряженных минут двери открываются, и в сопровождении двух охранников Компании в шлемах появляется Рука Йенни. Как только ваши взгляды встречаются, она усмехается.

""Ах, маленький мотылек, какой ты смелый,"" - замечает Рука. ""Похоже, мисс Квин решила, что теперь я буду под твоим командованием. Должна сказать, у тебя явно талант к убеждению, раз ты заставил ее это произнести.""

Когда шаттл отходит, ухмылка Руки медленно исчезает.

""Но почему? Почему ты решил взять меня к себе, капитан? Неужели только из-за того, что сказал Квин?""","sfcrukahirereason1:Сказать - что это из-за ваших слов Квин
sfcrukahirereason2:Сказать - что здесь ей будет лучше - чем рядом с Квин
sfcrukahirereason3:Сказать - что она заслуживает второго шанса",
sfcRukaRecruitment1,DialogOptionSelected,$option == sfcrukahirereason1,"$global.sfc_rukafate = hired
sfcofficeradder sfcyenni
AddTextSmall ""Вы наняли $personName."" highlight","""Хм, хорошо,"" - замечает Рука и отдает вам честь. ""Тогда я буду под вашим командованием, капитан $playerName. Надеюсь, вы меня не разочаруете.""",cutCommLink:Продолжить,
sfcRukaRecruitment2,DialogOptionSelected,$option == sfcrukahirereason2,"$global.sfc_rukafate = hired
sfcofficeradder sfcyenni
AddTextSmall ""Вы наняли $personName."" highlight","""О, какие клеветнические слова, капитан,"" - замечает Рука, снова расплываясь в улыбке. ""Если бы Квин это услышала, думаю, она бы действительно расстроилась. Впрочем, ладно: раз вы считаете, что здесь мне будет лучше, я сама это проверю.""

Затем Рука отдает вам честь. ""Я принимаю ваше командование, капитан $playerName. Надеюсь, вы меня не разочаруете.""",cutCommLink:Продолжить,
sfcRukaRecruitment3,DialogOptionSelected,$option == sfcrukahirereason3,"AdjustRepActivePerson COOPERATIVE 5
$global.sfc_rukafate = hired
$global.rukaCalmness++
sfcofficeradder sfcyenni
AddTextSmall ""Вы наняли $personName."" highlight","Рука молча смотрит на вас, выслушивая ответ. Вы замечаете, как ее взгляд уходит в сторону.

""... Если бы всем нам давали такие вторые шансы,"" - тихо бормочет Рука. Прежде чем вы успеваете ответить, она собирается и отдает честь.

""Хорошо, капитан $playerName, я принимаю ваше командование,"" - говорит она. ""Обещаю не растратить этот второй шанс и доказать свою ценность.""",cutCommLink:Продолжить,
#END yenni recruitment,,,,,,
#END yenni responses,,,,,,
#END yenni fleet greeting,,,,,,
#END special fleets,,,,,,
#END npc dialogue/ bootleg vn,,,,,,
,,,,,,
# contact missions Fuel,,,,,,
contactFuelGreeting,PickGreeting,"MissionHubCMD hasHub
$faction.id == sindrian_diktat score:5","ShowPersonVisual
FireAll PopulateOptions","""Рад вас видеть, капитан,"" - с улыбкой говорит $personName.
OR
""Приветствую, капитан,"" - говорит $personName. ""Обсудим дальнейшие дела $faction?""",,
contactPrintAcceptTextFuel,ContactPrintAcceptText,$faction.id == sindrian_diktat score:100,,"""Превосходно! Я немедленно сообщу начальству.""
OR
$HeOrShe хлопает в ладони. ""Отлично! $faction это ценит.""
OR
""Компания всегда рада вашей помощи.""
OR
$HeOrShe улыбается. ""Спасибо за помощь, как всегда!""
OR
""Мудрый выбор,"" - говорит $heOrShe с улыбкой, которая, надо признать, выглядит немного странно.
OR
""Отлично! Уверен, вы добьетесь результатов, на которые рассчитывает $faction.""
OR
$HeOrShe просто кивает, затем говорит: ""Хорошо, хорошо.""",,
#END contact missions Fuel,,,,,,
,,,,,,
# special planet interactions,,,,,,
,,,,,,
# sfc sindria company museum,,,,,,
,,,,,,
# Opening,,,,,,
sfcaddsindriamuseum,PopulateOptions,"$menuState == main
$market.id == sindria score:1000
$player.transponderOn
!$player.hasseencompanyad
$tradeMode != NONE
$faction.id == sindrian_diktat","$player.hasseencompanyad = true 0
AddText ""По связи проходит рекламный ролик, приглашающий посетителей в 'Музей Компании', с контактами для бронирования визита.""",,20:sfcmuseumOpenDialog:Посетить музей Топливная компания Синдрии.,
sfcaddsindriamuseumnoad,PopulateOptions,"$menuState == main
$market.id == sindria score:1000
$player.transponderOn
$player.hasseencompanyad
$tradeMode != NONE
$faction.id == sindrian_diktat",,,20:sfcmuseumOpenDialog:Посетить музей Топливная компания Синдрии.,
sfcmuseumtourstartpaidearlier,DialogOptionSelected,"$option == sfcmuseumOpenDialog
$player.sfcmuseumdaypass","sfcplaymusic
ShowImageVisual cargo_loading
FireAll PopulateMuseumLobbyOptions","Прибыв в музей Sindrian Fuel Company, вы показываете браслет дневного пропуска одному из сотрудников, и вас снова пропускают внутрь.

Внутри вы оказываетесь в просторном зале. Один сектор указывает на начало экскурсии, где группы проходят с регулярными интервалами. В другом секторе расположен сувенирный магазин, и сейчас там довольно многолюдно.

В центре главного зала стоит гигантская статуя Филиппа Андрады, Верховного Главного Президента-Экзекьютива-Менеджера АЗС Sindrian Fuel Company. Табличка у основания статуи ярко блестит в искусственном свете.",,
sfcsindriamuseumstartnonemployee,DialogOptionSelected,"$option == sfcmuseumOpenDialog
!$player.sfcmuseumdaypass
!sfcemployee sindrian_diktat
FireAll PopulateOptionsMuseumStart","SetTextHighlights ""1000""","Вы связываетесь по комм-каналу с гидом. После уточнения ваших данных вас информируют, что билеты на посещение в этот же день еще есть. Гид также сообщает, что дневной пропуск стоит 1000 кредитов с человека.",,
sfcsindriamuseumstartemployee,DialogOptionSelected,"$option == sfcmuseumOpenDialog
!$player.sfcmuseumdaypass
sfcemployee sindrian_diktat
FireAll PopulateOptionsMuseumStart","SetTextHighlights ""250""","Вы связываетесь по комм-каналу с гидом. После уточнения ваших данных вас информируют, что билеты на посещение в этот же день еще есть. Гид также сообщает, что из-за вашего статуса сотрудника Sindrian Fuel Company вы можете купить билеты со скидкой для персонала: дневной пропуск стоит 250 кредитов с человека.",,
sfcsindriamuseumpay,PopulateOptionsMuseumStart,"!sfcemployee sindrian_diktat
$player.credits >= 1000",,,0:sfcpaymuseum:Заплатить 1000 кредитов за дневной пропуск.,
sfcsindriamuseumpayemployee,PopulateOptionsMuseumStart,"sfcemployee sindrian_diktat
$player.credits >= 250",,,0:sfcpaymuseumsfc:Заплатить 250 кредитов за дневной пропуск.,
sfcsindriamuseumnopay,PopulateOptionsMuseumStart,"!sfcemployee sindrian_diktat
$player.credits < 1000","SetTooltip sfcpaymuseumsfc2 ""У вас недостаточно кредитов.""
SetEnabled sfcpaymuseum2 false",,0:sfcpaymuseum2:Заплатить 1000 кредитов за дневной пропуск.,
sfcsindriamuseumnopayemployee,PopulateOptionsMuseumStart,"sfcemployee sindrian_diktat
$player.credits < 250","SetTooltip sfcpaymuseumsfc2 ""У вас недостаточно кредитов.""
SetEnabled sfcpaymuseumsfc2 false",,0:sfcpaymuseumsfc2:Заплатить 250 кредитов за дневной пропуск.,
#sfcsindriamuseumguestoption,PopulateOptionsMuseumStart,,,,10:sfcpaymuseumguestoption:Подумать о том - чтобы взять с собой гостя.,
sfcsindriamuseumleave,PopulateOptionsMuseumStart,,"SetShortcut sfcmuseumleave ""ESCAPE""",,30:sfcmuseumleave:Не оплачивать.,
sfcsindriamuseumleavenopay,DialogOptionSelected,$option == sfcmuseumleave,"ShowDefaultVisual
EndConversation","Вы решаете не бронировать посещение сегодня. Извинившись перед гидом, вы разрываете связь.",,
#END Opening,,,,,,
,,,,,,
# Guest Directory,,,,,,
sfcsindriamuseumguestoptions,DialogOptionSelected,$option == sfcpaymuseumguestoption,FireAll PopulateMuseumGuests,Вы могли бы взять с собой гостя для посещения музея. Но кто вообще мог бы пойти с вами?,,
sfcsindriamuseumguestreconsider,PopulateMuseumGuests,,,,90:sfcmuseumguestexit:Передумать насчет гостя.,
sfcsindriamuseumguestreconsiderchoice,DialogOptionSelected,$option == sfcmuseumguestexit,FireAll PopulateOptionsMuseumStart,"Пока что вы решаете не брать с собой гостя. Возможно, в другой раз будет лучше.",,
#END Guest Directory,,,,,,
,,,,,,
# Museum Start,,,,,,
sfcmuseumtourstart,DialogOptionSelected,$option == sfcpaymuseum,"$player.sfcmuseumdaypass = true 1
AddCredits -1000
ShowImageVisual cargo_loading
FireAll PopulateMuseumLobbyOptions","Вы оплачиваете дневной пропуск и прибываете в музей Sindrian Fuel Company. После короткой очереди ваши вещи быстро проверяют, выдают браслет как подтверждение посещения на сегодня и пропускают внутрь.

Внутри вы оказываетесь в просторном зале. Один сектор указывает на начало экскурсии, где группы проходят с регулярными интервалами. В другом секторе расположен сувенирный магазин, и сейчас там довольно многолюдно.

В центре главного зала стоит гигантская статуя Филиппа Андрады, Верховного Главного Президента-Экзекьютива-Менеджера АЗС Sindrian Fuel Company. Табличка у основания статуи ярко блестит в искусственном свете.",,
sfcmuseumtourstartemployee,DialogOptionSelected,$option == sfcpaymuseumsfc,"$player.sfcmuseumdaypass = true 1
AddCredits -250
ShowImageVisual cargo_loading
FireAll PopulateMuseumLobbyOptions","Вы оплачиваете дневной пропуск и прибываете в музей Sindrian Fuel Company. Показав сотруднику удостоверение работника, вы получаете браслет дневного пропуска и проходите в здание.

Внутри вы оказываетесь в просторном зале. Один сектор указывает на начало экскурсии, где группы проходят с регулярными интервалами. В другом секторе расположен сувенирный магазин, и сейчас там довольно многолюдно.

В центре главного зала стоит гигантская статуя Филиппа Андрады, Верховного Главного Президента-Экзекьютива-Менеджера АЗС Sindrian Fuel Company. Табличка у основания статуи ярко блестит в искусственном свете.",,
sfcmuseumlobbystarttour,PopulateMuseumLobbyOptions,,,,0:sfcmuseumtourstart:Подойти к началу экскурсии.,
sfcmuseumlobbygiftstart,PopulateMuseumLobbyOptions,,,,10:sfcmuseumgiftstart:Подойти к сувенирному магазину.,
sfcmuseumlobbystatuestart,PopulateMuseumLobbyOptions,,,,20:sfcmuseumstatueplaque:Прочитать табличку у статуи.,
sfcmuseumlobbystatueplaque,DialogOptionSelected,$option == sfcmuseumstatueplaque,"AddText ""Вы подходите к статуе и на минуту читаете табличку у основания. Там написано:""
AddTextSmall ""Посвящается Филиппу Андраде - Великодушному, Превосходному, Славному и Благословенному Верховному Главному Повелителю Президенту-Экзекьютиву-Менеджеру АЗС Sindrian Fuel Company, герою битвы при Максиосе, защитнику системы Аскония и чемпиону топливных брендов по всему Персеанскому сектору."" highlight
FireAll PopulateMuseumLobbyOptions",,,
sfcmuseumlobbyexit,PopulateMuseumLobbyOptions,,"SetShortcut sfcmuseumlobbyleave ""ESCAPE""",,90:sfcmuseumlobbyleave:Покинуть музей Топливная компания Синдрии.,
sfcmuseumlobbyexit1,DialogOptionSelected,$option == sfcmuseumlobbyleave,"ShowDefaultVisual
EndConversation","Вы решаете уйти, протискиваясь мимо прибывающей экскурсионной группы к выходу из здания.",,
#END Museum Start,,,,,,
,,,,,,
# Tour Start,,,,,,
sfcmuseumtourstarting,DialogOptionSelected,$option == sfcmuseumtourstart,FireAll SFCMuseumHubOptions,"Вы подходите к началу экскурсии, где администратор помогает формировать группы по музею. Администратор приветливо улыбается и сообщает, что есть два способа осмотра: присоединиться к обычной группе или купить ""персонализированный"" гологид и идти в своем темпе.

К сожалению, сейчас все гологиды заняты.",,
sfcmuseumtouroption1,SFCMuseumHubOptions,,,,0:sfcmuseumgrouptour:Присоединиться к следующей экскурсионной группе.,
#sfcmuseumtouroption2poor,SFCMuseumHubOptions,$player.credits < 1000,"SetTooltip sfcpaymuseum2 ""У вас недостаточно кредитов.""
SetEnabled sfcpaymuseum2 false",,0:sfcpaymuseum2:Заплатить 1000 кредитов за дневной пропуск.,
#sfcmuseumtouroption2,SFCMuseumHubOptions,$player.credits >= 1000,,,10:sfcmuseumselftour:Купить голо-гид для самостоятельной экскурсии. (1000 кредитов),
sfcmuseumtouroptionexit,SFCMuseumHubOptions,,"SetShortcut sfcmuseumtourabort ""ESCAPE""",,90:sfcmuseumtourabort:Вернуться в главный холл.,
sfcmuseumtouroptionexitoption,DialogOptionSelected,$option == sfcmuseumtourabort,FireAll PopulateMuseumLobbyOptions,Вы решаете вернуться в главный холл музея.,,
#END Tour Start,,,,,,
,,,,,,
# Guided Tour,,,,,,
sfcguidedtourstart,DialogOptionSelected,$option == sfcmuseumgrouptour,"sfcplaymusic ""music_gas_market_neutral_fleet""","Решив присоединиться к ожидающей экскурсии, вы получаете номер и садитесь в зоне ожидания. Остальные посетители тоже рассаживаются, пока вы терпеливо ждете. Вы замечаете, как заканчивает маршрут другая группа, и тут объявляют ваш номер.

""Мягкие приветствия всем и спасибо, что присоединились к нам в этот замечательный день на экскурсии по истории Sindrian Fuel Company!"" - бодро говорит гид, когда все собираются. ""Напоминаю: пожалуйста, держитесь вместе с группой. Чтобы все успели осмотреть экспозицию, на каждой остановке мы задерживаемся ненадолго. Итак, если все готовы, начнем!""

Гид указывает на открытый проход в музей, и вы вместе с остальными посетителями направляетесь к началу экспозиции истории Sindrian Fuel Company.",0:sfcguidedtour1:Проследовать за гидом к первой остановке.,
sfcguidedtour1,DialogOptionSelected,$option == sfcguidedtour1,ShowImageVisual eventide,"После короткой прогулки от входа ваша группа останавливается у большой голографической проекции, похожей на Эвентид, рядом с молодым Андрадой в цветах Гегемонии.

""Как вы знаете, наша Компания существует благодаря изобретательности нашего основателя, Верховного Экзекьютива Филиппа Андрады!"" - начинает гид. ""Но прежде чем создать крупнейшего поставщика антиматерийного топлива в секторе, Филипп Андрада был одним из самых титулованных адмиралов Гегемонии! Блестяще проявив себя в юности и получив высшие оценки в Военно-морской академии Сфинкса, Андрада прославился выдающимся командованием и лидерством!""

Затем голограмма переключается на космическое сражение: голографический Андрада с мечом противостоит вражескому флоту. ""Его главным триумфом стало выступление в битве при Максимосе, где он сумел победить печально известного военачальника Лока, даже будучи в явном меньшинстве! Поистине, ничто не сравнится с гением Верховного Экзекьютива!""

Проекция меняется на Андраду, гордо стоящего среди обломков флота Лока, а затем возвращается к виду Эвентида. Некоторые гости успевают сделать фото, прежде чем гид ведет группу дальше.",10:sfcguidedtour2:Проследовать за гидом к следующей остановке.,
sfcguidedtour2,DialogOptionSelected,$option == sfcguidedtour2,ShowImageVisual space_wreckage,"На следующей остановке группа подходит к еще одной голографической проекции - на этот раз Салуса и окружающих планет, включая, судя по всему, Опис.

""Благодаря упорной работе Андрада продолжал получать признание и награды от коллег, и в 181-м цикле его лично назначили возглавить делегацию для деэскалации напряженности в системе Аскония.""

Проекция показывает прибытие флота Гегемонии, появляется еще одна голографическая фигура Андрады.

""Андрада неустанно трудился, чтобы обеспечить безопасность жителей Описа и всей Асконии, создавая центры помощи и нейтральные зоны вдали от боев,"" - продолжает гид, пока на проекции флот Гегемонии движется вокруг голографического Салуса и сходится к Опису. ""Но, несмотря на все усилия, даже наш славный лидер не мог предвидеть некоторых событий.""",20:sfcguidedtour2a:Продолжить.,
sfcguidedtour2a,DialogOptionSelected,$option == sfcguidedtour2a,,"Голографическая проекция смещается к планете Опис, вокруг которой находится флот Андрады в режиме ожидания. Затем без предупреждения планета Опис разлетается на бесчисленные фрагменты.

""Внезапный взрыв Описа навсегда останется загадкой, но Sindrian Fuel Company утверждает, что для уничтожения планеты не применялись Planet Killer'ы,"" - говорит гид уже заметно более мрачным тоном. ""Бесчисленные жизни были потеряны, но бесчисленное множество других удалось спасти благодаря усилиям Филиппа Андрады.""

Проекция снова расширяется до всей системы Аскония. ""После помощи выжившим Андрада принимает судьбоносное решение тут же уйти из Гегемонии, чтобы заняться восстановлением Асконии. Вместе с ним ушел весь сопровождавший его флот, также поверивший в мечту о возрождении системы. Так и родилась Sindrian Fuel Company!""

После нескольких минут наблюдения за проекцией и перешептываний среди гостей гид ведет группу дальше по маршруту.",30:sfcguidedtour3:Проследовать за гидом к следующей экспозиции.,
sfcguidedtour3,DialogOptionSelected,$option == sfcguidedtour3,ShowImageVisual urban01,"Дальше экскурсия явно близится к концу: вы проходите мимо нескольких дополнительных фактов о Sindrian Fuel Company, но без долгих остановок. Наконец, уже у выхода, гид задерживается у последней проекции: сияющее здание штаб-квартиры Sindrian Fuel Company и гигантский образ Филиппа Андрады, взирающий на людей сверху.

""И так Sindrian Fuel Company продолжает уверенно идти вперед, чтобы оставаться лучшим продавцом антиматерийного топлива в секторе!"" - бодро заявляет гид. ""С тех пор как Андрада решил следовать своей мечте, прошло уже более 25 циклов, и с тех пор лучшей топливной компании просто не было!""

""Еще раз спасибо, что присоединились к нам, и не забудьте свои вещи! Надеемся увидеть вас снова!""

После этого гид выводит вашу группу к выходу.",90:sfcguidedtourfinish:Выйти из экскурсии.,
sfcguidedtourend,DialogOptionSelected,$option == sfcguidedtourfinish,"sfcplaymusic
ShowImageVisual cargo_loading
FireAll PopulateMuseumLobbyOptions","Покинув экскурсию, вы снова оказываетесь в холле. Вы наблюдаете, как очередная группа направляется в экскурсионную секцию музея, а другие посетители идут в сувенирный магазин.",,
#END Guided Tour,,,,,,
,,,,,,
# Gift Store Start,,,,,,
sfcmuseumgiftstore,DialogOptionSelected,$option == sfcmuseumgiftstart,FireAll SFCGiftStoreOptions,"Вы направляетесь в сувенирный магазин музея, протискиваясь сквозь небольшую толпу. Внутри посетители снуют туда-сюда с уже купленными и еще только выбранными товарами, а сотрудники и кассиры без устали поддерживают поток.

На вывеске перечислены действующие предложения и напоминание, что все продажи окончательные. Похоже, покупки доступны только оптом.",,
sfcmuseumgiftstoregift1,SFCGiftStoreOptions,$player.credits >= 1000,,,0:sfcbuygift1:Купить набор из 10 сувенирных солнцезащитных очков. (1000 кредитов),
sfcmuseumgiftstoregift2,SFCGiftStoreOptions,$player.credits >= 1000,,,0:sfcbuygift2:Купить набор из 10 фирменных фигурок Компании. (1000 кредитов),
sfcmuseumgiftstoregift3,SFCGiftStoreOptions,$player.credits >= 1000,,,0:sfcbuygift3:Купить набор из 10 брендированных кофейных кружек. (1000 кредитов),
sfcmuseumgiftstoregift4,SFCGiftStoreOptions,$player.credits >= 1000,,,0:sfcbuygift4:Купить набор из 10 морских батончиков. (1000 кредитов),
sfcmuseumgiftstoregift5,SFCGiftStoreOptions,$player.credits >= 1000,,,0:sfcbuygift5:Купить набор из 10 туристических футболок с лобстером. (1000 кредитов),
sfcmuseumgiftstoregift6,SFCGiftStoreOptions,$player.credits >= 1000,,,0:sfcbuygift6:Купить набор из 10 плюшевых игрушек Volturn-y. (1000 кредитов),
sfcmuseumgiftstoreexit,SFCGiftStoreOptions,$player.credits >= 1000,"SetShortcut sfcbuygiftexit ""ESCAPE""",,0:sfcbuygiftexit:Покинуть сувенирный магазин.,
sfcmuseumgiftstoregift1p,DialogOptionSelected,$option == sfcbuygift1,"AddCredits -1000
AddRemoveCommodity sfcgift1 10 true
FireAll PopulateMuseumLobbyOptions","Вы быстро хватаете набор из 10 сувенирных солнцезащитных очков, после чего толпа буквально уносит вас к одной из касс. Подтвердив покупку, вы без лишних церемоний оказываетесь за пределами магазина, а ваше место у кассы тут же занимает другой посетитель.",,
sfcmuseumgiftstoregift2p,DialogOptionSelected,$option == sfcbuygift2,"AddCredits -1000
AddRemoveCommodity sfcgift2 10 true
FireAll PopulateMuseumLobbyOptions","Вы быстро хватаете набор из 10 фирменных фигурок Компании, после чего толпа буквально уносит вас к одной из касс. Подтвердив покупку, вы без лишних церемоний оказываетесь за пределами магазина, а ваше место у кассы тут же занимает другой посетитель.",,
sfcmuseumgiftstoregift3p,DialogOptionSelected,$option == sfcbuygift3,"AddCredits -1000
AddRemoveCommodity sfcgift3 10 true
FireAll PopulateMuseumLobbyOptions","Вы быстро хватаете набор из 10 брендированных кофейных кружек, после чего толпа буквально уносит вас к одной из касс. Подтвердив покупку, вы без лишних церемоний оказываетесь за пределами магазина, а ваше место у кассы тут же занимает другой посетитель.",,
sfcmuseumgiftstoregift4p,DialogOptionSelected,$option == sfcbuygift4,"AddCredits -1000
AddRemoveCommodity sfcgift4 10 true
FireAll PopulateMuseumLobbyOptions","Вы быстро хватаете набор из 10 морских батончиков, после чего толпа буквально уносит вас к одной из касс. Подтвердив покупку, вы без лишних церемоний оказываетесь за пределами магазина, а ваше место у кассы тут же занимает другой посетитель.",,
sfcmuseumgiftstoregift5p,DialogOptionSelected,$option == sfcbuygift5,"AddCredits -1000
AddRemoveCommodity sfcgift5 10 true
FireAll PopulateMuseumLobbyOptions","Вы быстро хватаете набор из 10 туристических футболок с лобстером, после чего толпа буквально уносит вас к одной из касс. Подтвердив покупку, вы без лишних церемоний оказываетесь за пределами магазина, а ваше место у кассы тут же занимает другой посетитель.",,
sfcmuseumgiftstoregift6p,DialogOptionSelected,$option == sfcbuygift6,"AddCredits -1000
AddRemoveCommodity sfcgift6 10 true
FireAll PopulateMuseumLobbyOptions","Вы быстро хватаете набор из 10 плюшевых игрушек Volturn-y с волтурнским лобстером, после чего толпа буквально уносит вас к одной из касс. Подтвердив покупку, вы без лишних церемоний оказываетесь за пределами магазина, а ваше место у кассы тут же занимает другой посетитель.",,
sfcmuseumgiftstoreexita,DialogOptionSelected,$option == sfcbuygiftexit,FireAll PopulateMuseumLobbyOptions,"Не сумев или не захотев достаточно быстро сделать покупку, вы без лишних церемоний вытесняетесь потоком посетителей обратно в главный холл музея Sindrian Fuel Company.",,
#END Gift Store Start,,,,,,
#END sfc sindria company museum,,,,,,
#END special planet interactions,,,,,,
,,,,,,
# sfc events,,,,,,
,,,,,,
# sfc yunifer events,,,,,,
,,,,,,
# runi meeting chain,,,,,,
sfcrunichainstart,DialogOptionSelected,"$market.id == sindria score:2000
$option == marketVisitBar
$faction.id == sindrian_diktat
PlayerFleetHasShipWithBaseHull sfcsuperiapetus
$player.sfcgotsuperiapetus
!$player.sfcrunicall
!$player.sfcrunifirstmeeting","AddText ""Устроившись в одном из баров Синдрии, вы внезапно замечаете сигнал на TriPad. Проверив его, вы понимаете, что получаете запрос на связь от неизвестного контакта.""",,"sfcrunistartbegin:Ответить на вызов.
sfcrunistartabort:Игнорировать вызов.",
sfcrunichainstartredo,DialogOptionSelected,$option == sfcrunistartabort score:1000,"AddText ""Вы решаете проигнорировать запрос на связь. Вероятно, ничего важного."" highlight
$player.sfcrunicall = true 7
$option = marketVisitBar
FireBest DialogOptionSelected",,,
sfcrunichainstart1a,DialogOptionSelected,"$option == sfcrunistartbegin score:1000
!$player.sfcruniallowed","BeginConversation sfcruni
sfcplaymusic ""runi_encounter_neutral""
AdjustRepActivePerson NEUTRAL 1","Решив ответить на вызов, вы касаетесь TriPad. Проходит несколько секунд. Затем еще несколько. И наконец на экране появляется знакомое лицо.

""О-о, капитан $playerName,"" - говорит Юнифер с шоком на лице. ""Я... я не ожидала, что вы правда ответите. Н-Надеюсь, у вас все хорошо, капитан.""",sfcruniask1:Спросить - почему она звонит.,
sfcrunichainstart1b,DialogOptionSelected,"$option == sfcrunistartbegin score:1000
$player.sfcruniallowed","BeginConversation sfcruni
sfcplaymusic ""runi_encounter_neutral""
AdjustRepActivePerson NEUTRAL 1","Решив ответить на вызов, вы касаетесь TriPad. Проходит несколько секунд. Затем еще несколько. И наконец на экране появляется знакомое лицо.

""З-здравствуйте, капитан $playerName,"" - говорит Юнифер, стараясь смотреть на вас. ""Я-я... я так и не поблагодарила вас как следует за то, что вы позволили мне п-попрощаться с Иапетусом. С-спасибо, капитан. В-вы не представляете, как много это для меня значило.""",sfcruniask1:Спросить - почему она звонит.,
sfcrunichainstart2,DialogOptionSelected,$option == sfcruniask1 score:1000,FireAll PopulateRuniFirstOptions,"Вы едва различаете дрожь Юнифер, пока она отводит взгляд.

""Я-я... я просто хотела узнать, как там Иапетус,"" - наконец отвечает она, все еще не глядя на вас. ""Я... мне очень хотелось бы, чтобы я могла... то есть, я знаю, что э-эгоистично... я-я...""

Она продолжает путаться в словах, закрывает глаза и будто пытается... собраться с мыслью? Трудно понять.

",,
sfcrunifirstoptiona,PopulateRuniFirstOptions,,,,sfcruniabort2:Подождать - пока она продолжит.,
sfcrunifirstoptionb,PopulateRuniFirstOptions,,,,sfcruniask2:Сказать - что с Иапетусом все в порядке.,
sfcrunifirstoptionkween,PopulateRuniFirstOptions,$player.askedaboutruni1,,,sfcrunikweenfirst:Выразить ей соболезнования.,
sfcrunifirstoptionhire,PopulateRuniFirstOptions,$player.askedaboutruni1,,,sfcrunihirefirst:Спросить - не хочет ли она присоединиться к вашему флоту.,
sfcrunifirstoptionaresponsea,DialogOptionSelected,$option == sfcruniabort2 score:1000,$player.sfcrunifirstmeetingbad = true,"Вы наблюдаете, как Юнифер продолжает запинаться, явно все отчаяннее пытаясь что-то сказать. Подождав еще несколько секунд, она наконец снова смотрит на вас.

""П-п-простите, это была п-плохая идея..."" - говорит она и тут же обрывает связь.",sfcruniend:Продолжить.,
sfcrunifirstoptionaresponseb,DialogOptionSelected,$option == sfcruniask2 score:1000,$player.sfcrunifirstmeetinggood = true,"Юнифер поворачивается к вам после ваших слов об Иапетусе. Ее видимый глаз как будто оживляется.

""Я... спасибо. Рада слышать, что с ним все хорошо, капитан,"" - отвечает Юнифер. ""Я... надеюсь, вы не против, что я отняла у вас время. Я... пожалуй, пойду.""

После этого Юнифер отключает связь со своей стороны.",sfcruniend:Продолжить.,
sfcrunifirstoptionaresponsekween,DialogOptionSelected,$option == sfcrunikweenfirst score:1000,$player.sfcrunifirstmeetingkween = true,"Вы говорите Юнифер, что понимаете, как тяжело ей было потерять командование, даже не успев себя проявить. Юнифер поворачивается к вам, и на ее лице появляется мрачное выражение.

""Э-это несправедливо, несправедливо!"" - внезапно кричит Юнифер. ""Почему... почему мне нельзя было командовать? Я ведь ничего не сделала... не так? Я... я... простите, мне нужно идти.""

Канал связи гаснет прежде, чем вы успеваете что-то сказать.",sfcruniend:Продолжить.,
sfcrunifirstoptionaresponsehire,DialogOptionSelected,$option == sfcrunihirefirst score:1000,$player.sfcrunifirstmeetinghire = true,"Юнифер заметно бледнеет, когда вы спрашиваете, не хочет ли она присоединиться к вашему флоту. Вы рассуждаете, что из нее мог бы выйти отличный офицер, учитывая слова Квин. Но прежде чем вы заканчиваете, Юнифер мотает головой.

""Н-нет, нет, н-нет..."" - говорит Юнифер. ""Я... я не г-готова, я не д-достойна командовать... я просто еще один ассистент... просто еще один ч-человек, который д-должен помогать Главной И-Исследова- простите... это была ужасная идея.""

Канал связи гаснет прежде, чем вы успеваете что-то сказать.",sfcruniend:Продолжить.,
sfcrunifirstend,DialogOptionSelected,$option == sfcruniend score:1000,"$player.sfcrunifirstmeeting = true
$player.sfckweenwatching1 = true
$player.sfcconfrontation = true 7
ShowDefaultVisual
EndConversation
sfcplaymusic
$option = marketVisitBar
FireBest DialogOptionSelected","Вы убираете TriPad и возвращаетесь к тому, чем занимались до этого.",,
#END runi meeting chain,,,,,,
,,,,,,
# runi volturn,,,,,,
#END runi volturn,,,,,,
#END sfc yunifer events,,,,,,
,,,,,,
# phillip andrada experience,,,,,,
,,,,,,
# phillip andrada experience folder start,,,,,,
phillip andrada experience start,DialogOptionSelected,$option == secofficerOptionandrada11,ShowDefaultVisual,"Балаши улыбается вашей просьбе и с радостью отправляет голопроектор на ваш корабль. Через несколько минут вы получаете устройство ""Phillip Andrada Experience"".

Решив установить проектор в своей каюте, вы некоторое время молча смотрите на него.

Вы точно хотите его включить? Вся эта затея выглядит довольно... нелепо.","sfcexperiencestart:Запустить «Опыт Филиппа Андрады».
sfcexperienceabort:Вернуть голопроектор Балаши.",
phillip andrada experience abort,DialogOptionSelected,$option == sfcexperienceabort,"ShowPersonVisual false sec_officer
FireAll PopulateOptions",Вы решаете не запускать Phillip Andrada Experience и возвращаете голопроектор Балаши. После отправки устройства курьерским шаттлом вы продолжаете разговор с Балаши.,,
phillip andrada experience tree start,DialogOptionSelected,"$option == sfcexperiencestart
!$sfcpaeusernew","BeginConversation sfcfakeandrada true true
sfcplaymusic ""music_gas_market_neutral_fleet""
FireAll AndradaExperienceReplies","Вы активируете голопроектор; устройство мягко загорается. Через несколько секунд прогрева появляется голограмма Филиппа Андрады, пристально глядящая на вас.

""Приветствую! Я Филипп Андрада, Верховный Главный Повелитель Президент-Экзекьютив-Менеджер АЗС Sindrian Fuel Company! Пожалуйста, назовите свое имя для входа в аккаунт!""",,
phillip andrada experience tree start next,DialogOptionSelected,"$option == sfcexperiencestart
$sfcpaeusernew","BeginConversation sfcfakeandrada true true
sfcplaymusic ""music_gas_market_neutral_fleet""
FireAll AndradaExperienceReplies","Вы активируете голопроектор; устройство мягко загорается. Через несколько секунд прогрева появляется голограмма Филиппа Андрады, пристально глядящая на вас.

""Приветствую! Я Филипп Андрада, Верховный Главный Повелитель Президент-Экзекьютив-Менеджер АЗС Sindrian Fuel Company! Сканирование пользователя... добро пожаловать обратно, $PlayerName! Чем могу помочь?""",,
#END phillip andrada experience folder start,,,,,,
,,,,,,
# phillip andrada experience responses,,,,,,
paeresponsenewuser,AndradaExperienceReplies,!$sfcpaeusernew,,,sfcpaeusernew:Назвать свое имя.,
paearesponsebalashiuser,AndradaExperienceReplies,!$sfcpaeuserbalashi,,,sfcpaeuserbalashi:Назвать имя Спендера Балаши.,
# paechapterverse,AndradaExperienceReplies,$sfcpaeusernew,,,"sfcpaeverse:Попросить отрывок из «Топливная компания Синдрии - От мечты к реальности».
defaultLeave:Неважно.",
paeadvice,AndradaExperienceReplies,$sfcpaeusernew,,,sfcpaeadvice:Попросить совет.,
paesuggestion,AndradaExperienceReplies,$sfcpaeusernew,,,sfcpaesuggesetion:Попросить ответ.,
paeclose,AndradaExperienceReplies,,,,sfcpaeclose:Выключить голопроектор.,
paenewuserresponse,DialogOptionSelected,$option == sfcpaeusernew,"$sfcpaeusernew = true
FireAll AndradaExperienceReplies","""Новый пользователь зарегистрирован!"" - отвечает голограмма. ""Приветствую, $playerName. Как новому пользователю Phillip Andrada Experience, позвольте пояснить, что я могу для вас сделать.""

""Сейчас я запрограммирован на следующее: читать отрывки из 'Sindrian Fuel Company: From Dreams to Reality' (ОШИБКА: ФУНКЦИЯ НЕ РАБОТАЕТ), давать советы и выдавать утвердительный или отрицательный ответ! Что вы хотите сделать?""",,
paebalashiresponse,DialogOptionSelected,$option == sfcpaeuserbalashi,"$sfcpaeuserbalashi = true
FireAll AndradaExperienceReplies","""ОШИБКА: НЕСОВПАДЕНИЕ ПОЛЬЗОВАТЕЛЯ.""

Похоже, это не сработает.",,
# paechapterverseresponse,DialogOptionSelected,$option == sfcpaeverse,FireAll AndradaExperienceReplies,"""Always remember! Sindrian Brand Antimatter Fuel is made from the highest quality volatiles in the Persean Sector! So if the Sindrian Fuel Company doesn't settle for less, then why should you?""
OR
""When going through life, make sure it's through Hard Work and Honest Labor! Only through the hard work you put in and the honesty you put into your work will make life truly worth living for!""
OR
""There's more to antimatter fuel than just fueling starships! Why, there is many applications that may benefit from the application of antimatter fuel!""",,
paeadviceresponse,DialogOptionSelected,$option == sfcpaeadvice,FireAll AndradaExperienceReplies,"""Ищете недорогое антиматерийное топливо? На Синдрии всегда есть запасы для капитанов, идущих в дальние экспедиции!""
OR
""У топлива бренда Sindrian есть множество применений помимо заправки кораблей! Обратитесь к местному менеджеру топливной станции за подробностями!""
OR
""Хотите вывести преданность Sindrian Fuel Company на новый уровень? Подумайте о вступлении в Львиную Гвардию! Подайте заявку сегодня и получите бесплатный значок Лаффи, Льва Безопасности!""
OR
""Всегда проверяйте, чтобы на вашем антиматерийном топливе была печать качества Sindrian Fuel Company! Только топливо марки Sindrian соответствует всем стандартам качественного корабельного топлива!""
OR
""Не забывайте! Места в Volturnian Lobster Garden разбирают очень быстро! Лучше вставать пораньше, когда открывается новое бронирование!""",,
paesuggestionresponse,DialogOptionSelected,$option == sfcpaesuggesetion,FireAll AndradaExperienceReplies,"""Да, определенно!""
OR
""Нет, плохая идея!""
OR
""Да!""
OR
""Нет!""
OR
""Попробуйте спросить позже!""
OR
""Исход неопределен!""",,
paecloseresponse,DialogOptionSelected,$option == sfcpaeclose,"ShowDefaultVisual
sfcplaymusic","Вы решаете выключить голопроектор. Голограмма быстро исчезает, оставляя устройство неактивным. Подняв голопроектор, вы возвращаетесь на мостик.",sfcpaeend:Вернуть голопроектор Балаши.,
phillip andrada experience end,DialogOptionSelected,$option == sfcpaeend,"ShowPersonVisual false sec_officer
FireAll PopulateOptions","Отправив устройство обратно Балаши, вы снова выходите с ним на связь.",,
#END phillip andrada experience responses,,,,,,
#END phillip andrada experience,,,,,,
,,,,,,
# ruys banquet,,,,,,
,,,,,,
# banquet directory start,,,,,,
ruybanquetstartoption1a,RuyBanquetStartOptions,,,,sfcruybanquet1a:Сказать - что вы придете.,
ruybanquetstartoption1b,RuyBanquetStartOptions,!$player.sfcaskedaboutbanquet,,,sfcruybanquet1b:Спросить - в честь чего это мероприятие.,
ruybanquetstartoption1c,RuyBanquetStartOptions,,,,sfcruybanquet1c:Отклонить приглашение.,
ruybanquetstartoption1aa,DialogOptionSelected,"$option == sfcruybanquet1a
",$sfcwenttobanquet = true,"""Превосходно, уверен, мастер Руй будет рад вашему согласию. В ближайшее время я отправлю шаттл, чтобы вас забрать. И постарайтесь одеться поприличнее, капитан $playerName.""

Канал связи гаснет. Что ж, остается только ждать. И постараться выглядеть как можно презентабельнее.",sfcruybanquet2:Дождаться прибытия шаттла.,
ruybanquetstartoption1bb,DialogOptionSelected,$option == sfcruybanquet1b,"$player.sfcaskedaboutbanquet = true
FireAll RuyBanquetStartOptions","Пожилой джентльмен прочищает горло.

""Это собрание различных членов Совета безопасности и вооружений в резиденции мастера Руя. Обычно мастер Руй проводит такие встречи более-менее регулярно. Обычно туда допускаются только члены BSA, но за вашу помощь вам предоставили редчайшую возможность присутствовать. И само собой разумеется, приводить с собой гостей нельзя. Приглашение адресовано лично вам, капитан $playerName.""

""Итак, вы присоединяетесь к нам сегодня или нет?""",,
ruybanquetstartoption1cc,DialogOptionSelected,$option == sfcruybanquet1c,"$sfcrejectedbanquet = true 90
$sfcruybusy = true 1","Пожилой джентльмен, похоже, никак не реагирует на ваш ответ.

""Жаль. Мне придется сообщить мастеру Рую, что сегодня вы не сможете присутствовать. Уверен, он поймет, что вы весьма занятый человек. И я также уверен, что мастер Руй пришлет вам новое приглашение к следующему банкету.""

Прежде чем вы успеваете ответить, канал связи гаснет.",cutCommLink:Разорвать связь,
#END banquet directory start,,,,,,
,,,,,,
# banquet arrival,,,,,,
ruybanquetarrivalstart,DialogOptionSelected,$option == sfcruybanquet2,"ShowImageVisual desert_moons_ruins
sfcplaymusic ""music_default_market_neutral""","Вы ждете прибытия шаттла, стараясь выглядеть как можно презентабельнее. Вскоре рулевой сообщает о подлетающем транспорте, и вы даете разрешение на стыковку. Сев в шаттл, вы быстро устраиваетесь и отправляетесь на поверхность планеты к одному из рельсовых городских поездов, змеящихся через Круор.

Шаттл прибывает на частную посадочную платформу у одного из немногих по-настоящему состоятельных зданий города; башня нависает над остальной застройкой с почти угрожающей уверенностью. После высадки офицер безопасности Компании сопровождает вас внутрь.",sfcruybanquet2a:Продолжить.,
ruybanquetarrivalstarta,DialogOptionSelected,$option == sfcruybanquet2a,ShowImageVisual corporate_lobby,"Главный холл довольно тихий: за столом в центре зала сидит администратор и спокойно работает. Сопровождающий подводит вас к стойке, и администратор сразу поворачивается к вам.

""Имя?""

Вы отвечаете. Администратор сверяется с TriPad, слегка кивает и указывает от стойки. ""К лифту, капитан $playerName. Вас ожидают.""

Сопровождающий доводит вас до входа в лифт. После вызова лифта вас оставляют одного. Двери закрываются под тихую музыку, и вы чувствуете, как кабина поднимается выше по зданию.",sfcruybanquet2aa:Продолжить.,
ruybanquetarrivalstartb,DialogOptionSelected,$option == sfcruybanquet2aa,BeginConversation sfcruy true true,"Двери лифта раздвигаются, и перед вами открывается впечатляюще просторный зал. К роскошным двойным дверям ведет дорогой ковер. Не успеваете вы сделать шаг, как к вам подходит элегантно одетый мужчина с седеющими волосами.

""Капитан $playerName, верно?"" Вы киваете. ""Отлично, мастер Руй вас ждет. Остальные гости уже прибыли. Прошу за мной.""

Вас проводят через двери в фойе. Из стереосистемы звучит музыка. Другие гости стоят группами и беседуют. Вскоре вас подводят к Рудрику Рую.

""А, $playerName. Рад, что вы смогли приехать,"" - говорит Рудрик, полностью отвлекаясь от собеседника и переводя внимание на вас. ""Дорога не доставила проблем?""","sfcruybanquet3a:Сказать - что дорога прошла спокойно.
sfcruybanquet3b:Сказать - что пилоту стоит поучиться летать лучше.",
ruybanquetarrivalresponsea,DialogOptionSelected,$option == sfcruybanquet3a,,"""Хм, раз проблем не было, значит все в порядке. Что ж, похоже, все уже на месте. Идемте, еда должна быть готова,"" - говорит Рудрик.

Жестом приглашая следовать за ним, он ведет вас в главный обеденный зал. В центре комнаты стоит один огромный богато украшенный стол, рядом суетятся слуги. Гости рассаживаются, и вы уже собираетесь выбрать место, как Рудрик привлекает ваше внимание.

""Садитесь рядом со мной,"" - говорит Рудрик, указывая на один конец стола.",sfcruybanquet4:Продолжить,
ruybanquetarrivalresponseb,DialogOptionSelected,$option == sfcruybanquet3b,,"Рудрик тяжело вздыхает, услышав вашу жалобу. ""Какой же идиот. Только этого мне не хватало: чтобы пилот накосячил, а разгребать пришлось мне. Спасибо, что сообщили. Я прослежу, чтобы пилота отчитали за такое халатное поведение. Ладно, раз все уже собрались, пора идти в столовую.""

Жестом приглашая следовать за ним, он ведет вас в главный обеденный зал. В центре комнаты стоит один огромный богато украшенный стол, рядом суетятся слуги. Гости рассаживаются, и вы уже собираетесь выбрать место, как Рудрик привлекает ваше внимание.

""Садитесь рядом со мной,"" - говорит Рудрик, указывая на один конец стола.",sfcruybanquet4:Продолжить,
ruybanquetfeaststart,DialogOptionSelected,$option == sfcruybanquet4,,"Заняв место, вы отмечаете убранство стола: экзотические цветы и декоративные композиции украшают центр, гости устраиваются на своих местах.

Рудрик отодвигает стул, на минуту встает и привлекает всеобщее внимание.

""Кхм, друзья, еще раз благодарю вас, что смогли посетить мой банкет. Как и всегда, я ценю ваши усилия в эти непростые времена,"" - начинает Рудрик, и в его голосе слышится легкая скука. ""Итак, хотел бы представить вам нового гостя наших банкетов - капитана $PlayerName.""

Он указывает на вас; присутствующие вяло аплодируют. В это время слуги обходят стол и разливают вино. Перед вами ставят бокал, и Рудрик поднимает свой.

""За дальнейшее процветание Sindrian Fuel Company и за наше будущее возвращение к славе,"" - говорит Рудрик, поднимая бокал.","sfcruybanquet4a:Принять тост.
sfcruybanquet4b:Просто улыбнуться.",
ruybanquetfeastwinea,DialogOptionSelected,$option == sfcruybanquet4a,,"Вы тоже поднимаете бокал и делаете короткий глоток. Вино немного крепкое, но в целом вполне приятное. Когда остальные допивают, Рудрик садится рядом, а слуги снова начинают подносить блюда. Перед вами ставят накрытое блюдо и быстро открывают: на тарелке свежеприготовленный волтурнский лобстер с гарниром.

Вы уже собираетесь приступить к еде, когда к Рудрику в спешке подходит слуга. Вы улавливаете часть его слов, но не успеваете расслышать остальное: зал наполняется тяжелыми шагами.",sfcruybanquet5:Продолжить,
ruybanquetfeastwineb,DialogOptionSelected,$option == sfcruybanquet4b,AdjustRepActivePerson SUSPICIOUS -1,"Вы просто улыбаетесь в ответ и замечаете, как Рудрик бросает на вас несколько разочарованный взгляд, прежде чем отвернуться. Когда остальные допивают, Рудрик садится рядом, а слуги снова начинают подносить блюда. Перед вами ставят накрытое блюдо и быстро открывают: на тарелке свежеприготовленный волтурнский лобстер с гарниром.

Вы уже собираетесь приступить к еде, когда к Рудрику в спешке подходит слуга. Вы улавливаете часть его слов, но не успеваете расслышать остальное: зал наполняется тяжелыми шагами.",sfcruybanquet5:Продолжить,
ruybanquetfeastmogaera1,DialogOptionSelected,$option == sfcruybanquet5,"ShowSecondPerson cspmongaera
sfcplaymusic ""music_diktat_market_hostile""","В обеденный зал входит женщина в безупречной парадной форме Львиной Гвардии, в сопровождении двух тяжеловооруженных морпехов в броне. Она окидывает взглядом собравшихся гостей и направляется к хозяину вечера.

Рудрик резко встает, стол слегка вздрагивает, когда он смотрит на женщину в упор. ""Какого черта ты здесь делаешь?!"" - требует он. ""Верховный Экзекьютив не оценит этого вторже-

""Лев Синдрии уполномочил меня поддерживать верность его подданных, Руй,"" - холодно отвечает женщина, продолжая обходить стол. ""И у меня есть надежные сведения, что кто-то в этой комнате совершил измену Льву.""

Вы замечаете, как женщина на мгновение задерживает на вас внимательный, изучающий взгляд. Вам кажется, что она смотрит целую вечность, пока вы не моргаете, и она не идет дальше.",sfcruybanquet6:Продолжить,
ruybanquetfeastmogaera2,DialogOptionSelected,$option == sfcruybanquet6,,"Вы слышите крик и оборачиваетесь: два морпеха хватают одного из гостей за столом и силой оттаскивают его, пока Рудрик, едва не опрокинув стул, бросается к женщине.

""Как ты смеешь, Монгаэра! Сначала выслали нас на Круор, а теперь еще и предателями называете!"" - кричит Рудрик, указывая на нее пальцем. ""Это все отговорки, я знаю!""

Монгаэра закатывает глаза и поворачивается к Рудрику. ""Я служу только воле Льва. И если воля Льва - выкорчевывать предателей в наших рядах, я это сделаю. Если вы не укрываете предателей, вам нечего бояться.""

Они сверлят друг друга взглядами, пока морпехи утаскивают кричащего человека из зала.

""Тебе это с рук не сойдет..."" - бросает Рудрик, а женщина презрительно усмехается. Не сказав больше ни слова, Монгаэра уходит. В зале несколько секунд стоит тишина, затем Рудрик тяжело вздыхает.

""Банкет окончен,"" - говорит он. Гости в спешке поднимаются и покидают зал.","sfcruybanquet7a:Уйти.
sfcruybanquet7b:Подойти к Рудрику.",
ruybanquetfeastapproach1,DialogOptionSelected,$option == sfcruybanquet7b,HideSecondPerson,"Когда все уходят, вы подходите к Рую. Вы видите, как он до белых костяшек сжимает кулак, заметив вас.

""Разве я не сказал, что банкет окончен?"" - повторяет Руй, садясь и массируя лоб. ""Вам лучше уйти, пока та женщина не вернулась и не утащила и вас.""

Немного помолчав, Руй вздыхает. ""Скажите, каково ваше мнение о Львиной Гвардии?""","sfcruybanquet8a:Сказать - что они похожи на заносчивых ублюдков.
sfcruybanquet8b:Сказать - что они просто выполняют свою работу.",
ruybanquetfeastapproach2a,DialogOptionSelected,$option == sfcruybanquet8a,AdjustRepActivePerson COOPERATIVE 2,"""Мы с вами в этом солидарны."" Руй откидывается в кресле, берет бокал вина и осушает его залпом. ""Проклятые привилегированные выскочки, считающие, что им все позволено только потому, что у них благосклонность Андрады... это просто позор! Раньше все было куда лучше! Но Львиной Гвардии обязательно нужно было влезть и все испортить!""

К вам подходит слуга. ""Мастер Руй, Монгаэра желает с вами поговорить.""

С досадным стоном Руй ставит бокал и поднимается. ""Вам лучше уходить отсюда,"" - говорит он вам. ""Мне только не хватало, чтобы вас еще глубже втянули в этот бардак.""",sfcruybanquetend:Уйти.,
ruybanquetfeastapproach2b,DialogOptionSelected,$option == sfcruybanquet8b,"AdjustRepActivePerson VENGEFUL -5
$sfcruybusy = true 14","Руй смотрит на вас в упор; его черты искажаются холодной яростью. Кажется, будто в комнате резко похолодало.

""Вон. Сейчас же!""",sfcruybanquetend:Уйти.,
ruybanquetfeastend1a,DialogOptionSelected,$option == sfcruybanquet7a,"ShowDefaultVisual
sfcplaymusic
SetPersonHidden cspmongaera false","Вы решаете, что задерживаться больше не стоит. Вслед за остальными гостями вы выходите к посадочной площадке. После короткого ожидания вы садитесь в один из шаттлов и приказываете пилоту доставить вас обратно к вашему флоту.",cutCommLink:Вернуться к флоту,
ruybanquetfeastend1aa,DialogOptionSelected,$option == sfcruybanquetend,"ShowDefaultVisual
sfcplaymusic
SetPersonHidden cspmongaera false","Покинув зал банкета, вы направляетесь обратно к площадке шаттлов. Спустя короткое ожидание за вами прибывает шаттл и возвращает вас к вашему флоту.",cutCommLink:Вернуться к флоту,
#END banquet arrival,,,,,,
#END ruys banquet,,,,,,
,,,,,,
# rhea cameo,,,,,,
sfcrheacameostart,DialogOptionSelected,$option == sfcrheacameo,"sfcrheachanges changerheaFirstName Unknown
sfcrheachanges changerheaLastName Woman
BeginConversation sfcrhea true true","Вы устраиваетесь в кресле, решив подождать возвращения Спендера Балаши. Проведя несколько минут за отчетами экипажа на TriPad, вы внезапно замечаете движение на экране связи. Экран сдвигается вниз, и на нем появляется молодая женщина с синими волосами и зелеными глазами.

""О, хо-хо, кто это у нас?"" - произносит она с насмешливой ухмылкой. ""Спендер Балаши снова убедил очередного беднягу-капитана в своей важности? Ох, хо-хо, этот смешной Балаши.""","sfcrheacameo1:Промолчать.
sfcrheacameo2:Спросить - кто она.",
sfcrheacameooption1,DialogOptionSelected,$option == sfcrheacameo1,,"Вы решаете молчать, не желая давать этой женщине никакой реакции.

Женщина лишь снова высокомерно смеется. ""О, хо-хо! Я так вас поразила своим великолепием? Ну, раз вы не хотите представиться, тогда я просто..."" Кажется, она нажимает пару кнопок вне кадра. ""... ага, вот! Капитан $playerName? Еще один из лакеев Компании, не так ли.""

""Хе-хе, Балаши наверняка наплел вам сказок о своей важности. Наверное, говорил, что через него вы сможете попасть в Львиную Гвардию. Ах, ну что ж, если хотите еще больше себя опозорить - продолжайте работать на него. Но запомните: Львиная Гвардия очень придирчива к тем, кого выбирает, капитан. И я не думаю, что вы достойны этого места. В любом случае, прощайте, капитан, возможно, однажды вам повезет встретить меня снова.""

После этого женщина уходит, снова оставляя вас перед пустым экраном.",sfcrheacameoend1:Продолжать ждать Балаши.,
sfcrheacameooption2,DialogOptionSelected,$option == sfcrheacameo2,"sfcrheachanges changerheaFirstName Sindy
sfcrheachanges changerheaLastName Rhea","Женщина удивляется вашей реакции, а затем снова издает резкий смешок.

""Какая дерзость - спрашивать у дамы имя, не представившись самому!"" - с притворным возмущением отвечает она. ""Вас явно не учили манерам. Но раз уж я здесь взрослая сторона, отвечу на ваш довольно невоспитанный вопрос.""

""Я Синди Рея, офицер Львиной Гвардии и личный ассистент одного из величайших героев нашего времени, уступающего только самому Льву! Поистине, вы должны считать честью встречу с такой важной персоной, как я."" ","sfcrheacameo2a:Сказать - что вы о ней никогда не слышали.
sfcrheacameo2b:Спросить - на кого она работает.
sfcrheacameo2c:Промолчать.",
sfcrheacameooption2a,DialogOptionSelected,$option == sfcrheacameo2a,AdjustRepActivePerson SUSPICIOUS -1,"$personFirstName выглядит оскорбленной вашим ответом.

""Цц, конечно же, только невоспитанный космоброд мог обо мне не слышать!"" - кричит $HeOrShe, сверля вас взглядом. ""Довольно, я и так потратила на вас слишком много времени, капитан..."" $HeOrShe на секунду смотрит куда-то за экран. ""$playerName, да. В следующий раз встречаясь со мной, подтяните манеры!""

Надувшись, $personName уходит, снова оставляя вас наедине с пустым экраном связи.",sfcrheacameoend2:Продолжать ждать Балаши.,
sfcrheacameooption2b,DialogOptionSelected,$option == sfcrheacameo2b,,"""На кого я работаю? На кого я работаю?!"" $personName словно светится от вашего вопроса. ""Да на самого невероятного человека, какого только можно представить! Истинного образца Львиной Гвардии! Героя до мозга костей! Но если вы не знаете, кто это... значит, вы вообще не понимаете, о чем речь...""

$personName издает жутковатый смешок, не сводя с вас взгляда. ""Возможно, однажды вам повезет это узнать, но не сегодня. Итак, в ваших данных указано имя $playerName, верно? Что ж, надеюсь, мы увидимся снова, и вы поймете, насколько велик человек, которому я служу.""

$personName уходит, все еще явно восторгаясь своими мыслями, оставляя вас перед пустым экраном связи.",sfcrheacameoend2:Продолжать ждать Балаши.,
sfcrheacameooption2c,DialogOptionSelected,$option == sfcrheacameo2c,,"""О? Язык проглотили?"" - спрашивает $personFirstName, прищуриваясь и наклоняясь ближе. ""Ну, люди часто теряются перед теми, кто выше их. Ладно, посмотрим... ага, капитан $PlayerName, верно? Возможно, мы еще увидимся.""

$personFirstName машет вам рукой и уходит, снова оставляя вас перед пустым экраном связи.",sfcrheacameoend2:Продолжать ждать Балаши.,
sfcrheacameoend1,DialogOptionSelected,$option == sfcrheacameoend1,"ShowDefaultVisual
sfcrheachanges changerheaFirstName Sindy
sfcrheachanges changerheaLastName Rhea
","Вы продолжаете ждать возвращения Балаши.

Однако спустя еще несколько минут понимаете, что он, вероятно, пока не вернется.

Ну и ладно.",cutCommLink:Разорвать связь,
sfcrheacameoend2,DialogOptionSelected,$option == sfcrheacameoend2,"ShowDefaultVisual
","Вы продолжаете ждать возвращения Балаши.

Однако спустя еще несколько минут понимаете, что он, вероятно, пока не вернется.

Ну и ладно.",cutCommLink:Разорвать связь,
#END rhea cameo,,,,,,
#END sfc events,,,,,,
,,,,,,
# sfc missions,,,,,,
,,,,,,
# Legio Crossover,,,,,,
,,,,,,
# daemoncoreAcquire,,,,,,
,,,,,,
# daemonCoreMain,,,,,,
daemonCore1StartOption1,PopulateKweenDaemonMission1Start,,,,sfc_dc1missionstart1a:Выразить обеспокоенность продолжающимся хаосом в секторе,
daemonCore1StartOption2,PopulateKweenDaemonMission1Start,,,,sfc_dc1missionstart1b:Сказать - что вы не следили за событиями в секторе,
#daemonCore1StartOption3,PopulateKweenDaemonMission1Start,,,,sfc_dc1missionstart1c:Сказать - что вы уже сталкивались с теми ужасами - которые Легио обрушил на сектор.,
daemonCore1StartResponse1,DialogOptionSelected,$option == sfc_dc1missionstart1a,"$option = sfc_dc1missionstart2 0
FireBest DialogOptionSelected","""Да, это довольно... прискорбно,"" - отмахивается Квин. ""Еще больше хаоса для сектора. Но, как ни странно, этот хаос открывает для нас интересную возможность, мой ассистент.""",,
daemonCore1StartResponse2,DialogOptionSelected,$option == sfc_dc1missionstart1b,"AdjustRepActivePerson VENGEFUL -1
$option = sfc_dc1missionstart2 0
FireBest DialogOptionSelected","Квин презрительно фыркает и с разочарованием качает головой.

""Вам стоило бы следить за новостными сводками, $playerName,"" - замечает она. ""Неведение, конечно, приятно, но оно оставляет вас беззащитным, когда происходит подобное. Как бы то ни было, у меня для вас весьма интересная миссия, мой ассистент.""",,
daemonCore1Start2,DialogOptionSelected,$option == sfc_dc1missionstart2,,"""Насколько я смогла выяснить, Легио использует специализированные ИИ-ядра для своих особых кораблей. Эти корабли типа 'Daemon', как их называют, весьма впечатляют. Если я получу такие ядра, обеспечивающие их работу, возможно, мы раскроем скрытые там секреты.""","sfc_dc1missionstart2a:Позволить ей продолжить
sfc_dc1missionstart2b:Спросить - хочет ли Квин - чтобы вы добыли для нее ядро",
daemonCore1Start2Response1,DialogOptionSelected,$option == sfc_dc1missionstart2a,FireAll PopulateKweenDaemonMission1SetUp,"""Вот тут вступаете вы, $playerName,"" - продолжает Квин, ее улыбка становится шире. ""Я хочу, чтобы вы достали для меня одно из этих ядер. Мне не важно, как именно вы это сделаете, главное, чтобы в итоге одно daemon-ядро лежало передо мной в лаборатории. Полагаю, вы справитесь с этим, да?""",,
daemonCore1Start2Response2,DialogOptionSelected,$option == sfc_dc1missionstart2b,FireAll PopulateKweenDaemonMission1SetUp,"""Насколько я смогла выяснить, Легио использует специализированные ИИ-ядра для своих особых кораблей. Эти корабли типа 'Daemon', как их называют, весьма впечатляют. Если я получу одно из ядер, управляющих этими кораблями, возможно, мы раскроем скрытые там секреты.""",,
daemonCore1Start3Option1,PopulateKweenDaemonMission1SetUp,,,,sfc_dc1missionstart3a:Согласиться добыть для Квин daemon-ядро,
daemonCore1Start3Option2,PopulateKweenDaemonMission1SetUp,$dc1askedDaemons == false,,,sfc_dc1missionstart3b:Попросить больше информации об этих кораблях типа Daemon,
#daemonCore1Start3Option3,PopulateKweenDaemonMission1SetUp,$dc1askedHazard == false,,,sfc_dc1missionstart3c:Попросить надбавку за риск,
#daemonCore1Start3Option4a,PopulateKweenDaemonMission1SetUp,"PlayerHasCargo tahlan_daemoncore
!PlayerHasCargo tahlan_archdaemoncore",,,sfc_dc1missionstart4:Сказать - что у вас уже есть доступное ядро Daemon,
#daemonCore1Start3Option4b,PopulateKweenDaemonMission1SetUp,"!PlayerHasCargo tahlan_daemoncore
PlayerHasCargo tahlan_archdaemoncore",,,sfc_dc1missionstart4:Сказать - что у вас уже есть доступное ядро Daemon,
#daemonCore1Start3Option4c,PopulateKweenDaemonMission1SetUp,"PlayerHasCargo tahlan_daemoncore
PlayerHasCargo tahlan_archdaemoncore",,,sfc_dc1missionstart4:Сказать - что у вас уже есть доступное ядро Daemon,
daemonCore1Start3OptionRefuse,PopulateKweenDaemonMission1SetUp,$dc1refusedOnce == false,,,sfc_dc1missionstart3refuse:Отказаться добывать для Квин daemon-ядро,
daemonCore1Start3OptionRefuseAgain,PopulateKweenDaemonMission1SetUp,$dc1refusedOnce == true,"sfcoptionconfirm sfc_dc1missionstart3refuse2 ""Вы ДЕЙСТВИТЕЛЬНО считаете это хорошей идеей?"" ""Да."" ""Нет.""",,sfc_dc1missionstart3refuse2:Снова отказаться добывать для Квин daemon-ядро,
daemonCore1Start3OptionDaemonInfo,DialogOptionSelected,$option == sfc_dc1missionstart3b,"$dc1askedDaemons = true
FireAll PopulateKweenDaemonMission1SetUp","""Хм, какую информацию я знаю, говорите..."" - задумчиво произносит Квин, на несколько секунд переводя взгляд куда-то за экран. ""Что мне удалось выяснить: эти особые корабли могут восстанавливать броню. Если не уничтожить их быстро, бой будет проигрышным.""",,
daemonCore1Start3OptionRefused1,DialogOptionSelected,$option == sfc_dc1missionstart3refuse,"$dc1refusedOnce = true
FireAll PopulateKweenDaemonMission1SetUp","Квин внимательно смотрит на вас пустым взглядом.

""Прошу прощения, не могли бы вы повторить? Кажется, я не до конца поняла, что вы сказали.""",,
daemonCore1StartEnd,DialogOptionSelected,$option == sfc_dc1missionstart3a,"BeginMission sfcDaemonCore
$ondc1 = true
FireAll PopulateOptions","""Очень хорошо, капитан! Что ж, я буду с нетерпением ждать вашего успеха. А теперь, нужно ли вам от меня что-то еще?""",,
daemonCore1StartRefusedEnd,DialogOptionSelected,$option == sfc_dc1missionstart3refuse2,"AdjustRepActivePerson VENGEFUL -5
$ondc1 = true
$sfcalienatedkween = true 7
BeginMission sfcDaemonCore","""Хмф,"" - Квин надувает губы и сужает глаза. ""Что бы вы ни говорили, если однажды все же образумитесь, я буду ждать вашего возвращения с daemon-ядром.""

Прежде чем вы успеваете продолжить, канал связи резко обрывается, и вы остаетесь перед пустым экраном.",cutCommLink:Вернуться к флоту,
#END daemonCoreMain,,,,,,
,,,,,,
# daemonCoreFinish,,,,,,
daemonCoreFinishMain,DialogOptionSelected,$option == sfc_ondc1option,FireAll OnDC1Options,"Квин заметно оживляется в ответ.

""О? И как идут дела?""",,
daemonCoreFinishMainNone,OnDC1Options,"!PlayerHasCargo tahlan_daemoncore
!PlayerHasCargo tahlan_archdaemoncore","SetTooltip sfc_ondc1mainnone ""У вас нет daemon-ядер в инвентаре.""
SetEnabled sfc_ondc1mainnone false",,sfc_ondc1mainnone:Передать Квин daemon-ядро,
daemonCoreFinishMain1a,OnDC1Options,PlayerHasCargo tahlan_daemoncore,"sfcoptionconfirm sfc_ondc1main1 ""Вы ДЕЙСТВИТЕЛЬНО считаете это хорошей идеей?"" ""Да."" ""Нет.""",,sfc_ondc1main1:Передать Квин daemon-ядро,
daemonCoreFinishMain1b,OnDC1Options,PlayerHasCargo tahlan_archdaemoncore,"sfcoptionconfirm sfc_ondc1main1b ""Вы ДЕЙСТВИТЕЛЬНО считаете это хорошей идеей?"" ""Да."" ""Нет.""",,sfc_ondc1main1b:Передать Квин archdaemon-ядро,
daemonCoreFinishMain1c,OnDC1Options,"PlayerHasCargo tahlan_daemoncore
PlayerHasCargo tahlan_archdaemoncore","sfcoptionconfirm sfc_ondc1main1c ""Вы ДЕЙСТВИТЕЛЬНО считаете это хорошей идеей?"" ""Да."" ""Нет.""",,sfc_ondc1main1c:Передать Квин daemon- и archdaemon-ядра,
daemonCoreFinishMainCancel,OnDC1Options,,,,sfc_ondc1maincancel:Сообщить Квин - что вы все еще работаете над этим,
daemonCoreFinishMainCancelA,DialogOptionSelected,$option == sfc_ondc1maincancel,FireAll PopulateKweenOptions,"Квин на мгновение выглядит разочарованной, но тут же скрывает это.",,
daemonCoreFinishEndA,DialogOptionSelected,$option == sfc_ondc1main1,"AddRemoveCommodity tahlan_daemoncore -1 true
unset $ondc1
$global.sfcDaemonCore_completed = true
Call $global.sfcDaemonCore_ref updateStage
AdjustRepActivePerson COOPERATIVE 5
AddCredits 150000
AddStoryPoints 1
FireAll PopulateKweenOptions","Квин улыбается, когда вы подтверждаете, что смогли добыть для нее daemon-ядро. После отправки ядра в ее лабораторию вы наблюдаете, как Главная Исследовательница получает его по связи.

""Очень хорошо, мой ассистент!"" - замечает Квин, любуясь ядром на своей стороне. ""Не могу дождаться, когда изучу, на что способны эти ребята из Легио. Вы действительно отличный ассистент, знаете? Вот, этого должно хватить. Итак, нужно ли вам от меня что-то еще?""",,
daemonCoreFinishEndB,DialogOptionSelected,$option == sfc_ondc1main1b,"AddRemoveCommodity tahlan_archdaemoncore -1 true
$global.sfc_gaveKweenArchDaemon = true
unset $ondc1
$global.sfcDaemonCore_completed = true
Call $global.sfcDaemonCore_ref updateStage
AdjustRepActivePerson COOPERATIVE 5
AddCredits 150000
AddStoryPoints 1
FireAll PopulateKweenOptions","Квин улыбается, когда вы подтверждаете, что смогли добыть для нее daemon-ядро. После отправки ядра в ее лабораторию вы наблюдаете, как Главная Исследовательница получает его по связи.

""Очень хорошо, мой ассистент!"" - замечает Квин, любуясь ядром на своей стороне. ""Не могу дождаться, когда изучу, на что способны эти ребята из Легио. Вы действительно отличный ассистент, знаете? Вот, этого должно хватить. Итак, нужно ли вам от меня что-то еще?""",,
daemonCoreFinishEndC,DialogOptionSelected,$option == sfc_ondc1main1c,"AddRemoveCommodity tahlan_daemoncore -1 true
AddRemoveCommodity tahlan_archdaemoncore -1 true
$sfckweenbusy = true 7
$global.sfc_gaveKweenArchDaemon = true
unset $ondc1
$global.sfcDaemonCore_completed = true
Call $global.sfcDaemonCore_ref updateStage
AdjustRepActivePerson COOPERATIVE 20
AddCredits 500000
AddStoryPoints 1
$player.sfckweenfavor++
","На лице Квин появляется неподдельное удивление, когда она получает от вас сразу оба ядра.

""Не одно ядро, а сразу два!?"" - ахает Квин; ее изумление совсем не похоже на обычную сдержанность. ""Ох, если это то, на что способен Легио... только представьте, чему я смогу научиться, изучив их. Да, это более чем достаточная оплата за ваши услуги. Вы и правда выдающийся ассистент, $playerName. А теперь, прошу извинить: у меня есть образцы для изучения.""

Получив оплату от Квин, вы видите, как канал связи гаснет.",cutCommLink:Вернуться к флоту,
#END daemonCoreFinish,,,,,,
#END daemoncoreAcquire,,,,,,
#END Legio Crossover,,,,,,
#END sfc missions,,,,,,
,,,,,,
# planet music,,,,,,
,,,,,,
# Sindria,,,,,,
#sfcmusicMarketSindriaNeutralNoTransponder,PopulateOptions,"$faction.id == sindrian_diktat
$faction.neutralToPlayer
$id == sindria score:1000
$player.transponderOn == false","$market.musicSetId = ""music_diktat_market_neutral"" 0 ",,,
#sfcmusicMarketSindriaHostileNoTransponder,PopulateOptions,"$faction.id == sindrian_diktat
!$faction.friendlyToPlayer
!$faction.neutralToPlayer
$id == sindria score:1000
$player.transponderOn == false","$market.musicSetId = ""music_diktat_market_hostile"" 0 ",,,
#sfcmusicMarketSindriaFriendlyNoTransponder,PopulateOptions,"$faction.id == sindrian_diktat
$faction.friendlyToPlayer
$id == sindria score:1000
$player.transponderOn == false","$market.musicSetId = ""music_diktat_market_friendly"" 0",,,
#END Sindria,,,,,,
,,,,,,
# Cruor,,,,,,
#sfcmusicMarketCruorNeutralNoTransponder,PopulateOptions,"$faction.id == sindrian_diktat
$faction.neutralToPlayer
$id == cruor score:1000
$player.transponderOn == false","$market.musicSetId = ""music_diktat_market_neutral"" 0 ",,,
#sfcmusicMarketCruorHostileNoTransponder,PopulateOptions,"$faction.id == sindrian_diktat
!$faction.friendlyToPlayer
!$faction.neutralToPlayer
$id == cruor score:1000
$player.transponderOn == false","$market.musicSetId = ""music_diktat_market_hostile"" 0 ",,,
#sfcmusicMarketCruorFriendlyNoTransponder,PopulateOptions,"$faction.id == sindrian_diktat
$faction.friendlyToPlayer
$id == cruor score:1000
$player.transponderOn == false","$market.musicSetId = ""music_diktat_market_friendly"" 0",,,
#END Cruor,,,,,,
,,,,,,
# Volturn,,,,,,
#sfcmusicMarketVolturnNeutralNoTransponder,PopulateOptions,"$faction.id == sindrian_diktat
$faction.neutralToPlayer
$id == volturn score:1000
$player.transponderOn == false","$market.musicSetId = ""music_diktat_market_neutral"" 0 ",,,
#sfcmusicMarketVolturnHostileNoTransponder,PopulateOptions,"$faction.id == sindrian_diktat
!$faction.friendlyToPlayer
!$faction.neutralToPlayer
$id == volturn score:1000
$player.transponderOn == false","$market.musicSetId = ""music_diktat_market_hostile"" 0 ",,,
#sfcmusicMarketVolturnFriendlyNoTransponder,PopulateOptions,"$faction.id == sindrian_diktat
$faction.friendlyToPlayer
$id == volturn score:1000
$player.transponderOn == false","$market.musicSetId = ""music_diktat_market_friendly"" 0",,,
#END Volturn,,,,,,
,,,,,,
# No Transponder,,,,,,
sfcmusicMarketSFCNeutralNoTransponder,PopulateOptions,"$faction.id == sindrian_diktat
$faction.neutralToPlayer
$player.transponderOn == false","$market.musicSetId = ""music_diktat_market_neutral"" 0 ",,,
sfcmusicMarketSFCHostileNoTransponder,PopulateOptions,"$faction.id == sindrian_diktat
!$faction.friendlyToPlayer
!$faction.neutralToPlayer
$player.transponderOn == false","$market.musicSetId = ""music_diktat_market_hostile"" 0 ",,,
sfcmusicMarketSFCFriendlyNoTransponder,PopulateOptions,"$faction.id == sindrian_diktat
$faction.friendlyToPlayer
$player.transponderOn == false","$market.musicSetId = ""music_diktat_market_friendly"" 0",,,
#END No Transponder,,,,,,
,,,,,,
# diktat enhancement planets,,,,,,
sfcmusicMarketRyzenFriendly,PopulateOptions,"$faction.id == sindrian_diktat
$faction.friendlyToPlayer
$id == ryzan_supercomplex score:1000","$market.musicSetId = ""music_diktat_market_friendly"" 0",,,
sfcmusicMarketRyzenNeutral,PopulateOptions,"$faction.id == sindrian_diktat
$faction.neutralToPlayer
$id == ryzan_supercomplex score:1000","$market.musicSetId = ""music_diktat_market_neutral"" 0 ",,,
sfcmusicMarketRyzenHostile,PopulateOptions,"$faction.id == sindrian_diktat
!$faction.friendlyToPlayer
!$faction.neutralToPlayer
$id == ryzan_supercomplex score:1000","$market.musicSetId = ""music_diktat_market_hostile"" 0 ",,,
,,,,,,
sfcmusicMarketRyzenFriendlysystem,PopulateOptions,"$faction.id == sindrian_diktat
$faction.friendlyToPlayer
$id == ryzan_supercomplex score:1000","$market.musicSetId = ""music_diktat_market_friendly"" 0",,,
sfcmusicMarketRyzenNeutralsystem,PopulateOptions,"$faction.id == sindrian_diktat
$faction.neutralToPlayer
$id == ryzan_supercomplex score:1000","$market.musicSetId = ""music_diktat_market_neutral"" 0 ",,,
sfcmusicMarketRyzenHostilesystem,PopulateOptions,"$faction.id == sindrian_diktat
!$faction.friendlyToPlayer
!$faction.neutralToPlayer
$id == ryzan_supercomplex score:1000","$market.musicSetId = ""music_diktat_market_hostile"" 0 ",,,
,,,,,,
sfcmusicMarketViewpointFriendly,PopulateOptions,"$faction.id == sindrian_diktat
$faction.friendlyToPlayer
$id == andor_viewport score:1000","$market.musicSetId = ""music_diktat_market_friendly"" 0",,,
sfcmusicMarketViewpointHostile,PopulateOptions,"$faction.id == sindrian_diktat
!$faction.friendlyToPlayer
!$faction.neutralToPlayer
$id == andor_viewport score:1000","$market.musicSetId = ""music_diktat_market_hostile"" 0 ",,,
,,,,,,
sfcmusicMarketViewpointFriendlysystem,PopulateOptions,"$faction.id == sindrian_diktat
$faction.friendlyToPlayer
$id == andor_viewport score:1000","$market.musicSetId = ""music_diktat_market_friendly"" 0",,,
sfcmusicMarketViewpointNeutralsystem,PopulateOptions,"$faction.id == sindrian_diktat
$faction.neutralToPlayer
$id == andor_viewport score:1000","$market.musicSetId = ""music_diktat_market_neutral"" 0 ",,,
sfcmusicMarketViewpointHostilesystem,PopulateOptions,"$faction.id == sindrian_diktat
!$faction.friendlyToPlayer
!$faction.neutralToPlayer
$id == andor_viewport score:1000","$market.musicSetId = ""music_diktat_market_hostile"" 0 ",,,
sfcmusicMarketViewpointNeutral,PopulateOptions,"$faction.id == sindrian_diktat
$faction.neutralToPlayer
$id == andor_viewport score:1000","$market.musicSetId = ""music_diktat_market_neutral"" 0 ",,,
#END diktat enhancement planets,,,,,,
,,,,,,
# Nachiketa Fuel Traders,,,,,,
sfcmusicMarketNachiketaNeutral,PopulateOptions,"$faction.id == hegemony
$id == nachiketa score:1000
$faction.neutralToPlayer","$market.musicSetId = ""music_nachiketa_encounter_neutral"" 0 ",,,
sfcmusicMarketNachiketaHostile,PopulateOptions,"$faction.id == hegemony
$id == nachiketa score:1000
!$faction.friendlyToPlayer
!$faction.neutralToPlayer","$market.musicSetId = ""music_nachiketa_encounter_hostile"" 0 ",,,
sfcmusicMarketNachiketaFriendly,PopulateOptions,"$faction.id == hegemony
$id == nachiketa score:1000
$faction.friendlyToPlayer","$market.musicSetId = ""music_nachiketa_encounter_friendly"" 0",,,
#END Nachiketa Fuel Traders,,,,,,
#END planet music,,,,,,
,,,,,,
# leave overrides,,,,,,# overrides for sfcplaymusic usage
defaultLeaveArthur,DialogOptionSelected,"$option == defaultleave
$id == sfcarthur score:2000","DismissDialog
sfcplaymusic",,,
defaultLeaveYenni,DialogOptionSelected,"$option == defaultleave
$id == sfcyenni score:2000","DismissDialog
sfcplaymusic",,,
defaultLeaveKween,DialogOptionSelected,"$option == defaultleave
$id == sfckween score:2000","DismissDialog
sfcplaymusic",,,
convEndKween,DialogOptionSelected,"$option == cutCommLink
$id == sfckween score:2000","ShowDefaultVisual
EndConversation
sfcplaymusic",Вы разрываете связь.,,
convEndRuni,DialogOptionSelected,"$option == cutCommLink
$id == sfcruni score:2000","ShowDefaultVisual
EndConversation
sfcplaymusic",Вы разрываете связь.,,
convEndMongaera,DialogOptionSelected,"$option == cutCommLink
$id == cspmongaera score:2000","ShowDefaultVisual
EndConversation
sfcplaymusic",Вы разрываете связь.,,
convEndGimlet,DialogOptionSelected,"$option == cutCommLink
$id == nftgimlet score:2000","ShowDefaultVisual
EndConversation
sfcplaymusic",Вы разрываете связь.,,
#END leave overrides,,,,,,
,,,,,,
"# SFC Campaign Alterations, Additions, etc",,,,,,
,,,,,,
# Cotton,,,,,,
,,,,,,
# Cotton Meeting,,,,,,
sfcgaPZ_cottonTeacup,DialogOptionSelected,"$option == gaPZ_cottonTeacup
$faction.id == sindrian_diktat","EndConversation DO_NOT_FIRE
RestoreSavedVisual","Хотя местный менеджер службы безопасности пытается скрыть это за натянутой улыбкой, за темными очками отчетливо читается тошнота.

""-самый разыскиваемый террорист-патерский вдохновитель во всем Персеанском секторе... на моей территории... пьет чашку чая?""",gaPZ_cottonTeacup2:Продолжить,
sfcgaPZ_cottonTeacup2,DialogOptionSelected,"$option == gaPZ_cottonTeacup2
$faction.id == sindrian_diktat","$player.sfcmetCottonatSFC = true
AddRemoveCommodity lobster 1 true","Чашка чая брата Коттона спокойно лежит в прозрачном алюминиевом контейнере с вещественными доказательствами на столе менеджера безопасности. На TriPad рядом с ней обвиняюще светятся результаты анализа ДНК.

""Я-"", менеджер безопасности сглатывает, на мгновение замирает, затем снова через натянутую улыбку продолжает: ""С-спасибо за помощь в этом деле! П-пожалуйста, примите в подарок волтурнского лобстера, пока мы ведем расследование! И-и помните: всегда п-покупайте Sindrian!""

Менеджер продолжает вымученно улыбаться, пока вы без лишних церемоний получаете волтурнского лобстера за свои хлопоты.",gaPZ_cottonLeaveCont:Вернуться в бар,
#END Cotton Meeting,,,,,,
#END Cotton,,,,,,
,,,,,,
# Daud Meeting with SFC Commission,,,,,,
sfcgaATGdaudMeetingSetupSFCCommissionhostile,DaudMeetingSetupOption,"$player.commissionFactionId == sindrian_diktat
RepLTE $faction.id HOSTILE",AdjustRep $faction.id INHOSPITABLE 100,"Через несколько мгновений герб исчезает, и с вами связывается настоящий офицер - вероятно, один из секретарей Верховного Гегемона. Он выглядит исключительно недовольным.

""$playerName."" Тук-тук по консоли стола. ""Ваша комиссия в Синдрианском Диктате делает вас опасной угрозой для всей Гегемонии. Но. Верховный Гегемон не станет отказывать аккредитованному посланнику дома Ярибай. Даже если тот прибыл от предателей.""

""В интересах дипломатии мы позволим вам исполнять обязанности в службе Ярибаев. На встречу с Верховным Гегемоном вы придете без личного оружия. Вас обыщут. От вас ожидается выполнение всех разумных требований. Невыполнение будет расценено как враждебное действие и повлечет соответствующие меры."" 

Офицер-секретарь делает паузу и просто смотрит на вас. ""Мы будем наблюдать,"" - произносит он с едва сдерживаемым отвращением. ""Очень внимательно."" После чего снова отворачивается к консоли стола.",gaATG_daudMeetingSetupEnd:Продолжить,
sfcgaATGdaudMeetingSetupSFCCommissionnonhostile,DaudMeetingSetupOption,"$player.commissionFactionId == sindrian_diktat
RepGTE $faction.id INHOSPITABLE",,"Через несколько мгновений герб исчезает, и с вами связывается настоящий офицер - вероятно, один из секретарей Верховного Гегемона. Он явно не в восторге.

""$playerName."" Тук-тук по консоли стола. ""Ваша комиссия в Синдрианском Диктате мало говорит в вашу пользу. Но. Верховный Гегемон не станет отказывать аккредитованному посланнику дома Ярибай. Даже если тот прибыл от предателей.""

""В интересах дипломатии мы позволим вам исполнять обязанности в службе Ярибаев. На встречу с Верховным Гегемоном вы придете без личного оружия. Вас обыщут. От вас ожидается выполнение всех разумных требований, иначе вы будете выдворены из пространства Гегемонии.""

Офицер-секретарь делает паузу и пристально смотрит на вас. ""Мы будем наблюдать,"" - говорит он с заметным оттенком отвращения. ""Очень внимательно."" После чего снова отворачивается к консоли стола.",gaATG_daudMeetingSetupEnd:Продолжить,
gaATGdaudMeetingHubOptionSFC,GAATGdaudMeetingOptions,"$player.commissionFactionId == sindrian_diktat
!$sfcaskedSFC",,,gaATG_daudMeetingHubSFC1:Почему ваш секретарь сказал - что у меня комиссия с Синдрианским Диктатом?,
gaATGdaudMeetingHubOptionSFC1,DialogOptionSelected,$option == gaATG_daudMeetingHubSFC1,"$sfcaskedSFC = true 0
$answered++
$option = gaATG_daudMeetingHub 0
FireBest DialogOptionSelected","""Капитан,"" - недоверчиво говорит Дауд. ""Вы всерьез думаете, что хоть кто-то с половиной мозга верит в пропагандистский бред из Асконии? Никакой 'брендинг' не изменит того, что Андрада там на самом деле делает.""",,
#END Daud Meeting with SFC Commission,,,,,,
,,,,,,
# Loke,,,,,,
sfc_gaATGreturnLokeAirlock1b,DialogOptionSelected,"sfcrunichanges yuniferChecker
$option == gaATG_returnLokeAirlock1b","AddTextSmall ""Выбросили клона Локе в космос"" highlight
$global.murderedCloneLoke = true
$global.sfc_yuniferPresentForLokeMurder = true
AdjustRepPerson kanta VENGEFUL -100
$option = gaATG_returnLokeGateRunStart1
FireBest DialogOptionSelected",Служба безопасности подтверждает ваш приказ.,,
,,,,,,
# #sfcloketosindria,,,,,,
#END #sfcloketosindria,,,,,,
#END Loke,,,,,,
,,,,,,
# Sebestyen,,,,,,
sfcSebestyenOption,PopulateOptions,"$isPerson
$id == sebestyen score:1000
PlayerHasCargo sfcgift1
!$global.sfcsebestyengift",,,70:sfcsebestyengiftInit:Спросить Альвисса - не хочет ли он пару солнцезащитных очков.,
sfcSebestyenGiftStart,DialogOptionSelected,$option == sfcsebestyengiftInit,$global.sfcsebestyengift = true,"Ученый заметно удивлен вашим внезапным вопросом. ""Солнцезащитные очки?"" - отвечает он. ""Я... то есть, Академия довольно хорошо защищена от солнечного света, и очки тут не особо нужны, так что, думаю, мне пара не требуется."" Закончив, он смотрит на вас с недоумением.

""Как думаете, мне вообще нужны солнцезащитные очки?""","10:sfcsebestyengiftforward:Предложить Себестину пару очков бренда Sindrian.
20:sfcsebestyengiftabort:Извиниться за странный вопрос и сменить тему.",
sfcSebestyenGift1,DialogOptionSelected,$option == sfcsebestyengiftforward,AddRemoveCommodity sfcgift1 -1 true,"Вы предлагаете отправить академику Себестину пару фирменных солнцезащитных очков Sindrian Fuel Company для примерки.

""О, очки бренда Sindrian?"" - повторяет Себестин. ""Я читал, что они рассчитаны даже на самые мощные солнечные вспышки. Н-наверное, они довольно дорогие, да? Ну, если вы правда готовы отправить их мне, тогда... наверное, это нормально!""

Вы отправляете с корабля на Галатийскую академию посылку с очками. Поддерживая разговор на отвлеченные темы, вы ждете; через некоторое время очки доходят до Себестина.",10:sfcsebestyengiftforward2:Продолжить.,
sfcSebestyenGift2,DialogOptionSelected,$option == sfcsebestyengiftforward2,sfcnpcchanges changenpcPortrait sfcsebestyen,"Доставая очки из упаковки, вы наблюдаете, как Себестин с любопытством их разглядывает. Через несколько секунд он надевает их и смотрит на вас.

""К-как я выгляжу?""","10:sfcsebestyengiftforward3:Сказать - что он выглядит круто.
20:sfcsebestyengiftcancel:Сказать - что он выглядит нелепо.",
sfcSebestyenGift3,DialogOptionSelected,$option == sfcsebestyengiftforward3,"AdjustRepActivePerson COOPERATIVE 5
FireAll PopulateOptions","""К-круто?"" - запинается Себестин. ""Я-я... П-правда выгляжу круто?""

Вы киваете в ответ на вопрос академика. Себестин поправляет очки, и вы замечаете его улыбку. ""Круто, да? Что ж, спасибо за очки, капитан! Итак, могу ли я еще чем-то помочь?""","10:sfcsebestyengiftforward3:Сказать - что он выглядит круто.
20:sfcsebestyengiftcancel:Сказать - что он выглядит нелепо.",
sfcSebestyenGift3b,DialogOptionSelected,$option == sfcsebestyengiftcancel,"sfcnpcchanges changenpcPortrait sebestyen
FireAll PopulateOptions","""О-о..."" - отвечает Себестин. ""Н-наверное, и правда немного нелепо.""

Он снимает очки и откладывает их в сторону. ""В-в любом случае, могу ли я чем-то помочь вам, капитан?"" ",,
sfcSebestyenGiftCancel,DialogOptionSelected,$option == sfcsebestyengiftabort,FireAll PopulateOptions,"""О, ладно,"" - отвечает академик с растерянным видом. ""В любом случае, могу ли я чем-то помочь вам, капитан?""",,
#END Sebestyen,,,,,,
"#END SFC Campaign Alterations, Additions, etc",,,,,,
,,,,,,
# sfcdevmodeoptions,,,,,,
sfcdevmoderepincrease,PopulateOptions,"$global.isDevMode
$faction.id == sindrian_diktat",SetOptionColor sfcdevboostgoodrep gray,,300:sfcdevboostgoodrep:Повысить репутацию активного NPC (РЕЖИМ РАЗРАБОТКИ),
sfcdevmoderepupoption,DialogOptionSelected,$option == sfcdevboostgoodrep,AdjustRepActivePerson COOPERATIVE 200,,,
sfcdevmoderepdecrease,PopulateOptions,"$global.isDevMode
$faction.id == sindrian_diktat",SetOptionColor sfcdevboostbadrep gray,,301:sfcdevboostbadrep:Понизить репутацию активного NPC (РЕЖИМ РАЗРАБОТКИ),
sfcdevmoderepdownoption,DialogOptionSelected,$option == sfcdevboostbadrep,AdjustRepActivePerson NEUTRAL -200,,,
#END sfcdevmodeoptions,,,,,,
,,,,,,
# Vanilla Changes,,,,,,
,,,,,,
# The Usurpers,,,,,,
,,,,,,
# Sindrian Diktat Bar Raid event,,,,,,
sdBarRaid1,DialogOptionSelected,$option == sdbr_raid1,ShowImageVisual raid_covert_result,"С грохотом бойцы в легких боевых каркасах врываются во все входы, выкрикивая команды через усилители и размахивая злыми короткостволами. 

Случайная проверка комплаенса; вы достаточно опытны, чтобы сохранять спокойствие и держать руки подальше от кобуры.

Каждого посетителя сканируют, и его судьба решается едва заметным жестом старшего менеджера комплаенса: оставить в покое или арестовать. Большинству везет.",sdbr_raid2:Сохранять спокойствие,
sdBarRaid2,DialogOptionSelected,$option == sdbr_raid2,,"Одна компания космобродяг, похоже, считает, что ей есть что скрывать. Когда менеджер подходит, они срываются. Один успевает лишь наполовину выхватить скрытое оружие, как его с треском накрывает электрошоковый/пеносвязывающий заряд. Судорожно дергающееся тело сносит стол, и осколки стекла взлетают блестящей дугой.

Остальных скручивают и избивают; глухой барабанный ритм дубинок по плоти в конце концов перекрывает крики боли и ярости. Чужаки смотрят в ужасе; у персонала и местных - стеклянный, расфокусированный взгляд: безопаснее ничего не видеть.","sdbr_raid3a:Смотреть
sdbr_raid3b:Не смотреть",
sdBarRaid3aa,DialogOptionSelected,"$option == sdbr_raid3b
$global.sfcMetRamEarly == true","BeginConversation ram
$player.metRam = true","Менеджер комплаенса Компании медленно делает петлю к вам, осматривая каждого из ваших телохранителей от ботинок до оружия, после чего переводит взгляд на вас. Вы на мгновение встречаетесь с ним глазами и понимаете, что уже видели его раньше. Вряд ли это что-то изменит.","sdbr_sayNothing:Ничего не говорить
sdbr_sayBarbaric:Это варварство.
sdbr_sayThankYou:Спасибо за службу - сэр.
sdbr_saySarcastic:Спасибо за службу - сэр. (саркастично)",
sdBarRaid3b,DialogOptionSelected,"$option == sdbr_raid3b
$global.sfcMetRamEarly == false","BeginConversation ram
$player.metRam = true","Менеджер комплаенса Компании медленно делает петлю к вам, осматривая каждого из ваших телохранителей от ботинок до оружия, после чего переводит взгляд на вас. Вы на мгновение встречаетесь с ним глазами.","sdbr_sayNothing:Ничего не говорить
sdbr_sayBarbaric:Это варварство.
sdbr_sayThankYou:Спасибо за службу - сэр.
sdbr_saySarcastic:Спасибо за службу - сэр. (саркастично)",
sdBarRaid2thanksNice,DialogOptionSelected,"$option == sdbr_sayThankYou
RepGTE sindrian_diktat FAVORABLE","$player.ethosRuthless++
$player.ethosOrder++","Он автоматически отвечает фразой: ""Помните, покупайте Sindrian"". Не то чтобы тепло, но хотя бы с тем спокойствием, что его внутренний IFF уже определил вас в категорию не-враждебных.",sdbr_end1:Продолжить,
sdBarRaidBeating,DialogOptionSelected,$option == sdbr_beating1,"ShowImageVisual volturn
AdjustRep sindrian_diktat SUSPICIOUS -3
$player.wasBeatenBySD = true","Вы обнаруживаете себя осевшим у дребезжащей вентиляционной шахты в боковом ответвлении торгового коридора. Один из ваших охранников, весь в крови и жутких ушибах, прикладывает к вашей шее дермальный пластырь, и сознание фиксирует, как океан боли отступает, словно отлив, оставляя пустоту в груди и онемелый холод в конечностях.

Похоже, комплаенс просто хотел подать сигнал. Не больше и не меньше.","sdbr_beatingTreatment:Просто возвращаться на корабль
sdbr_beatingRevenge:Поклясться отомстить
sdbr_beatingHadItComing:Признать - что сами напросились",
sdBarRaidBeatingRevenge,DialogOptionSelected,$option == sdbr_beatingRevenge,$player.sworeRevengeOnRam = true,"Вы сосредотачиваетесь на лице менеджера комплаенса, используя физическую боль, чтобы выжечь его в памяти. 

Однажды, клянетесь вы, он получит по заслугам.",sdbr_end2:Уйти,
sdBarRaidEnd,DialogOptionSelected,$option == sdbr_end1,"EndConversation DO_NOT_FIRE
ShowImageVisual volturn","Менеджер комплаенса коротко кивает охране и с произвольной властностью переходит к следующему капитану-космоброду, которому достается похожее обращение.

Очевидно, это значит, что вам можно уходить. В эту смену в этом баре дел больше не будет. Даже в коридорах снаружи непривычно тихо: местные хорошо знают признаки очередной зачистки.",sdbr_end2:Уйти,
#END Sindrian Diktat Bar Raid event,,,,,,
,,,,,,
# SDTU step 1: Meeting Ram,,,,,,
sdtuStartInfo0,DialogOptionSelected,$option == sdtu_startInfo0,"BeginConversation ram
$option = sdtu_startInfo1 0
FireBest DialogOptionSelected",На связи появляется офицер Sindrian Fuel Company. Сначала вы узнаете форму подразделения комплаенса Совета по человеческим ресурсам. Потом узнаете его лицо.,,
sdtuStartInfo1a,DialogOptionSelected,$option == sdtu_startInfo1,"$option = sdtu_startInfo3 0
FireBest DialogOptionSelected","Не так давно вы были в баре космобродяг. Этот менеджер руководил рейдом, и его силовики избили дерганых посетителей почти до смерти, а остальных арестовали.

Какую игру он ведет, выходя на связь с вами? Он вообще помнит вас?

Должен помнить.",,
sdtuStartInfo1b,DialogOptionSelected,"$option == sdtu_startInfo1
$player.wasBeatenBySD","$option = sdtu_startInfo2 0
FireBest DialogOptionSelected","Не так давно вы были в баре космобродяг. Этот менеджер руководил рейдом, и его силовики избили дерганых посетителей почти до смерти, а остальных арестовали. Вы высказали ему все, что думаете, и за это он приказал вас избить.",,
sdtuRamProposal1,DialogOptionSelected,$option == sdtu_ramProposal1,FireAll SDTURamProposalResponses,"""Приветствую, капитан $playerName,"" - говорит $Rank Рам с отстраненной властностью. ""Я некоторое время наблюдал за вашей карьерой. Вы, мм, оказались в весьма удачном положении.""

""Мне нужно, чтобы вы помогли мне спасти Sindrian Fuel Company."" При этих словах он выдавливает болезненную улыбку, явно ожидая, что вы ответите тем же.",,
sdtuRamProposalResponse1,SDTURamProposalResponses,$player.commissionFactionId == sindrian_diktat,,,sdtu_ramRespCommission:Как сотрудник Топливная компания Синдрии - я обязан помочь.,
sdtuRamProposalResponse2,SDTURamProposalResponses,,,,sdtu_ramRespWhatWant:Что вам вообще может быть нужно от меня?,
sdtuRamProposalResponse3,SDTURamProposalResponses,,,,sdtu_ramRespRemember:Вы меня помните? Я вас помню.,
sdtuRamProposalResponse4,SDTURamProposalResponses,$player.wasBeatenBySD,,,sdtu_ramRespThugsBeat:Вы приказали своим головорезам меня избить. И теперь хотите моей помощи?,
sdtuRamProposalResponse5,SDTURamProposalResponses,$player.commissionFactionId != sindrian_diktat,,,sdtu_ramRespHateSD:Я ненавижу Топливная компания Синдрии. Я не хочу ее спасать.,
sdtuRamProposalResponse6,SDTURamProposalResponses,,,,sdtu_ramRespAllIn:Я в деле. С чего начинаем?,
sfc_sdtuRamProposalResponse7,SDTURamProposalResponses,$global.sfcMetRamEarly == true,,,sdtu_sfcramMannfred:Похоже - вы не приняли совет Маннфреда близко к сердцу.,
sdtuRamRespCommission,DialogOptionSelected,$option == sdtu_ramRespCommission,,"""Да-да,"" - Рам наклоняется вперед, и в его глазах проступает странный блеск.

""Вы ведь и сами видите: видение Филиппа Андрады искажено по сравнению со славными ранними днями. Советы Компании увязли в грызне и коррупции; наши флоты раздуты некомпетентными людьми, заводами управляют выродившиеся мародеры. Трудовые добродетели, что определяли нашу некогда великую Компанию, утрачены - мы должны вернуть их.""

""Верховный Экзекьютив уже не тот, а может, и вовсе мертв. Мы видим голозаписи, но кто скажет, настоящие ли они? Коррумпированные менеджеры используют ситуацию в личных интересах, поэтому именно нам - фронтовым сотрудникам, верным Мечте, знающим Hard Work and Honest Labor, - предстоит спасти Компанию!""",sdtu_ramAndThen1:Продолжить,
sdtuRamRespWhatWant,DialogOptionSelected,$option == sdtu_ramRespWhatWant,,"""Sindrian Fuel Company сбилась с курса,"" - говорит Рам, наклоняясь вперед; в его глазах появляется странный блеск.

""Верховный Экзекьютив больше не стоит у штурвала государства; да, голозаписи с его лицом появляются, но их можно подделать. Даже так называемые 'публичные' появления уже нельзя принимать на веру. Очевидно, советы скатились в междоусобицу и корыстную коррупцию, менеджеры заняты лишь личной выгодой и жадностью.""

""Без подлинного видения Верховного Экзекьютива центр не удержится. Сейчас правят коррумпированные менеджеры, которыми манипулируют теневые силы, финансируемые нашими врагами. Нужно действовать!""",sdtu_ramAndThen1:Продолжить,
sdtuRamRespRemember,DialogOptionSelected,$option == sdtu_ramRespRemember,,"""Я знал, кто вы, еще до того как вошел в тот бар, да,"" - с самодовольной ухмылкой говорит Рам.

""Я не просто форма. Да, я исполняю приказы, но уже давно наблюдаю за происходящим. Я общаюсь с единомышленниками-менеджерами, верными мечте Андрады, знающими Hard Work and Honest Labor нашей борьбы.""

Рам наклоняется вперед; в его глазах появляется странный блеск. ""Очевидно, Sindrian Fuel Company прогнила. Вы правда думаете, Андрада все еще реально командует? Когда советы погрязли в корыстной междоусобице? Он бы этого не допустил. Времена изменились. Он скорее умер бы, чем позволил своему видению превратиться в... в это бесчестье! Нужно действовать!""",sdtu_ramAndThen1:Продолжить,
sdtuRamRespThugsBeat,DialogOptionSelected,$option == sdtu_ramRespThugsBeat,,"""Вы выжили,"" - говорит Рам с едва заметной ноткой жестокого удовлетворения. ""Вы выживший, да? Теперь вы сильнее, потому что преодолели это. Как говорил Верховный Экзекьютив: 'Подарок боли - ясность'.""

""Понимаете, тогда я лишь исполнял роль в великой башне власти, необходимой для порядка. Если бы в той форме в тот день был не я, был бы кто-то другой."" Рам наклоняется вперед; в глазах появляется странный блеск. ""Разве не видите? Это больше, чем вы или я. Сдержите звериный инстинкт и слушайте.""

""Sindrian Fuel Company дрейфует без лидера. Вы правда думаете, Андрада реально командует, когда советы утонули в междоусобице и корыстной коррупции? Он бы этого не допустил. Он скорее умер бы, чем позволил своему видению дойти до такого! Нужно действовать!""",sdtu_ramAndThen1:Продолжить,
sdtuRamRespHateSD,DialogOptionSelected,$option == sdtu_ramRespHateSD,,"""Именно,"" - Рам наклоняется вперед, и в его глазах появляется странный блеск.

""Она стала отвратительной, не так ли? Ничего общего с ранними днями, когда Hard Work and Honest Labor были не просто броским лозунгом. Курс государства сбился! Очевидно, Верховный Экзекьютив Андрада уже не у штурвала, он больше не ведет нас по-настоящему. Трагично, не так ли? Великий человек доведен до этого слабым здоровьем и плохими менеджерами. Очевидно, хоть и не произносится вслух, что советы погрязли в междоусобице и корыстной коррупции.""

""Великая башня власти, тот великий человек, что когда-то давал миру порядок... все рушится. Нужно действовать!""",sdtu_ramAndThen1:Продолжить,
sdtu_sfcRamRespMannfred,DialogOptionSelected,$option == sdtu_sfcramMannfred,unset $global.sfcMetRamEarly,"""Поведение Грегори Маннфреда отлично показывает, насколько глубоко зашла гниль в Sindrian Fuel Company,"" - замечает Рам, сужая глаза.

""Если такие люди, как он, могут вести себя настолько недопустимо, это значит, как далеко мы пали. Лозунг 'Hard Work and Honest Labor' осквернен теми, кто предпочитает тратить время на пьянство до одури! Раньше такого бы не допустили, и теперь этого тоже не допустят!""

""Величие нашего руководства поражено паразитами! И я не могу спокойно на это смотреть!""",sdtu_ramAndThen1:Продолжить,
sdtuRamWrapB,DialogOptionSelected,$option == sdtu_ramWrap,"$option = sdtu_ramStartMission 0
FireBest DialogOptionSelected","Он хочет устроить какую-то тайную встречу. Неясно, законны ли его действия внутри Компании, и неясно, какую именно игру между конкурирующими советами это отражает.

Было бы разумно иметь скрытое оружие и голорек-установку, чтобы записать любую измену, шантаж или иную схему, которую может затевать Рам. Не составит труда также держать отряд элитных морпехов в готовности к невидимому сигналу.",,
sdtuRamStartMission,DialogOptionSelected,$option == sdtu_ramStartMission,"$global.sdtu_ramDidProposal = true
BeginMission sfctu
Call $global.sdtu_ref updateData
ShowDefaultVisual
EndConversation NO_CONTINUE
FireAll PopulateOptions",Вы обдумываете варианты дальнейших действий в этой ситуации.,,
#END SDTU step 1: Meeting Ram,,,,,,
,,,,,,
# SDTU step 2: Volturn safehouse,,,,,,
sdtuRamSafehouse0,DialogOptionSelected,$option == sdtu_ramSafehouse0,ShowLargePlanet,"С вспышкой логотипа Sindrian Fuel Company шаттл получает навигационные указания от орбитального диспетчера. Перед вами висят вихри штормов и реки облаков над сияющим волтурнским морем. Ниже начинают проступать огни плавучих поселений, обширные фермерские купола и временные добывающие платформы.",sdtu_ramSafehouse1:Продолжить,
sdtuRamSafehouse1,DialogOptionSelected,$option == sdtu_ramSafehouse1,ShowDefaultVisual,"Шаттл входит в атмосферу с едва уловимым изменением вибраций корпуса.

По мере снижения блестящие огни и отражения искусственных сооружений складываются в резкий контраст: с одной стороны - сверкающие башни, безупречные туристические аркологии и даже знаменитый на весь сектор Volturnian Lobster Garden. С другой - россыпи мусора, дымовые шлейфы перерабатывающих заводов, нефтяные разводы у добывающих платформ, хвосты отбросов за переполненными жилыми секциями.

Компания позволяет этому нерегулируемому смешению бизнеса существовать, пока оно продолжает приносить дивиденды.",sdtu_ramSafehouse2:Продолжить,
sdtuRamSafehouse3,DialogOptionSelected,$option == sdtu_ramSafehouse3,"BeginConversation ram
unset $market.sdtu_meetRamOnVolturn","Головорез из комплаенса в гражданской одежде - по манере поведения его не перепутать - открывает дверь, неодобрительно оглядывает вас, забирает кобурное оружие и ведет по металлической лестнице в темную внутреннюю комнату ниже уровня улицы.

Янник Рам сидит за дешевым столом для переговоров и жестом отпускает охранника. Дверь с глухим стуком закрывается за вами; по весу кажется, что она бронирована или экранирована.

""Капитан, капитан. Я так рад, что вы присоединились ко мне. Нам многое обсудить, многое сделать,"" - Рам поднимается с холодной улыбкой.",sdtu_ramSafehouse4:Продолжить,
sdtuRamSafehouse4,DialogOptionSelected,$option == sdtu_ramSafehouse4,"SetTextHighlights ""Oxana Hyder""
FireAll SDTURamSafehouseReactions","""Если кратко: план - и мои товарищи-патриоты со мной согласны - состоит в том, чтобы испытать и спровоцировать лидеров трех силовых ветвей Sindrian Fuel Company. Либо они докажут верность видению Верховного Экзекьютива, Льва Синдрии Филиппа Андрады, либо покажут себя трусливыми коррумпированными предателями, которых нужно устранить ради сохранения мечты Андрады.""

""Сначала силы безопасности. Формально исполнительный менеджер Совета безопасности и вооружений отвечает за них, но он лежит в полубессознательном состоянии в клинике на Синдрии. Верховный Экзекьютив должен был заменить его еще цикл назад, но,"" Рам делает выразительную паузу, ""не сделал этого.""

""На его месте вице-исполнительный менеджер Оксана Хайдер командует Оборонительной армадой системы Аскония. Она... лишена воображения, и я подозреваю, что она сожалеет о том, что покинула Гегемонию после битвы при Салусе.""",,
sdtuRamSafehouseReaction0,SDTURamSafehouseReactions,!$did_ramSafehouse5,,,sdtu_ramSafehouse5:Пока держаться спокойно; дать ему говорить дальше,
sdtuRamSafehouseReaction0b,SDTURamSafehouseReactions,$did_ramSafehouse5,,,sdtu_ramSafehouse6:Дать ему еще немного поговорить,
sdtuRamSafehouseReactionSFC,SDTURamSafehouseReactions,!$did_ramSafehouseSFC,,,sdtu_ramSafehouseSFC:Спросить Рама о других советах Компании,
sdtuRamSafehouseReaction1,SDTURamSafehouseReactions,"$player.sdtu_gotWeapon
!$player.sdtu_weaponNone
!$player.sworeRevengeOnRam
!$did_weapon_prep",,,sdtu_ramSafehouse4prepWeapon:Хватит разговоров; подготовить оружие,
sdtuRamSafehouseReaction2,SDTURamSafehouseReactions,"$player.sdtu_gotWire
!$didHolorecCheck",,,sdtu_ramSafehouse4holorecCheck:Пусть говорит; убедиться - что голорек пишет все,
sdtuRamSafehouseReaction3,SDTURamSafehouseReactions,"$player.sdtu_gotWeapon
$player.sworeRevengeOnRam
!$player.sdtu_weaponNone
!$did_weapon_prep",,,sdtu_ramSafehouse4prepWeaponRevenge:Подготовить оружие - пока он увлечен собой,
sdtuRamMakeshift0,SDTURamSafehouseReactions,"!$player.sdtu_gotWeapon
$did_marines
!$did_makeshiftWeapon
!$did_weapon_prep",,,sdtu_ramSafehouse4makeshift:Попробовать найти импровизированное оружие - пока он отвлекся,
sdtuRamMakeshift1,SDTURamSafehouseReactions,"$player.sdtu_weaponNone
$player.sworeRevengeOnRam
!$did_makeshiftWeapon",,,sdtu_ramSafehouse4makeshift:Попробовать найти импровизированное оружие - пока он отвлекся,
sdtuRamSafehouseReactionSFC1,DialogOptionSelected,$option == sdtu_ramSafehouseSFC,"$did_ramSafehouseSFC = true 0
FireAll SDTURamSafehouseReactions","""Другие советы?"" - Рам пренебрежительно повторяет ваши слова. ""Что с ними? Они не более чем подхалимы, подпевалы и прочие подобные. Они следуют за теми, кто у власти, и никогда не осмелятся выступить против сильных.""

Капитан издает мрачный смешок. ""Как только гниль в верхушке будет вычищена, остальное встанет в строй само. Корысть тех, кто надеется присосаться к славе Верховного Экзекьютива, будет приведена к порядку. В конце концов, что ученые, рекламщики и рабочие могут противопоставить военной силе?""",,
sdtuRamSafehouseReaction4,SDTURamSafehouseReactions,"$player.sdtu_gotMarines
!$did_marines",,,sdtu_ramMarines:Вызвать отряд морпехов,
sdtuRamSafehouseReactionA,DialogOptionSelected,$option == sdtu_ramSafehouse4prepWeapon,"$option = sdtu_ramSafehouse4prepWeaponRevenge 0
FireBest DialogOptionSelected",,,
sdtuRamSafehouseReactionB,DialogOptionSelected,$option == sdtu_ramSafehouse4makeshift,$did_makeshiftWeapon = true 0,"Ваш взгляд мечется по комнате в поисках чего-нибудь полезного. Сам стол сделан из легкого металла и пластика, как и складные стулья. Массы у них недостаточно, чтобы использовать как дубину.

Свет дают несколько быстро выдыхающихся отрывных светополос; бесполезно. В тенях комнаты вы замечаете несколько бочек для хранения жидкости - вода? - и пару ручных грузовых контейнеров. Мягкая обивка, закругленные углы для безопасности в невесомости.

У Рама на поясе пистолет. Ему хватит мгновения, чтобы его выхватить. Или если бы он подошел к вам ближе...",sdtu_ramSafehouse5:Продолжить,
sdtuRamSafehouseReactionC,DialogOptionSelected,$option == sdtu_ramSafehouse4holorecCheck,$didHolorecCheck = true 0,"Пока Рам отвлечен тем, что расхаживает и разглагольствует, вы украдкой смотрите на датапад. Голорек показывает полностью зеленый статус, но сигнал, похоже, быстро деградирует. Должно быть, здесь есть какие-то помехи - автоматический блок подавления сигнала в убежище?

Сработает ли у Рама тревога, если продолжать передачу?","sdtu_ramSafehouseHolorecOn:Продолжать передачу; больше компромата - больше рычагов давления
sdtu_ramSafehouseHolorecOff:Отключить передачу; писать во внутреннюю память - чтобы не поднять тревогу",
sdtuRamSafehouseReactionC1,DialogOptionSelected,$option == sdtu_ramSafehouseHolorecOn,"$option = sdtu_ramSafehouse5 0
FireBest DialogOptionSelected",,,
sdtuRamSafehouseReactionC2,DialogOptionSelected,$option == sdtu_ramSafehouseHolorecOff,"$option = sdtu_ramSafehouse5 0
FireBest DialogOptionSelected",,,
sdtuRamSafehouseReactionC3,DialogOptionSelected,"$did_ramSafehouse5
$option == sdtu_ramSafehouseHolorecOn","$option = sdtu_ramSafehouse6 0
FireBest DialogOptionSelected",,,
sdtuRamSafehouseReactionC4,DialogOptionSelected,"$did_ramSafehouse5
$option == sdtu_ramSafehouseHolorecOff","$option = sdtu_ramSafehouse6 0
FireBest DialogOptionSelected",,,
sdtuRamSafehouseReactionD,DialogOptionSelected,$option == sdtu_ramSafehouse4prepWeaponRevenge,"$did_weapon_prep = true 0
FireBest SDTURamWeaponCheck","Легким движением вы нащупываете обнадеживающую тяжесть выбранного оружия. Рам ничего не замечает, поглощенный собственным монологом.",,
sdtuRamSafehouseReactionD1,SDTURamWeaponCheck,$player.sdtu_weaponGrenade,,Вы незаметно вкладываете одну из гранат в ладонь и фиксируете большим пальцем.,sdtu_ramSafehouse5:Продолжить,
sdtuRamSafehouseReactionD2,SDTURamWeaponCheck,$player.sdtu_weaponPistol,,"Вы вытаскиваете крошечный пистолет из тайника, будто просто разминаете плечи. Теперь он лежит у вас на коленях, прикрытый скрещенной рукой.",sdtu_ramSafehouse5:Продолжить,
sdtuRamSafehouseReactionD3,SDTURamWeaponCheck,$player.sdtu_weaponKnife,,"Вы вытаскиваете вибронож из тайника, будто потягиваетесь. Теперь он спрятан в манжете формы, готовый к мгновенному извлечению и активации.",sdtu_ramSafehouse5:Продолжить,
sdtuRamSafehouseReactionD4,SDTURamWeaponCheck,$player.sdtu_weaponSpray,,"Вы поправляете манжеты формы, чтобы смертоносный распылитель гарантированно попал в цель, и напрягаете кисть в ожидании момента.",sdtu_ramSafehouse5:Продолжить,
sdtuRamSafehouseReactionD5,SDTURamWeaponCheck,$player.sdtu_weaponWire,,"Вы потираете руки, поворачивая фальшивый кончик пальца как надо. Смертоносная мономолекулярная нить готова вылететь от одного взмаха кисти.",sdtu_ramSafehouse5:Продолжить,
sdtuRamSafehouseReactionD6,SDTURamWeaponCheck,$player.sdtu_weaponSword,,"Вы проводите по штанине формы, будто стряхивая воображаемую пыль, ослабляя защитный фиксатор, удерживающий меч в ножнах. Мышцы напрягаются: вы готовы выхватить сталь одним движением.",sdtu_ramSafehouse5:Продолжить,
sdtuRamSafehouseReactionE,DialogOptionSelected,$option == sdtu_ramMarines,$did_marines = true 0,"Вы шепотом произносите кодовое слово, пока Рам продолжает разглагольствовать.

Ничего. Вы касаетесь наушника, делая вид, что чешете ухо, и чувствуете короткий вибросигнал об обрыве связи.

Должны быть активные помехи. Эта защищенная система связи безумно переоценена даже для умеренно укрепленной военной обороны. Значит, Рам использует весьма продвинутый автоматический блок контрсигнала. Уведомит ли он Рама о вашей попытке выйти на связь?

Судя по его виду, хоть он и взвинчен, ничего не изменилось.",sdtu_ramMarinesA:Продолжить,
sdtuRamSafehouseReactionE1,DialogOptionSelected,$option == sdtu_ramMarinesA,"$option = sdtu_ramSafehouse5 0
FireBest DialogOptionSelected",,,
sdtuRamSafehouseReactionE2,DialogOptionSelected,"$did_ramSafehouse5
$option == sdtu_ramMarinesA","$option = sdtu_ramSafehouse6 0
FireBest DialogOptionSelected",,,
sdtuRamSafehouse5,DialogOptionSelected,$option == sdtu_ramSafehouse5,"SetTextHighlights ""Horacio Caden""
$did_ramSafehouse5 = true 0
FireAll SDTURamSafehouseReactions","""Далее - Великий Верховный Заместитель Экзекьютива Орасио Каден. По декрету Андрады он второй после Верховного Экзекьютива и командует Львиной Гвардией, поклявшейся защищать Филиппа Андраду и целостность его великого видения.""

Рам стискивает челюсть; теперь в нем уже явно кипит злость. ""Каден очевидно провалился. Он догматичный простак, повторяющий слова Льва, не чувствуя их, не понимая их! Он не знает ИСТИННОГО Hard Work and Honest Labor!""

Капитан Рам почти кричит в потолок. Словно обращается к Кадену и прочим заблудшим последователям Sindrian Fuel Company.",,
sdtuRamSafehouse6revenge,DialogOptionSelected,"$option == sdtu_ramSafehouse6
$player.sworeRevengeOnRam == true","SetTextHighlights ""Dolos Macario""
SetStoryOption sdtu_ramSafehouse7sp general ""Схватили инспектора Синдрийской топливной компании, пока его что-то отвлекло.""
SetTooltip sdtu_ramSafehouse7sp ""Ударьте сейчас - это может быть ваш единственный шанс отомстить.""","Глухой удар.

Громила Рама что-то уронил? Но по тяжести двери похоже, что для звука, который был бы слышен здесь, потребовалась бы куда большая сила.

""... Что подводит нас к Экзекьютив-менеджеру Долосу Макарио,"" - продолжает Рам, почти выплевывая слова, ""главе Совета по человеческим ресурсам, частью которого я, разумеется, являюсь. Никогда не было более...""

Рам прерывает тираду, поднося руку к уху. Он поворачивается к вам с недоуменным выражением.","sdtu_ramSafehouse7:Продолжить
sdtu_ramSafehouse7sp:Использовать отвлечение и атаковать Рама",
sdtuRamSafehouse6,DialogOptionSelected,"$option == sdtu_ramSafehouse6
$player.sworeRevengeOnRam == false","SetTextHighlights ""Dolos Macario""","Глухой удар.

Громила Рама что-то уронил? Но по тяжести двери похоже, что для звука, который был бы слышен здесь, потребовалась бы куда большая сила.

""... Что подводит нас к Экзекьютив-менеджеру Долосу Макарио,"" - продолжает Рам, почти выплевывая слова, ""главе Совета по человеческим ресурсам, частью которого я, разумеется, являюсь. Никогда не было более...""

Рам прерывает тираду, поднося руку к уху. Он поворачивается к вам с недоуменным выражением.",sdtu_ramSafehouse7:Продолжить,
sdtuRamSafehouse7revenge,DialogOptionSelected,$option == sdtu_ramSafehouse7sp,Call $global.sdtu_ref endMusic,"Вы бросаетесь на Рама в тот же миг, как дверь вспыхивает и распахивается; гул ударной волны бьет в тело, в ушах звенит.

Застигнутые врасплох, вы едва успеваете схватить Рама, когда внутрь врываются размытые тени. Мерцают целеуказатели, стволы накрывают и вас, и Рама. Сквозь оседающую пыль выходит человек в длинном черном плаще поверх безупречной черной формы.

Даже удерживаемый вами, Рам лишь таращится на человека в черном; к счастью, на этот раз он теряет дар речи.",sdtu_ramSafehouse8revenge:Продолжить,
sdtuRamSafehouse8revenge,DialogOptionSelected,$option == sdtu_ramSafehouse8revenge,"Call $global.sdtu_ref shootEm
EndConversation DO_NOT_FIRE
HideVisual","Пистолет в руке этого человека коротко рявкает один раз.

Тело Янника Рама внезапно тяжелеет и выскальзывает из вашей хватки на пол, мертвое.",sdtu_ramSafehouse9:Продолжить,
sdtuRamSafehouse9,DialogOptionSelected,$option == sdtu_ramSafehouse9,"BeginConversation macario
Call $global.sdtu_ref playMusicMacario
FireBest SDTURamMacarioResponse
$player.metMacario = true
SetPersonHidden macario false","""Капитан $playerName,"" - говорит Долос Макарио, глава Совета Компании по человеческим ресурсам, лично.

Паук Синдрии - так его называют; тот, кто прячется в тени Льва, подвешивает врагов на крюк, вытягивает из них секреты и заставляет страдать, прежде чем они ""исчезнут"". Если верить слухам.

Оружие Макарио теперь направлено на вас.

""Какая неловкая первая встреча."" Он смотрит вниз, затем снова поднимает взгляд, улыбаясь как труп. ""Мои нижайшие извинения.""",,
sdtuRamSafehouse11,SDTURamSafehouse11,,FireAll SDTUMacarioIntroHub,"""Капитан Рам был предателем и встретил конец, которого заслуживают все предатели,"" - Макарио откидывается на дешевом складном стуле, задумчивый.

""Смущенно признаю: в общих чертах он был прав в своей оценке текущего состояния нашей дорогой Sindrian Fuel Company. И его план вполне разумен.""

""Я решил привести его в действие - при вашем содействии.""",,
sdtuMacrioIntroHubG,SDTUMacarioIntroHub,"$askedWhatPlan
$askedForMe
$askedWhyWant",,,sdtu_safehouseWrap1:Понял. Что именно нужно сделать? Гипотетически.,
#sdtuMacrioIntroHubAfriendly,SDTUMacarioIntroHub,"!$askedWhatPlan
RepGTE $faction.id WELCOMING",,,sdtu_macIntroWhatPlan:Какой еще план? Рам говорил об измене.,
sdtuMacrioIntroHubB,SDTUMacarioIntroHub,!$askedForMe,,,sdtu_macIntroForMe:А мне с этого что?,
sdtuMacrioIntroHubCa,SDTUMacarioIntroHub,"!$askedWhyWant
$player.commissionFactionId == sindrian_diktat",,,sdtu_macIntroWhyHelp:Почему вы вообще так мне доверяете?,
sdtuMacrioIntroHubCb,SDTUMacarioIntroHub,"!$askedWhyWant
$player.commissionFactionId != sindrian_diktat",,,sdtu_macIntroWhyHelp:С чего бы мне вообще вам помогать?,
#sdtuMacrioIntroHubAneutral,SDTUMacarioIntroHub,"!$askedWhatPlan
#RepLTE $faction.id FAVORABLE
#RepGTE $faction.id NEUTRAL",,,sdtu_macIntroWhatPlan:Какой план? Он нес бессвязный бред.,
#sdtuMacrioIntroHubAhostile,SDTUMacarioIntroHub,"!$askedWhatPlan
RepLTE $faction.id SUSPICIOUS",,,sdtu_macIntroWhatPlan:Какой план? Этот безумный поток?,
sdtuMacrioIntroHubA2,SDTUMacarioIntroHub,"$askedWhatPlan
!$askedGazeOut",,,sdtu_macIntroGazeOut:Что вы имеете в виду под фразой 'обратить взор вовне'?,
sdtuMacrioIntroHubA3,SDTUMacarioIntroHub,"$askedWhatPlan
!$askedAndradaKnow",,,sdtu_macIntroAndradaKnow:Андрада знает об этом плане?,
sdtuMacrioIntroHubA4,SDTUMacarioIntroHub,"$askedWhatPlan
!$askedYouTraitor",,,sdtu_macIntroYouTraitor:Разве этот заговор не делает предателем вас?,
sdtuMacrioIntroHubA5,SDTUMacarioIntroHub,"$askedGazeOut
!$askedAmbition",,,sdtu_macIntroAmbition:Вы человек с... амбициями?,
sdtuMacrioIntroHubD,SDTUMacarioIntroHub,!$saidAnswerEarly,,,sdtu_macIntroAnswerNo:Ответ - 'нет'.,
sdtuMacrioIntroHubE,SDTUMacarioIntroHub,"!$saidAnswerEarly
$player.commissionFactionId != sindrian_diktat",,,sdtu_macIntroCourseLie:Разумеется. Я живу - чтобы служить Топливная компания Синдрии. (ложь),
sdtuMacrioIntroHubF,SDTUMacarioIntroHub,"!$saidAnswerEarly
$player.commissionFactionId == sindrian_diktat",,,sdtu_macIntroCourseTrue:Разумеется. Я живу - чтобы служить Топливная компания Синдрии.,
sdtuMacIntroYouTraitor,DialogOptionSelected,$option == sdtu_macIntroYouTraitor,"$askedYouTraitor = true 0
FireAll SDTUMacarioIntroHub","""Разумеется, нет,"" - Макарио говорит так, будто сама мысль его почти раздражает.

""Власть проистекает из силы,"" - поясняет он. ""После того как я обеспечу будущее Компании, предателями будут лишь те, кто выступит против меня.""",,
sdtuMacIntroWhatPlan,DialogOptionSelected,$option == sdtu_macIntroWhatPlan,"$askedWhatPlan = true 0
FireAll SDTUMacarioIntroHub","Макарио тонко улыбается.

""План достаточно прост. В свете грядущего... перехода Верховного Экзекьютива нам необходимо выкорчевать предательство и коррупцию на самом верху - то есть, разумеется, в тех ветвях государства, что проецируют насилие: в силах безопасности, в лице Оксаны Хайдер, и во Львиной Гвардии, в лице Орасио Кадена.""

""За надежность собственного совета, разумеется, отвечаю я,"" - он жестом указывает на труп Рама.

""Когда средства силы будут очищены от предателей, они выжгут гниль, укоренившуюся в Великой Мечте: так называемое вольтурнийское сопротивление и двойную язву - упорство Нортии и Умбры в нежелании признать нашу мощь. Как только наша база силы в Асконии будет консолидирована, Компания сможет обратить взор вовне.""",,
sdtuMacIntroGazeOut,DialogOptionSelected,$option == sdtu_macIntroGazeOut,"$askedGazeOut = true 0
FireAll SDTUMacarioIntroHub","""Вы не могли занять свое положение, не понимая, что такое амбиция, капитан."" Макарио пронзает вас ледяным взглядом. ""Вы лучше многих знаете: амбиции будут атаковать со всех сторон люди помельче - либо из грубого невежества, либо из вырожденческих идеологий.""

""Сектор в смуте. Представьте, если бы его мощь и ресурсы были сфокусированы видением человека с... амбицией.""",,
sdtuMacIntroAndradaKnow,DialogOptionSelected,$option == sdtu_macIntroAndradaKnow,"$askedAndradaKnow = true 0
$global.knowsMacarioThinksAndradaIrrelevant = true
FireAll SDTUMacarioIntroHub","""Этот вопрос уже не имеет значения,"" - взгляд Макарио твердеет. ""Теперь вопрос в том, кто готов продолжать дело от его имени.""

Вы можете сделать только один вывод: там, где должен быть Андрада, образовался вакуум власти. Публичных объявлений о смерти или болезни не было, но Sindrian Fuel Company жестко контролирует информационную сферу - и никогда не демонстрирует слабость.",,
sdtuMacIntroAndradaAmbition,DialogOptionSelected,$option == sdtu_macIntroAmbition,"$askedAmbition = true 0
FireAll SDTUMacarioIntroHub","Макарио, не моргая, выглядит едва заметно довольным вашим вопросом.

""Кто-то должен. Филипп это понимал, в свое время.""",,
sdtuMacIntroForMe,DialogOptionSelected,$option == sdtu_macIntroForMe,"$askedForMe = true 0
AddCredits 40000
AddRemoveAnyItem WEAPONS kineticblaster 3
FireAll SDTUMacarioIntroHub","""Влияние, кредиты, передовые корпуса кораблей, экспериментальное оружие... и, разумеется, столько топлива, сколько выдержит ваш флот!""

Макарио широко разводит руки, словно поток щедрости, затем на мгновение шепчет что-то в манжету.

""Это небольшой аванс, чтобы я был уверен: ваше внимание останется при мне до конца нашей беседы.""

Через секунды на вашем личном канале раздается удивленный доклад квартирмейстера.",,
sdtuMacIntroAnswerNo,DialogOptionSelected,$option == sdtu_macIntroAnswerNo,"$saidAnswerEarly = true 0
FireAll SDTUMacarioIntroHub","""Неужели меня подводит слух, дорогой капитан?"" - Макарио изображает разочарование.

""Прошу вас, давайте закончим нашу милую беседу. А потом можно будет все обдумать, мм?""",,
sdtuMacIntroAnswerCourseLie,DialogOptionSelected,$option == sdtu_macIntroCourseLie,"$player.ethosLiar++
$saidAnswerEarly = true 0
FireAll SDTUMacarioIntroHub","""Лжец,"" - с ликованием говорит Макарио. ""И совершенно идеальный! Вы демонстрируете именно ту смелую двуличность, которая мне нужна.""",,
sdtuMacIntroAnswerCourseTrue,DialogOptionSelected,$option == sdtu_macIntroCourseTrue,"$saidAnswerEarly = true 0
FireAll SDTUMacarioIntroHub","""Как любопытно,"" - говорит Макарио, будто самому себе. ""Но умерли бы вы ради службы Компании? Нет-нет, не отвечайте. Слишком личный вопрос.""

""К тому же,"" - добавляет он, ""мне нужно, чтобы вы жили. Поэтому вы и живы."" Он улыбается жуткой улыбкой.",,
sdtuMacIntroWhyHelp,DialogOptionSelected,$option == sdtu_macIntroWhyHelp,"$askedWhyWant = true 0
FireBest SDTUMacIntroReasoning
FireAll SDTUMacarioIntroHub","""Интересный вопрос, капитан.""",,
sdtuMacReasonDiktatCom,SDTUMacIntroReasoning,$player.commissionFactionId == sindrian_diktat score:2,,"""Как обладатель комиссии Sindrian Fuel Company, вы уже поклялись защищать великую мечту Верховного Экзекьютива!""

""Хайдер и Каден с большей вероятностью вам доверятся,"" - говорит Макарио, проводя языком по зубам, ""- и поверят, что вы разделяете те мотивы, что таятся в их сердцах. А их мы и выясним.""",,
sdtuMacReasonMayasura,SDTUMacIntroReasoning,$player.commissionFactionId == mayasura score:2,"SetTextHighlights ""Mayasurans""","""Почему? Да потому, что вы работаете на этих опьяненных местью маньяков, майясуранцев!""

""Скандальный народ, не правда ли? Их били и Путники, и Гегемония, а они все равно продолжают переть вперед ради жажды реванша. Такая одержимость одной целью: строить все больше и больше, не думая, как это вообще поддерживать.""

""Я и сам участвовал в рискованных предприятиях, но ставить на эту лошадь - верный путь к трагедии. Разумеется, куда лучше направить вашу энергию на помощь мне; и выгоды будет больше.""",,
sdtuMacReasonUAF,SDTUMacIntroReasoning,$player.commissionFactionId == uaf score:2,"SetTextHighlights ""United Auroran Federation""","""Почему? Да потому, что вы работаете на этих пришельцев извне, United Auroran Federation!""

""Если хотя бы половина их фантастических заявлений правдива, то такая фракция заслуживает куда большего, чем мимолетный интерес. Уже сейчас они угрожают хрупкому балансу Персеанского Сектора, держа всех в напряжении. Но такой хаос - это ведь возможность, не так ли?""

""Взоры Компании уже обращены к этим вещам. Возможно, не настолько, чтобы это заметил обычный посторонний, но человек ваших навыков может найти путь сквозь эту отвлеченную оборону.""",,
sdtuMacReasonKween,SDTUMacIntroReasoning,$player.sfcgotsuperiapetus score:2,"$sfcMacarioMentionedIapetus = true
SetTextHighlights ""Yunris Kween""","""Вы правда думаете, что ваша работа с главной исследовательницей Юнрис Квин прошла бы мимо моего внимания?"" - говорит Макарио с жутковатой улыбкой.

""Квин - вольнодумец внутри Компании, продвигает собственные желания, и все же... она дает результат. Если вы пришлись ей по душе, было бы глупо не увидеть, насколько вы можете быть полезны мне.""

""Раз уж вы привыкли марать руки, в работе со мной вы вряд ли увидите проблему.""",,
sdtuSafehouseWrap1,DialogOptionSelected,$option == sdtu_safehouseWrap1,,"""Вы начинаете понимать,"" - говорит Макарио. ""Хорошо.""

""Я передам вам досье. Оно касается офицера под командованием вице-экзекьютив-менеджера Хайдер, которому она приказала встретиться с контрабандистом для закупки вооружений. А это, разумеется, измена.""

""Хайдер считает, что должна обходить бюрократию, чтобы поддерживать боеспособность Оборонной Армады. Она права; Львиная Гвардия забирает львиную долю,"" - он издает странный приглушенный звук, довольный собственной шуткой, ""- бюджета закупок сил безопасности. Это дает нам окно возможностей; рычаг давления.""",sdtu_safehouseWrap2:Продолжить,
sdtuSafehouseWrap2,DialogOptionSelected,$option == sdtu_safehouseWrap2,,"""Перехватите этого офицера. Арестуйте. Или убейте при сопротивлении; хоть флот уничтожьте и оставьте себе контрабандное оружие - мне безразлично. Я постфактум обеспечу, чтобы вас считали, в худшем случае, случайно оказавшим услугу Компании.""

""Цель - выманить Хайдер. Я позабочусь, чтобы она узнала: за перехватом стояли вы. Из-за чувствительности вопроса она захочет сама вас найти и устранить.""

Макарио получает от этого удовольствие; это видно. Он этим живет.",sdtu_safehouseWrap3:Продолжить,
sdtuSafehouseWrap3,DialogOptionSelected,$option == sdtu_safehouseWrap3,"$global.sdtu_interceptFleet = true
Call $global.sdtu_ref updateStage
FireAll SDTUSafehouseWrapHubOpt","""Вот ваше окно. Представьтесь действующим по моему приказу в интересах Компании или поставщиком оружия, желающим заменить ее прежний контакт. Уверен, вы придумаете что-нибудь стоящее. Суть в том, что вы получите ее внимание - и ее уязвимость.""

""Выясните ее намерения: готова ли она к открытой измене или, если прижать, встанет на сторону меня - законной власти в грядущей борьбе. Ее соперничество с Каденом и Львиной Гвардией общеизвестно, так что это может стать хорошей осью для давления.""",,
sdtuSafehouseWrapAnswer4,DialogOptionSelected,$option == sdtu_macHyderTreason,RemoveOption sdtu_macHyderTreason,"""И бросить Sindrian Fuel Company в гражданскую войну? Когда она командует Армадой Обороны Системы?"" Макарио закатывает глаза. ""Вы себя слышите?""

""Время,"" - шипит он, ""время должно быть выбрано верно.""",,
sdtuSafehouseEndInterrupt,DialogOptionSelected,"$option == sdtu_safehouseEnd
RepLTE sindrian_diktat INHOSPITABLE",AdjustRep sindrian_diktat SUSPICIOUS 100,"""Ах,"" - Макарио поднимает палец. ""И еще кое-что, капитан.""

""Вы вели себя очень, очень плохо,"" - он грозит пальцем, отчитывая вас. ""Я улажу вопросы, чтобы вы могли действовать в пространстве Компании. Но вы должны пообещать вести себя прилично. Будете паинькой?""

Не дожидаясь ответа, он продолжает: ""Хорошо.""",sdtu_safehouseEnd:Продолжить,
sdtuSafehouseEnd,DialogOptionSelected,$option == sdtu_safehouseEnd,"FireAll SDTUSafehouseHolorecCheck
Call $global.sdtu_ref resumeMusic
EndConversation DO_NOT_FIRE
FireAll PopulateOptions
ShowDefaultVisual
unset player.sdtu_gotWire
unset player.sdtu_gotMarines","Вы выходите обратно на то, что здесь называют улицей, и поднимаете взгляд на одну из повсюду мерцающих голограмм Филиппа Андрады, Верховного Экзекьютива Sindrian Fuel Company. Вы пытаетесь представить Льва Синдрии пускающим слюни и бессмысленным, в глубине какого-то бункера-клиники, среди все более панических врачей.

Макарио похож на человека, который превращает способных подчиненных в инструменты, а амбициозных - в трупы. Но если пока играть по его правилам, он охотно выдает щедрые награды и доступ к самому сердцу грядущей борьбы за власть в Sindrian Fuel Company.",,
sdtuSafehouseHolorecCheck,SDTUSafehouseHolorecCheck,$player.sdtu_gotWire,,"Праздная мысль заставляет вас проверить память голорека. Ее взломали удаленно; ваш поток подменен старой рекламой Компании с участием Volturn-y the Volturnian Lobster. Маленькая шутка Макарио, надо полагать.",,
#END SDTU step 2: Volturn safehouse,,,,,,
,,,,,,
# SDTU step 3: Arrest patrol leader,,,,,,
sdtuTraitorPatrolOptionConfront,PopulateOptions,"$entity.sdtu_interceptFleet
!$sentWarrant
!$madeArrestClaim",,,sdtu_traitorPatrolUnderArrest1:Вы арестованы по приказу Экзекьютив-менеджера по человеческим ресурсам Долоса Макарио.,
sdtuPatrolAgainSaidArrest,PopulateOptions,"$entity.sdtu_interceptFleet
!$sentWarrant
$madeArrestClaim",,,sdtu_traitorPatrolUnderArrest1b:Я здесь - снова - чтобы арестовать вас по приказу Экзекьютив-менеджера по человеческим ресурсам Долоса Макарио.,
sdtuPatrolAgainDidWarrantOpen,OpenCommLink,"$entity.sdtu_interceptFleet
$madeArrestClaim
$sentWarrant",AdjustRepActivePerson VENGEFUL -50,"На этот раз $heOrShe готов$isOrAre.

""Вы вернулись! Настоящим я объявляю вас преступником и предателем за фальсификацию официальных документов, угрозы офицеру и попытку подорвать власть Верховного Экзекьютива.""

""Смерть в космосе для вас даже слишком милосердна, террористическая мразь."" $HeOrShe смотрит через $hisOrHer плечо и машет рукой. Канал связи обрывается, а вражеский флот перестраивается в атакующий порядок.",sdtu_patrolAgainDidWarrantOpen2:Разорвать связь,# sent warrant then fled
sdtuTraitorPatrolUnderArrest1,DialogOptionSelected,$option == sdtu_traitorPatrolUnderArrest1,"Call $global.sdtu_ref updateData
AdjustRepActivePerson VENGEFUL -20
$madeArrestClaim = true
FireAll SDTUPatrolOptions","""Абсурд!"" - раздраженно кричит $HeOrShe. ""Это вас следует арестовать за присвоение чужих полномочий и издевательство над Sindrian Fuel Company!""",,
sdtuPatrolOptionMutiny,SDTUPatrolOptions,$sentWarrant,"SetStoryOption sdtu_patrolConvinceMutiny general ""Убедили изменнический патруль Синдрийской топливной компании поднять бунт и выдать командира""
SetTooltip sdtu_patrolConvinceMutiny ""Воззвать к патриотизму и страху экипажа, чтобы захватить этого офицера без боя.""",,sdtu_patrolConvinceMutiny:Убедить $hisOrHer экипаж выдать $himOrHer без боя,
sdtuPatrolOptionHelpYou,SDTUPatrolOptions,$sentWarrant,"SetStoryOption sdtu_patrolForAPrice general ""Убедили изменнического командира патруля Синдрийской топливной компании заплатить вам за помощь в побеге от Макарио""
SetTooltip sdtu_patrolForAPrice ""Убедить $PersonName заплатить вам 10 000 кредитов. Вы высадите $himOrHer в нейтральной системе и сообщите, что $heOrShe погиб в бою.""
SetTooltipHighlights ""10 000 кредитов""",,sdtu_patrolForAPrice:Я могу помочь вам выбраться из этого... за цену.,
sdtuPatrolOptionOops,SDTUPatrolOptions,,,,cutCommLink:Упс - неверный ID связи. Мне пора.,# cutCommLinkNoText
sdtuTraitorPatrolWarrantReaction,DialogOptionSelected,$option == sdtu_traitorPatrolWarrantReaction,"$sentWarrant = true
FireAll SDTUPatrolOptions","Теперь вы видите настоящий страх на $hisOrHer лице. Репутация Макарио делает свое дело.

""Это... это может быть подделка. Это обязано быть подделкой,"" - глаза офицера Компании с рангом $rank мечутся в поисках выхода. ""Почему он послал именно вас?""",,
sdtuTraitorPatrolAskGoPeacefully,DialogOptionSelected,$option == sdtu_patrolAskSurrender,"$option = sdtu_patrolDemandSurrender 0
FireBest DialogOptionSelected",,,
sdtuTraitorPatrolDemandSurrenderA,DialogOptionSelected,"$option == sdtu_patrolDemandSurrender
$entity.relativeStrength >= 0",FireAll SDTUTraitorPatrolGoAggro,"Черты $hisOrHer лица сменяются одна за другой: отчаяние, предательство, печаль. Гнев, затем ярость.

""Нет,"" - рычит $heOrShe и отключает связь.

Флот противника принимает агрессивное построение.",,
sdtuTraitorPatrolDemandSurrenderB,DialogOptionSelected,"$option == sdtu_patrolDemandSurrender
$entity.relativeStrength < 0",FireAll SDTUTraitorPatrolGoAggro,"$HeOrShe жестоко смеется. ""С таким жалким $shipOrFleet вы еще смеете что-то требовать?""

""Это я увижу, как ваш флот сгорит! Настоящим я объявляю вас преступником и предателем за фальсификацию официальных документов, угрозы офицеру и попытку подорвать власть Верховного Экзекьютива.""

""Смерть в космосе для вас даже слишком милосердна, террористическая мразь."" $HeOrShe смотрит через $hisOrHer плечо и машет рукой. Канал связи обрывается, а вражеский флот перестраивается в атакующий порядок.",,
sdtuPatrolForAPrice,DialogOptionSelected,$option == sdtu_patrolForAPrice,"AddCredits 10000
ShowDefaultVisual
Call $global.sdtu_ref updateData
$global.sdtu_promisedToHelpPatrolLeader = true","$PersonRank $PersonName выслушивает ваше предложение и неохотно соглашается. Жизнь в бегах лучше, чем ""исчезнуть"" в одном из HR-кабинетов Макарио.

Вскоре приходит перевод кредитов, а с вражеского флагмана в сторону вашего $shipOrFleet запускается спаскапсула офицерского класса.

Ваш офицер связи прерывает вас, пока вы контролируете ""спасательную"" операцию.

""Капитан. Входящий приоритетный канал от флота Sindrian Fuel Company.""",sdtu_patrolForAPrice2:Открыть канал связи,
sdtuPatrolForAPrice2,DialogOptionSelected,$option == sdtu_patrolForAPrice2,"Call $global.sdtu_ref replacePatrolLeader
BeginConversation $sdtu_patrolSecond","Как раз этого вам и не хватало: еще одного офицера Компании.

""Флот-отступник,"" - рявкает выскочка-лейтенант, и это плохой знак для шансов договориться.

""Вы приняли спаскапсулу предателя, покинувшего свой пост, что является изменой воле Верховного Экзекьютива. Немедленно выдайте предателя или готовьтесь к абордажу!""

Ваш тактический офицер отмечает: построение патруля Компании, похоже, в полном раздрае.","sdtu_patrolForAPrice3b:Предатель здесь - это вы - и у меня есть документы - это подтверждающие!
sdtu_patrolForAPrice3c:Лейтенант - верно? Поздравляю с повышением.
sdtu_patrolForAPrice3d:Отключить связь.",
sdtuPatrolForAPrice3b,DialogOptionSelected,$option == sdtu_patrolForAPrice3b,"$option = sdtu_patrolForAPrice3d 0
FireBest DialogOptionSelected","Канал связи обрывается на том конце. Похоже, разговаривать они не настроены.",,
sdtuPatrolForAPrice3c,DialogOptionSelected,$option == sdtu_patrolForAPrice3c,"$option = sdtu_patrolForAPrice3d 0
FireBest DialogOptionSelected","Канал связи обрывается на том конце. Похоже, разговаривать они не настроены.",,
sdtuPatrolForAPrice3d,DialogOptionSelected,$option == sdtu_patrolForAPrice3d,"ShowDefaultVisual
AdjustRepActivePerson VENGEFUL -50
MakeOtherFleetHostile true
MakeOtherFleetAggressive true
$entity.ignorePlayerCommRequests = true
unset $entity.sdtu_interceptFleet
$global.sdtu_meetHyder = true
Call $global.sdtu_ref updateStage
Call $global.sdtu_ref tryMakeHyderImportant","Бывший командир флота Синдрийской Компании, похоже, покинул корабль, не сняв исполнительную блокировку. Им потребуется время, чтобы вернуть управление; Андрада сделал выводы из собственных уроков по мятежам.

Оторваться от них будет проще простого.

В конце концов, если их реакция хоть о чем-то говорит, вскоре у вас будет срочная встреча с вице-экзекьютив-менеджером Хайдер.",sdtu_patrolLeave:Нав - выводи нас отсюда.,
sdtuPatrolConvinceMutiny,DialogOptionSelected,$option == sdtu_patrolConvinceMutiny,"$global.sdtu_gotPatrolCrewToMutiny = true
ShowDefaultVisual","Вы приказываете офицеру связи передать ваше обращение по всем каналам: $PersonRank $PersonName - предатель в глазах Верховного Экзекьютива согласно ордеру, выданному вам его Экзекьютив-менеджером по человеческим ресурсам, Долосом Макарио.

Любой, кто поможет этому аресту, исполнит свой долг перед Sindrian Fuel Company. Любой, кто помешает, будет заклеймен предателем и пособником терроризма и получит обращение в духе практик Комплаенса.

С каждым словом вы видите на беззвучном канале, как $PersonRank $PersonName все сильнее злится - и одновременно теряет уверенность. В полной тишине вы замечаете, как $heOrShe бешено озирается и что-то кричит, чего вы не слышите, а затем руки из-за кадра хватают $himOrHer.

Канал на мгновение обрывается.",sdtu_patrolConvinceMutiny2:Продолжить,
sdtuPatrolConvinceMutiny2,DialogOptionSelected,$option == sdtu_patrolConvinceMutiny2,"Call $global.sdtu_ref replacePatrolLeader
BeginConversation $sdtu_patrolSecond","""Это старпом принимает командование этим флотом в связи с изменой предыдущего командира,"" - он почти скрывает ухмылку от узурпации своего начальника.

""Сейчас мы передадим предателя под вашу юрисдикцию для возвращения в Комплаенс на допрос, суд и казнь. Слава Льву Синдрии! Смерть предателям!""

Он отдает честь.","sdtu_patrolConvinceMutiny3:Уверен - такую верность не забудут - лейтенант.
sdtu_patrolConvinceMutiny3a:Эм - смерть предателям и вам тоже.",
sdtuPatrolConvinceMutiny3a,DialogOptionSelected,$option == sdtu_patrolConvinceMutiny3a,"$player.ethosSarcastic++
$option = sdtu_patrolConvinceMutiny3 0
FireBest DialogOptionSelected",,,
sdtuPatrolConvinceMutiny3,DialogOptionSelected,$option == sdtu_patrolConvinceMutiny3,"unset $entity.sdtu_interceptFleet
$global.sdtu_meetHyder = true
Call $global.sdtu_ref updateStage
ShowDefaultVisual
Call $global.sdtu_ref tryMakeHyderImportant","Старпом держит слово, и бывшего командира передают вам - не в цепях, но в толстых пластиковых стяжках, без знаков различия на форме и заторможенного седативами.

Вы помещаете его в бриг.

Теперь предстоит тяжелый разговор с вице-экзекьютив-менеджером Хайдер.",sdtu_patrolLeave:Нав - выводи нас отсюда.,
sdtuPatrolLeave,DialogOptionSelected,$option == sdtu_patrolLeave,"Call $entity.sdtu_ref makeUnimportant
DismissDialog",,,
sdtuTraitorPatrolDefeated,sdtuPatrolDefeated,$someShipsDestroyed,"$global.sdtu_foughtDiktatPatrol = true
AddTextSmall ""Арестовали изменника."" highlight
$global.sdtu_traitorPatrolSavedOfficer = true
AddRemoveAnyItem WEAPONS gigacannon 1
Call $entity.sdtu_ref makeUnimportant
unset $entity.sdtu_interceptFleet
$global.sdtu_meetHyder = true
Call $global.sdtu_ref updateStage
Call $global.sdtu_ref tryMakeHyderImportant","Ваш офицер сенсоров докладывает об офицерской спаскапсуле, дрейфующей среди разлетающихся обломков. Быстрый вылет команды сборщиков подтверждает: в капсуле находится ""предатель"" Макарио. Вы приказываете поместить его в бриг.

Также обнаружен целый грузовой контейнер с продвинутой оружейной системой - частью партии, которую контрабандой везли по приказу Хайдер.",,
#END SDTU step 3: Arrest patrol leader,,,,,,
,,,,,,
# SDTU step 3.5: release patrol leader on independent world,,,,,,
sdtuReleaseOfficerOption,PopulateOptions,"$menuState == main
!$global.sdtu_didPatrolTraitorTransfer
$global.sdtu_promisedToHelpPatrolLeader
$faction.id == independent
$marketSize > 2",,,20:sdtu_releaseOfficer:Освободить офицера Топливная компания Синдрии - которому вы обещали помочь сбежать,
sdtuReleaseOfficer,DialogOptionSelected,$option == sdtu_releaseOfficer,"$player.ethosHonorable++
$player.ethosMercy++
$global.sdtu_didPatrolTraitorTransfer = true
$global.sdtu_fulfilledPromiseToPatrolTraitor = true
AddXP 2500
FireAll PopulateOptions","Бывший командир флота Sindrian Fuel Company выглядит жалко и неуверенно в одолженном комбинезоне. Он бормочет слова благодарности и исчезает в человеческом мусорном потоке Персеанского Сектора.

Станет ли он ""исчезнувшим"" от рук оперативника комплаенса Компании, уйдет ли в пиратскую команду или примкнет к какой-нибудь странной луддитской секте - вы сдержали обещание.",,
#END SDTU step 3.5: release patrol leader on independent world,,,,,,
,,,,,,
# SDTU step 4: Meet Hyder's fleet,,,,,,
sdtuHyderAngryGreeting,OpenCommLink,"$id == hyder score:1000
$sdtu_meetHyder score:100","BeginConversation hyder
FireAll SDTUHyderTalkRound1Options
AdjustRepPerson hyder VENGEFUL  -5
Call $global.sdtu_ref playMusicHyder
unset $global.sdtu_interceptFleet
$player.metHyder = true","Оксана Хайдер появляется на связи, уже кипя от ярости.",,
SDTUHyderTalkRound1Text1,SDTUHyderTalkRound1Options,!$global.sdtu_foughtDiktatPatrol,FireBest SDTUHyderTalkStartHegCheck,"""Вы похитили офицера Sindrian Fuel Company, офицера под моим командованием. Даю вам единственный шанс сложить оружие и сдаться с честью, прежде чем ваш флот будет уничтожен.""",,
SDTUHyderTalkRound1Text2,SDTUHyderTalkRound1Options,$global.sdtu_foughtDiktatPatrol,FireBest SDTUHyderTalkStartHegCheck,"""Вы атаковали флотилию сил безопасности Sindrian Fuel Company и похитили ее командира - офицера, действовавшего по моему прямому приказу. Даю вам единственный шанс сложить оружие и сдаться с честью, прежде чем ваш флот будет уничтожен.""",,
SDTUHyderTalkStartHeg,SDTUHyderTalkStartHegCheck,$player.fcm_faction == hegemony,$trust++,"""Как низко пала Гегемония, если даже Ауксилия дошла до такого,"" - добавляет она себе под нос.",,
SDTUHyderTalkRound1Option1a,SDTUHyderTalkRound1Options,$global.sdtu_foughtDiktatPatrol,,,sdtu_hyderOfficerSmuggling:Тот флот вез контрабандное оружие. Макарио называет это изменой.,# use Macario's excuse
SDTUHyderTalkRound1Option1b,SDTUHyderTalkRound1Options,!$global.sdtu_foughtDiktatPatrol,,,sdtu_hyderOfficerSmuggling:Тот офицер вез контрабандное оружие. Макарио называет это 'изменой'.,# use Macario's excuse
SDTUHyderTalkRound1Option2,SDTUHyderTalkRound1Options,,,,sdtu_hyderOfficerScheme:Правда в том - что это схема Макарио для проверки вашей лояльности.,# blame Macario
SDTUHyderTalkRound1Option3,SDTUHyderTalkRound1Options,,,,sdtu_hyderOfficerShot:Если это поможет - идея была Макарио. По крайней мере после того - как он застрелил человека - первым ее предложившего.,# blame Macario
SDTUHyderTalkRound1Option4,SDTUHyderTalkRound1Options,$global.sdtu_promisedToHelpPatrolLeader,,,sdtu_hyderOfficerForAPrice:Если это поможет - офицер бросил командование - спасаясь от Макарио.,# special SP option 1
SDTUHyderTalkRound1Option5,SDTUHyderTalkRound1Options,$global.sdtu_gotPatrolCrewToMutiny,,,sdtu_hyderOfficerMutiny:Экипаж поднял мятеж и выдал офицера без боя.,# special SP option 2
sdtuHyderOfficerSmuggling,DialogOptionSelected,$option == sdtu_hyderOfficerSmuggling,"$option = sdtu_hyderTalk1Responses 0
FireBest DialogOptionSelected
$global.sdtu_HyderSaidMacarioOpsTreason = true","""Исполнение приказа,"" - Хайдер скрежещет зубами, ""даже секретного приказа высшего командования флота ради эффективной работы военных активов - это не измена."" В ее голосе теперь явное отвращение. ""Как бы Макарио ни пытался вывернуть правду.""

""Половину так называемых 'комплаенс-операций', проводимых под его властью, вполне можно назвать изменой, но я не делаю своим делом вмешательство, как это делает он.""",,
sdtuHyderOfficerScheme,DialogOptionSelected,$option == sdtu_hyderOfficerScheme,"AdjustRepPerson hyder FRIENDLY 2
$option = sdtu_hyderTalk1Responses 0
FireBest DialogOptionSelected
$trust++","Хайдер некоторое время смотрит на вас, и ее мнение, кажется, немного меняется.

""Ценю вашу честность. Это больше, чем я ожидала от одного из созданий Макарио.""",,
sdtuHyderOfficerSchemeHeg,DialogOptionSelected,"$option == sdtu_hyderOfficerScheme
$player.fcm_faction == hegemony","AdjustRepPerson hyder FRIENDLY 2
$option = sdtu_hyderTalk1Responses 0
FireBest DialogOptionSelected
$trust++","Хайдер некоторое время смотрит на вас, и ее мнение, кажется, немного меняется.

""Ценю вашу честность. Это как минимум то, чего я ожидаю от носителя комиссии Гегемонии. Не могу сказать, что понимаю, зачем вы изображаете одно из созданий Макарио.""",,
sdtuHyderOfficerShot,DialogOptionSelected,$option == sdtu_hyderOfficerShot,"$option = sdtu_hyderTalk1Responses 0
FireBest DialogOptionSelected
AdjustRepPerson hyder FRIENDLY 1
$trust++","""Типично для Макарио. Он путает жестокость с дисциплиной, а страх - с послушанием. Жалкий прототип 'нового человека' Компании.""

Хайдер некоторое время смотрит на вас, и ее мнение, кажется, сдвигается. Ненависть к Макарио в ней очевидна, и так же очевидно, что ее гнев можно перенаправить с вас на него.

""Вы правильно сделали, что говорите честно, несмотря на внешние обстоятельства,"" - говорит она.",,
sdtuHyderTalk1Responses,DialogOptionSelected,$option == sdtu_hyderTalk1Responses,,,"sdtu_hyderTalk1DontApprove:То есть методы Макарио вы не одобряете.
sdtu_hyderTalk1WordsAsTreason:Он может истолковать и ваши слова как измену.
sdtu_hyderTalk1GoalsNotMethods:Его цели я одобряю - если не методы.",
sdtuHyderTalk1DServeHeg,DialogOptionSelected,$option == sdtu_hyderTalk1ServeHeg,"$option = sdtu_hyderTalk1Results 0
FireBest DialogOptionSelected","""Он ведет себя без малейшей чести, прикрываясь знаменем Верховного Экзекьютива. Он выворачивает слова Филиппа Андрады ради своих вырожденных желаний."" Она умолкает, едва сдерживая ярость.",,
sdtuHyderTalk1DontApprove,DialogOptionSelected,$option == sdtu_hyderTalk1DontApprove,"$option = sdtu_hyderTalk1Results 0
FireBest DialogOptionSelected","""Он ведет себя без малейшей чести, прикрываясь знаменем Верховного Экзекьютива. Он выворачивает слова Филиппа Андрады ради своих вырожденных желаний."" Она умолкает, едва сдерживая ярость.",,
sdtuHyderTalk1WordsAsTreason,DialogOptionSelected,$option == sdtu_hyderTalk1WordsAsTreason,"$option = sdtu_hyderTalk1Results 0
FireBest DialogOptionSelected","""Сделал бы это мгновенно,"" - выплевывает она, ""если бы это служило его следующей извращенной схеме.""",,
sdtuHyderTalk1GoalsNotMethods,DialogOptionSelected,$option == sdtu_hyderTalk1GoalsNotMethods,"$option = sdtu_hyderTalk1Results 0
FireBest DialogOptionSelected","""Тогда я требую, чтобы вы пересмотрели свое представление о его целях,"" - высокомерно говорит Хайдер.",,
sdtuHyderTalk1Results,DialogOptionSelected,$option == sdtu_hyderTalk1Results,,"Она продолжает: ""Макарио говорит только то, что выгодно ему. Посмотрите на результаты его действий: паранойя, неэффективность и беззаконие.""",sdtu_hyderTalkRound2startLaw:Продолжить,
sdtuHyderOfficerForAPrice,DialogOptionSelected,$option == sdtu_hyderOfficerForAPrice,FireAll SDTUHyderTalk1OfficerResponses,"""Командир никогда не должен бросать свое командование,"" - Хайдер произносит это как холодный факт. ""Никогда.""

""Уклонение от долга уже само по себе измена. Лучше встретить интриги Макарио с честной смертью, чем позволить его лжи и уловкам осквернить наш священный долг.""",,
sdtuHyderOfficerMutiny,DialogOptionSelected,$option == sdtu_hyderOfficerMutiny,FireAll SDTUHyderTalk1OfficerResponses,"""Долг экипажа - исполнять приказы старшего офицера. Этот офицер несет моральную ответственность за провал. Неповиновение требует трибунала за тяжкое преступление мятежа.""

""Лучше встретить интриги Макарио с честной смертью, чем позволить его уловкам осквернить священный долг.""",,
sdtuHyderTalk1OfficerResponsesA,SDTUHyderTalk1OfficerResponses,,,,sdtu_hyderTalk1JustJob:Слушайте - я просто сделал работу. Ваши законы и ваша этика - ваше дело.,
sdtuHyderTalk1OfficerResponsesB,SDTUHyderTalk1OfficerResponses,$global.sdtu_promisedToHelpPatrolLeader,,,sdtu_hyderTalk1Harsh:Это слишком сурово. Дилемму создал именно Макарио.,
sdtuHyderTalk1OfficerResponsesF,SDTUHyderTalk1OfficerResponses,$global.sdtu_promisedToHelpPatrolLeader,,,sdtu_hyderTalk1Unacceptable:Вы правы - настоящий офицер должен стоять на своем - даже до смерти.,
sdtuHyderTalk1OfficerResponsesG,SDTUHyderTalk1OfficerResponses,$global.sdtu_promisedToHelpPatrolLeader,,,sdtu_hyderTalk1UnacceptableLie:Вы правы - настоящий офицер должен стоять на своем - даже до смерти. (ложь),
sdtuHyderTalk1OfficerResponsesC,SDTUHyderTalk1OfficerResponses,$global.sdtu_gotPatrolCrewToMutiny,,,sdtu_hyderTalk1HarshCrew:Экипаж лишь пытался соблюсти закон; дилемму создал именно Макарио.,
sdtuHyderTalk1OfficerResponsesD,SDTUHyderTalk1OfficerResponses,$global.sdtu_gotPatrolCrewToMutiny,,,sdtu_hyderTalk1Unacceptable:Вы правы. Мятеж в военном флоте абсолютно недопустим.,
sdtuHyderTalk1OfficerResponsesE,SDTUHyderTalk1OfficerResponses,$global.sdtu_gotPatrolCrewToMutiny,,,sdtu_hyderTalk1UnacceptableLie:Вы правы. Мятеж в военном флоте абсолютно недопустим. (ложь),
sdtuHyderTalk1JustJob,DialogOptionSelected,$option == sdtu_hyderTalk1JustJob,"AdjustRepPerson hyder VENGEFUL  -1
$player.ethosMercenary++
$option = sdtu_hyderTalkRound2startLaw 0
FireBest DialogOptionSelected","Ее глаза сужаются. ""Так и есть. И раз вы сейчас находитесь в правовом и этическом поле Sindrian Fuel Company, вы обязаны уважать наши законы.""",,# take no position: the coward's answer! 
sdtuHyderTalk1Harsh,DialogOptionSelected,$option == sdtu_hyderTalk1Harsh,"$player.ethosMercy++
$option = sdtu_hyderTalkRound2startLaw 0
FireBest DialogOptionSelected","""Он это сделал,"" - признает она и без паузы продолжает: ""И все же мой офицер провалил миссию и свое положение. Офицер, принесший поражение своему командиру, должен встретить этот факт с честью, а не бросать форму и долг, убегая как трус. На этом точка.""",,
sdtuHyderTalk1HarshCrew,DialogOptionSelected,$option == sdtu_hyderTalk1HarshCrew,$player.ethosMercy++,"""Ваш командирский инстинкт заботиться о благополучии экипажа достоин уважения,"" - уступает она.

Затем ее взгляд сужается. ""Но берегитесь излишнего милосердия; оно сделает вас слабым. Как говорил Андрада: 'Истинный лидер понимает, что победа покупается потерями'.""

""Итак: если высшее благо - соблюдение закона, этот экипаж послужит делу, став примером его исполнения.""",sdtu_hyderTalkRound2startLaw:Продолжить,
sdtuHyderTalk1Unacceptable,DialogOptionSelected,$option == sdtu_hyderTalk1Unacceptable,"AdjustRepPerson hyder FRIENDLY 2
$player.ethosOrder++
$option = sdtu_hyderTalk1Unacceptable2 0
FireBest DialogOptionSelected
$trust++",,,
sdtuHyderTalk1UnacceptableLie,DialogOptionSelected,$option == sdtu_hyderTalk1UnacceptableLie,"AdjustRepPerson hyder FRIENDLY 2
$player.ethosLiar++
$option = sdtu_hyderTalk1Unacceptable2 0
FireBest DialogOptionSelected
$trust++",,,
sdtuHyderTalk1Unacceptable2,DialogOptionSelected,$option == sdtu_hyderTalk1Unacceptable2,"$option = sdtu_hyderTalkRound2startLaw 0
FireBest DialogOptionSelected","""Тогда в этом вопросе чести мы стоим на одной стороне,"" - говорит она, кивнув.",,
,,,,,,
# Hyder convo round 2,,,,,,
sdtuHyderTalkRound2startLaw,DialogOptionSelected,$option == sdtu_hyderTalkRound2startLaw,FireAll SDTUHyderTalkRound2Options,"""К слову о законе."" Хайдер скрещивает руки. ""У вас находится офицер, подчиненный моему командованию. Я забираю его под стражу для военно-морского трибунала.""",,
sdtuHyderTalkRound2start,DialogOptionSelected,$option == sdtu_hyderTalkRound2start,FireAll SDTUHyderTalkRound2Options,"Хайдер скрещивает руки. ""У вас находится офицер, подчиненный моему командованию. Я забираю его под стражу для военно-морского трибунала.""",,
sdtuHyderTalkRound2OptionsB,SDTUHyderTalkRound2Options,!$global.sdtu_fulfilledPromiseToPatrolTraitor,,,sdtu_hyderTalk2Transfer:Я немедленно передам его под вашу стражу.,
sdtuHyderTalkRound2OptionsC,SDTUHyderTalkRound2Options,!$global.sdtu_fulfilledPromiseToPatrolTraitor,,,sdtu_hyderTalk2ToMacario:Ордер на арест выписал Макарио. Я доставлю офицера ему.,
sdtuHyderTalkRound2OptionsD,SDTUHyderTalkRound2Options,"!$global.sdtu_fulfilledPromiseToPatrolTraitor
$global.sdtu_promisedToHelpPatrolLeader",,,sdtu_hyderTalk2Promised:Я обещал освободить этого офицера на независимом мире.,
sdtuHyderTalkRound2OptionsD2,SDTUHyderTalkRound2Options,$global.sdtu_fulfilledPromiseToPatrolTraitor,,,sdtu_hyderTalk2PromisedB:Я обещал освободить его на независимом мире и сделал это.,
sdtuHyderTalkRound2OptionsE,SDTUHyderTalkRound2Options,$global.sdtu_promisedToHelpPatrolLeader,,,sdtu_hyderTalk2Battle:К сожалению - он погиб в бою. (ложь),
sdtuHyderTalk2Transfer,DialogOptionSelected,$option == sdtu_hyderTalk2Transfer,"AdjustRepPerson hyder FRIENDLY 2
$trust++
FireAll SDTUHyderOfficerCheckPromise
$global.sdtu_didPatrolTraitorTransfer = true","""Хорошо,"" - говорит Хайдер и отдает подчиненному приказ начать процедуру передачи пленного.",sdtu_hyderTalk3start:Продолжить,
sdtuHyderTalk2TransferPromise,SDTUHyderOfficerCheckPromise,$global.sdtu_promisedToHelpPatrolLeader,$player.ethosLiar++,"Вы обещали отпустить этого офицера на первом независимом мире, который посетите. За это нарушение доверия он будет относиться к вам плохо, но, с другой стороны, это всего лишь один беглый офицер Sindrian Fuel Company с очень небольшим числом друзей в Персеанском Секторе.

Если это хоть какое-то утешение, трибунал Хайдер, вероятно, куда менее жестокая судьба, чем та, что готовил Макарио.",,
sdtuHyderTalk2ToMacario,DialogOptionSelected,$option == sdtu_hyderTalk2ToMacario,"AdjustRepPerson hyder VENGEFUL -1
$trust--","""Понимаю,"" - ровно говорит Хайдер.

""Предлагаю следующее: ваше возражение будет зафиксировано, после чего вы передадите пленного. Вопрос юрисдикции я беру на себя. Так вы исполните свое обязательство, а дело останется в рамках закона Sindrian Fuel Company.""","sdtu_hyderTalk2Transfer:Согласен. Немедленно отправлю пленного вам.
sdtu_hyderTalk2PrisonerToMacarioFinal:Я настаиваю. Это пленник Макарио.",
sdtuHyderTalk2Promised,DialogOptionSelected,$option == sdtu_hyderTalk2Promised,,"""Понимаю,"" - ровно говорит Хайдер. ""Ценю, что как офицер вы обязаны держать слово. Однако закон правящей политии данной области имеет приоритет над личным обещанием.""

""Предлагаю следующее: ваше возражение будет зафиксировано, после чего вы передадите пленного. Так вы сохраните честь и одновременно соблюдете закон.""","sdtu_hyderTalk2Transfer:Тогда - с возражением - я передам пленного под вашу стражу.
sdtu_hyderTalk2Promised2:Я настаиваю. Если мои слова ничего не значат - значит и я ничто.
sdtu_hyderTalk2Promised2lie:Я настаиваю. Если мои слова ничего не значат - значит и я ничто. (ложь)",
sdtuHyderTalk2Promised2,DialogOptionSelected,$option == sdtu_hyderTalk2Promised2,"$player.ethosHonorable++
$option = sdtu_hyderTalk2Promised3A 0
FireBest DialogOptionSelected",,,
sdtuHyderTalk2Promised2lie,DialogOptionSelected,$option == sdtu_hyderTalk2Promised2lie,"$player.ethosLiar++
$option = sdtu_hyderTalk2Promised3A 0
FireBest DialogOptionSelected",,,
sdtuHyderTalk2Promised3A,DialogOptionSelected,$option == sdtu_hyderTalk2Promised3A,"AdjustRepPerson hyder FRIENDLY 2
$trust++
$global.sdtu_tabledPrisonerTransfer = true","Хайдер выглядит задумчивой. ""Значит, мы в тупике, капитан: каждый из нас поклялся хранить высший для себя долг и верность.""

Пауза, затем она продолжает: ""Ваша убежденность неоспорима, капитан. Давайте отложим этот вопрос.""

Похоже, она собирается позволить вам оставить пленного, не признавая это вслух. Любопытно. Лучше подыграть.",sdtu_hyderTalk3start:Продолжить,
sdtuHyderTalk2Promised2SD,DialogOptionSelected,"$option == sdtu_hyderTalk2Promised2
$player.fcm_faction == sindrian_diktat","$option = sdtu_hyderTalk2Promised3B 0
FireBest DialogOptionSelected",,,
sdtuHyderTalk2Promised2SDlie,DialogOptionSelected,"$option == sdtu_hyderTalk2Promised2lie
$player.fcm_faction == sindrian_diktat","$player.ethosLiar++
$option = sdtu_hyderTalk2Promised3B 0
FireBest DialogOptionSelected",,,
sdtuHyderTalk2Promised3B,DialogOptionSelected,$option == sdtu_hyderTalk2Promised3B,"AdjustRepPerson hyder VENGEFUL -1
$trust--","Выражение Хайдер каменеет. ""Клятва комиссии Sindrian Fuel Company для вас ничего не значит? Тогда вы дали слово.""","sdtu_hyderTalk2Transfer:Вы правы - эта верность выше. Я прикажу о передаче.
sdtu_hyderTalk2Promised3B2:Я был бы трусом и лжецом - если бы не последовал своему суждению. Я принимаю все последствия.",
sdtuHyderTalk2Promised3B2,DialogOptionSelected,$option == sdtu_hyderTalk2Promised3B2,"AdjustRepPerson hyder FRIENDLY 2
$trust++
$global.sdtu_tabledPrisonerTransfer = true","""Любопытно."" Она на миг отводит взгляд, обдумывая что-то еще, но быстро возвращает внимание к вам.

""Ваша убежденность неоспорима, капитан, и это чего-то стоит. Давайте отложим этот вопрос.""

Похоже, она собирается позволить вам оставить пленного, не признавая это вслух. Любопытно. Лучше подыграть.",sdtu_hyderTalk3start:Продолжить,
sdtuHyderTalk2PromisedB,DialogOptionSelected,$option == sdtu_hyderTalk2PromisedB,,"""Понимаю,"" - ровно говорит Хайдер. ""Ценю, что как офицер вы были обязаны держать слово. Однако закон правящей политии данной области имеет приоритет над личным обещанием.""

Она на мгновение закрывает глаза, вздыхает и говорит: ""Предоставьте мне отчет о последнем подтвержденном местонахождении этого офицера. Я сочту это минимально приемлемым проявлением усердия в соблюдении нашего закона.""","sdtu_hyderReleasedInfo:Сделаю.
sdtu_hyderReleasedInsist:Я настаиваю - что не стану этого делать. Если мое слово ничего не значит - значит и я ничто.
sdtu_hyderReleasedInsistLie:Я настаиваю - что не стану этого делать. Если мое слово ничего не значит - значит и я ничто. (ложь)",
sdtuHyderReleasedInsist,DialogOptionSelected,$option == sdtu_hyderReleasedInsist,"$player.ethosHonorable++
$option = sdtu_hyderReleasedInsist2 0
FireBest DialogOptionSelected",,,
sdtuHyderReleasedInsistLie,DialogOptionSelected,$option == sdtu_hyderReleasedInsistLie,"$player.ethosLiar++
$option = sdtu_hyderReleasedInsist2 0
FireBest DialogOptionSelected",,,
sdtuHyderReleasedInsist2,DialogOptionSelected,$option == sdtu_hyderReleasedInsist2,,"Хайдер выглядит недовольной. ""Значит, мы в тупике, капитан: каждый поклялся отстаивать то, что считает своим долгом.""

Пауза, затем она продолжает: ""Ваша убежденность столь же неоспорима, сколь и ошибочна, капитан. Давайте отложим этот вопрос.""

Похоже, она собирается спустить это вам с рук, не признавая этого вслух. Любопытно. Лучше подыграть.",sdtu_hyderTalk3start:Продолжить,# trust is a wash here
sdtuHyderReleaseInsistCom1,DialogOptionSelected,$option == sdtu_hyderTalk2Promised3B,"AdjustRepPerson hyder VENGEFUL -1
$trust--","Выражение Хайдер твердеет. ""Клятва комиссии Sindrian Fuel Company для вас ничего не значит? Тогда вы дали слово. А сейчас?""","sdtu_hyderReleaseInsistCom1a:Вы правы - данная мной клятва важнее. Я сделаю отчет.
sdtu_hyderReleaseInsistCom1b:Я был бы трусом - если бы не последовал своему суждению. Я принимаю все последствия.",
sdtuHyderReleaseInsistCom1b,DialogOptionSelected,$option == sdtu_hyderReleaseInsistCom1b,"$option = sdtu_hyderReleasedInsist2 0
FireBest DialogOptionSelected","Она смотрит на вас, просчитывая что-то, что ей явно не по душе.",,
sdtuHyderTalk2ReleasedInfoB,DialogOptionSelected,$option == sdtu_hyderReleaseInsistCom1a,AdjustRepPerson hyder FRIENDLY 1,"Вы приказываете офицеру связи составить краткий отчет, формально выполняющий требования Хайдер, и он быстро уходит по каналу.

""Считаю это достаточным,"" - говорит Хайдер, бегло взглянув на датапад.",sdtu_hyderTalk3start:Продолжить,
sdtuHyderTalk2ReleasedInfo,DialogOptionSelected,$option == sdtu_hyderReleasedInfo,"AdjustRepPerson hyder FRIENDLY 1
$trust++","Вы приказываете офицеру связи составить краткий отчет, формально выполняющий требования Хайдер, и он быстро уходит по каналу.

""Считаю это достаточным,"" - говорит Хайдер, бегло взглянув на датапад.",sdtu_hyderTalk3start:Продолжить,
sdtuHyderTalk2Battle,DialogOptionSelected,$option == sdtu_hyderTalk2Battle,"$player.ethosLiar++
$liedAboutOfficer = true 0
FireBest SDTUHyderTalk2BattleCheck","""Понимаю,"" - ровно говорит Хайдер.",,
sdtuHyderTalk2BattleCheckA,SDTUHyderTalk2BattleCheck,!$global.sdtu_foughtDiktatPatrol,AdjustRepPerson hyder VENGEFUL -1,"""Мне трудно принять ваше слово в этом вопросе, поскольку вы не вступали в бой с нашим патрульным флотом, когда этим офицером еще командовали.""

""Я буду крайне разочарована, если выяснится, что вы лжете.""","sdtu_hyderTalk2BattleLieA:Я стою на своем слове. Как офицер.
sdtu_hyderTalk2BattleLieB:С извинениями - я обещал освободить этого офицера на независимом мире.
sdtu_hyderTalk2BattleLieC:С извинениями - Макарио также велел мне солгать об этом - чтобы оценить вашу реакцию. (ложь)",
sdtuHyderTalk2BattleLieA,DialogOptionSelected,$option == sdtu_hyderTalk2BattleLieA,$knowHyderThinksPlayerLied = true 0,"""Именно,"" - говорит Хайдер.

По ее лицу видно: она считает, что вы лжете, и в этот момент сознательно не выводит вас на чистую воду. Макарио был прав в одном - политик из нее так себе.",sdtu_hyderTalk3start:Продолжить,
sdtuHyderTalk2BattleLieB,DialogOptionSelected,$option == sdtu_hyderTalk2BattleLieB,,"""Понимаю,"" - ровно говорит Хайдер. ""Ценю, что как офицер вы обязаны держать слово. Однако закон правящей политии данной области важнее необходимости держаться за личное обещание.""

""Предлагаю следующее: ваше возражение будет зафиксировано, после чего вы передадите пленного. Так вы сохраните честь и одновременно соблюдете закон.""","sdtu_hyderTalk2Transfer:Я передам пленного под вашу стражу.
sdtu_hyderTalk2PrisonerToMacarioFinal:Ордер на арест выписал Макарио. Я доставлю офицера ему.",
sdtuHyderTalk2PrisonerToMacarioFinal,DialogOptionSelected,$option == sdtu_hyderTalk2PrisonerToMacarioFinal,"$global.sdtu_toldHyderPrisonerToMacario = true
$trust--
AdjustRepPerson hyder VENGEFUL -1
$option = sdtu_hyderTalk3start 0
FireBest DialogOptionSelected","""Значит, вы - создание Макарио,"" - говорит Хайдер; ее гнев аккуратно спрятан под официальной манерой. ""Если придется, я доведу этот вопрос до канцелярии Верховного Экзекьютива.""

Она глубоко вдыхает.",,
sdtuHyderTalk2BattleLieC,DialogOptionSelected,$option == sdtu_hyderTalk2BattleLieC,,"Хайдер закрывает глаза и трет переносицу; перспектива лжи и встречной лжи ей явно не по вкусу.

""Типично для Макарио,"" - наконец говорит она, и ее злость теперь в основном направлена не на вас. ""Хватит игр! Передайте пленного под мою стражу, чтобы можно было провести полноценный трибунал.""

Она впивается в вас взглядом. ""Сделайте это по правильному порядку вещей: каждому - свое место. Таков путь Sindrian Fuel Company.""","sdtu_hyderTalk2Transfer:Я немедленно передам их под вашу стражу.
sdtu_hyderTalk2PrisonerToMacarioFinal:Ордер на арест выписал Макарио. Я доставлю пленного ему.",
sdtuHyderTalk2BattleCheckB,SDTUHyderTalk2BattleCheck,$global.sdtu_foughtDiktatPatrol,,"""Хотя это и неудовлетворительно, я приму ваше офицерское слово, что это правда.""",sdtu_hyderTalk3start:Продолжить,
,,,,,,
# hyder round 3,,,,,,
sdtuHyderTalk3Start,DialogOptionSelected,$option == sdtu_hyderTalk3start,,"""Итак, полагаю, на данный момент наше дело завершено,"" - говорит она.

""Передайте Макарио,"" - его имя она выплевывает как тухлый кусок пищи, ""что моя верность Верховному Экзекьютиву не подлежит сомнению. И что я направлю своему начальству доклад о его растрате военно-морских ресурсов.""",sdtu_hyderTalk3start2:Есть еще один момент...,
sdtuHyderTalk3Start2,DialogOptionSelected,$option == sdtu_hyderTalk3start2,"FireBest SDTUHyderTalk3judgment
FireAll SDTUHyderTalk3Options","Она замирает, уже тянувшись к выключателю связи. ""Что еще, капитан?""

Хотя бы в одном Макарио был прав: Хайдер нетрудно читать.",,
sdtuHyderTalk3judgment1,SDTUHyderTalk3judgment,$trust>1,,"Кажется, она вам доверяет. Или, по крайней мере, уважает впечатление, которое вы на нее произвели, и хотела бы хоть кому-то доверять.",,
sdtuHyderTalk3judgment2,SDTUHyderTalk3judgment,$trust==1,,"Впечатление смешанное: она вроде бы не до конца вам доверяет, но работает в гнезде гадюк и хочет доверять хоть кому-то, хоть как-то.",,
sdtuHyderTalk3judgment3,SDTUHyderTalk3judgment,$trust==0,,"Она вам не доверяет. И все же после одиночной работы в регламентированном хаосе бюрократии Sindrian Fuel Company ей отчаянно нужен союзник, которого можно уважать и которому можно верить. У вас здесь лишь крошечное окно возможностей.",,
sdtuHyderTalk3judgment4,SDTUHyderTalk3judgment,$trust<0,,"Она вам не доверяет. Вы ей не нравитесь. Она считает, что вы работаете на Макарио, или хотя бы пытаетесь играть на его уровне. По крайней мере, ваша позиция ясна.",,
sdtuHyderTalk3Answers1,SDTUHyderTalk3Options,"$answersDone == 1
$trust <= 0",,"""У меня мало терпения на это,"" - говорит она. ""Подбирайте слова осторожно.""",,
sdtuHyderTalk3Answers1End,SDTUHyderTalk3Options,"$answersDone == 2
$trust <= 0","$option = sdtu_hyderTalkEnd 0
FireBest DialogOptionSelected","""Довольно,"" - говорит она. ""Доложите Макарио. И впредь следите за словами.""

Связь обрывается.",,
sdtuHyderTalk3Answers2,SDTUHyderTalk3Options,"$answersDone == 2
$trust == 1",,"""У меня мало терпения на это,"" - говорит она. ""Подбирайте слова осторожно.""",,
sdtuHyderTalk3Answers2End,SDTUHyderTalk3Options,"$answersDone == 3
$trust == 1","$option = sdtu_hyderTalkEnd 0
FireBest DialogOptionSelected","""Довольно,"" - говорит она. ""Доложите Макарио. И впредь следите за словами.""

Связь обрывается.",,
sdtuHyderTalk3OptionsHeg,SDTUHyderTalk3Options,"$player.fcm_faction == hegemony
!$saidHegemony",,,sdtu_hyderTalk3Hegemony:Вы бы вернулись в Гегемонию? Я мог бы поговорить с нужными людьми...,
sdtuHyderTalk3OptionsJ,SDTUHyderTalk3Options,$saidAndrada,,,sdtu_hyderTalk3Leadership:Кто должен возглавить Топливная компания Синдрии - когда Андрада умрет? Вы?,
sdtuHyderTalk3OptionsG,SDTUHyderTalk3Options,"$saidBoss
!$saidPromotion",,,sdtu_hyderTalk3BossPromotion:Разве вы не должны стать Экзекьютив-менеджером Совета безопасности и вооружений - если действующий недееспособен?,
sdtuHyderTalk3OptionsH,SDTUHyderTalk3Options,"$saidBoss
!$askedLastMetAndrada
$trust < 1",,,sdtu_hyderTalk3BossTalkAndrada:И когда вы в последний раз встречались с Андрадой?,
sdtuHyderTalk3OptionsI,SDTUHyderTalk3Options,"$saidBoss
!$saidAndrada
$trust >= 2
!$global.knowsMacarioThinksAndradaIrrelevant",,,sdtu_hyderTalk3WaitAndrada:'Под Андрадой'. То есть Андрада недееспособен?,
sdtuHyderTalk3OptionsI2,SDTUHyderTalk3Options,"$saidBoss
!$saidAndrada
$trust == 1
!$global.knowsMacarioThinksAndradaIrrelevant
!$askedLastMetAndrada",,,sdtu_hyderTalk3BossTalkAndrada:Вы 'бы' докладывали? И когда вы в последний раз встречались с Андрадой?,
sdtuHyderTalk3OptionsA,SDTUHyderTalk3Options,"$global.knowsMacarioThinksAndradaIrrelevant
!$saidAndrada",,,sdtu_hyderTalk3Andrada:Раз Филипп Андрада почти ушел - чему вы теперь верны?,
sdtuHyderTalk3OptionsB,SDTUHyderTalk3Options,!$saidBoss,,,sdtu_hyderTalk3Boss:Ваш начальник недееспособен в клинике на Синдрии - так... кому вы докладываете?,
sdtuHyderTalk3OptionsC,SDTUHyderTalk3Options,!$saidSmuggling,,,sdtu_hyderTalk3WhySmuggle:Почему вице-экзекьютив-менеджеру Топливная компания Синдрии нужно заниматься контрабандой оружия?,"# ""why does god need a starship"""
sdtuHyderTalk3OptionsYenni,SDTUHyderTalk3Options,"!$saidYenni
$player.sfc_sdtu_yenniHyderResponded",,,sdtu_hyderTalk3Yenni:Я говорил с адмиралом Йенни. Она сказала - что вам место в музее.,
sdtuHyderTalk3OptionsRuy,SDTUHyderTalk3Options,"!$saidRuy
$global.sfcunlockedmarket",,,sdtu_hyderTalk3Ruy:Вы знали - что старший менеджер Руй приторговывает военным оборудованием на стороне?,
#sdtuHyderTalk3OptionsD,SDTUHyderTalk3Options,!$saidMacario,,,sdtu_HyderTalk3Macario:Судя по тому - что у Макарио на вас есть - он может убрать вас в любой момент.,# tangent
sdtuHyderTalk3OptionsE,SDTUHyderTalk3Options,,,,sdtu_hyderTalk3Glory:Слава Топливная компания Синдрии.,"# like, ironically."
sdtuHyderTalk3OptionsF,SDTUHyderTalk3Options,$answersDone > 0,,,sdtu_hyderTalk3Bye:До новой встречи.,
sdtuHyderTalk3HegemonyA,DialogOptionSelected,$option == sdtu_hyderTalk3Hegemony,"$answersDone++
$saidHegemony = true 0
FireAll SDTUHyderTalk3Options","""Замолчите!"" - почти рычит она. ""Ни слова больше об измене.""",,
sdtuHyderTalk3HegemonyB,DialogOptionSelected,"$option == sdtu_hyderTalk3Hegemony
$trust >= 2","$answersDone++
$saidHegemony = true 0
FireAll SDTUHyderTalk3Options
$global.sdtu_offeredHyderHegemonyOut = true","Она долго-долго смотрит на вас.

""Для них я предатель. Вам известно, какое правосудие ждет предателя в бою? Казнь, по воле командира."" Она делает паузу, наблюдая за вами. ""И на то есть веская причина.""

Что, вы отмечаете, не совсем ответ на ваш вопрос.",,
sdtuHyderTalk3MacarioA,DialogOptionSelected,"$option == sdtu_HyderTalk3MacarioKnows
$trust <= 0","$answersDone++
$saidMacario = true 0
FireAll SDTUHyderTalk3Options","""И вы, конечно, ему в этом поможете,"" - едко говорит она. ""Вы искушаете Судьбу на иронию, злорадствуя за Макарио, пока он еще не победил.""",,
sdtuHyderTalk3MacarioB,DialogOptionSelected,"$option == sdtu_HyderTalk3MacarioKnows
$trust == 1","$answersDone++
$saidMacario = true 0
FireAll SDTUHyderTalk3Options
$global.sdtu_HyderSaidMacarioFuelsWithLies = true","""И все же не убрал,"" - яростно говорит Хайдер. ""Если бы он мог заправлять корабли и кормить экипажи одной ложью, он бы так и делал. Но не может.""",,
sdtuHyderTalk3MacarioC,DialogOptionSelected,"$option == sdtu_HyderTalk3MacarioKnows
$trust >= 2","$answersDone++
$saidMacario = true 0
FireAll SDTUHyderTalk3Options
$global.sdtu_HyderSaidMacarioHasNoConcept = true","""И все же не убрал,"" - яростно говорит Хайдер. ""Он понимает, что не сможет управлять флотом угрозами и ложью.""

""Я даю офицерам и экипажам то, во что можно верить. Со мной они находят силу в чести, долге и дисциплине. Макарио этих понятий не понимает, и, несмотря на его вредное перераспределение ресурсов, мы сильнее, чем он способен представить. Филипп Андрада это знал.""",,
sdtuHyderTalk3WhySmugglePrivacy,DialogOptionSelected,"$option == sdtu_hyderTalk3WhySmuggle
!$privacyField ","$privacyField = true 0
$option = sdtu_hyderTalk3WhySmuggle 0
FireBest DialogOptionSelected","Хайдер плавным движением включает поле приватности, моргает и снова смотрит на вас.",,
sdtuHyderTalk3WhySmuggleA,DialogOptionSelected,$option == sdtu_hyderTalk3WhySmuggle,"$global.sdtu_HyderCalledMacarioWorm = true
$answersDone++
$saidSmuggling = true 0
FireAll SDTUHyderTalk3Options","""Подробности военных закупок вооружений силами безопасности Sindrian Fuel Company - вопрос безопасности политии,"" - говорит Хайдер ровным, но как-то все равно кипящим тоном. ""Это не дело постороннего. И не дело лезущих не в свое дело червей вроде Макарио.""",,
sdtuHyderTalk3WhySmuggleB,DialogOptionSelected,"$option == sdtu_hyderTalk3WhySmuggle
$trust  == 1","$answersDone++
$saidSmuggling = true 0
FireAll SDTUHyderTalk3Options","""Капитан. При всем том, что в вас есть некоторые черты, достойные офицера, вы посторонний и не обязаны понимать.""

""У Компании враги внутри и снаружи; если она будет воевать сама с собой, она не выживет. Я обязана делать то, что должна, чтобы сохранять нашу силу, даже если меня ставят,"" - ее губа кривится, ""в невыносимое положение.""",,
sdtuHyderTalk3WhySmuggleC,DialogOptionSelected,"$option == sdtu_hyderTalk3WhySmuggle
$trust >= 2","$global.sdtu_hyderBlamesMacarioForSupplyProblem = true
$answersDone++
$saidSmuggling = true 0
FireAll SDTUHyderTalk3Options","""Капитан. Из уважения к коллеге-офицеру я скажу прямо.""

""Это,"" - ее губа кривится в усмешке, ""невыносимо. Мне не дали должных полномочий, но ответственность за Армаду Обороны Системы лежит на мне.""

""Макарио, через Кадена, пытается морить мои флоты снабжением и выставить меня некомпетентной. Филипп Андрада никогда бы этого не допустил, будь он способен. Не будь он ослеплен льстецами и лжецами. Будь он тем Филиппом Андрадой, которому я присягнула во время Битвы при Салюсе!""",,
sdtuHyderTalk3BossPrivacy,DialogOptionSelected,"$option == sdtu_hyderTalk3Boss
!$privacyField ","$privacyField = true 0
$option = sdtu_hyderTalk3Boss 0
FireBest DialogOptionSelected","Хайдер плавным движением включает поле приватности, моргает и снова смотрит на вас.",,
sdtuHyderTalkBossA,DialogOptionSelected,$option == sdtu_hyderTalk3Boss,"$answersDone++
$saidBoss = true 0
FireAll SDTUHyderTalk3Options","""Кто вам это сказал?"" - требует она. ""Макарио?""

Взяв себя в руки, она продолжает: ""Как бы то ни было, Верховный Экзекьютив стоит выше экзекьютив-менеджеров советов Sindrian Fuel Company. Я докладываю ему, разумеется.""",,
sdtuHyderTalkBossB,DialogOptionSelected,"$option == sdtu_hyderTalk3Boss
$trust == 1","$answersDone++
$saidBoss = true 0
$global.sdtu_HyderBlamedMacarioForResistance = true 
FireAll SDTUHyderTalk3Options","""Полагаю, это вам сказал Макарио,"" - говорит она, будто глядя прямо сквозь комм на вас. ""Проверяет мою решимость с каждой стороны.""

Она на мгновение отводит взгляд. ""Неудивительно, что так называемое Сопротивление держится так долго, когда Экзекьютив-менеджер по человеческим ресурсам занят чем угодно, только не своим долгом.""

Собравшись, она продолжает: ""Как бы то ни было, Верховный Экзекьютив стоит выше Экзекьютив-менеджера Совета безопасности и всех менеджерских офисов советов Sindrian Fuel Company. Я бы докладывала ему, разумеется.""",,
sdtuHyderTalkBossC,DialogOptionSelected,"$option == sdtu_hyderTalk3Boss
$trust >= 2","$answersDone++
$saidBoss = true 0
$global.sdtu_knowHyderHeldBackFromPromotion = true
FireAll SDTUHyderTalk3Options","""Полагаю, это вам сказал Макарио,"" - говорит она, глядя куда-то выше линии комма. ""Проверяет мою лояльность со всех доступных углов, как всегда.""

""Но проблема есть. Чтобы сохранить правильную иерархию власти, Верховный Экзекьютив должен был присвоить мне этот ранг и сопутствующие полномочия. Тогда я могла бы просто приказом обойти дефицит снабжения, который Макарио и Каден устроили заговором.""

Все еще глядя в сторону: ""Но тогда, при Андраде, они бы не посмели...""",,
sdtuHyderTalkBossC2,DialogOptionSelected,$option == sdtu_hyderTalk3WaitAndrada,"$option = sdtu_hyderTalk3Andrada 0
FireBest DialogOptionSelected","Ее лицо дергается, и на миг она впивается в вас очень пристальным взглядом.",,
sdtuHyderTalkBossPromotionA,DialogOptionSelected,$option == sdtu_hyderTalk3BossPromotion,"$saidPromotion = true 0
FireAll SDTUHyderTalkBossPromotionOpts","""Да,"" - резко говорит она, и в этом слышится тяжесть застывшей карьеры и невозможного положения.",,
sdtuHyderTalkBossPromotionB,DialogOptionSelected,"$option == sdtu_hyderTalk3BossPromotion
!$saidAndrada","$saidPromotion = true 0
FireAll SDTUHyderTalkBossPromotionOpts","""Это было бы верно. Хотя, разумеется, я не смею предполагать."" Она выглядит внутренне раздвоенной.

""Это было бы... это в компетенции самого Верховного Экзекьютива - назначить этот ранг и этот пост.""",,
sdtuHyderTalkBossPromotionOpt1,SDTUHyderTalkBossPromotionOpts,"$global.knowsMacarioThinksAndradaIrrelevant
!$saidAndrada",,,sdtu_hyderTalk3Andrada:Но он этого не сделает. Или не может.,
sdtuHyderTalkBossPromotionOpt2,SDTUHyderTalkBossPromotionOpts,!$saidAndrada,,,sdtu_hyderTalk3BossTalkAndrada:Тогда почему не назначил? И как давно все так?,
sdtuHyderTalkBossPromotionOpt2b,SDTUHyderTalkBossPromotionOpts,$saidAndrada,FireAll SDTUHyderTalk3Options,,,
sdtuHyderTalkBossPromotionOpt3,SDTUHyderTalkBossPromotionOpts,$trust >= 2,,"Теоретически собрание экзекьютив-менеджеров советов может согласиться задействовать Статьи о наследовании, но Макарио хочет удостовериться, что именно он продиктует итог этого собрания. И будет выкачивать жизненную кровь из Sindrian Fuel Company столько, сколько потребуется.",,
sdtuGyderTalk3BossTalkAndrada,DialogOptionSelected,$option == sdtu_hyderTalk3BossTalkAndrada,"$askedLastMetAndrada = true 0
FireAll SDTUHyderTalk3Options","Ее взгляд фиксируется на вас. Этот вопрос ей категорически не нравится.

""Это не ваше дело.""",,
sdtuGyderTalk3BossTalkAndradaB,DialogOptionSelected,"$option == sdtu_hyderTalk3BossTalkAndrada
$trust >= 2","$askedLastMetAndrada = true 0
FireAll SDTUHyderTalk3Options","Ее взгляд фиксируется на вас. Вопрос ей не нравится.

""Слишком давно,"" - ровно отвечает она.",sdtu_hyderTalk3Andrada:Ему нехорошо - да?,
sdtuHyderTalk3Yenni1a,DialogOptionSelected,$option == sdtu_hyderTalk3Yenni,"$answersDone++
$saidYenni = true 0
FireAll SDTUHyderTalk3Options","Хайдер разочарованно качает головой.

""Адмирал Йенни вольна иметь любое мнение. Это не изменит того факта, что я продолжу служить, пока в состоянии это делать.""

По тону ясно: ей есть что добавить, но на эту тему она больше не скажет ни слова.",,
sdtuHyderTalk3Yenni1b,DialogOptionSelected,"$option == sdtu_hyderTalk3Yenni
$trust == 1","$answersDone++
$saidYenni = true 0
FireAll SDTUHyderTalk3Options","На лице Хайдер проступает раздражение.

""У адмирала Йенни расплывчатые идеи и еще более расплывчатое уважение к иерархии и почтению к тем, кто тяжело трудился ради Компании, чтобы довести ее до нынешнего состояния. Я не собираюсь завершать службу в ближайшее время, что бы там ни думали другие.""",,
sdtuHyderTalk3Yenni1c,DialogOptionSelected,"$option == sdtu_hyderTalk3Yenni
$trust >= 2","$answersDone++
$saidYenni = true 0
$global.sfc_sdtu_knowHyderDislikesYenni = true
FireAll SDTUHyderTalk3Options","Вы видите, как Хайдер с усилием удерживает самообладание; сказанное вами вскипятило ее злость.

""Эта выскочка! Свое место она получила лишь потому, что за кулисами потянули нужные нити. У нее может быть некоторый навык, но ей не хватает ни дисциплины, ни должного опыта.""

""Не знаю, что сделала Квин, чтобы посадить Йенни в это кресло, но она его точно не заслужила. Еще один стервятник, пользующийся тем хаосом, в котором сейчас находится Компания.""",,
sdtuHyderTalkRuyPrivacy,DialogOptionSelected,"$option == sdtu_hyderTalk3Ruy
!$privacyField ","$privacyField = true 0
$option = sdtu_hyderTalk3Ruy 0
FireBest DialogOptionSelected","Хайдер плавным движением включает поле приватности, моргает и снова смотрит на вас.",,
sdtuHyderTalk3Ruy1a,DialogOptionSelected,$option == sdtu_hyderTalk3Ruy,"$answersDone++
$saidRuy = true 0
AdjustRepPerson hyder VENGEFUL  -1
FireAll SDTUHyderTalk3Options","Хайдер хмурится; на лице вспышка гнева.

""Столь голословное обвинение! Похоже, паранойя Макарио передалась и вам. Настоятельно рекомендую закрыть этот вопрос и больше к нему не возвращаться.""",,
sdtuHyderTalk3Ruy1b,DialogOptionSelected,"$option == sdtu_hyderTalk3Ruy
$trust == 1","$answersDone++
$saidRuy = true 0
FireAll SDTUHyderTalk3Options","Глаза Хайдер сужаются.

""Вы выдвигаете серьезное обвинение против одного из моих подчиненных, $playerName. Вы же понимаете, что я не оставлю такие слова без реакции. И все же это вопрос исключительно внутри Совета безопасности и вооружений. Я не позволю никому из Совета по человеческим ресурсам запустить сюда свои лапы.""",,
sdtuHyderTalk3Ruy1c,DialogOptionSelected,"$option == sdtu_hyderTalk3Ruy
$trust >= 2","$answersDone++
$saidRuy = true 0
$global.sfc_sdtu_hyderKnowsRuyBlackmarket = true
FireAll SDTUHyderTalk3Options","Хайдер вздыхает, массируя лоб.

""... Я всегда знала, что с Руем что-то не так, но это уже за гранью. Стыдно осознавать, что один из моих подчиненных участвует в столь сознательном саботаже моего собственного командования.""

Она бросает на вас усталый взгляд. ""Мы разваливаемся, и уже находятся те, кто хочет нас обворовать еще до того, как осядет пыль. Подумать только: наши силы и так страдают от нехватки, а то немногое, что приходит, распродается, чтобы набивать карманы тех, кто окончательно утратил веру в Компанию.""",,
sdtuHyderTalk3Andrada,DialogOptionSelected,"$option == sdtu_hyderTalk3Andrada
!$privacyField","$privacyField = true 0
$option = sdtu_hyderTalk3Andrada 0
FireBest DialogOptionSelected","Скорость, с которой Хайдер вдавливает кнопку включения поля приватности, впечатляет для женщины ее лет.",,
sdtuHyderTalk3Andrada2a,DialogOptionSelected,$option == sdtu_hyderTalk3Andrada,"$answersDone++
$saidAndrada = true 0
FireAll SDTUHyderTalk3Options","После долгой паузы она вздыхает.

""Что бы вам ни сказал Макарио, во что бы вы ни верили и что бы ни думали, будто знаете, будущее Sindrian Fuel Company... будет определено без вашего вмешательства.""

Она звучит усталой как никогда прежде.",,
sdtuHyderTalk3Andrada2b,DialogOptionSelected,"$option == sdtu_hyderTalk3Andrada
$trust == 1","$answersDone++
$saidAndrada = true 0
FireAll SDTUHyderTalk3Options","Внезапно она выглядит более уставшей, чем когда-либо.

""Если бы Верховный Экзекьютив был мертв, этого разговора бы не было. Макарио хочет идеально расставить фигуры. И вы - одна из них.""",,
sdtuHyderTalk3Andrada2c,DialogOptionSelected,"$option == sdtu_hyderTalk3Andrada
$trust >= 2","$answersDone++
$saidAndrada = true 0
FireAll SDTUHyderTalk3Options","""Значит, Макарио рассказал вам и это,"" - говорит она и вздыхает, выглядя усталой как никогда. Она о чем-то думает и принимает решение.

""Верховный Экзекьютив не мертв,"" - говорит она, ""пока что."" Следующее слово она почти выдыхает: ""Едва.""

""Боюсь, когда он умрет, нас швырнет в кризис, который Макарио и создавал. Это может уничтожить все, за что мы боролись."" Она закрывает лицо руками. ""Если бы только хорошие люди, шедшие за адмиралом Андрадой все те годы, не были у нас отняты. Если бы только худшие не поднялись наверх.""",,
sdtuHyderTalk3Leadership,DialogOptionSelected,$option == sdtu_hyderTalk3Leadership,"$global.sdtu_knowHyderIsAFollower = true
$answersDone++","Она выпускает циничный смешок.

""Нет, не я. Я не великий человек, как Филипп Андрада. Дайте мне флот, мои приказы и мою цель. Этого мне достаточно, чтобы исполнять долг.""

Она поднимает взгляд в сторону. ""Он... он был другим. У него было видение и такая уверенность в цели, что одной волей он двигал саму историю.""","sdtu_hyderTalk3LeadershipCaden:А как насчет Львиной Гвардии? Каден мог бы возглавить?
sdtu_hyderTalk3LeadershipYou:Иногда лучшие лидеры - те - кто не хочет должность. Подумайте об этом.
sdtu_hyderTalk3LeadershipMe:А как насчет меня?
sdtu_hyderTalk3Back:Давайте поговорим о другом.",
sdtuHyderTalk3LeadershipCaden,DialogOptionSelected,$option == sdtu_hyderTalk3LeadershipCaden,"RemoveOption sdtu_hyderTalk3LeadershipCaden
$global.sdtu_knowHyderWontBackCaden = true","""Если только флот не встанет у него на пути, и если Верховный Экзекьютив будет... мертв. Тогда он следующий в очереди.""

""Сможет ли он руководить?"" Она фыркает. ""Львиная Гвардия - его личная империя, его церковь, его культ, высасывающий ресурсы ради парадного флота. Мы могли сделать Sindrian Fuel Company сильной, даже великой, но Кадену понадобилось начать религию.""

Она отводит взгляд. ""Андраде нравилось это... это поклонение. Он благоволил Кадену, и это ослепило его, исказило его суждение. Каден сделал бы из нас всех мучеников ради идола, которого слепил из Андрады. Сомневаюсь, что даже Макарио в самом деле способен им управлять. Хотя он, конечно, думает иначе.""",,
sdtuHyderTalk3LeadershipYou,DialogOptionSelected,$option == sdtu_hyderTalk3LeadershipYou,"$global.sdtu_proposedHyderAsLeader = true
$option = sdtu_hyderTalkEnd 0
FireBest DialogOptionSelected","Она просто долго смотрит на вас, ничего не говоря.

Связь переходит в режим ожидания.",,
sdtuHyderTalk3LeadershipMe,DialogOptionSelected,$option == sdtu_hyderTalk3LeadershipMe,"$player.ethosCocky++
$global.sdtu_proposedSelfAsLeaderToHyder = true
$option = sdtu_hyderTalkEnd 0
FireBest DialogOptionSelected","Она просто долго смотрит на вас, ничего не говоря.

Связь переходит в режим ожидания.",,
sdtuHyderTalk3Back,DialogOptionSelected,$option == sdtu_hyderTalk3Back,FireAll SDTUHyderTalk3Options,,,
#END hyder round 3,,,,,,
,,,,,,
# SDTU try to talk to Macario before Hyder or Patrol,,,,,,
sdtuMacarioNeedToInterceptPatrol,PickGreeting,"$id == macario score:1000
$global.sdtu_interceptFleet
!$global.sdtu_meetHyder",BeginConversation macario,"После короткой паузы появляется изображение Макарио.

""О, капитан, как мило с вашей стороны заглянуть с дружеским визитом,"" - ледяным тоном говорит он. ""У вас уже есть досье на предателя и код транспондера его маленькой флотилии. Я полностью уверен, что вы справитесь.""

""А до тех пор?"" Он произносит это как вопрос, но это не вопрос, потому что связь уже убита.",cutCommLink:Разорвать связь,
sdtuMacarioNeedToMeetHyder,PickGreeting,"$id == macario score:1000
$global.sdtu_meetHyder
!$global.sdtu_didHyderMeeting",BeginConversation macario,"После короткой паузы появляется изображение Макарио.

""Капитан, капитан, капитан,"" - ухмыляется он. ""С нетерпением жду результатов вашей беседы с вице-экзекьютив-менеджером Хайдер.""

""А до тех пор?"" Он произносит это как вопрос, но это не вопрос, потому что связь уже убита.",cutCommLink:Разорвать связь,
#END SDTU try to talk to Macario before Hyder or Patrol,,,,,,
#END Hyder convo round 2,,,,,,
#END SDTU step 4: Meet Hyder's fleet,,,,,,
,,,,,,
# SDTU step 5: Talk to Macario,,,,,,
sdtuMacarioPostHyderGreeting,PickGreeting,"$id == macario score:1000
$sdtu_didHyderMeeting score:10","BeginConversation macario
$option = sdtu_postHyderReportHub
AddCredits 15000
AddText ""Он великодушно разводит руками: \""Продолжайте.\""""
FireBest DialogOptionSelected","После короткой паузы появляется изображение Макарио. Он выглядит так, будто предвкушает вкусную трапезу.

""Капитан, как же я рад снова вас видеть. Вице-экзекьютив-менеджер Хайдер ведь не слишком расстроилась? Вы не оскорбили ее чувство чести слишком глубоко? Впрочем, нет, дам вам слово."" Он подмигивает и постукивает по датападу.",,
sdtuPostHyderReportPrisonerA,DialogOptionSelected,"$option == sdtu_postHyderReportHub
$global.sdtu_toldHyderPrisonerToMacario
!$handledPrisoner",FireAll SDTUPostHyderPrisonerOpt,,,
sdtuPostHyderReportPrisonerB,DialogOptionSelected,"$option == sdtu_postHyderReportHub
$global.sdtu_tabledPrisonerTransfer
!$handledPrisoner",FireAll SDTUPostHyderPrisonerOpt,,,
sdtuPostHyderPrisonerOpt0,SDTUPostHyderPrisonerOpt,,$handledPrisoner = true 0,У вас в бриге находится офицер патрульного флота Компании для Макарио. Логично сначала закрыть старые дела.,"


",
sdtuPostHyderPrisonerOptA,SDTUPostHyderPrisonerOpt,,,,sdtu_postHyderPrisonerOptA:У меня готов к передаче ваш предатель-офицер.,
sdtuPostHyderPrisonerOptB,SDTUPostHyderPrisonerOpt,,,,sdtu_postHyderPrisonerOptB:Я обещал отпустить пленного на независимом мире.,
sdtuPostHyderPrisonerOptC,SDTUPostHyderPrisonerOpt,,,,sdtu_postHyderPrisonerOptC:Я передал пленного под стражу Хайдер. (ложь),
sdtuPostHyderPrisonerOptD,SDTUPostHyderPrisonerOpt,,,,sdtu_postHyderPrisonerOptD:К сожалению - пленный умер между захватом и настоящим моментом. (ложь),
sdtuPostHyderPrisonerOptE,SDTUPostHyderPrisonerOpt,,,,sdtu_postHyderReportHub:Не упоминать пленного.,
sdtuPostHyderPrisonerRespA,DialogOptionSelected,$option == sdtu_postHyderPrisonerOptA,"AddTextSmall ""Офицер-изменник передан под надзор Совета кадрового контроля"" highlight
AdjustRep sindrian_diktat 1
FireAll SDTUPostHyderReports","""Правда?"" Макарио быстро выдыхает, недовольно глядя в сторону. ""Ладно, ладно, передавайте его, и мы подрежем этот торчащий хвост.""

Он по разу стучит ладонями по столу, затем складывает их и внимательно смотрит на вас. ""А теперь расскажите о Хайдер.""",,
sdtuPostHyderPrisonerRespB,DialogOptionSelected,$option == sdtu_postHyderPrisonerOptB,FireAll SDTUPostHyderReports,"""Правда?"" Макарио выглядит забавляется. ""Как очаровательно.""

""Что ж, полезно иногда давать моим оперативникам небольшую задачу. Нельзя же им размякать, верно?""

Он по разу стучит ладонями по столу, затем складывает их и внимательно смотрит на вас. ""А теперь расскажите о Хайдер.""",,
sdtuPostHyderPrisonerRespC,DialogOptionSelected,$option == sdtu_postHyderPrisonerOptC,"$player.ethosLiar++
$lies++","""Вот как?"" Бровь Макарио поднимается. ""Но вы этого не сделали.""","sdtu_postHyderPrisonerOptC1:Уверяю вас - именно это я и сделал.
sdtu_postHyderPrisonerOptC2:Вы можете быть абсолютно уверены - что именно я делал и чего не делал?
sdtu_postHyderPrisonerOptC3:Ладно. Я передам пленного.",
sdtuPostHyderPrisonerRespC1,DialogOptionSelected,$option == sdtu_postHyderPrisonerOptC1,"AdjustRepPerson macario VENGEFUL -1
FireAll SDTUPostHyderReports","""Любопытно,"" - говорит он и подается вперед. ""Не разочаровывайте меня, капитан. Вы слишком умны, чтобы считать меня идиотом.""

Он снова откидывается и щелкает пальцами. ""Оставьте пленного себе, мне все равно. Так или иначе он закончит мертвым. У нас любят подчищать хвосты. А теперь о Хайдер.""",,
sdtuPostHyderPrisonerRespC2,DialogOptionSelected,$option == sdtu_postHyderPrisonerOptC2,"AdjustRepPerson macario VENGEFUL -1
FireAll SDTUPostHyderReports","""Любопытно,"" - говорит он и подается вперед. ""Не разочаровывайте меня, капитан. Вы слишком умны, чтобы считать меня идиотом.""

Он снова откидывается и щелкает пальцами. ""Оставьте пленного себе, мне все равно. Так или иначе он закончит мертвым. У нас любят подчищать хвосты. А теперь о Хайдер.""",,
sdtuPostHyderPrisonerRespC3,DialogOptionSelected,$option == sdtu_postHyderPrisonerOptC3,"AdjustRepPerson macario VENGEFUL -1
FireAll SDTUPostHyderReports
AddTextSmall ""Офицер-изменник передан под надзор Совета кадрового контроля"" highlight","""Как легко вы сдались,"" - говорит он с притворной обидой. Затем подается вперед. ""Делайте как хотите, капитан, но не разочаровывайте меня. Вы же слишком умны для этого, верно?""

Он снова откидывается и щелкает пальцами. ""Но пленного все же передайте. У нас любят подчищать хвосты. А теперь о Хайдер.""",,
sdtuPostHyderPrisonerRespD,DialogOptionSelected,$option == sdtu_postHyderPrisonerOptD,"$player.ethosLiar++
FireAll SDTUPostHyderReports","""Да-да, очень печально, несчастные случаи и все такое,"" - нетерпеливо говорит он. ""Расскажите о Хайдер.""",,"# thinks you're covering up murder, doesn't care"
sdtuPostHyderReportHub,DialogOptionSelected,$option == sdtu_postHyderReportHub,FireAll SDTUPostHyderReports,,,
sdtuPostHyderReportA,SDTUPostHyderReports,!$saidHates,,,sdtu_postHyderHatesYou:Что ж - она вас ненавидит.,
sdtuPostHyderReportHeg,SDTUPostHyderReports,"$global.sdtu_offeredHyderHegemonyOut
!$saidHegemonyOut",,,sdtu_postHyderHegemonyOut:Я предложил устроить ее обратный переход к Гегемонии.,
sdtuPostHyderReportB,SDTUPostHyderReports,"$global.sdtu_knowHyderHeldBackFromPromotion
!$saidPromotion",,,sdtu_postHyderPromotion:Она говорит - что вы сговором блокируете ее повышение до Экзекьютив-менеджера.,
sdtuPostHyderReportC,SDTUPostHyderReports,"$global.sdtu_knowHyderWontBackCaden
!$saidCaden",,,sdtu_postHyderCaden:Она не верит - что Каден способен успешно возглавить Топливная компания Синдрии.,
sdtuPostHyderReportD,SDTUPostHyderReports,"$global.sdtu_knowHyderIsAFollower
!$saidHyderNoLead",,,sdtu_postHyderHerLead:Она не хочет возглавлять Топливная компания Синдрии.,
sdtuPostHyderReportE,SDTUPostHyderReports,"$global.sdtu_hyderBlamesMacarioForSupplyProblem
!$saidHyderSupply",,,sdtu_postHyderSupply:Она винит вас в проблемах снабжения сил безопасности.,
sdtuPostHyderReportYenni,SDTUPostHyderReports,"$global.sfc_sdtu_knowHyderDislikesYenni
!$saidHyderYenni",,,sdtu_postHyderYenni:Она говорит - что позиция адмирала Йенни в Топливная компания Синдрии не была заслужена.,
sdtuPostHyderReportF,SDTUPostHyderReports,#$saidStuff > 1,,,sdtu_postHyderMission1:Это все - что я могу сказать.,
sdtuPostHyderReportLies,SDTUPostHyderReports,!$toldBigLie,,,sdtu_postHyderReportLies:Обдумать - какую ложь сказать Макарио,
sdtuPostHyderReportLiesHub,DialogOptionSelected,$option == sdtu_postHyderReportLies,FireAll SDTUPostHyderLies,"Возможно, вам выгодно сообщить Макарио некоторые выдумки. Он кажется наблюдательным, так что вряд ли получится безнаказанно врать слишком много.",,
sdtuPostHyderLiesOptionLieWarning,SDTUPostHyderLies,$lies > 1,,"Вы уже один раз соврали Макарио. Если давить дальше, можно испытать предел его терпения.",,
sdtuPostHyderLiesOptionA,SDTUPostHyderLies,,,,sdtu_postHyderReportHub:Обдумать - какую правду сказать Макарио,
sdtuPostHyderLiesOptionB,SDTUPostHyderLies,"!$toldBigLie
!$saidCaden
!$global.sdtu_toldMacarioHyderBacksCaden",,,sdtu_postHyderLieBacksCaden:Если дойдет до этого - Хайдер поддержит лидерство Кадена. (ложь),
sdtuPostHyderLiesOptionC,SDTUPostHyderLies,"!$global.sdtu_toldMacarioHyderBacksMacario
!$toldBigLie",,,sdtu_postHyderLieBacksMacario:Хайдер поддержит вас как лидера - хоть и неохотно. (ложь),
sdtuPostHyderLiesOptionD,SDTUPostHyderLies,"!$global.sdtu_toldMacarioHyderBacksHyder
!$toldBigLie",,,sdtu_postHyderLieWantsToLead:Она считает - что никто - кроме нее - не может возглавить Топливная компания Синдрии. (ложь),
sdtuPostHyderLiesOptionE,SDTUPostHyderLies,"!$global.sdtu_offeredHyderHegemonyOut
!$toldBigLie",,,sdtu_postHyderLieWantsToDefect:Я считаю - что Хайдер хочет перейти к Гегемонии. (ложь),
sdtuPostHyderLiesOptionF,SDTUPostHyderLies,,,,sdtu_postHyderMission1:Это все - что я могу сказать.,
sdtuPostHyderHatesYou,DialogOptionSelected,$option == sdtu_postHyderHatesYou,"$saidHates = true 0
FireAll SDTUPostHyderHatesYouOpts","""Да,"" - говорит Макарио, ""это я и так знаю.""",,
sdtuPostHyderHatesYouOptA,SDTUPostHyderHatesYouOpts,$global.sdtu_HyderSaidMacarioFuelsWithLies,,,sdtu_postHyderHateRespA:Она сказала - что вы бы заправляли корабли и кормили экипажи одной ложью - если бы могли.,
sdtuPostHyderHatesYouOptB,SDTUPostHyderHatesYouOpts,$global.sdtu_HyderSaidMacarioHasNoConcept,,,sdtu_postHyderHateRespB:Она сказала - что вы не способны понять понятия чести - долга и дисциплины.,
sdtuPostHyderHatesYouOptC,SDTUPostHyderHatesYouOpts,$global.sdtu_HyderCalledMacarioWorm,,,sdtu_postHyderHatesRespC:Она назвала вас суетливым червем.,
sdtuPostHyderHatesYouOptD,SDTUPostHyderHatesYouOpts,$global.sdtu_HyderBlamedMacarioForResistance,,,sdtu_postHyderHatesRespD:Она сказала - что вы позволяете Вольтурнийскому Сопротивлению держаться - потому что вы некомпетентны и отвлечены.,
sdtuPostHyderHatesYouOptE,SDTUPostHyderHatesYouOpts,$global.sdtu_HyderSaidMacarioOpsTreason,,,sdtu_postHyderHatesRespE:Она говорит - что половина операций - которые вы санкционируете - - измена.,
sdtuPostHyderHatesYouOptF,SDTUPostHyderHatesYouOpts,,,,sdtu_postHyderHatesRespF:Я просто действую максимально тщательно.,
sdtuPostHyderHateRespA,DialogOptionSelected,$option == sdtu_postHyderHateRespA,RemoveOption sdtu_postHyderHatesRespA,"Макарио кивает, задумчиво потирая подбородок.",,
sdtuPostHyderHateRespB,DialogOptionSelected,$option == sdtu_postHyderHateRespB,RemoveOption sdtu_postHyderHatesRespB,"""Хм,"" - говорит он, размышляя. ""Продолжайте.""",,
sdtuPostHyderHateRespC,DialogOptionSelected,$option == sdtu_postHyderHatesRespC,RemoveOption sdtu_postHyderHatesRespC,"Брови Макарио чуть приподнимаются, словно именно это замечание его слегка впечатлило.",,
sdtuPostHyderHateRespD,DialogOptionSelected,$option == sdtu_postHyderHatesRespD,RemoveOption sdtu_postHyderHatesRespD,"""Любопытно,"" - лжет он.",,
sdtuPostHyderHateRespE,DialogOptionSelected,$option == sdtu_postHyderHatesRespE,RemoveOption sdtu_postHyderHatesRespE,"""Всего половина?"" Макарио изображает удивление. ""Как великодушно!""",,
sdtuPostHyderHateRespF,DialogOptionSelected,$option == sdtu_postHyderHatesRespF,"RemoveOption sdtu_postHyderHatesRespF
FireAll SDTUPostHyderReports
$saidStuff++","""Разумеется. Отлично сработано."" Он нетерпеливо барабанит пальцами.",,
sdtuPostHyderPromotion,DialogOptionSelected,$option == sdtu_postHyderPromotion,"$saidPromotion = true 0
FireAll SDTUPostHyderReports
$saidStuff++","""Очень мило с ее стороны это заметить,"" - говорит он. ""Жаль только, что она ничего не может с этим сделать.""",,
sdtuPostHyderCaden,DialogOptionSelected,$option == sdtu_postHyderCaden,"$saidCaden = true 0
FireAll SDTUPostHyderReports
$saidStuff++
$global.sdtu_gotMacarioOpinionOfCaden = true","""Хм. Да,"" - Макарио откидывается и постукивает пальцами друг о друга. ""Она не ошибается. Ха! Каден. Представьте его во главе. Показуха и парады, пока миры рушатся.""

""Не беспокойтесь,"" - бодро добавляет он, - ""Каден вполне справится с ролью вывески, если дать ему достаточно маленьких отвлекающих игрушек.""",,
sdtuPostHyderHerLead,DialogOptionSelected,$option == sdtu_postHyderHerLead,"$saidHyderNoLead = true 0
FireAll SDTUPostHyderReports
$saidStuff++","""Прекрасно! Нельзя управлять политией как линкором!"" Макарио качает головой. ""Вот бы она просто признала, что делом управления должен заниматься кто-то более способный.""",,
sdtuPostHyderSupply,DialogOptionSelected,$option == sdtu_postHyderSupply,"$saidHyderSupply = true 0
FireAll SDTUPostHyderReports
$saidStuff++","""По крайней мере она это сложила,"" - Макарио проверяет ноготь на грязь.

""Хайдер просто придется эффективнее использовать то, что у нее есть, - и добывать контрабанду более скрытно. Я заметил, что многие подчиненные прекрасно раскрываются под давлением,"" - услужливо добавляет он.

""Хмм,"" - раздумывает он, - ""естественно, при соответствующих обстоятельствах.""",,
sdtuPostHyderReportYenni1,DialogOptionSelected,$option == sdtu_postHyderYenni,"$saidHyderYenni = true 0
FireAll SDTUPostHyderReports
$saidStuff++","""Хмф, тут она точно не ошибается,"" - пренебрежительно отвечает Макарио.

""Многие из старой гвардии ворчат о позиции адмирала Йенни в Компании. Но я не ожидал, что Хайдер будет настолько откровенна, учитывая ее профессионализм.""

""В долгую это может оказаться полезным.""",,
sdtuPostHyderLieBacksCaden,DialogOptionSelected,$option == sdtu_postHyderLieBacksCaden,"$saidStuff++
$global.sdtu_toldMacarioHyderBacksCaden = true
$player.ethosLiar++
$toldBigLie = true 0
FireAll SDTUPostHyderLies","""Захватывающе,"" - он подается вперед.

""Она всегда восхищалась смелостью и гением Андрады. И пусть Каден не Андрада, в качестве приемлемой замены он мог бы сработать - альтернатива ведь хаос. Хайдер это понимает и, возможно, способна отложить личные чувства ради общего блага... да, это может быть так.""",,
sdtuPostHyderLieBacksMacario,DialogOptionSelected,$option == sdtu_postHyderLieBacksMacario,"$saidStuff++
$saidHyderBackMacario = true 0
$global.sdtu_toldMacarioHyderBacksMacario = true
$player.ethosLiar++
$toldBigLie = true 0
FireAll SDTUPostHyderLies","""Правда?"" Он откидывается, потирая подбородок.

""Неожиданный поворот. Как обученный военный командир, Хайдер, возможно, понимает - несмотря на личные чувства - что союз с сильным лидером даст лучший результат.""",,
sdtuPostHyderLieWantsToLead,DialogOptionSelected,$option == sdtu_postHyderLieWantsToLead,"$saidStuff++
$global.sdtu_toldMacarioHyderBacksHyder = true
$player.ethosLiar++
$toldBigLie = true 0
FireAll SDTUPostHyderLies","""Хайдер? Возглавить Sindrian Fuel Company?"" Он коротко смеется, но в глазах нет веселья.

""Конечно, ерунда. Но если она поверила, что в рамках ее странной этики и психологической потребности в порядке иного выбора нет... поставить себя туда, где, как ей кажется, есть контроль... да, мотив подходит.""

Он вздыхает и смотрит вверх. ""Ах, какой ценой! Вопрос тогда в том, какая часть сил безопасности ее поддержит - а это, будем реалистами, немалое число этой довольно плебейской силы и правда смотрит на нее снизу вверх. 'Строгая, но справедливая', говорят они."" Он качает головой, отвлекаясь; уже просчитывает риски будущих схем.",,
sdtuPostHyderHegemonyOut,DialogOptionSelected,$option == sdtu_postHyderHegemonyOut,"
","""Захватывающе! И что она ответила?"" Он подается вперед, полностью собранный. ""Она согласилась?""","sdtu_postHyderHegemonyOut2:Она прямо не ответила. Что-то про измену и казнь.
sdtu_postHyderLieWantsToDefect:Да. (ложь)",
sdtuPostHyderHegemonyOut2,DialogOptionSelected,$option == sdtu_postHyderHegemonyOut2,"$saidStuff++
$global.sdtu_toldMacarioHyderWantsToDefect = true
FireAll SDTUPostHyderReports","""Проклятье!"" Макарио бьет кулаком по столу, но продолжает ухмыляться. ""Отличная работа. Придется развивать этот угол.""

""Это будет,"" - он яростно трет ладони, - ""... весело.""",,
sdtuPostHyderLieWantsToDefect,DialogOptionSelected,$option == sdtu_postHyderLieWantsToDefect,"$saidStuff++
$global.sdtu_toldMacarioHyderWantsToDefect = true
$player.ethosLiar++
$toldBigLie = true 0
FireAll SDTUPostHyderLies","""Нет!"" - восклицает он. ""И Гегемония бы ее приняла?""

""Это работа Дауда."" Он начинает яростно тереть руки. ""Сходится, сходится. У него низкая хитрость, отточенная в криминальном происхождении.""

Он поднимает на вас взгляд; ладони замирают, будто он только что осознал, что вы это видите. ""Я, разумеется, восхищаюсь Даудом. Добиться столь многого, поднявшись из паразитского класса на вершину командования? Это по-настоящему невероятно.""

Руки снова приходят в движение, взгляд блуждает. ""Столько... нужно сделать, столько обдумать...""",,
sdtuPostHyderMission1,DialogOptionSelected,$option == sdtu_postHyderMission1,FireBest SDTUPostHyderUsefulnessCheck,,sdtu_postHyderMission2:Продолжить,
sdtuPostHyderUsefulnessCheckA,SDTUPostHyderUsefulnessCheck,$saidStuff <= 1,AdjustRepPerson macario VENGEFUL -1,"""Признаюсь, вы меня недовпечатлили, капитан."" Макарио откидывается, сцепив руки, не сводя с вас глаз. ""Возможно, звезды простят мои манеры, но, возможно, вы были не вполне откровенны?""

""Мне было бы так жаль, если потенциал нашего маленького сотрудничества, как бы это сказать... есть луддитское выражение, кажется, 'засох на лозе'? Какая картинка."" Он безобаянно улыбается.

""К слову, позвольте дать вам еще один шанс показать свою ценность."" Он на секунду замолкает, потом добавляет почти без угрозы в голосе: ""Уверен, к концу вы согласитесь, что я умею быть очень снисходительным.""",,
sdtuPostHyderUsefulnessCheckB,SDTUPostHyderUsefulnessCheck,"$saidStuff > 1
$saidStuff < 3",,"Он замолкает и, кажется, замечает, как его собственные руки вцепились друг в друга, будто пытаются друг друга задушить. Он осознанно опускает их на стол.

""Это было умеренно интересно. Подтвердило, полагаю, другие источники,"" - он откидывается. ""Ах, рутинная работа разведки. Не все же должно заканчиваться одним драматичным выстрелом, верно?""

""К счастью для вас, именно это я и подготовил с расчетом на вас."" Он ловит себя на слове, с легкой усмешкой. ""Нет-нет, не для вас. Для одного из агентов Кадена на Умбре. Сейчас объясню.""",,
sdtuPostHyderUsefulnessCheckC,SDTUPostHyderUsefulnessCheck,$saidStuff >= 3,AdjustRepPerson macario FRIENDLY 1,"""Честно говоря,"" - Макарио на миг подавляет странный звук, похожий на икоту, - ""вы были весьма информативны.""

Он откидывается, сцепив руки. ""Из вас мог бы выйти неплохой агент, будь вы более скрытны."" Он пусто улыбается. ""Гораздо более скрытны.""

""К счастью, у меня есть ровно то, что нужно, ровно то. Уровень скрытности - на ваше усмотрение; вы обнаружите, что я надзираю мягкой рукой, вопреки тому, что обо мне врут. Если ради извлечения агента вам понадобится сравнять с орбиты пару жилых блоков - что ж, я приму ваше профессиональное суждение. Но позвольте объяснить...""",,
sdtuPostHyderMission2,DialogOptionSelected,$option == sdtu_postHyderMission2,"AddTextSmall ""Получено досье на двойного агента Львиной гвардии на Умбре"" highlight","Макарио постукивает по невидимому датападу.

""У Львиной Гвардии, конечно, есть собственная разведсекция. Обожают крепкочелюстных юнцов, навязывающих правильную идеологию и устраивающих демонстрации лояльности,"" - он берет терпеливо-покровительственный тон. ""А вот практика агентурной работы у них так себе.""

""К сожалению, один из агентов Кадена на Умбре с самого начала работал на инсургентов,"" - говорит он. ""Возьмите агента силой. Когда он успокоится, Каден... одобрит, что вы подчистили этот конфуз, вот увидите. Просто дайте ему думать, что он главный; этого достаточно.""","sdtu_postHyderMission2a:Столкнуть Кадена с его двойным агентом. Понял.
sdtu_postHyderMission2c:То есть этот агент работает на Сопротивление?
sdtu_postHyderMission2b:Как давно вы об этом знаете?",
sdtuPostHyderMission2a,DialogOptionSelected,$option == sdtu_postHyderMission2a,"$global.sdtu_extractAgent = true
Call $global.sdtu_ref updateStage
$option = sdtu_macarioPostHyderEnd 0
FireBest DialogOptionSelected","Макарио безрадостно улыбается. ""Вы прекрасно поладите, если сумеете делать вид, что ваше высшее стремление - лизать сапоги Андрады.""",sdtu_macarioPostHyderEnd:Завершить,
sdtuPostHyderMission2b,DialogOptionSelected,$option == sdtu_postHyderMission2b,"$global.sdtu_extractAgent = true
Call $global.sdtu_ref updateStage
$option = sdtu_macarioPostHyderEnd 0
FireBest DialogOptionSelected","Макарио безрадостно улыбается. ""Надежда для вас еще не потеряна, капитан.""

""А теперь идите и хватайте этого агента для напыщенного клоуна. Вы прекрасно поладите с Каденом, если будете делать вид, что лизание сапог - ваша главная мечта.""",,
sdtuPostHyderMission2c,DialogOptionSelected,$option == sdtu_postHyderMission2c,RemoveOption sdtu_postHyderMission2c,"""Именно!"" - широко распахнув глаза, говорит Макарио. ""Представьте: тратить годы на столь безнадежное дело! А потом все рушится, потому что вас скомпрометировал,"" - он улыбается с неподдельным удовольствием, понижая голос до притворного разочарования, - ""друг.""

""Ох, не стоило бы уделять столько внимания таким мелочам. Это один из моих немногих недостатков характера. Но мне так нравится драма между строк - в, признаю первым, чудовищно сухих разведсводках. Иногда я скучаю по старым временам,"" - вздыхает он.

""Тогда было гораздо больше времени вести дела... лично.""",,
sdtuMacarioPostHyderEnd,DialogOptionSelected,$option == sdtu_macarioPostHyderEnd,unset $global.sdtu_reportToMacario1,"""Ступайте."" Он потягивается, поправляет форму и без лишних слов отключает связь.",cutCommLink:Разорвать связь,
,,,,,,
sdtuMacarioPostHyderRetalk,PickGreeting,"$id == macario score:1000
$global.sdtu_extractAgent",BeginConversation macario,"После короткой паузы появляется изображение Макарио.

""Капитан, капитан, капитан,"" - ухмыляется он. ""С нетерпением жду результатов вашей беседы с моим добрым другом, Великим Верховным Заместителем Экзекьютива.""

""А до тех пор?"" Он произносит это как вопрос, но это не вопрос. Связь уже убита.",cutCommLink:Разорвать связь,
#END SDTU step 5: Talk to Macario,,,,,,
,,,,,,
# SDTU step 6: Extract agent from Umbra,,,,,,
sdtuAddUmbraRaidOption,PopulateOptions,"$market.id == umbra
$global.sdtu_inProgress
Call $global.sdtu_ref updateData
$menuState == main
$global.sdtu_extractAgent","$raidDifficulty = $sdtu_extractAgentRaidDifficulty 0
$raidGoBackTrigger = PopulateOptions 0
$raidContinueTrigger = SDTUUmbraRaidFinishedB 0
AddRaidObjective genericIcon ""Capture the Lion's Guard double agent"" HIGH 3000 SDTUUmbraRaidFinishedA
FireBest SDTUUmbraRaidCheckHostilesNearby",,2:sdtu_umbraRaidStart:Подготовить рейд для захвата агента Кадена,
sdtuDisableUmbraRaidOption,SDTUUmbraRaidCheckHostilesNearby,HostileFleetNearbyAndAware,"SetEnabled sdtu_umbraRaidStart false
SetTooltip sdtu_umbraRaidStart ""Ближайший враждебный флот отслеживает ваши перемещения, что делает налет невозможным.""",,,
sdtuUmbraRaidStart,DialogOptionSelected,$option == sdtu_umbraRaidStart,ShowImageVisual raid_prepare,"Досье Макарио очень подробное. Ясно, что разведка Sindrian Fuel Company уже давно держит источники и среди умбранских инсургентов ARC/анти-аффилированных групп, и внутри Львиной Гвардии.

Ключевые точки двойного агента описаны четко, хотя график у него хаотичный. Чистый захват потребует нескольких одновременных ударов по бункерам инсургентов, после чего операция точно перейдет в горячую фазу.

Иногда работа просто требует устроить небольшой беспорядок.",mktRaidNonMarket:Продолжить,
sdtuUmbraRaidFinishedA,SDTUUmbraRaidFinishedA,,,"Вы руководите рейдом с мостика; ваш кадровый костяк наемных офицеров, коллективно прошедший все стороны всех крупных конфликтов Персеанского Сектора за последние 50 циклов, ведет тактическое командование.

Каждый отряд работает как хирургия - холодно и точно. А затем, в один момент, начинается ад: штурмовые заряды взрывают бури пыли и обломков, которые очереди оружия превращают в стробирующие облака огня. Суб-ИИ строят призрачные визуализации по миллирадару, в реальном времени обновляя теги угроз на боевых дисплеях морпехов.

Цель помечают по сканированию костной структуры боевыми сенсорами и сверке с досье Макарио. Агента пакуют и фиксируют для эвакуации с лишь незначительными травмами.",,
sdtuUmbraRaidFinishedB,SDTUUmbraRaidFinishedB,,"$global.sdtu_didUmbraRaid = true
AddTextSmall ""Двойной агент Львиной гвардии успешно эвакуирован"" highlight
FireAll SDTUUmbraGotAgent","Ваши отряды морпехов отходят, оставляя за собой проломленные переборки, воющие сирены и редкий ответный огонь. Умбранское ополчение все еще мобилизуется, а порт только входит в режим блокировки, когда последний шаттл морпехов взлетает; струи двигателей вздымают летучий снег и пыль, смешивая их с вытекающей колониальной атмосферой.

Двойной агент в бриге, под наблюдением медиков. Переломы и более легкие травмы. Рабочая рутина.",defaultLeave:Уйти,
sdtuUmbraAdmin,PopulateOptions,"$market.id == umbra
$postId == administrator
$personFaction.id == pirates
$market.sdtu_extractAgent","SetStoryOption sdtu_umbraTrickVIP general ""Обманом вынудили лидера на Умбре выдать агента Кейдена без боя""",,"sdtu_umbraAskAgent:Мне нужно найти агента - работающего на Топливная компания Синдрии.
sdtu_umbraTrickVIP:Сделать вид - что вы захватываете тройного агента - чтобы помочь Сопротивлению",
sdtuUmbraQM,PopulateOptions,"$market.id == umbra
$postId == supplyOfficer
$personFaction.id == pirates
$market.sdtu_extractAgent","SetStoryOption sdtu_umbraTrickVIP general ""Обманом вынудили лидера на Умбре выдать агента Кейдена без боя""",,"sdtu_umbraAskAgent:Мне нужно найти агента - работающего на Топливная компания Синдрии.
sdtu_umbraTrickVIP:Сделать вид - что вы захватываете тройного агента - чтобы помочь Сопротивлению",
sdtuUmbraComm,PopulateOptions,"$market.id == umbra
$postId == baseCommander
$personFaction.id == pirates
$market.sdtu_extractAgent","SetStoryOption sdtu_umbraTrickVIP general ""Обманом вынудили лидера на Умбре выдать агента Кейдена без боя""",,"sdtu_umbraAskAgent:Мне нужно найти агента - работающего на Топливная компания Синдрии.
sdtu_umbraTrickVIP:Сделать вид - что вы захватываете тройного агента - чтобы помочь Сопротивлению",
sdtuUmbraPM,PopulateOptions,"$market.id == umbra
$postId == portmaster
$personFaction.id == pirates
$market.sdtu_extractAgent","SetStoryOption sdtu_umbraTrickVIP general ""Обманом вынудили лидера на Умбре выдать агента Кейдена без боя""",,"sdtu_umbraAskAgent:Мне нужно найти агента - работающего на Топливная компания Синдрии.
sdtu_umbraTrickVIP:Сделать вид - что вы захватываете тройного агента - чтобы помочь Сопротивлению",
#sdtuUmbraVIPOptionsC,SDTUUmbraVIPOptions,,FireAll SDTUCheckCanThreatenUmbra,,sdtu_umbraThreatFleet:Пригрозить обрушить ад на Умбру - если они не выдадут агента Кадена,# seems boring
sdtuUmbraAskAgent,DialogOptionSelected,$option == sdtu_umbraAskAgent,"$askedAboutAgent = true 1
RemoveOption sdtu_umbraAskAgent","""Агент?"" $HeOrShe смотрит подозрительно. ""Если вы что-то знаете о синдийском шпионе на Умбре, говорите сейчас, и к концу дня он предстанет перед революционным трибуналом.""",,
#sdtuUmbraAskAgentB,DialogOptionSelected,"$option == sdtu_umbraAskAgent
RepGTE pirates FRIENDLY",,"""Агент?"" $HeOrShe смотрит подозрительно. ""Если вы что-то знаете о синдийском шпионе на Умбре..."" скажите сейчас, и к концу дня он предстанет перед революционным трибуналом.

$HeOrShe на мгновение отвлекается.",,# might do this tangent some other time. -dgb
sdtuUmbraAskAgentQM,DialogOptionSelected,"$option == sdtu_umbraAskAgent
$postId ==  supplyOfficer","$askedAboutAgent = true 1
RemoveOption sdtu_umbraAskAgent","$HeOrShe ошарашен$isOrAre. ""Агент? Здесь? Я... я не понимаю, о чем вы. У меня нет таких полномочий.""",,
#sdtuUmbraThreatCheck,SDTUCheckCanThreatenUmbra,"$player.maxCombatHullSize < 4
$player.fleetPoints <= 50","SetEnabled sdtu_umbraThreatFleet false
SetTooltip sdtu_umbraThreatFleet ""Requires a larger fleet and at least one non-civilian capital ship.""",,,
sdtuUmbraAskAgentSD,DialogOptionSelected,"$option == sdtu_umbraAskAgent
$player.fcm_faction == sindrian_diktat score:10","AdjustRepActivePerson VENGEFUL -10
FireAll SDTUUmbraMakeFleetsHostile","$HeOrShe сначала теряется, затем делает двойной взгляд на вторичный дисплей.

""Стоп, вы же работаете на синдийцев? Вот это у вас дерзость - выйти на меня напрямую и еще признаться в этом."" $HeOrShe отворачивается. ""Поговорю по-настоящему с диспетчерской...""

Затем $heOrShe яростно вбивает что-то в интерфейс связи. Довольно ухмыляясь, $heOrShe говорит: ""Я уже поднял тревогу. Лучше бегите прятаться за папочку Андраду.""",,
sdtuUmbraMakeFleetsHostile,SDTUUmbraMakeFleetsHostile,,MakeNearbyFleetsHostile pirates 100000 30 true ,,,"# if you talk to a VIP, they'll warn nearby fleets"
sdtuUmbraTrickVIP,DialogOptionSelected,$option == sdtu_umbraTrickVIP,FireAll SDTUUmbraTrickVIPOptions,"Вы объясняете, что агент, которого Орасио Каден считает работающим на Львиную Гвардию, а Сопротивление считает своим, на самом деле работает на совершенно другую ветвь разведки Sindrian Fuel Company - под командованием Долоса Макарио.

Иными словами, тройной агент. Иначе как у вас могли бы быть столь подробные внутренние данные, якобы ""украденные"" прямо из базы человеческих ресурсов Макарио?

История сложная, но вы начинаете видеть, как предложенная вами версия оседает в голове у $personName.

""То есть... все это время он работал на синдийцев,"" - потрясенно говорит $heOrShe. ""Но откуда у вас эта информация? На кого вы работаете?""","

",
sdtuUmbraTrickVIPOptionA,SDTUUmbraTrickVIPOptions,,,,sdtu_umbraTrickVIPA:Я тайный агент Гегемонии - работающий на подрыв Компании. (ложь),
sdtuUmbraTrickVIPOptionB,SDTUUmbraTrickVIPOptions,,,,sdtu_umbraTrickVIPB:Сам на себя. И я ненавижу Топливная компания Синдрии.,
sdtuUmbraTrickVIPOptionC,SDTUUmbraTrickVIPOptions,,,,sdtu_umbraTrickVIPC:Сам на себя. И я ненавижу Топливная компания Синдрии. (ложь),
sdtuUmbraTrickVIPOptionD,SDTUUmbraTrickVIPOptions,,,,sdtu_umbraTrickVIPD:Глубоко законспирированная ячейка ARC - о которой вы никогда не слышали. (ложь),
sdtuUmbraTrickVIPOptionE,SDTUUmbraTrickVIPOptions,,,,sdtu_umbraTrickVIPE:Я луддист по вере и сражаюсь с нашим общим врагом. (ложь),
sdtuUmbraTrickVIPOptionF,SDTUUmbraTrickVIPOptions,$global.lpp_completed,,,sdtu_umbraTrickVIPF:Я луддист по вере и сражаюсь с нашим общим врагом.,
sdtuUmbraTrickVIPOptionG,SDTUUmbraTrickVIPOptions,$global.gaFC_knowSiyavongContact ,,,sdtu_umbraTrickVIPG:Разведка флота Персеанской Лиги. Мое настоящее имя - 'Сиявонг'. (ложь),
sdtuUmbraTrickVIPOptionA2,DialogOptionSelected,$option == sdtu_umbraTrickVIPA,"$global.toldARCplayerIsHegemony
$player.ethosLiar++
AdjustRepActivePerson FRIENDLY 1","""Хегги,"" - мрачно говорит $heOrShe. ""Конечно! Я так и знал с самого начала.""

""Но мы практичное движение,"" - задумчиво добавляет $heOrShe, - ""и будем работать даже с враждебной авторитарной силой, если это служит Революции.""",sdtu_umbraTrickVIPending1:Широкий взгляд. Так что насчет этого агента...,
sdtuUmbraTrickVIPOptionB2,DialogOptionSelected,$option == sdtu_umbraTrickVIPB,"$global.toldARCplayerHatesSD = true
AdjustRepActivePerson FRIENDLY 5","""Что ж,"" - говорит $heOrShe. ""Тогда позвольте приветствовать вас во Объединенном фронте Асконского Сопротивления. Мы, анти-Топливные фракции, не всегда ладим, это точно. Но по крайней мере мы знаем, кто наш враг.""",sdtu_umbraTrickVIPending1:Спасибо. Так что насчет этого агента...,
sdtuUmbraTrickVIPOptionC2,DialogOptionSelected,$option == sdtu_umbraTrickVIPC,"$global.toldARCplayerHatesSD = true
$player.ethosLiar++
AdjustRepActivePerson FRIENDLY 5","""Что ж,"" - говорит $heOrShe. ""Тогда позвольте приветствовать вас во Объединенном фронте Асконского Сопротивления. Мы, анти-Топливные фракции, не всегда ладим, это точно. Но по крайней мере мы знаем, кто наш враг.""",sdtu_umbraTrickVIPending1:Спасибо. Так что насчет этого агента...,
sdtuUmbraTrickVIPOptionD2,DialogOptionSelected,$option == sdtu_umbraTrickVIPD,"$global.toldARCplayerIsARC = true
$player.ethosLiar++
AdjustRepActivePerson FRIENDLY 10","""Это... звучит логично, да,"" - медленно кивает $heOrShe. ""Что ж, рад знакомству, товарищ. Мы вместе продвинем Революцию!""",sdtu_umbraTrickVIPending1:Итак - насчет этого тройного агента на службе сил реакции...,
sdtuUmbraTrickVIPOptionE2,DialogOptionSelected,$option == sdtu_umbraTrickVIPE,"$global.toldARCplayerIsLuddic = true
$player.ethosLiar++
AdjustRepActivePerson FRIENDLY 5","""О, конечно! Мы можем не сходиться по всем вопросам, но приветствуем вашу помощь в борьбе с общим врагом.""

""И эм, благословения вам?"" - неловко говорит $HeOrShe.",sdtu_umbraTrickVIPending1:И вам того же. Теперь насчет этого агента...,
sdtuUmbraTrickVIPOptionF2,DialogOptionSelected,$option == sdtu_umbraTrickVIPF,"$global.toldARCplayerIsLuddic = true
AdjustRepActivePerson FRIENDLY 5","""О, конечно! Мы можем не сходиться по всем вопросам, но приветствуем вашу помощь в борьбе с общим врагом.""

""И эм, благословения вам?"" - неловко говорит $HeOrShe.",sdtu_umbraTrickVIPending1:И вам того же. Теперь насчет этого агента...,
sdtuUmbraTrickVIPOptionG2,DialogOptionSelected,$option == sdtu_umbraTrickVIPG,"$global.toldARCplayerIsSiyavong = true
$player.ethosLiar++
AdjustRepActivePerson FRIENDLY 1","""А, Лига."" $HeOrShe приподнимает подбородок. ""Милитаристская федерация эксплуататоров. Но все же гораздо менее мерзкая, чем Компания; мы примем вашу помощь, гражданин Сиявонг,"" - великодушно говорит $heOrShe.",sdtu_umbraTrickVIPending1:Ваша широта взглядов - добродетель. Теперь насчет этого агента...,
sdtuUmbraTrickVIPending1,DialogOptionSelected,$option == sdtu_umbraTrickVIPending1,$global.sdtu_oweARCfavor = true,"""Разумеется. Я ценю вашу преданность делу. Я передам вам предателя, но... вообще-то по-хорошему он должен быть нашим, чтобы мы подвергли его революционному правосудию.""

$HeOrShe принимает великодушный тон. ""Но мы за наведение мостов. За Объединенный фронт, верно? Придет день, когда мы попросим вас об услуге, и будем ожидать ответной услуги. Ради Фронта.""

""Я надеюсь,"" - мрачно говорит $heOrShe, - ""что вы доведете его до надлежащего конца?""",sdtu_umbraTrickVIPending2:Естественно.,
sdtuUmbraTrickVIPending2,DialogOptionSelected,$option == sdtu_umbraTrickVIPending2,"$global.sdtu_usedTrickToExtractAgent = true
EndConversation DO_NOT_FIRE
AddTextSmall ""Двойной агент Львиной гвардии успешно эвакуирован"" highlight
FireAll SDTUUmbraGotAgent
FireAll PopulateOptions
ShowDefaultVisual","Договоренности достигнуты, и возмущенного - с кляпом - агента тихо переводят на ваш $shipOrFleet в баке для летучих веществ, переделанном под тайную перевозку людей.",,
#sdtuUmbraThreatFleet,DialogOptionSelected,$option == sdtu_umbraThreatFleet,,,,# maybe later.
sdtuUmbraGotAgentNextStage,SDTUUmbraGotAgent,,"unset $global.sdtu_extractAgent
$global.sdtu_meetCaden = true
Call $global.sdtu_ref updateStage
Call $global.sdtu_ref tryMakeCadenImportant",,,
,,,,,,
# ARC-aligned pirate fleet lines,,,,,,
sdtuARCfleetGreetingA,OpenCommLink,"$faction.id == pirates
!$contact_printedFirstReturnGreeting
$entity.sdtu_antisFleet score:5","$contact_printedFirstReturnGreeting = true 0
ShowPersonVisual
FireAll PopulateOptions","Связь на комме мерцает, затем стабилизируется.

""Этот флот действует по приказу Асконского Революционного Совета. Богатство эксплуататоров подлежит перераспределению в пользу дела освобождения Сектора!""",,
sdtuARCfleetGreetingA2,OpenCommLink,"$faction.id == pirates
!$contact_printedFirstReturnGreeting
$entity.sdtu_antisFleet score:5
RepGTE pirates FAVORABLE","$contact_printedFirstReturnGreeting = true 0
MakeOtherFleetNonHostile sdtu true
MakeOtherFleetGoAway true
ShowPersonVisual
FireAll PopulateOptions","Связь на комме мерцает, затем стабилизируется.

""Сигнал чистый, капитан-товарищ. Мы под эгидой ARC, как раз выходим на операцию.""

$HeOrShe подается вперед с заговорщицкой ухмылкой. ""Ходят слухи, что у синдийцев встряска в офицерском корпусе... может быть хороший момент, э-э, перераспределить здесь немного богатства. Чем больше нас рейдит, тем меньше из нас они ловят, верно?""",,
sdtuARCfleetGreetingB,OpenCommLink,"$faction.id == pirates
!$contact_printedFirstReturnGreeting
$entity.sdtu_antisRevengeFleet score:5","$contact_printedFirstReturnGreeting = true 0
ShowPersonVisual
FireAll PopulateOptions","Связь на комме мерцает, затем стабилизируется.

""Во имя Асконского Революционного Совета вы предстанете перед правосудием за службу империализму Sindrian Fuel Company и эксплуататорам в целом!""

""Опустите щиты! Мирное содействие перераспределению награбленного богатства будет учтено, когда вы предстанете перед революционным трибуналом.""",,
sdtuARCfleetGreetingB2,OpenCommLink,"$faction.id == pirates
!$contact_printedFirstReturnGreeting
$entity.sdtu_antisRevengeFleet score:5
RepGTE pirates FAVORABLE","$contact_printedFirstReturnGreeting = true 0
MakeOtherFleetNonHostile sdtu true
MakeOtherFleetGoAway true
$entity.ignorePlayerCommRequests = true
ShowPersonVisual
FireAll PopulateOptions","Связь на комме мерцает, затем стабилизируется.

""Во имя Асконского Революционного Совета приветствуем вас. Мы были посреди операции по перераспределению богатства, когда получили приоритетный сигнал от наших товарищей на Умбре. Похоже, наемник, работающий на синдийских эксплуататоров, создает проблемы.""

""Уверен, вы сообщите нам, если ваши сенсоры что-то обнаружат."" $HeOrShe нетерпеливо, но дружелюбно косится на другой экран. ""Нам пора обратно к делу. Ярких импульсов.""",,
,,,,,,
# SDTU talk to Macario before Caden,,,,,,
sdtuMacarioNeedToTalkCaden,PickGreeting,"$id == macario score:1000
$global.sdtu_meetCaden score:2",BeginConversation macario,"После короткой паузы появляется изображение Макарио.

""О, капитан, как мило с вашей стороны заглянуть с дружеским визитом,"" - ледяным тоном говорит он. ""Сходите-ка к Орасио Кадену, хорошо? Я так за него переживаю.""

""А до тех пор?"" Он произносит это как вопрос, но это не вопрос, потому что связь уже убита.",cutCommLink:Разорвать связь,
#END SDTU talk to Macario before Caden,,,,,,
#END ARC-aligned pirate fleet lines,,,,,,
#END SDTU step 6: Extract agent from Umbra,,,,,,
,,,,,,
# SDTU step 7: Meet Caden's fleet,,,,,,
sdtuCadenAngryGreeting,OpenCommLink,"$id == caden score:1000
$global.sdtu_meetCaden score:100","BeginConversation caden true true
FireBest SDTUCadenGreeting
Call $global.sdtu_ref playMusicCaden
$player.metCaden = true","Перед вами появляется Орасио Каден, Великий Верховный Заместитель Экзекьютива Львиной Гвардии, явно довольный собой.",,
sdtuCadenGreeting,SDTUCadenGreeting,,,"""Независимый капитан флота!"" - ревет он, вставая. ""Ты пошел против воли Льва Синдрии!""

Склонившись к коммам, голос становится ниже и хриплее, Каден принимает отработанную позу угрозы и власти. ""Тяжкая ошибка, скоро исправимая.""",sdtu_cadenTalk1:Продолжить,
sdtuCadenGreetingSD,SDTUCadenGreeting,$player.fcm_faction == sindrian_diktat,,"""Ты! Капитан, присягнувший служить Льву Синдрии как ауксилия!"" - ревет он, вставая. ""Твои действия немыслимы! Пойти против воли Льва?"" Склонившись к коммам, голос становится ниже и хриплее, Каден принимает отработанную позу угрозы и власти. ""Тяжкая ошибка, скоро исправимая.""",sdtu_cadenTalk1:Продолжить,
sdtuCadenGreetingHeg,SDTUCadenGreeting,$player.fcm_faction == hegemony,,"""Внемли, иностранный террорист и подстрекатель!"" - ревет он, вставая. ""Иного предательства я и не ожидал от жеманной и декадентской Гегемонии и ее кукловодов из Nachiketa Fuel Traders, Incorporated!"" Склонившись к коммам, голос становится ниже и хриплее, Каден принимает отработанную позу угрозы и власти. ""Тяжкая ошибка, скоро исправимая.""",sdtu_cadenTalk1:Продолжить,
sdtuCadenTalk1,DialogOptionSelected,$option == sdtu_cadenTalk1,FireAll SDTUCadenAgentOptions,"Он отворачивается, будто вы недостойны обращения. ""Вы захватили актив, подчиненный моей власти. Немедленно сдайте его, и я, возможно, рассмотрю милосердие при диктовке вашей кары.""",,
sdtuCadenAgentC,SDTUCadenAgentOptions,,,,sdtu_cadenAgentMacario1:Макарио выяснил - что ваш агент - предатель. У меня есть доказательства.,
sdtuCadenAgentA,SDTUCadenAgentOptions,$player.fcm_faction == sindrian_diktat,,,sdtu_cadenAgentLoyal1:Я всецело верен Льву Синдрии. Я могу это доказать!,
sdtuCadenAgentB,SDTUCadenAgentOptions,,,,sdtu_cadenAgentTraitor1:Ваш агент был предателем и работал на повстанцев Умбры.,
sdtuCadenAgentD,SDTUCadenAgentOptions,,,,sdtu_cadenAgentFavor1:Я делаю вам одолжение - вычищая измену. У меня есть доказательства!,
sdtuCadenAgentE,SDTUCadenAgentOptions,$player.fcm_faction != hegemony,,,sdtu_cadenAgentLoyalLie1:Я всецело верен Льву Синдрии. Я могу это доказать! (ложь),
sdtuCadenAgentF,SDTUCadenAgentOptions,$player.fcm_faction == hegemony,,,sdtu_cadenAgentTraitor1b:Я действую не по приказу Гегемонии. Ваш агент - предатель.,
sdtuCadenAgentMacario1,DialogOptionSelected,$option == sdtu_cadenAgentMacario1,,"""Что? Измена в моей священной Гвардии?"" - орет Каден, наливаясь красным. Он глубоко вдыхает, сознательно беря себя в руки.

""Несмотря на мои сомнения в его приверженности андраданским идеалам,"" - продолжает он уже более нормальным тоном, - ""должен признать, что Экзекьютив-менеджер Совета по человеческим ресурсам искусен в выкорчевывании мятежа. Слава Экзекьютив-менеджеру по человеческим ресурсам!""",sdtu_cadenAgentMacario2:Продолжить,
sdtuCadenAgentMacario2,DialogOptionSelected,$option == sdtu_cadenAgentMacario2,FireAll SDTUCadenDemandOptions,"""Во-первых, передайте агента моему флоту,"" - после всего напряжения он поправляет форму.

""Затем передайте это ваше 'доказательство'. Мой штаб подготовит для меня исполнительную сводку, чтобы я назначил соответствующее наказание этому предателю.""

""Оно будет суровым,"" - добавляет он, будто могло быть иначе.",,
sdtuCadenAgentLoyal1,DialogOptionSelected,$option == sdtu_cadenAgentLoyal1,"$player.ethosLiar++
FireAll SDTUCadenDemandOptions","""Тогда докажи, космоброд!"" - орет Каден. ""Быстрый меч правосудия не залеживается у соратников Льва!""

""Докажи преданность: передай агента моему флоту, и я рассужу ситуацию и приму надлежащее решение."" Он драматично понижает голос. ""Суровое, если потребуется.""",,
sdtuCadenAgentFavor1,DialogOptionSelected,$option == sdtu_cadenAgentFavor1,FireAll SDTUCadenDemandOptions,"""Я - Великий Верховный Заместитель Экзекьютива Львиной Гвардии, космоброд!"" - орет Каден, краснея. ""Мне не нужна... услуга."" Он выплевывает ненавистное слово.

""Тем не менее я рассужу обоснованность ваших слов. Докажите преданность сейчас! Сдайте этого агента и объяснитесь!""

После всего напряжения он поправляет форму. ""Быстрее. Быстрый меч правосудия не залеживается у соратников Льва.""",,
sdtuCadenAgentTraitor1b,DialogOptionSelected,$option == sdtu_cadenAgentTraitor1b,FireAll SDTUCadenDemandOptions,"""Ха! Вот вам качество лояльности, которое вдохновляет декадентская Гегемония!"" Каден обращается к экипажу мостика, раскинув руку, как шоумен у витрины.

""Ты сделал правильный выбор, космоброд, доставив этого предполагаемого предателя ко мне. Быстрый меч правосудия не задерживается у соратников Льва!""

После всего напряжения он поправляет форму. ""Итак: передай агента. Затем я оценю ситуацию и приму должные решительные меры.""",,
sdtuCadenAgentTraitor1,DialogOptionSelected,$option == sdtu_cadenAgentTraitor1,FireAll SDTUCadenDemandOptions,"""Смелое обвинение от космобродского мусора!"" - орет Каден, размахивая кулаком. ""Но, быть может, ты слышал, как я ненавижу предателей Львиной Мечты!""

""Ты сделал правильный выбор, космоброд, доставив этого предполагаемого предателя ко мне. Быстрый меч правосудия не задерживается у соратников Льва!""

После всего напряжения он поправляет форму. ""Итак: передай агента. Затем я оценю ситуацию и приму должные решительные меры.""",,
sdtuCadenAgentLoyalLie1,DialogOptionSelected,$option == sdtu_cadenAgentLoyalLie1,"$player.ethosLiar++
FireAll SDTUCadenDemandOptions","""Тогда докажи, космоброд!"" - орет Каден. ""Быстрый меч правосудия не залеживается у соратников Льва!""

""Докажи преданность: передай агента моему флоту, и я рассужу ситуацию и приму надлежащее решение."" Он драматично понижает голос. ""Суровое, если потребуется.""",,
sdtuCadenDemandOptA,SDTUCadenDemandOptions,,,,sdtu_cadenAgentTransfer:Передать агента,
sdtuCadenDemandOptB,SDTUCadenDemandOptions,,,,sdtu_cadenAgentMacario:Арест приказал Макарио - значит я должен доставить агента ему.,
sdtuCadenDemandOptC,SDTUCadenDemandOptions,,,,sdtu_cadenAgentMacarioLie:Арест приказал Макарио - значит я доставлю предателя ему. (ложь),
sdtuCadenAgentMacarioLie,DialogOptionSelected,$option == sdtu_cadenAgentMacarioLie,"$player.ethosLiar++
FireAll SDTUCadenAgentDemand2Options","В ваших руках судьба настоящего агента Асконского Сопротивления. Передача его Кадену или Макарио лишь усилит репрессии Синдрийского Диктата.

С другой стороны, акцент на том, что Макарио превысил полномочия, может вбить клин между ним и Каденом.

""Не испытывай мое терпение, космоброд!"" Каден снова краснеет. ""Здесь я - представитель высшей и неоспоримой воли Льва Синдрии! Противиться моему требованию - равносильно нападению на государство: дегенеративный терроризм, мятеж, измена, порча общественного корпуса и оскорбление Hard Work and Honest Labor народа Асконии!""",,
sdtuCadenAgentMacario,DialogOptionSelected,$option == sdtu_cadenAgentMacario,FireAll SDTUCadenAgentDemand2Options,"Макарио, разумеется, не особо заботится о судьбе этого агента. Но его превышение полномочий может вбить клин между ним и Каденом, если аккуратно вложить эту мысль Кадену в голову.

""Не испытывай мое терпение, космоброд!"" Каден становится еще краснее. ""Здесь я - представитель высшей и неоспоримой воли Льва Синдрии! Противиться моему требованию - равносильно нападению на государство: дегенеративный терроризм, мятеж, измена, порча общественного корпуса и оскорбление Hard Work and Honest Labor народа Асконии!""",,
sdtuCadenDemand2OptA,SDTUCadenAgentDemand2Options,,,,sdtu_cadenAgentTransfer:Передать агента,
sdtuCadenDemand2OptB,SDTUCadenAgentDemand2Options,,,,sdtu_cadenAgentMacarioSecondLie:Но... Макарио сказал - что лишь его власть вторая после Льва Синдрии... (ложь),
sdtuCadenDemand2OptC,SDTUCadenAgentDemand2Options,,,,sdtu_cadenTooFar:Ну - пусть будет измена. Смерть Андраде! Смерть всем угнетателям!,# sassy
sdtuCadenAgentMacarioSecondLie,DialogOptionSelected,$option == sdtu_cadenAgentMacarioSecondLie,$global.sdtu_setCadenOffAboutMacario = true,"""Это вам Макарио сказал?"" - цепляется он за мысль. ""Что моя власть не вторая после Льва Синдрии?""",sdtu_cadenAgentMacarioSecondLie1:Продолжить,
sdtuCadenAgentMacarioSecondLie1,DialogOptionSelected,$option == sdtu_cadenAgentMacarioSecondLie1,,"Каден отворачивается, кипя. ""Самонадеянность этого двуличного предателя! Не стоит ему меня толкать: если бы я лишь пожелал, его казнили бы прямо на улице.""

""Космоброд!"" Каден снова здесь, краснее прежнего. ""Твое невежество жалко, потому я тебя просвещу: в нашей великой башне власти на вершине сидит Филипп Андрада."" Он поднимает руку с сжатыми пальцами, будто показывает вам модель.",sdtu_cadenAgentMacarioSecondLie2:Продолжить,
sdtuCadenAgentMacarioSecondLie2,DialogOptionSelected,$option == sdtu_cadenAgentMacarioSecondLie2,,"""Под ним - Великий Верховный Заместитель Экзекьютива, то есть я, во главе личной гвардии Филиппа Андрады, поклявшейся защищать его телом и духом; хранить его трансцендентную андраданскую идеологию; очищать Сектор от низкосортных топливных марок и обеспечивать, чтобы ярко горело лишь самое чистое топливо!""

""Долос Макарио - всего лишь бюрократ, один из многих, кто обслуживает советы государственной машины Льва Синдрии. Боюсь, его чрезмерные контакты с террористами и дегенератами породили у него нечистые фантазии о собственном месте в Львиной Мечте. Исправлять его ошибки - мой долг.""

Каден марширует по мостику взад-вперед, а приемники и софт интерпретации коммов с трудом удерживают стабильное позиционирование изображения.",sdtu_cadenAgentMacarioSecondLie3:Продолжить,
sdtuCadenAgentMacarioSecondLie3,DialogOptionSelected,$option == sdtu_cadenAgentMacarioSecondLie3,,"""Агент, которого вы задержали, находится ПОД МОЕЙ властью. А если бы и не находился - оказался бы по моему декрету во имя Верховного Экзекьютива.""

Каден останавливается и смотрит прямо в комм. ""Теперь. Передайте пленного моему флоту.""","sdtu_cadenAgentTransfer:Передать агента
sdtu_cadenConfrontAndrada:Но 'Андрада' теперь лишь имя - не так ли.
sdtu_cadenTooFar:Ну - пусть будет измена. Смерть Андраде! Смерть всем угнетателям!",
sdtuCadenConfrontAndrada,DialogOptionSelected,$option == sdtu_cadenConfrontAndrada,$player.ethosSarcastic++,"Каден замирает насмерть неподвижно.

""Похоже, я вас неверно расслышал, космоброд,"" - тихо говорит он.","sdtu_cadenAgentTransfer:Я сказал - что передаю агента - во имя Андрады.
sdtu_cadenTooFar:Я сказал - Андрада - овощ - не так ли. Так откуда теперь ваша власть?",
sdtuCadenTooFar,DialogOptionSelected,$option == sdtu_cadenTooFar,"$global.sdtu_enragedCaden = true
AdjustRepActivePerson VENGEFUL -100
FireBest SDTUCadenTalkXPReward
EndConversation DO_NOT_FIRE
ShowDefaultVisual
$ignorePlayerCommRequests
MakeOtherFleetHostile true
MakeOtherFleetAggressive true
unset $global.sdtu_meetCaden
$global.sdtu_reportToMacario2 = true
Call $global.sdtu_ref updateStage
Call $global.sdtu_ref resumeMusic
Call $global.sdtu_ref tryMakeCadenUnimportant
$player.ethosSarcastic++
$player.ethosCocky++","Стоило ли оно того - увидеть на лице Кадена этот оттенок красного? Возможно, нет.

Но было приятно.

Впрочем, насладиться этим особо некогда.",cutCommLink:Разорвать связь,
sdtuCadenAgentTransfer,DialogOptionSelected,$option == sdtu_cadenAgentTransfer,"$global.sdtu_gaveDoubleAgentToSD = true
AddTextSmall ""Двойной агент Львиной гвардии передан флоту Кейдена"" highlight","""Слава Льву Синдрии и его Великой Мечте! Смерть предателям!"" - орет он.

Вы слышите приглушенное повторение последних слов Кадена, предположительно от офицеров мостика.

Каден снова поворачивается к вам. ""Ваша добросовестная преданность в очищении нашего славного государства от предателя наверняка будет вознаграждена. ...После диктовки правосудия и публичной казни, разумеется.""",sdtu_cadenAgentAsks:Продолжить,
sdtuCadenAgentAsks,DialogOptionSelected,$option == sdtu_cadenAgentAsks,,"""Итак,"" - глаза Кадена сужаются на вас.

""Как получается, что Экзекьютив-менеджер по человеческим ресурсам доверяет космоброду столь важное дело внутренней безопасности?""

Вот и оно. Пора разыгрывать свой угол.","sdtu_cadenMacLoyalty1:Макарио обеспечивает лояльность ключевых фигур ради... будущего.
sdtu_cadenMacControl1:Макарио вами манипулирует. Он хочет вас контролировать.
sdtu_cadenMacSimply1:Макарио просто делает через меня свою работу. Чистит предателей ради Льва Синдрии.
sdtu_cadenMacFreelancer1:Я просто фрилансер. Мне платят - а вопросов я не задаю.",
sdtuCadenMacLoyalty1,DialogOptionSelected,$option == sdtu_cadenMacLoyalty1,,"""Вот как?"" Каден демонстративно посмеивается, закатывает глаза перед экипажем на эти заговорческие разговоры, затем активирует поле приватности вокруг командной станции.

Маска спадает.

""Моя верность видению Филиппа Андрады безупречна. Я его правая рука. Если то, что вы говорите, правда, космоброд, то во что именно играет Макарио?""","sdtu_cadenMacFreelancer1:Ничего. Ваша верность Льву - очевидно - безупречна.
sdtu_cadenMacHyder:Как я и сказал. Макарио подозревает вас в отклонениях и ставит на Хайдер. (ложь)
sdtu_cadenMacPuppet1:Как я и сказал. Макарио считает - что будет править Компанией - а вы станете его марионеткой.",
sdtuCadenMacControl1,DialogOptionSelected,$option == sdtu_cadenMacControl1,,"""Вот как?"" Каден демонстративно посмеивается, закатывает глаза перед экипажем на эти заговорческие разговоры, затем активирует поле приватности вокруг командной станции.

Маска спадает.

""Макарио поклялся в верности Льву Синдрии. У меня есть его личные гарантии по вопросам... будущего. Говорите прямо, космоброд. Во что вы играете?""",sdtu_cadenMacPuppet1:Как я и сказал. Макарио считает - что будет править Компанией - а вы станете его марионеткой.,
sdtuCadenMacPuppet1,DialogOptionSelected,$option == sdtu_cadenMacPuppet1,"$player.ethosTruth++
$global.sdtu_toldCadenMacarioWantsToPuppet = true","""Я? Марионетка?"" Каден выдавливает болезненный смешок.

""Этот паук слишком долго просидел в своем пыточном бункере. Слишком далеко от военного лидерства, которое и производит людей качества,"" - Каден бьет себя в грудь, звеня медалями.","sdtu_cadenMacPuppet2:Он считает себя умнее вас.
sdtu_cadenMacPuppet2b:Вы правы. Он безумен.",
sdtuCadenMacPuppet2a,DialogOptionSelected,"$option == sdtu_cadenMacPuppet2
$global.sdtu_gotMacarioOpinionOfCaden",,"Вы пересказываете слова Макарио о том, что Каден любит ""играть в переодевания и устраивать парады"", и видите, как краска снова поднимается у него на лице.

""Я... позволю ему говорить, что хочет. Пусть покажет свою истинную натуру,"" - с холодным предвкушением говорит Каден. ""Он насхемит себе собственную ловушку, и его падение будет только приятнее.""

Он кивает сам себе, вероятно, прикидывая, как будет разбираться с Макарио.",sdtu_cadenMacFreelancer1:Продолжить,
sdtuCadenMacPuppet2b,DialogOptionSelected,$option == sdtu_cadenMacPuppet2b,"AdjustRepActivePerson FRIENDLY 1
$option = sdtu_cadenMacPuppet2 0
FireBest DialogOptionSelected","""Да. Безусловно."" Каден для акцента вколачивает кулак в ладонь.",,
sdtuCadenMacPuppet2,DialogOptionSelected,$option == sdtu_cadenMacPuppet2,,"""Я... позволю ему говорить, что хочет. Пусть покажет свою истинную натуру,"" - холодно говорит Каден. ""Пусть все увидят, кто он такой; тогда его падение будет только приятнее.""",sdtu_cadenMacFreelancer1:Продолжить,
sdtuCadenMacHyder,DialogOptionSelected,$option == sdtu_cadenMacHyder,"$player.ethosLiar++
$global.sdtu_toldCadenMacarioBacksHyder = true","""Оксана Хайдер? Правитель Sindrian Fuel Company?"" Каден выдавливает болезненный смешок.

""Немыслимо. Если бы не ее очевидный навык и безупречный послужной список, ее следовало бы проверять на подрывную деятельность. Ее приверженность андраданской идеологии в лучшем случае вялая.""",sdtu_cadenMacHyder2:Продолжить,
sdtuCadenMacHyder2,DialogOptionSelected,$option == sdtu_cadenMacHyder2,,"Вы наблюдаете, как мысли вязко ползут по голове Кадена.

""Что... как раз и объяснило бы, почему Макарио выбрал бы ее своей марионеткой. У нее лишь горстка субъективных убеждений, которые можно перекрутить человеку, привыкшему работать в беспорядочном мышлении криминальных дегенератов...""

""Это нелепо,"" - он раз качает головой, и медали звенят; его тревожит сама мысль, что такие силы могли объединиться против него. Трудно отделаться от ощущения, что это отрицание для публики.",sdtu_cadenMacFreelancer1:Продолжить,
sdtuCadenMacSimply1,DialogOptionSelected,$option == sdtu_cadenMacSimply1,"$option = sdtu_cadenMacFreelancer1 0
FireBest DialogOptionSelected","""Хорошо. Меньшего я и не ожидал.""",,
sdtuCadenMacFreelancer1,DialogOptionSelected,$option == sdtu_cadenMacFreelancer1,FireAll SDTUCadenExecReplies,"""Странный человек, этот Долос Макарио, раз опирается на вас. На столь... ненадежный элемент.""

Каден пренебрежительно машет рукой. ""Без обид, разумеется. Как посторонний вы не проходите дисциплину и духовное очищение, порождаемые полной покорностью трансцендентной андраданской идеологии. Было бы правильнее, чтобы дела внутри Sindrian Fuel Company решали истинные последователи Великой Мечты Льва, а не декадентствующие кочевники.""

""Запомните мои слова, космоброд: когда буду править я, слабину затянут. Вам стоило бы изучить историю Sindrian Fuel Company, ведь она показывает, как Великая Мечта Льва принесет мир и процветание Персеанскому Сектору - и, в конечном итоге, галактике.""",,
sdtuCadenExecRepliesA,SDTUCadenExecReplies,,,,sdtu_cadenExecRepliesA:Вы выглядите довольно уверенным - что именно вы станете следующим Верховным Экзекьютивом...,
sdtuCadenExecRepliesB,SDTUCadenExecReplies,$player.gotAndradaBook,,,sdtu_cadenExecRepliesB:Да - сэр! У меня уже есть моя копия 'Истории Топливная компания Синдрии'.,
sdtuCadenExecRepliesC,SDTUCadenExecReplies,$player.gotAndradaBook,,,sdtu_cadenExecRepliesBa:Да - сэр! У меня уже есть моя копия 'Истории Топливная компания Синдрии'. (саркастично),
sdtuCadenExecRepliesB2a,DialogOptionSelected,$option == sdtu_cadenExecRepliesBa,"$option = sdtu_cadenExecRepliesB
FireBest DialogOptionSelected
$player.ethosSarcastic",Он игнорирует ваш тон или просто не улавливает его.,,
sdtuCadenExecRepliesB2b,DialogOptionSelected,$option == sdtu_cadenExecRepliesBb,"$option = sdtu_cadenExecRepliesB
FireBest DialogOptionSelected
AdjustRep sindrian_diktat 1",,,
sdtuCadenExecRepliesB2,DialogOptionSelected,$option == sdtu_cadenExecRepliesB,"AdjustRepPerson caden FRIENDLY 2
$option = sdtu_cadenExecReplies2 0
FireBest DialogOptionSelected","""Превосходно! Возможно, в будущем нашей Великой Мечты еще найдется место и для вас.""",,
sdtuCadenExecReplies1,DialogOptionSelected,$option == sdtu_cadenExecRepliesA,"$option = sdtu_cadenExecReplies2 0
FireBest DialogOptionSelected","""Разумеется!"" Глаза Кадена дергаются, будто он пытается понять, нет ли в вашем комментарии подрывных элементов.",,
sdtuCadenExecReplies2a,DialogOptionSelected,"$option == sdtu_cadenExecReplies2
!$global.sdtu_setCadenOffAboutMacario",FireAll SDTUCadenExecReplies2,"""Твое невежество жалко, космоброд, потому я тебя просвещу: в нашей великой башне власти на вершине сидит Филипп Андрада."" Он поднимает руку с сжатыми пальцами, будто показывает вам модель.

""Под ним - Великий Верховный Заместитель Экзекьютива, то есть я, во главе личной гвардии Филиппа Андрады, поклявшейся защищать его телом и духом; хранить его трансцендентную андраданскую идеологию; очищать Сектор от низкосортных топливных марок и обеспечивать, чтобы ярко горело лишь самое чистое топливо!""

""Я, разумеется, естественный преемник, когда придет трагический день и Андрада отойдет в бесконечность. Он будет жить бессмертно в наших сердцах, умах и нашей славной империи!""",,
sdtuCadenExecReplies2b,DialogOptionSelected,"$option == sdtu_cadenExecReplies2
$global.sdtu_setCadenOffAboutMacario",FireAll SDTUCadenExecReplies2,,,
sdtuCadenAgentManipulate2,DialogOptionSelected,$option == sdtu_cadenManipulate,,"""Вот как?"" Каден демонстративно посмеивается, закатывает глаза перед экипажем на эти заговорческие разговоры, затем активирует поле приватности вокруг командной станции. Маска спадает.

""И вы - инструмент Макарио? Почему признаетесь в этом сейчас? Космоброды - сплошь дегенеративные оппортунисты. Ненадежные. Жадные. Трусливые."" Он презрительно фыркает. ""Говори!""",,
sdtuCadenAskSupplies,SDTUCadenExecReplies2,!$saidSupplies,,,sdtu_cadenAskSupplies1:Так почему вы отводите снабжение от сил безопасности Хайдер?,
sdtuCadenHyderBackWarn,SDTUCadenExecReplies2,"$global.sdtu_knowHyderWontBackCaden
!$saidHyder",,,sdtu_cadenHyderBackWarn1:Предупреждение. Хайдер и силы безопасности вас не поддержат.,
sdtuCadenHyderExec,SDTUCadenExecReplies2,"!$saidHyder
!$global.sdtu_toldCadenHyderBacksHyder",,,sdtu_cadenHyderExec1:У меня есть основания считать - что Хайдер намерена стать Верховным Экзекьютивом. (ложь),
sdtuCadenPledgeVsMacario,SDTUCadenExecReplies2,"!$saidPledge
$global.sdtu_setCadenOffAboutMacario",,,sdtu_cadenPledgeVsMacario:Когда придет время - я помогу вам против Макарио.,
sdtuCadenPledgeVsMacarioLie,SDTUCadenExecReplies2,"!$saidPledge
$global.sdtu_setCadenOffAboutMacario",,,sdtu_cadenPledgeVsMacarioLie:Когда придет время - я помогу вам против Макарио. (ложь),
sdtuCadenYenni,SDTUCadenExecReplies2,"!$saidYenni
$player.sfc_sdtu_yenniCadenResponded",,,sdtu_cadenYenni:Я говорил с адмиралом Йенни. Она назвала вас 'ворчливым стариком'.,
sdtuCadenEndGloryA,SDTUCadenExecReplies2,, ,,sdtu_cadenEndGloryA:Слава Топливная компания Синдрии.,
sdtuCadenEndGloryB,SDTUCadenExecReplies2,,,,sdtu_cadenEndGloryB:Эм - слава Топливная компания Синдрии?,
sdtuCadenAskSupplies1,DialogOptionSelected,$option == sdtu_cadenAskSupplies1,,"""Поправка требуется, космоброд: это силы безопасности Sindrian Fuel Company под командованием Экзекьютив-менеджера Бальдра Чарлтона. Он почитаемый офицер и яростно преданный последователь Верховного Экзекьютива.""",sdtu_cadenAskSupplies1b:Продолжить,
sdtuCadenAskSupplies1b,DialogOptionSelected,$option == sdtu_cadenAskSupplies1b,,"Каден расхаживает, наслаждаясь очередной возможностью вас поучать.

""Однако лишь немногие из многочисленных достоинств Экзекьютив-менеджера относятся к вице-экзекьютив-менеджеру Хайдер. Она не горит страстью к андраданской идеологии так, как подобает старшим офицерам нашей славной Sindrian Fuel Company.""

""Видите ли, время от времени государству требуется горькое лекарство, убивающее слабых, чтобы сильные могли процветать полнее. Весы власти должны склоняться к энергичному и устойчивому будущему! Лев Синдрии увидел болезнь в Гегемонии, и именно поэтому принудил рождение нового порядка из умирания старого!""",sdtu_cadenAskSupplies2:Продолжить,
sdtuCadenAskSupplies2,DialogOptionSelected,$option == sdtu_cadenAskSupplies2,"$saidSupplies = true 0
FireAll SDTUCadenExecReplies2","""Теперь."" Он останавливается и поворачивается.

""Следите за своим языком, космоброд."" В голосе явная угроза.

""Это можно счесть поддержкой терроризма, анти-андраданским мятежом и распространением злонамеренных слухов ради подрыва законной власти. Если,"" - самодовольная улыбка растет, - ""я так решу.""",,
sdtuCadenHyderBackWarn1,DialogOptionSelected,$option == sdtu_cadenHyderBackWarn1,,"""Нет?"" - раздраженно спрашивает Каден. ""Что за вздор. А кто еще вообще есть?""","sdtu_cadenHyderExec1:Она вполне может. Хайдер может попробовать побороться за пост Верховного Экзекьютива.
sdtu_cadenHyderBacksMac1:Макарио. Он по-настоящему верит только в себя.",
sdtuCadenHyderExec1,DialogOptionSelected,$option == sdtu_cadenHyderExec1,"$global.sdtu_toldCadenHyderBacksHyder = true
$saidHyder = true 0
FireAll SDTUCadenExecReplies2","""Вы звучите как очередной параноидальный бред Макарио.""

Он смахивает воображаемую пыль с формы. ""Хайдер - маленькая женщина с маленьким видением. Она видит лишь хозяйствование цифрами и мелкие правила. Львиная Гвардия под моим командованием непобедима: оснащена лучшим оборудованием и руководством, вдохновленным андраданскими принципами; в Секторе нет флота лучше. И если бы дошло до столкновения главных сил...""

Он делает паузу, и, возможно, в него просачивается расчет того, что для Компании значило бы сжечь собственный флот в гражданской войне.

""До этого не дойдет,"" - заключает он с видом уверенности.",,
sdtuCadenHyderBacksMac1,DialogOptionSelected,$option == sdtu_cadenHyderBacksMac1,"$global.sdtu_toldCadenHyderBacksMacario = true
$global.sdtu_knowMacarioWasLuddic = true
FireAll SDTUCadenExecReplies2","""Хм,"" - Каден выглядит почти обеспокоенным. ""Он довольно настойчиво подчеркивает свою верность видению Верховного Экзекьютива и лично мне.""

Он опускает взгляд, хмуря лоб. ""Но Макарио и раньше разыгрывал крупные трюки. Он родился лжецом. Вы знали, что он из луддитской семьи?""

Каден жестоко улыбается. ""О да. Разумеется, веры у него не было. Никогда не было и не будет. А в Битве при Салюсе он был всего лишь аналитиком разведки, младшим офицером! Подозреваю, он так и не смирился с тем, что Андрада его по-настоящему не выделял и до конца не доверял.""

""Паутина интриг ничто перед мощью полноценного военного флота. Когда время придет, Долос это осознает."" Каден кивает, довольный собственной логикой.",,
sdtuCadenPledgeVsMacario1,DialogOptionSelected,$option == sdtu_cadenPledgeVsMacario,"$global.sdtu_toldCadenPlayerBacksHim = true
$option = sdtu_cadenPledgeVsMacarioText 0
FireBest DialogOptionSelected",,,
sdtuCadenPledgeVsMacarioLie1,DialogOptionSelected,$option == sdtu_cadenPledgeVsMacarioLie,"$global.sdtu_toldCadenPlayerBacksHimLie = true
$player.ethosLiar++
$option = sdtu_cadenPledgeVsMacarioText 0
FireBest DialogOptionSelected",,,
sdtuCadenPledgeVsMacarioText,DialogOptionSelected,$option == sdtu_cadenPledgeVsMacarioText,"$saidPledge = true 0
FireAll SDTUCadenExecReplies2","""Разумеется, мне не нужна помощь посторонних вроде вас. Но.""

Он чуть поднимает взгляд в сторону - отработанная поза, подчеркивающая отступающую линию челюсти. ""Хорошая интуиция - это встать на сторону Великой Мечты, посвятить себя делу, которое, хоть вы и не понимаете его деталей, сияет гением Филиппа Андрады. Изучайте его труды, и, возможно, вы начнете понимать славное будущее, которое нас ждет.""",,
sdtuCadenYenni1,DialogOptionSelected,$option == sdtu_cadenYenni,"$saidYenni = true 0
FireAll SDTUCadenExecReplies2","""Эта заносчивая выскочка!"" Вы замечаете, как Каден сжимает кулаки, руки дрожат. ""Если бы не ее связи с Квин, я бы- Кхм.""

Он выдыхает, и пальцы расслабляются. По всему видно, Йенни уже не впервые насмехается над Каденом. ""Как бы она ни была способна в командовании флотом, не принимайте откровенное неуважение адмирала Йенни к старшим по званию за системное явление во всем флоте, $playerName. При следующей встрече я непременно напомню ей помнить свое место.""",,
sdtuCadenEndGloryA1,DialogOptionSelected,$option == sdtu_cadenEndGloryA,"$option = sdtu_cadenTalkEnd 0
FireBest DialogOptionSelected",,,
sdtuCadenEndGloryB1,DialogOptionSelected,$option == sdtu_cadenEndGloryB,"$option = sdtu_cadenTalkEnd 0
FireBest DialogOptionSelected",,,
sdtuCadenTalkEnd,DialogOptionSelected,$option == sdtu_cadenTalkEnd,"FireBest SDTUCadenTalkXPReward
unset $global.sdtu_meetCaden
$global.sdtu_reportToMacario2 = true
Call $global.sdtu_ref updateStage
Call $global.sdtu_ref resumeMusic
Call $global.sdtu_ref tryMakeCadenUnimportant","""Слава Sindrian Fuel Company! Победа Льву Синдрии!"" - с пылом произносит Каден.",cutCommLink:Разорвать связь,
sdtuCadenTalkXPLow,SDTUCadenTalkXPReward,"$global.sdtu_enragedCaden
Call $global.sdtu_ref updateData",AddXP $sdtu_xpRewardLow,,,
sdtuCadenTalkXPMed,SDTUCadenTalkXPReward,Call $global.sdtu_ref updateData,AddXP $sdtu_xpRewardMedium,,,
sdtuCadenTalkXPHigh,SDTUCadenTalkXPReward,"$global.sdtu_knowMacarioWasLuddic
Call $global.sdtu_ref updateData",AddXP $sdtu_xpRewardHigh,,,
#END SDTU step 7: Meet Caden's fleet,,,,,,
,,,,,,
# SDTU step 8: Macario Again,,,,,,
sdtuMacarioPostCadenGreeting,PickGreeting,"$id == macario score:1000
$sdtu_didCadenMeeting score:10","BeginConversation macario
AddCredits 15000
FireAll SDTUMacPostCadOptCheck1
Call $global.sdtu_ref playMusicMacario","После короткой паузы перед вами появляется Макарио. Он выглядит голодным.

""Должно быть, на Умбре у вас было крайне занимательное время, но это потом - скажите, капитан, каково ваше впечатление от Орасио Кадена?""

Он принимает поверхностно заинтересованный и восприимчивый вид. Затем поднимает палец. ""Ах, чуть не забыл,"" - и постукивает по датападу.","sdtu_postCadenTrust:Он вам доверяет. Вам не о чем беспокоиться.
sdtu_postCadenTrustLie:Он вам доверяет. Вам не о чем беспокоиться. (ложь)
sdtu_postCadenNoTrust:Он вам не доверяет...
sdtu_postCadenNoTrustLie:Он вам не доверяет... (ложь)",
#sdtuMacarioPostCadenOptCheck1A,SDTUMacPostCadOptCheck1,$global.sdtu_toldCadenMacarioBacksHyder ,"RemoveOption sdtu_postCadenTrust
RemoveOption sdtu_postCadenNoTrustLie",,,
#sdtuMacarioPostCadenOptCheck1B,SDTUMacPostCadOptCheck1,$global.sdtu_toldCadenMacarioWantsToPuppet,"RemoveOption sdtu_postCadenTrust
RemoveOption sdtu_postCadenNoTrustLie",,,
#sdtuMacarioPostCadenOptCheck1C,SDTUMacPostCadOptCheck1,$global.sdtu_setCadenOffAboutMacario,"RemoveOption sdtu_postCadenTrust
RemoveOption sdtu_postCadenNoTrustLie",,,
#sdtuMacarioPostCadenOptCheck1D,SDTUMacPostCadOptCheck1,!$global.sdtu_toldCadenMacarioBacksHyder ,"RemoveOption sdtu_postCadenTrustLie
RemoveOption sdtu_postCadenNoTrust",,,
#sdtuMacarioPostCadenOptCheck1E,SDTUMacPostCadOptCheck1,!$global.sdtu_toldCadenMacarioWantsToPuppet,"RemoveOption sdtu_postCadenTrustLie
RemoveOption sdtu_postCadenNoTrust",,,
#sdtuMacarioPostCadenOptCheck1F,SDTUMacPostCadOptCheck1,!$global.sdtu_setCadenOffAboutMacario,"RemoveOption sdtu_postCadenTrustLie
RemoveOption sdtu_postCadenNoTrust",,,
sdtuPostCadenTrust,DialogOptionSelected,$option == sdtu_postCadenTrust,FireAll SDTUPostCadenTrustOpts,"""Великолепно. Превосходно."" Тон Макарио не соответствует словам, будто он разочарован.",,
sdtuPostCadenTrustOptsA,SDTUPostCadenTrustOpts,$global.sdtu_knowMacarioWasLuddic,,,sdtu_postCadenLuddic:Каден сказал мне - что вы выросли среди луддитов.,
sdtuPostCadenTrustOptsB,SDTUPostCadenTrustOpts,$global.sdtu_toldCadenHyderBacksHyder,,,sdtu_postCadenToldHyderSE:Я сказал Кадену - что Хайдер хочет стать Верховным Экзекьютивом.,
sdtuPostCadenTrustOptsC,SDTUPostCadenTrustOpts,$global.sdtu_toldCadenPlayerBacksHim,,,sdtu_postCadenToldSupportSE:Я сказал Кадену - что поддержу его становление Верховным Экзекьютивом.,
sdtuPostCadenTrustOptsD,SDTUPostCadenTrustOpts,,,,sdtu_postCaden1:Ничего не говорить,
sdtuPostCadenToldHyderSE,DialogOptionSelected,$option == sdtu_postCadenToldHyderSE,,"""Хайдер?"" Макарио коротко лающе смеется и откидывается в кресле.

""И он поверил? Ах, разумеется поверил, разумеется поверил.""",sdtu_postCaden1:Продолжить,
sdtuPostCadenToldSupportSE,DialogOptionSelected,$option == sdtu_postCadenToldSupportSE,,"""Вы?"" Макарио коротко лающе смеется. ""Спонтанная демонстрация ложной лояльности! Уверен, ему понравилось. Отличная работа, капитан.""",sdtu_postCaden1:Продолжить,
sdtuPostCadenNoTrust,DialogOptionSelected,$option == sdtu_postCadenNoTrust,FireAll SDTUPostCadenNoTrustOpts,"""Нет?"" Макарио замирает. ""И почему же?""

Это не то, что он хотел услышать.",,
sdtuPostCadenNoTrustOptsA,SDTUPostCadenNoTrustOpts,$global.sdtu_knowMacarioWasLuddic,,,sdtu_postCadenLuddic:Каден сказал мне - что вы выросли среди луддитов.,
sdtuPostCadenNoTrustOptsB,SDTUPostCadenNoTrustOpts,,,,sdtu_postCadenHydCadLie:Хайдер была на связи с Каденом. (ложь),
sdtuPostCadenNoTrustOptsC,SDTUPostCadenNoTrustOpts,$global.sdtu_toldCadenHyderBacksMacario,,,sdtu_postCadenToldCadHydForMac:Я сказал Кадену - что Хайдер поддерживает ваше занятие поста Верховного Экзекьютива.,
sdtuPostCadenNoTrustOptsD,SDTUPostCadenNoTrustOpts,$global.sdtu_setCadenOffAboutMacario,,,sdtu_postCadenOverstepped:Каден - похоже - считает - что вы превысили свои полномочия.,
sdtu_postCadenHydCadLieA,DialogOptionSelected,"$option == sdtu_postCadenHydCadLie
$global.sdtu_toldMacarioHyderBacksCaden",,"""Значит, была,"" - недовольно говорит он. Но не вам.

""Если, как вы раньше предполагали, она и правда готова поддержать Кадена, то этот новый союз может стать проблемой."" Макарио откидывается, потирая руки и рассуждая вслух.

""Нужна новая история. Каден любит истории - особенно о себе. Что-то, что разведет их в стороны...""",sdtu_postCaden2:Продолжить,
sdtu_postCadenHydCadLieB,DialogOptionSelected,"$option == sdtu_postCadenHydCadLie
$global.sdtu_toldMacarioHyderBacksMacario","AdjustRepActivePerson VENGEFUL -1
$hate++","""Значит, была,"" - недовольно говорит он. Возможно, вам.

""Ранее вы предполагали, что Хайдер намерена поддержать мое восхождение. Это... развитие кажется мне странным. Хайдер какая угодно, но не переменчивая.""

Его холодные глаза каким-то образом фиксируются на ваших - сквозь комм.",sdtu_postCaden2:Продолжить,
sdtu_postCadenHydCadLieC,DialogOptionSelected,"$option == sdtu_postCadenHydCadLie
$global.sdtu_toldMacarioHyderBacksHyder","AdjustRepActivePerson VENGEFUL -1
$hate++","""Значит, была,"" - недовольно говорит он. Возможно, вам.

""Если, как вы раньше предполагали, Хайдер намерена сделать рывок к власти, то, очевидно, подтянуть Кадена было бы очевидным шагом для получения поддержки Львиной Гвардии.""

""Однако,"" - его холодные глаза фиксируются на вас сквозь комм, - ""Каден никогда не поставит Хайдер выше себя. А Хайдер не способна на обман, необходимый, чтобы развернуть Кадена, даже если бы захотела устроить монументальный акт предательства.""

""Что-то. Не сходится.""",sdtu_postCaden2:Продолжить,
sdtu_postCadenHydCadLieE,DialogOptionSelected,$option == sdtu_postCadenHydCadLie,,"""Значит, была,"" - недовольно говорит он.

""Если это и правда новый союз - удивительное развитие от той упрямой женщины - тогда это может стать проблемой."" Макарио откидывается, потирая руки и рассуждая вслух.

""Откуда это взялось? Вмешательство Гегемонии? Рао на такое способен. Но кто у него на нашей внутренней стороне?""",sdtu_postCaden2:Продолжить,
sdtu_postCadenHydCadLieD,DialogOptionSelected,"$option == sdtu_postCadenHydCadLie
$global.sdtu_toldMacarioHyderWantsToDefect","AdjustRepActivePerson VENGEFUL -1
$hate++","""Значит, была,"" - недовольно говорит он. Возможно, вам.

""Если, как вы ранее предполагали, Хайдер намерена перебежать к Гегемонии, то, очевидно, разворот Кадена против меня был бы очевидным ходом для максимизации хаоса.""

""Однако,"" - его холодные глаза фиксируются на вас сквозь комм, - ""если бы Хайдер предала Компанию, Каден сам был бы загнан ко мне. Ход не сходится; даже Хайдер, как бы упряма она ни была, это видит. Даже разведка Гегемонии - или Рао, если он действительно курирует антикомпанийские операции - это увидела бы.""

""Что-то. Не сходится.""",sdtu_postCaden2:Продолжить,
sdtuPostCadenToldCadHydForMac,DialogOptionSelected,$option == sdtu_postCadenToldCadHydForMac,"AdjustRepActivePerson VENGEFUL -1
$hate++","Макарио выглядит так, будто его пронзила внезапная мигрень.

""Почему... во имя святого луддитского дерьма, благословенного, вы бы сказали такую глупость?""

Он закрывает глаза руками, будто пытается стереть услышанную дурость. Вы не можете точно определить издаваемый им звук.",sdtu_postCaden2:Продолжить,
sdtuPostCadenOverstepped,DialogOptionSelected,$option == sdtu_postCadenOverstepped,"AdjustRepActivePerson VENGEFUL -1
$hate++","""Вот как?"" Макарио закатывает глаза. ""Остается только гадать, где этот напыщенный болван подцепил такую идею. Из его собственной головы это точно не могло взяться.""

На миг он замирает. Его холодные глаза каким-то образом переводятся точно на вас сквозь комм.

""Капитан. Вы ведь не... нет, конечно нет. Но...""",sdtu_postCaden2:Продолжить,
sdtuPostCadenTrustLie,DialogOptionSelected,$option == sdtu_postCadenTrustLie,FireAll SDTUPostCadenTrustLieOpts,"""Великолепно. Превосходно."" Тон Макарио не соответствует словам, будто он разочарован.

Ему нужна правдоподобная версия.",,
sdtuPostCadenTrustLieOptsA,SDTUPostCadenTrustLieOpts,$global.sdtu_knowMacarioWasLuddic,,,sdtu_postCadenLuddic:Каден сказал мне - что вы выросли среди луддитов.,
sdtuPostCadenTrustLieOptsB,SDTUPostCadenTrustLieOpts,!$global.sdtu_toldCadenMacarioBacksHyder ,,,sdtu_postCadenLieBoring:Я сказал ему - что вы намерены убрать его соперников - особенно Хайдер.,
sdtuPostCadenTrustLieOptsC,SDTUPostCadenTrustLieOpts,!$global.sdtu_toldCadenMacarioWantsToPuppet,,,sdtu_postCadenLieSecretAdmire:Я сказал ему - что вы втайне восхищаетесь его идеологической преданностью.,
sdtuPostCadenTrustLieOptsD,SDTUPostCadenTrustLieOpts,!$global.sdtu_setCadenOffAboutMacario,,,sdtu_postCadenToldCadHydForMac:Я сказал ему - что вы воплощаете андраданские добродетели и обладаете безупречной лояльностью.,
sdtuPostCadenNoTrustLie,DialogOptionSelected,$option == sdtu_postCadenNoTrustLie,FireAll SDTUPostCadenNoTrustLieOpts,"""Нет?"" Макарио замирает. ""И почему же?""

Ему нужна правдоподобная версия.",,
sdtuPostCadenNoTrustLieOptsA,SDTUPostCadenNoTrustLieOpts,$global.sdtu_knowMacarioWasLuddic,,,sdtu_postCadenLuddic:Каден сказал мне - что вы выросли среди луддитов.,
sdtuPostCadenNoTrustLieOptsB,SDTUPostCadenNoTrustLieOpts,!$global.sdtu_toldCadenMacarioBacksHyder ,,,sdtu_postCadenHydCadLie:У него поддержка Хайдер на пост Верховного Экзекьютива. По его словам.,
sdtuPostCadenNoTrustLieOptsC,SDTUPostCadenNoTrustLieOpts,!$global.sdtu_setCadenOffAboutMacario,,,sdtu_postCadenLieBoring:Он считает - что вам нельзя доверять в вопросах верности - э-э - идеологии Филиппа Андрады.,
sdtuPostCadenNoTrustLieOptsD,SDTUPostCadenNoTrustLieOpts,,,,sdtu_postCadenOverstepped:Он зацепился за мысль - что вы хотите стать Верховным Экзекьютивом.,
sdtuPostCadenLieBoring,DialogOptionSelected,$option == sdtu_postCadenLieBoring,,"""Ну да, это и так очевидно, и он должен это прекрасно понимать даже без чрезмерно услужливого космоброда, который ему это озвучит.""

Макарио раздраженно вздыхает. ""Я окружен, окружен идиотами,"" - бормочет он.

""Капитан,"" - он выпрямляется и говорит уже отчетливо. ""Полагаю, раз работает - значит работает. Я бы умер от скуки, если бы не изобретательность луддитских фанатиков и вмешательство Гегемонии. Вы знакомы с Оркусом Рао? О, это персонаж. Достойный противник, как по мне. Позвольте минуту, думаю, сравнение с вами вас позабавит...""",sdtu_postCaden2:Продолжить,
sdtuPostCadenLieSecretAdmire,DialogOptionSelected,$option == sdtu_postCadenLieSecretAdmire,AdjustRepActivePerson FRIENDLY 1,"Макарио подносит руки к вискам, будто у него внезапно началась мигрень.

""Это... абсурд."" Руки опускаются. ""И он в это поверил?""

""Возможно, я просто слишком умен, чтобы полностью поставить себя на место мыслительных процессов такого толстолобого напыщенного болвана. Капитан,"" - он поднимает взгляд, цвет возвращается к лицу, - ""вы меня изумляете.""",sdtu_postCaden2:Продолжить,
sdtuPostCadenLuddic,DialogOptionSelected,$option == sdtu_postCadenLuddic,$global.sdtu_toldMacarioKnowLuddic = true,"На лице Макарио что-то напрягается, но он сохраняет непринужденность. Вы выбили его из равновесия.

""Он так сказал?"" Он посмеивается, затем собирает улыбку. ""Этот человек вам доверяет.""

""Видите, капитан? Просто следуйте моему примеру - и получите результат. Люди не так уж сложны. Нужно лишь знать, за что... потянуть.""",sdtu_postCaden2:Продолжить,
sdtuMacarioPostCadenGreetingEnraged,PickGreeting,"$id == macario score:1000
$sdtu_didCadenMeeting score:10
$global.sdtu_enragedCaden","BeginConversation macario
AdjustRepActivePerson VENGEFUL -2
$hate++
Call $global.sdtu_ref playMusicMacario","После короткой паузы перед вами появляется Макарио.

""Ох, капитан, капитан, капитан. Все прошло не очень, да?"" Он качает головой. ""Вы не последовали моему совету, не так ли.""

Теперь он застывает почти неподвижно. ""Вы решили схитрить, да? Видите, что случается, когда вы пытаетесь быть хитрым? Вам нужно было лишь следовать инструкциям.""

Мышцы под кожей напрягаются, он набирает воздух, чтобы заговорить...",sdtu_postCaden2:Продолжить,
sdtuPostCaden1,DialogOptionSelected,$option == sdtu_postCaden1,AdjustRepActivePerson FRIENDLY 1,"""Все дело в том, чтобы выстраивать части истории - а при том, что Каден так охоче верить в истории, а Хайдер так охоче следовать правилам, моя работа становится простой!"" Он удовлетворенно сводит руки.

""Говорю вам, капитан, я бы умер от скуки, если бы не изобретательность луддитских фанатиков и вмешательство Гегемонии. Вы знакомы с Рао? О, это персонаж. Достойный противник, как по мне. Позвольте минуту, думаю, сравнение с вами вас позабавит...""",sdtu_postCaden2:Продолжить,
sdtuPostCadenInterruption,DialogOptionSelected,$option == sdtu_postCaden2,,"На стороне Макарио пискнул какой-то сигнал. Он поднимает палец, показывая вам подождать, и отворачивается с убийственным выражением лица.

Открывая вторичный канал, он почти напевно говорит: ""Лучше бы это было очень важно.""

Его лицо обмякает, пока он осмысливает сказанное. Затем лоб морщится. ""Принято,"" - говорит он и поворачивается к вам с хрупкой улыбкой.

""Придется попросить вас об одной быстрой услуге, дорогой капитан.""","sdtu_postCadenInt2:Дать ему говорить.
sdtu_postCadenIntNotCheap:Мои услуги стоят недешево.
sdtu_postCadenIntBegPlease:Просить? О - продолжайте - пожалуйста.",
sdtuPostCadenIntNotCheap,DialogOptionSelected,$option == sdtu_postCadenIntNotCheap,"$option = sdtu_postCadenIntBegPlease
FireBest DialogOptionSelected",,,
sdtuPostCadenIntBegPlease,DialogOptionSelected,$option == sdtu_postCadenIntBegPlease,"$hate++
AdjustRepActivePerson VENGEFUL -1
$option = sdtu_postCadenInt2
FireBest DialogOptionSelected","Фасад улыбки истончается, становится почти лезвием.",,
sdtuPostCadenInt2,DialogOptionSelected,$option == sdtu_postCadenInt2,"SetTextHighlights ""периферийная точка прыжка""
AddTextSmall ""Получена секретная частота транспондера"" highlight
Call $global.sdtu_ref endMusic","Макарио на мгновение закрывает глаза. ""Возник вопрос огромной срочности и интереса. Мне нужно, чтобы вы перехватили цель по этому транспондеру у дальнего джамп-пойнта. Одного из моих, кхм, агентов, работавших в пространстве Tri-Tachyon, преследуют. У него информация колоссальной ценности.""

""Награда за обеспечение целостности этой информации и, вторично, этого агента, будет соразмерна ценности указанной информации.""

Он делает вдох. ""Эта ценность огромна.""",sdtu_postCadenEnd:Продолжить,
sdtuPostCadenEnd,DialogOptionSelected,$option == sdtu_postCadenEnd,"$global.sdtu_emergencyIntercept = true
Call $global.sdtu_ref updateStage
unset $global.sdtu_reportToMacario2
Call $global.sdtu_ref spawnDebris
Call $global.sdtu_ref resumeMusic","""Идите немедленно."" Он опускает взгляд, потирая одну ладонь о другую; в его выражение, кажется, действительно просочилась тревога.","sdtu_postCadenEndWhat:Что в этой информации настолько важно?
cutCommLink:Разорвать связь",
sdtuPostCadenEndWhat,DialogOptionSelected,$option == sdtu_postCadenEndWhat,AdjustRepActivePerson VENGEFUL -1,"""Нет времени,"" - рычит он. ""Вперед!""

Канал связи обрывается с его стороны.",cutCommLink:Разорвать связь,
try to talk to Macario during EMERGENCY_INTERCEPT,,,,,,
sdtuPostCadenPreInterceptTryTalk,PickGreeting,"$id == macario score:1000
$global.sdtu_emergencyIntercept",FireAll Populate Options,На коммы никто не отвечает. Медленно вращается герб Совета по человеческим ресурсам Sindrian Fuel Company.,,
#END SDTU step 8: Macario Again,,,,,,
,,,,,,
# SDTU step 9: EMERGENCY_INTERCEPT,,,,,,
sdtuDebrisOpen,OpenInteractionDialog,$sdtuAgentDebris score:1000,"#SalvageGenFromSeed
ShowDefaultVisual
SalvageEntity descDebris
#FireBest SalvageCheckHostile","Ваш офицер сенсоров осматривает холодное поле обломков и мертвецов; сводные сканы показывают отсутствие активных вакуум-костюмов и целых отсеков. Агент Макарио почти наверняка мертв.

Однако транспондер все еще жив - едва-едва.

Сальваж-дрон извлекает верхнюю часть обгоревшего и изуродованного тела. Ваш начальник операций лично вытаскивает целый датакор - быстрый проворот пассатижами.

Он ждет вашего осмотра.",sdtu_debrisData0:Осмотреть кор,
sdtuDebrisData0,DialogOptionSelected,$option == sdtu_debrisData0,,"Ваш офицер по технологиям быстро очищает кор и поднимает короткодействующий интерфейс электромагнитного поля.

Отчет приходит быстро: содержимое файловой системы на коре, разумеется, зашифровано лучшими средствами Tri-Tachyon.

Однако метаданные читаемы.",sdtu_debrisData1:Посмотреть метаданные,
sdtuDebrisData1,DialogOptionSelected,$option == sdtu_debrisData1,"Call $global.sdtu_ref playMusicSons
AddTextSmall ""ANDRADA-PERSEUS"" highlight
AddTextSmall ""ANDRADA-HERCULES"" highlight
AddTextSmall ""ANDRADA-JASON"" highlight
AddTextSmall ""ANDRADA-HECTOR"" highlight
AddTextSmall ""ANDRADA-ACHILLES"" highlight
AddTextSmall ""ANDRADA-LEONIDAS"" highlight
AddTextSmall ""ANDRADA-PERICLES"" highlight",,sdtu_debrisData2:Продолжить,
sdtuDebrisData2,DialogOptionSelected,$option == sdtu_debrisData2,,"""Сложно сказать,"" - ваш техофицер выглядит неуверенно. ""Ну, Андрада. Список имен? Я бы сказал, какая-то семья, но это не совпадает ни с чем в публичной демографической базе по Филиппу Андраде.""

""Но эм, все упирается в метаданные. Если смотреть их, все зашифрованные архивы были созданы примерно за месяц в 182-м цикле. А потом все, кроме ANDRADA-PERSEUS, обновлялись в течение последней недели или около того.""",sdtu_debrisData3:Что случилось с Perseus?,
sdtuDebrisData3,DialogOptionSelected,$option == sdtu_debrisData3,,"""Или скорее чего не произошло,"" - техофицер поднимает взгляд и, нервничая, что это прозвучало дерзко, быстро продолжает.

""Perseus последний раз обновлялся ближе к концу 205-го цикла. Как будто... как будто телеметрический поток остановился. Или потерял контакт.""",sdtu_debrisData4:Или кто-то умер.,
sdtuDebrisData4,DialogOptionSelected,$option == sdtu_debrisData4,"Call $global.sdtu_ref makeDerbisUnimportant
$global.sdtu_deliverNews = true
Call $global.sdtu_ref updateStage
unset $global.sdtu_emergencyIntercept
Call $global.sdtu_ref makeMercHostile","Ваш офицер по технологиям кивает на ваш намек.

""Я брошу стандартные ломатели на расшифровку, но теоретически невозможно, что это взломается до конца вселенной. Если хотите читать эти файлы, нужен другой путь.""

Вы делаете резервные копии файлов.

Во что же Макарио сунул свои пальцы?",sdtu_debrisDataEnd:Уйти,
sdtuDebrisDataEnd,DialogOptionSelected,$option == sdtu_debrisDataEnd,"Call $global.sdtu_ref resumeMusic
DismissDialog",,,
,,,,,,
# SDTU merc fleet interaction,,,,,,
sdtuMercEncounter,BeginFleetEncounter,"$sdtu_merc score:1000
!$encounteredAlready","$encounteredAlready = true
FleetDesc
HailPlayer",,,
sdtuMercGreeting,OpenCommLink,$entity.sdtu_merc score:1000,FireAll SDTUMercOptions,"Комм-канал открывается.

""Независимый флот,"" - с скучающим профессионализмом говорит наемник. ""Я заключил контракт на операцию, которая все еще идет. Вы должны немедленно покинуть этот объем.""",,
sdtuMercOptionsB,SDTUMercOptions,$player.fcm_faction == sindrian_diktat,,,sdtu_mercSDCom1:Вы в пространстве Топливная компания Синдрии! Здесь приказы отдаю я.,
sdtuMercOptionsC,SDTUMercOptions,,,,sdtu_mercReact1whatDoing:Что вы тут делаете?,
sdtuMercOptionsD,SDTUMercOptions,,,,sdtu_mercReact1meetShip:Я ожидал встретить здесь корабль или флот.,
sdtuMercOptionsE,SDTUMercOptions,,,,sdtu_mercReact1whoWork:На кого вы работаете?,
sdtuMercOptionsF,SDTUMercOptions,,,,sdtu_mercReact1debris:Я должен исследовать это поле обломков.,
sdtuMercOptionsG,SDTUMercOptions,,,,sdtu_mercReact1onMyWay:Тогда я просто уйду.,
sdtuMercOptionsH,SDTUMercOptions,,,,cutCommLink:Разорвать связь,
sdtuMercOptionsA,SDTUMercOptions,$player.fcm_faction == hegemony,"$option = sdtu_mercHegReact1 0
FireBest DialogOptionSelected",,,
sdtuMercSDCom1,DialogOptionSelected,$option == sdtu_mercSDCom1,RemoveOption sdtu_mercSDCom1,"Брови наемника поднимаются, и $heOrShe на секунду сверяется со вторичным дисплеем, будто проверяя ваше заявление.

""Понимаю,"" - говорит $heOrShe. ""Очень неудобно. Тем не менее, я вынужден настаивать.""",,
sdtuMercReact1whatDoing,DialogOptionSelected,$option == sdtu_mercReact1whatDoing,RemoveOption sdtu_mercReact1whatDoing,"$HeOrShe на мгновение замолкает, затем осторожно произносит: ""Я... прошу... держаться подальше от ближайшего поля обломков, пока оно не рассеется.""",,
sdtuMercReact1meetShip,DialogOptionSelected,$option == sdtu_mercReact1meetShip,RemoveOption sdtu_mercReact1meetShip,"""Мм,"" - $heOrShe выглядит слегка неловко.

""Тогда я бы сказал, что ожидание здесь не будет продуктивным использованием времени.""",,
sdtuMercReact1whoWork,DialogOptionSelected,$option == sdtu_mercReact1whoWork,RemoveOption sdtu_mercReact1whoWork,"""А,"" - $heOrShe хмурится. ""Параметры миссии требуют, чтобы я не раскрывал личность работодателя. Там огромный штрафной пункт.""",,
sdtuMercReact1onMyWay,DialogOptionSelected,$option == sdtu_mercReact1onMyWay,"MakeOtherFleetNonHostile sdtu true
$entity.ignorePlayerCommRequests = true","""Ярких импульсов... и подальше отсюда,"" - говорит $heOrShe.",cutCommLink:Разорвать связь,
sdtuMercReact1debris,DialogOptionSelected,$option == sdtu_mercReact1debris,,"""Вы не должны,"" - не моргнув, говорит наемник.

""Сейчас официально уведомляю: мне поставлена задача применять смертельную силу, чтобы обломки остались нетронутыми.""","sdtu_mercReact1onMyWay:Тогда я ухожу.
sdtu_mercUseForce:Тогда примени силу - чтобы остановить меня.",
sdtuMercReactWeaker,DialogOptionSelected,"$option == sdtu_mercUseForce
$entity.relativeStrength < 0","MakeOtherFleetGoAway true
MakeOtherFleetNonHostile sdtu true
$entity.ignorePlayerCommRequests = true","Наемник закрывает $hisOrHer глаза и вздыхает. ""Вы поставили меня в сложное и, что хуже, потенциально очень дорогое положение, капитан.""

""Пожалуйста, никому не упоминайте этот инцидент.""

Связь обрывается. Ваш тактический офицер сообщает, что флот наемников, похоже, снижает готовность.",cutCommLink:Разорвать связь,
sdtuMercReactStronger,DialogOptionSelected,"$option == sdtu_mercUseForce
$entity.relativeStrength >= 0",$entity.ignorePlayerCommRequests = true,"""Как пожелаете,"" - говорит наемник и отключает канал.",cutCommLinkNoText:Разорвать связь,
sdtuMercHegReact1,DialogOptionSelected,$option == sdtu_mercHegReact1,,"$HeOrShe подносит палец к уху и выпрямляется, будто получил важную информацию. ""Подождите, вы же $playerName. Комиссионный ауксиларий Гегемонии?""

""Мои извинения, капитан. У меня есть прямой приказ не мешать вашей деятельности и,"" - $heOrShe перепроверяет датапад, - ""похоже, при необходимости оказывать содействие, если это не компрометирует мою миссию.""","sdtu_mercHegReact1whatDoing:Что вы здесь делаете?
sdtu_mercHegReact1meetShip:Я ожидал встретить здесь корабль или флот.
sdtu_mercHegReact1whoWork:На кого вы работаете?
sdtu_mercHegReact1onMyWay:Тогда я пойду дальше.",
sdtuMercHegReact1whatDoing,DialogOptionSelected,$option == sdtu_mercHegReact1whatDoing,RemoveOption sdtu_mercHegReact1whatDoing,"""Извините, но мои приказы не позволяют передавать оперативную информацию любой внешней стороне, кроме случаев, когда это необходимо для выполнения миссии. Хотя, разумеется, ваш статус дает определенную лазейку...""

$HeOrShe задумывается. ""Я атаковал и уничтожил несколько кораблей, которые мой работодатель хотел уничтожить. Мне приказано убедиться, что выживших нет и что спасение не проводится.""",,
sdtuMercHegReact1meetShip,DialogOptionSelected,$option == sdtu_mercHegReact1meetShip,RemoveOption sdtu_mercHegReact1meetShip,"""Мм,"" - $heOrShe выглядит неловко. ""Если вы ожидали встретить кого-то на том малом флоте, который я только что уничтожил, это ставит нас в несколько неудобное положение.""

""Бизнес, понимаете. ...Надеюсь, вы не были близки?"" Наемник неловко пожимает плечами.",,
sdtuMercHegReact1whoWork,DialogOptionSelected,$option == sdtu_mercHegReact1whoWork,RemoveOption sdtu_mercHegReact1whoWork,"""А,"" - $heOrShe хмурится. ""Мне прямо запрещено раскрывать работодателя. Параметры миссии, понимаете.""

Наемник подмигивает. ""Но уверен, умный капитан способен сделать важные выводы из того, как мне приказано вести себя с капитаном на комиссии Гегемонии.""

""И должен сказать,"" - $heOrShe потягивается и вздыхает, - ""ночная жизнь в Ragnar Complex довольно разочаровывает.""",,
sdtuMercHegReact1onMyWay,DialogOptionSelected,$option == sdtu_mercHegReact1onMyWay,"MakeOtherFleetGoAway true
MakeOtherFleetNonHostile sdtu true
$entity.ignorePlayerCommRequests = true","Пост наемника показывает рукой вак-оперативный знак ""все чисто"".

""Ярких импульсов и прибыльных рейсов.""",cutCommLink:Разорвать связь,
#END SDTU merc fleet interaction,,,,,,
#END SDTU step 9: EMERGENCY_INTERCEPT,,,,,,
,,,,,,
"# SDTU step 10: Return to Macario with Big News, seriously, the last time.",,,,,,
sdtuMacarioNewsEnd,PickGreeting,"$id == macario score:1000
$global.sdtu_deliverNews score:10
$global.sdtu_completed == false","BeginConversation macario true true
Call $global.sdtu_ref endMusic
Call $global.sdtu_ref updateData","Он не тратит время на приветствия и позерство.

""Я не настолько наивен, чтобы просить вас удалить вашу копию этих данных,"" - с нечеловеческим спокойствием говорит Макарио. ""Уверен, ваши люди вполне способны разыграть убедительный спектакль послушания.""","sdtu_newsEndWhat:Что случилось с Perseus?
sdtu_newsEndWho:Кто эти семь Андрад?
sdtu_newsEndHeirs:Это наследники Андрады? Осталось только шесть.
sdtu_newsEndYourDoing:Ценю - что не тратите мое время. Значит - Perseus - ваших рук дело?
sdtu_newsEndSale:Мое молчание очень даже продается.",
sdtuNewsEndWhat,DialogOptionSelected,$option == sdtu_newsEndWhat,FireBest SDTUNewsEndOptions,"Макарио немигающе смотрит. ""Неужели я так вас недооценил?""",,
sdtuNewsEndWho,DialogOptionSelected,$option == sdtu_newsEndWho,FireBest SDTUNewsEndOptions,"""Андрада, разумеется."" Макарио просто поднимает бровь. ""Я думал, это очевидно.""",,
sdtuNewsEndHeirs,DialogOptionSelected,$option == sdtu_newsEndHeirs,FireBest SDTUNewsEndOptions,"""На столь немногих держится будущее, капитан,"" - глухо говорит Макарио, не моргая.",,
sdtuNewsEndOnlySix,DialogOptionSelected,$option == sdtu_newsEndOnlySix,FireBest SDTUNewsEndOptions,"""Трагично,"" - автоматически говорит Макарио. ""Не правда ли.""",,
sdtuNewsEndYourDoing,DialogOptionSelected,$option == sdtu_newsEndYourDoing,"$player.ethosCocky++
$hate++
FireBest SDTUNewsEndOptions","""Вы раните меня этим обвинением, капитан,"" - говорит Макарио с оттенком холодного веселья.",,
sdtuNewsEndSale,DialogOptionSelected,$option == sdtu_newsEndSale,"AddCredits 200000
$player.ethosMercenary++
FireBest SDTUNewsEndOptions
$didPayment = true 0
$player.promisedMacarioSilence = true","""Разумеется,"" - говорит Макарио, на миг постукивая по датападу.",,
sdtuNewsEndOptions,SDTUNewsEndOptions,,Call $global.sdtu_ref playMusicMacario,"""Скоро придет время, когда придется принимать решения, дорогой капитан,"" - он на мгновение постукивает по датападу.

""Надеюсь, вы уже оценили мой... щедрый стиль руководства.""","sdtu_returnNewsEndLoyal:Чему вы верны - Макарио?
sdtu_returnNewsEndHull:Вы упоминали 'экспериментальный корпус корабля' в предыдущем разговоре...",
sdtuNewsEndOptionsPay,SDTUNewsEndOptions,!$didPayment,"AddCredits 150000
$didPayment = true 0
FireBest SDTUNewsEndOptions",,,
sdtuNewsEndHull,DialogOptionSelected,$option == sdtu_returnNewsEndHull,"Call $global.sdtu_ref giveExecutor
$player.ethosMercenary++
$player.receivedMacarioExecutor = true","""Разве?"" Он усмехается. ""Наемник до конца, да? Организую.""

""Я так рад, что вы цените то, что я могу предоставить. Это будет важно. И скоро.""",sdtu_returnNewsEnd:Продолжить,
sdtuNewsEndLoyal,DialogOptionSelected,$option == sdtu_returnNewsEndLoyal,,"""Власть, конечно. Я такой же, как вы.""

Он медленно трет ладони, наблюдая.

""Даже не пытайтесь отрицать.""",sdtu_returnNewsEnd:Продолжить,
sdtuReturnNewsEnd,DialogOptionSelected,$option == sdtu_returnNewsEnd,"AddXP $sdtu_xpRewardHigh
AddStoryPoints 1
EndConversation DO_NOT_FIRE
Call $global.sdtu_ref resumeMusic
$global.sdtu_completed = true
Call $global.sdtu_ref updateStage
ShowDefaultVisual","Его глаза распахиваются. ""Неужели вы не видите, капитан? Мне не нужно выжигать свое лицо на страницах истории! Лишь..."" - он затихает. ""Мм, направлять ее. Исправлять. Подрезать свободные нити, что нас тормозят и связывают.""

""Это все, капитан,"" - говорит он, снова надевая маску спокойствия. ""Пока. Уверен, мы скоро снова поговорим.""

Комм уходит на герб Совета по человеческим ресурсам Sindrian Fuel Company.",sdtu_returnNewsEnd2:Закрыть канал связи,
sdtuReturnNewsEnd2,DialogOptionSelected,$option == sdtu_returnNewsEnd2,FireAll PopulateOptions,,,
,,,,,,
"# SDTU during and post, misc convos",,,,,,
,,,,,,
# go to SD characters section.,,,,,,"# Is anything else actually needed here, to make sense?"
#END go to SD characters section.,,,,,,
"#END SDTU during and post, misc convos",,,,,,
"#END SDTU step 10: Return to Macario with Big News, seriously, the last time.",,,,,,
,,,,,,
# DE Changes,,,,,,
,,,,,,
# Hyder options,,,,,,
#sdtuHyderTalk3OptionsDEHesiodSFC,SDTUHyderTalk3Options,"sfccheckmodid ""Diktat Enhancement"" score:1000
$global.ReadHEGINTReport == true
!$saidHesiod",,,sdtu_hyderTalk3Hesiod:Вы что-нибудь знаете о системе под названием 'Hesiod'?,
#sdtuHyderTalk3OptionsDEQuestionSFC,SDTUHyderTalk3Options,"sfccheckmodid ""Diktat Enhancement"" score:1000
!$saidQuestion",,,sdtu_hyderTalk3Question:Но присутствие Компании выглядит таким монолитным. Возможно ли - что внутри она реально гниет?,
#sdtuHyderTalk3OptionsDEPartitionSFC,SDTUHyderTalk3Options,"sfccheckmodid ""Diktat Enhancement"" score:1000
!$saidPartition",,,sdtu_hyderTalk3Partition:А как насчет Ночи морского разделения?,
sdtuHyderTalk3OptionsDEHesiod1a,DialogOptionSelected,"$option == sdtu_hyderTalk3Hesiod
$trust <= 0","$answersDone++
FireAll SDTUHyderTalk3Options
$global.sdtu_HyderSaidDoesntKnowHesiod = true
$saidHesiod = true 0","""Почему вы ждете, что я знаю о происходящем на окраине, капитан?"" - почти обвиняюще бросает она. ""Я вице-экзекьютив-менеджер Совета безопасности, а не какой-то безымянный мусорщик, рыщущий по внешнему Сектору за безделушками на продажу.""",,
sdtuHyderTalk3OptionsDEHesiod1b,DialogOptionSelected,"$option == sdtu_hyderTalk3Hesiod
$trust == 1","$answersDone++
FireAll SDTUHyderTalk3Options
$global.sdtu_HyderSaidDoesntKnowHesiod = true
$saidHesiod = true 0","""Не знаю, о чем вы говорите, капитан,"" - ровно заявляет она. ""И мне не нужно знать о каких-то, вероятно, окраинных системах. Мой фокус - здесь, в Асконии, а не в беззаконных краях.""",,
sdtuHyderTalk3OptionsDEHesiod1c,DialogOptionSelected,"$option == sdtu_hyderTalk3Hesiod
$trust >= 2","$answersDone++
FireAll SDTUHyderTalk3Options
$global.sdtu_HyderSaidDoesntKnowHesiod = true
$saidHesiod = true 0","""Честно говоря, капитан,"" - начинает она. ""Я понятия не имею об этом так называемом 'Hesiod'. Могу лишь предположить, что это какая-то заброшенная окраинная система, которая интересна только мусорщикам.""

Она опускает взгляд, что-то набирая. ""Почему-то его даже нет в моем TriPad. Но в любом случае это не моя забота. Я занимаюсь местными вопросами, а не тем, что лежит за пределами Ядра.""",,
sdtuHyderTalk3OptionsDEQuestion1a,DialogOptionSelected,"$option == sdtu_hyderTalk3Question
$trust <= 0","$answersDone++
FireAll SDTUHyderTalk3Options
$saidQuestion = true 0","""Разве вы не должны быть созданием Макарио?"" - говорит она, будто удивлена вашей нехватке интуиции. ""Вы же понимаете, что не все золото, что блестит. Или, возможно, именно поэтому он и держит вас рядом.""",,
sdtuHyderTalk3OptionsDEQuestion1b,DialogOptionSelected,"$option == sdtu_hyderTalk3Question
$trust == 1","$answersDone++
FireAll SDTUHyderTalk3Options
$saidQuestion = true 0","""Не все следует принимать за чистую монету,"" - ровно заявляет она. ""Уж вы-то должны это понимать.""",,
sdtuHyderTalk3OptionsDEQuestion1c,DialogOptionSelected,"$option == sdtu_hyderTalk3Question
$trust >= 2","$answersDone++
FireAll SDTUHyderTalk3Options
$global.sdtu_HyderCalledMacarioWorm = true
$saidQuestion = true 0","Похоже, вопрос ее удивляет. ""Я уважаю вас, капитан, но вы же должны понимать: Компания не так стабильна, как любит себя показывать. За парадными флотами, проходящими мимо Асконии и Андора, за голопроекторами сильного государства скрываются смута, внутренние драки и неэффективность. Вероятно, Макарио уже это вам говорил.""

Она вздыхает, на миг смотрит вверх, затем снова на вас. ""Когда-то мы были велики. При правлении Андрады мы поднимались к власти темпом, о котором другие политии могли лишь мечтать. Но теперь, под контролем некомпетентных вроде Кадена и суетливых червей вроде Макарио, мы начали гнить изнутри.""",,
sdtuHyderTalk3OptionsDEPartition1a,DialogOptionSelected,"$option == sdtu_hyderTalk3Partition
$trust <= 1","$answersDone++
FireAll SDTUHyderTalk3Options
$global.sdtu_HyderHatesPartition = true
$saidPartition = true 0","Ее лицо искажает ярость. Похоже, вы задели больное место.

""Не говорите со мной об этом событии, капитан. Вы едва понимаете, о чем говорите.""",,
sdtuHyderTalk3OptionsDEPartition1b,DialogOptionSelected,"$option == sdtu_hyderTalk3Partition
$trust >= 2","$answersDone++
FireAll SDTUHyderTalk3Options
$global.sdtu_HyderHatesPartition = true
$global.sdtu_HyderThinksMacarioCausedPartition = true
$saidPartition = true 0","Ее лицо искажает ярость, но она быстро сменяется горечью.

""Морское Разделение - одна из великих ошибок Андрады, как говорят его критики; тогда он за одну ночь списал половину флота по таким легковесным причинам, как навязывание внутреннего производства. В ту ночь флот потерял множество, множество вполне годных кораблей."" Она задумчиво смотрит сквозь экран коммов. ""А взамен мы получили кое-как собранные чудовища из тех списанных корпусов, с продвинутыми экспериментальными технологиями вместо надежных систем. Технологиями, которые почти не повышают живучесть флота в бою.""

""Враги Компании охотно скажут, что это был признак того, что Андрада стал безумным мегаломаном, но я сомневаюсь. Тот Андрада, которому я присягнула, не стал бы так потрошить свой флот,"" - говорит она, и взгляд темнеет. ""Это должен был быть Макарио, действующий через Кадена. Этот жук, скармливающий Андраде ложь, подтачивающий его суждение... и заставивший его так изуродовать наш флот.""",,
,,,,,,
# Macario's response,,,,,,
,,,,,,
# Caden options(empty for now - idk what to write for him tbh),,,,,,
,,,,,,
# Save Ram(lmao),,,,,,
DEsdtuRamSave3b,DialogOptionSelected,$option == DEsdtu_ramSave3a,"BeginConversation macario
Call $global.sdtu_ref playMusicMacario
$player.metMacario = true
SetPersonHidden macario false","Вы тянетесь к телефону на стойке, чтобы позвонить на ресепшен и узнать больше, но вас прерывает движение на периферии зрения. Обернувшись, вы замечаете, что в комнату кто-то вошел. Вероятно, ваш таинственный посетитель.

На нем угольно-черный костюм под черным пальто. То самое пальто, которое, вы с внезапным холодом понимаете, вы видели за мгновения до отключки в том захудалом убежище. И теперь, под светом ламп номера, вы точно понимаете, кто этот человек.

""Капитан $playerName,"" - говорит Долос Макарио, Экзекьютив-менеджер Совета по человеческим ресурсам Sindrian Fuel Company, лично.

Паук Синдрии, так его зовут: тот, кто прячется в тени Льва, подвешивает врагов, вытягивает их секреты и заставляет страдать, прежде чем они ""исчезнут"".",DEsdtu_ramSave4:Продолжить,
DEsdtuRamSave11,SDTURamSafehouse11,$player.inHospital == true,FireAll SDTUMacarioIntroHub,"""Капитан Рам был предателем и встретил конец, которого заслуживают все предатели,"" - Макарио откидывается в ближайшем кресле, задумчивый.

""Смущенно признаю: в общих чертах он был прав в своей оценке текущего состояния нашей дорогой Sindrian Fuel Company. И его план вполне разумен.""

""Я решил привести его в действие - при вашем содействии.""",,
DEsdtuMacIntroWhatPlan,DialogOptionSelected,"$option == sdtu_macIntroWhatPlan
$player.inHospital == true","$askedWhatPlan = true 0
FireAll SDTUMacarioIntroHub","Макарио тонко улыбается.

""План достаточно прост. В свете грядущего... перехода Верховного Экзекьютива нам необходимо выкорчевать предательство и коррупцию на самом верху - то есть, разумеется, в тех ветвях государства, что проецируют насилие: во флоте, в лице Оксаны Хайдер, и во Львиной Гвардии, в лице Орасио Кадена.""

""За надежность собственного совета, разумеется, отвечаю я,"" - его взгляд указывает на голографический проектор с телом Рама.

""Когда средства силы будут очищены от предателей, они выжгут гниль, укоренившуюся в этой Великой Мечте: так называемое вольтурнийское сопротивление и двойную язву Нортии и Умбры в мятеже. Как только наша база силы в Асконии будет консолидирована, Компания сможет обратить взор вовне.""",,
DEsdtuSafehouseEnd,DialogOptionSelected,"$option == sdtu_safehouseEnd
$player.inHospital == true","FireAll SDTUSafehouseHolorecCheck
$player.inHospital = true
Call $global.sdtu_ref resumeMusic

EndConversation DO_NOT_FIRE

FireAll PopulateOptions

ShowDefaultVisual

unset player.sdtu_gotWire

unset player.sdtu_gotMarines","Несколько часов спустя, выходя из больницы на людную улицу, вы поднимаете взгляд на одну из повсюду мерцающих голограмм Филиппа Андрады, Верховного Экзекьютива Sindrian Fuel Company. Вы пытаетесь представить Льва Синдрии пускающим слюни и бессмысленным, где-то в глубине бункера-клиники, среди все более панических врачей.

Макарио похож на человека, который превращает способных подчиненных в инструменты, а амбициозных - в трупы. Но если пока играть по его правилам, он охотно выдает щедрые награды и доступ к самому сердцу грядущей борьбы за власть в Sindrian Fuel Company.",,
#END Save Ram(lmao),,,,,,
#END Caden options(empty for now - idk what to write for him tbh),,,,,,
#END Macario's response,,,,,,
#END Hyder options,,,,,,
#END DE Changes,,,,,,
#END The Usurpers,,,,,,
,,,,,,
# A New Hope,,,,,,
,,,,,,
# anh - A New Hope aka Passage to Volturn,,,,,,
#anhCantinaStartInBarSFC,AddBarEvents,"!$market.isHidden
$market.id == asharu
!$global.anh_missionCompleted
!$global.anh_inProgress
$player.fcm_faction == sindrian_diktat
$player.maxCombatHullSize < 4
RollProbability 0.5","AddBarEvent anh_cantinaAsk ""See what the old man wants"" ""You see an old man followed by a kid and a chunky robot trying to talk to some of the seedier-looking space captains.""",,,# to be saved for later for Fuel Company option
#anhCantinaAskStartSFC,DialogOptionSelected,"$player.fcm_faction == sindrian_diktat
$option == anh_cantinaAsk","BeginConversation robed_man
BeginMission anh false
Call $global.anh_ref updateData
$player.metANHRobedMan = true
FireAll anhCantinaAskHubOptions
$option = anh_cantinaAsk0
FireAll anhCantinaAskHubOptions","Старик выглядит как отшельник, проживший в пустошах бесчисленное число циклов. Одеяние пыльное, кожа в складках и загаре.

Когда вы подходите, он загадочно улыбается и говорит одновременно вам и взъерошенному мальчишке - скорее юноше, которому еще нет и 20 циклов.

""У меня очень хорошее предчувствие насчет этого.""",,
anhCantinaAccept,DialogOptionSelected,$option == anh_cantinaAccept,"EndConversation DO_NOT_FIRE
RestoreSavedVisual
AcceptMission","Вы организуете переправку старика, юноши и их робота на ваш $shipOrFleet.

Они не выглядят особо опасными. Вряд ли кто-то в Гегемонии или Sindrian Fuel Company тратит много сил на отслеживание их перемещений.",anh_cantinaBack:Вернуться в бар,
#END anh - A New Hope aka Passage to Volturn,,,,,,
,,,,,,
# anh - interception by Diktat patrol,,,,,,
anhDiktatPatrolGreeting,OpenCommLink,"$entity.anh_diktatPatrol score:1000
Call $global.anh_ref updateData","SetStoryOption anh_diktatPatrolBluff general ""Обманули патруль Синдрийской компании рассказом о благотворительной перевозке песчаных фермеров с Ашару""","""Приветствую, капитан,"" - бодрым, но жестким тоном говорит офицер Sindrian Fuel Company. ""У нас есть основания полагать, что вы перевозите известного 'худшего клиента Персеанского Сектора'.""

$HeOrShe едва поднимает палец, и вам передают дополнительный пакет данных. Ваш офицер связи выводит содержимое на второй экран: это старик из Ашару. Намного моложе в зацикленной голозаписи, в военной форме какой-то мелкой политии вместо одеяния.

""Мое расследование пойдет быстрее, если этот человек окажется на моем флагмане,"" - $HeOrShe улыбается странно и тревожно широко.","anh_diktatPatrolStall:Мне нужна минута - чтобы проверить манифест пассажиров. (тянуть время)
anh_diktatPatrolBluff:Я перевожу пару песчаных фермеров. Это благотворительность.
anh_diktatPatrolRights:У вас нет права похищать моих пассажиров.
anh_diktatPatrolNope:Этого не будет.
anh_patrolHostileEnd:Разорвать связь",
anhDiktatPatrolStall,DialogOptionSelected,$option == anh_diktatPatrolStall,,Офицер Компании едва заметно кивает. Ваш офицер связи воспринимает это как сигнал заморозить передачу.,anh_diktatPatrolStall2:Продолжить,
anhDiktatPatrolStall3,DialogOptionSelected,$option == anh_diktatPatrolStall3,,"""Вот человек, которого я не видел очень и очень давно,"" - тихо говорит он. ""К этому моменту даже я начал думать, что он, возможно, мертв.""

Теперь он смотрит на вас, и в его лице проступает отблеск того, более молодого себя. ""Отдайте меня им, капитан. Мальчик должен уйти на Вольтурн без меня. Если у них буду я, он будет в безопасности.""

Парень в ужасе. ""Нет!"" - кричит он. ""Они вас убьют!""","anh_diktatPatrolStall3No:Я никого не передам Топливная компания Синдрии.
anh_diktatPatrolStall3Yes:Как пожелаете.
anh_diktatPatrolStall3All:Нет - на этом все. Я передаю вас всех.",
anhDiktatPatrolStall3Yes,DialogOptionSelected,$option == anh_diktatPatrolStall3Yes,$entity.anh_handOverMan = true 0,"""Что!?"" - кричит парень. ""Вы не можете так! Вы должны сражаться! У вас же $shipOrFleet! Вы просто позволите этим компанейским головорезам командовать вами?"" Он бросается на вас, но его перехватывает рука одного из ваших охранников. После вскрика и короткой борьбы парень складывается от электрошоковой дубинки.

Старик даже не смотрит на эту суету. Его глаза ровно смотрят в ваши, глубоко выискивая что-то.

""Ему еще столькому предстоит научиться, $playerName."" Он выглядит задумчиво. ""Судьба еще может нас удивить.""",anh_diktatPatrolStall4:Продолжить,
anhDiktatPatrolGreetingAgain,DialogOptionSelected,$option == anh_diktatPatrolGreetingAgain,FireAll ANHDiktatPatrolAgainOptions,"Менеджер Компании выглядит менее терпеливым; вежливая улыбка расползается по краям.

""Капитан,"" - говорит $heOrShe, прекрасно зная, что вы лжете, и зная, что вы знаете, что $heOrShe знает, - ""надеюсь, вы тщательно проверили пассажирский манифест.""",,
anhDiktatPatrolRights,DialogOptionSelected,$option == anh_diktatPatrolRights,"SetStoryOption anh_diktatPatrolBluff general ""Обманули патруль Синдрийского диктата рассказом о благотворительной перевозке песчаных фермеров с Ашару""","Улыбка исчезает, будто ее и не было.

""Понимаю.""

Офицер Компании отворачивается, жестом обращаясь к команде мостика. ""Именем Верховного Главного Оверлорда Президента Экзекьютива приказываю вам обесточить системы и подготовиться к досмотру,"" - затем оглядывается через плечо и добавляет: ""Наш обыск будет... тщательным.""","anh_diktatPatrolNope:Нет - этого не будет.
anh_diktatPatrolBluff:Я перевожу пару песчаных фермеров. Это благотворительность.
anh_diktatPatrolSearch:Разрешить обыск",
anhDiktatPatrolSearch,DialogOptionSelected,$option == anh_diktatPatrolSearch,"ApplyCRDamage $entity.fleetPoints 0.4 3 ""Vindictive search""","Отправленные на досмотр вашего флота бойцы Компании, похоже, больше заинтересованы в запугивании экипажа и порче деликатного оборудования, чем в реальном поиске.

Ваших пассажиров скрыть легко, но по выражению лица вашего главного инженера видно: нанесен серьезный ущерб.",anh_diktatPatrolSearch2:Продолжить,
anhDiktatPatrolSearch2,DialogOptionSelected,$option == anh_diktatPatrolSearch2,"AdjustRepActivePerson SUSPICIOUS -5
AdjustRep $personFaction.id SUSPICIOUS -2
Call $entity.anh_ref makeUnimportant
MakeOtherFleetGoAway true
$entity.ignorePlayerCommRequests = true
MakeOtherFleetNonHostile true
MakeOtherFleetAvoidContact true","""Вся слава Верховному Главному Оверлорду Президенту Экзекьютиву Менеджеру Газовой Станции, Филиппу Андраде,"" - с последней ухмылкой произносит $personRank $personLastName и обрывает связь.",cutCommLink:Разорвать связь,
anhDiktatPatrolNope,DialogOptionSelected,$option == anh_diktatPatrolNope,,"""Тогда,"" - ухмылка $heOrShe, кажется, становится еще шире, - ""вы сопротивляетесь законному досмотру, проводимому по воле Верховного Экзекьютива. Враждебный акт терроризма против нашей дорогой Sindrian Fuel Company.""",anh_patrolHostileEnd:Продолжить,
anhDiktatPatrolBluff,DialogOptionSelected,$option == anh_diktatPatrolBluff,,"""Перевозите песчаных фермеров,"" - повторяет офицер Компании. ""Из благотворительности.""

В последнем слове проскальзывает явная недоверчивость.",anh_diktatPatrolBluff1:Продолжить,
anhDiktatPatrolBluff1,DialogOptionSelected,$option == anh_diktatPatrolBluff1,,"Затем лицо $hisOrHer трескается злостью. ""Это самая нелепая ложь, что я когда-""

Писк с другого мостика врывается в комм и обрывает начало $hisOrHer тирады. Офицер Компании бросает на вас убийственный взгляд и перекидывается тихими словами с подчиненными; ваш офицер связи неуверенно кивает.",anh_diktatPatrolBluff2:Продолжить,
anhDiktatPatrolBluff2,DialogOptionSelected,$option == anh_diktatPatrolBluff2,,"Ваш сообразительный мостик, разумеется, уже подложил фальшивый манифест от вашего имени.

Разумеется, у них наготове правдоподобный, но вводящий в заблуждение заранее подготовленный манифест экипажа и пассажиров на такой случай. Если подать его достаточно уверенно - и без лишней паузы - это может сработать.

Вы с ангельским терпением ждете, пока офицер Компании поручает подчиненному прогнать поддельный манифест через новейшие алгоритмы поиска и верификации Компании.",anh_patrolBluffEnd:Продолжить,
anhDiktatPatrolMixedEnd,DialogOptionSelected,$option == anh_diktatPatrolOldMan,"AddTextSmall ""Доставили возможного участника Вольтурнианского сопротивления Синдрийской топливной компании"" highlight
Call $entity.anh_ref makeUnimportant
$entity.ignorePlayerCommRequests = true
AddCredits 8000
AdjustRepActivePerson FRIENDLY 5
AdjustRep $personFaction.id COOPERATIVE 2
$global.anh_handedOverRobedMan = true
MakeOtherFleetGoAway true
MakeOtherFleetNonHostile true
MakeOtherFleetAvoidContact true","Старик спокойно направляется к шаттлу для передачи.

""Ваша служба Верховному Экзекьютиву будет отражена в официальных записях,"" - слишком бодро говорит $personRank Компании, будто $heOrShe зачитывает текст для $hisOrHer мостика. ""Ваша верность Великой Мечте Компании отмечена, и награда за выдачу известного террориста сейчас будет переведена на ваши счета.""

$PersonRank $personLastName продолжает дарить вам эту жутковато широкую улыбку, говоря что-то про ""не забывайте покупать Sindrian""; ваш офицер связи успевает вытащить вас из канала без дальнейшего обмена.",cutCommLink:Разорвать связь,
anhDiktatPatrolBothEnd,DialogOptionSelected,$option == anh_patrolGiveUpBoth,"Call $entity.anh_ref makeUnimportant
AddCredits 15000
AdjustRepActivePerson FRIENDLY 10
AdjustRep $personFaction.id COOPERATIVE 3
$global.anh_handedOverEveryone = true
MakeOtherFleetGoAway true
$entity.ignorePlayerCommRequests = true
MakeOtherFleetNonHostile true
MakeOtherFleetAvoidContact true","Вы передаете старика и мальчика на флагман Sindrian Fuel Company. Они даже хотят забрать робота ""в качестве улики"", так что и эту старую развалину приходится отправить следом.

""Ваша служба Верховному Экзекьютиву будет отражена в официальных записях,"" - слишком бодро говорит $personRank Компании, будто $heOrShe зачитывает текст для $hisOrHer мостика. ""Ваша верность Великой Мечте Компании отмечена, и награда за выдачу известного террориста и его сообщника сейчас будет переведена.""

$PersonRank $personLastName продолжает дарить вам эту жутковато широкую улыбку, говоря что-то про ""не забывайте покупать Sindrian""; ваш офицер связи успевает вытащить вас из канала без дальнейшего обмена.",anh_diktatPatrolQuestEnd:Разорвать связь,
anhDiktatPatrolHostileEnd,DialogOptionSelected,$option == anh_patrolHostileEnd,"AdjustRepActivePerson SUSPICIOUS -10
AdjustRep $personFaction.id SUSPICIOUS -5
Call $entity.anh_ref makeUnimportant
$global.anh_diktatPatrolHostile = true
$ignorePlayerCommRequests = true 1
MakeOtherFleetHostile true
MakeOtherFleetAggressive true","""Отказываетесь!?"" - кричит офицер Компании. ""Ну все! Вы себе уже зарабатываете место в списке 'худших клиентов Персеан-'.""

Связь обрывается. Ваш офицер связи виновато смотрит на вас.",cutCommLink:По боевым постам.,
anhDiktatPatrolBluffEnd,DialogOptionSelected,$option == anh_patrolBluffEnd,"AdjustRepActivePerson SUSPICIOUS -1
AdjustRep $personFaction.id SUSPICIOUS -1
Call $entity.anh_ref makeUnimportant
$entity.ignorePlayerCommRequests = true
$global.anh_diktatPatrolBluffed = true
MakeOtherFleetGoAway true
MakeOtherFleetNonHostile true
MakeOtherFleetAvoidContact true","Вы слышите яростный окрик ""Прогоните еще раз!"", который, возможно, не должен был попасть в эфир. Проходит еще несколько минут.

""Хорошо,"" - с явным скрежетом зубов говорит офицер Компании, - ""ваш манифест проверен. Технически.""

Резким движением $heOrShe подает сигнал своим коммам оборвать связь.",cutCommLink:Разорвать связь,
anhDiktatPatrolQuestEnd,DialogOptionSelected,$option == anh_diktatPatrolQuestEnd,"AddTextSmall ""Доставили возможных участников Вольтурнианского сопротивления Синдрийской топливной компании"" highlight
$global.anh_completed = true
Call $global.anh_ref updateStage","И на этом все заканчивается. Вы невольно начинаете думать, как бы все сложилось иначе, если бы вы выполнили заказ и тайно доставили явно бывшего военного офицера и его протеже на контакт с одной из фракций асконского подполья...

Вы приказываете навигации прокладывать новый курс.",cutCommLink:Продолжить,
#END anh - interception by Diktat patrol,,,,,,
,,,,,,
# anh - arrive at Volturn,,,,,,
anhCheckCompletionCont,MarketPostDock,"$market.anh_tookTheJob score:100
Call $global.anh_ref updateData
!$anh_noCompleteShown",,,anh_completeDelivery0:Продолжить,
anhCheckCompletion,DialogOptionSelected,"$option == anh_completeDelivery0
$tradeMode != NONE",,"Вы получаете комм-сигнал с явно нелегального орбитального ретранслятора с координатами точки высадки старика, мальчика и их робота. И обещанием анонимной оплаты.

Когда они сходят по трапу шаттла, мальчик восклицает: ""Вау, планета целиком из воды!""","anh_completeDeliveryMoon:Это всего лишь луна - пацан. С каменным ядром.
anh_completeDelivery:Промолчать",
anhCheckCompletion2,DialogOptionSelected,$option == anh_completeDeliveryMoon,"$option = anh_completeDelivery
FireBest DialogOptionSelected",Мальчику удается не выглядеть разочарованным этим открытием.,,
anhCheckCompletionOnlyKid,DialogOptionSelected,"$global.anh_handedOverRobedMan
$option == anh_completeDelivery0
$tradeMode != NONE",,"Вы получаете комм-сигнал с явно нелегального орбитального ретранслятора с координатами точки высадки для мальчика и его робота. И обещанием оплаты.

Мальчик хмуро сходит по трапу шаттла, а его верный робот тарахтит следом. Ступив на качающиеся настилы Вольтурна, он оборачивается.

""Береги себя, наверное,"" - говорит он. ""Это у тебя лучше всего получается, да?""","anh_completeDeliveryOnlyKid0:Мы все делаем то - что нужно - чтобы выжить - пацан.
anh_completeDelivery:Промолчать",
anhCheckCompletionOnlyKid2,DialogOptionSelected,$option == anh_completeDeliveryOnlyKid0,ShowPersonVisual true robed_man,"Кажется, он уже готов клюнуть на приманку, но робот коротко пищит, гася его злость. Он вздыхает и разворачивается от шаттла.

""Ну, давай-"" - начинает он и застывает на месте: в конце трапа стоит старик.

""Ну здравствуй,"" - говорит старик с улыбкой на лице.","anh_completeDeliveryMeme:Продолжить
anh_completeDeliveryBold:Старик - вы весьма дерзки.",#hello there!
anhCompletedButNoDocking,DialogOptionSelected,"$option == anh_completeDelivery0
!$anh_noCompleteShown
$tradeMode == NONE","$anh_noCompleteShown = true 0
FireBest MarketPostDock",Сейчас вы не можете безопасно высадить пассажиров на Вольтурн.,marketArrivalEventContinue:Продолжить,
anhCompleteDelivery,DialogOptionSelected,$option == anh_completeDelivery,"FireAll ANHRewardTrigger
$global.anh_completed = true
Call $global.anh_ref updateStage
$option = marketArrivalEventContinue 0
FireBest DialogOptionSelected","Старик улыбается и просто говорит: ""Спасибо, мой друг,"" затем натягивает капюшон и уводит странную компанию в подземный мир Вольтурна.",,
anhCompleteDeliveryOnlyKid,DialogOptionSelected,"$global.anh_handedOverRobedMan
$option == anh_completeDelivery",ShowPersonVisual true robed_man,"""Ну, давай-"" - начинает он и застывает на месте: в конце трапа стоит старик.

""Ну здравствуй,"" - говорит старик с улыбкой на лице.","anh_completeDeliveryMeme:Продолжить
anh_completeDeliveryBold:Старик - вы весьма дерзки.",#hello there!
anhCompleteDeliveryMeme,DialogOptionSelected,$option == anh_completeDeliveryMeme,"unset $global.anh_handedOverRobedMan
ShowDefaultVisual
FireAll ANHRewardTrigger
$global.anh_completed = true
Call $global.anh_ref updateStage
$option = marketArrivalEventContinue 0
FireBest DialogOptionSelected","Вы пытаетесь что-то сказать, но старик подносит палец к губам. Он продолжает улыбаться и просто говорит: ""Спасибо, мой друг,"" затем натягивает капюшон и уводит странную компанию в подземный мир Вольтурна.",,
anhCompleteDeliveryBold,DialogOptionSelected,$option == anh_completeDeliveryBold,"unset $global.anh_handedOverRobedMan
ShowDefaultVisual
FireAll ANHRewardTrigger
$global.anh_completed = true
AddStoryPoints 1
Call $global.anh_ref updateStage
$option = marketArrivalEventContinue 0
FireBest DialogOptionSelected","""О, не думаю,"" - отвечает он с прежней улыбкой. Мальчик сбегает к старику, а робот тащится следом. ""Спасибо, мой друг,"" - говорит старик, натягивает капюшон и уводит странную компанию в подземный мир Вольтурна.",,
anhRewardHigh,ANHRewardTrigger,$global.anh_chargeMore,"AddTextSmall ""Доставили подкрепления Вольтурнианскому сопротивлению?"" highlight
AddCredits 17000
unset $global.anh_chargeMore",,,
anhRewardLow,ANHRewardTrigger,!$global.anh_chargeMore,"AddTextSmall ""Доставили подкрепления Вольтурнианскому сопротивлению?"" highlight
AddCredits 10000",,,
#END anh - arrive at Volturn,,,,,,
#END A New Hope,,,,,,
,,,,,,
# Luddic Shrines,,,,,,
,,,,,,
# talking to Luddic Pilgrim fleet's captain,,,,,,
shrineConvShrineResponseVolturn,ShrineConvDetailsResponses,$fleet.destShrine == volturn,,"""Мы направляемся на Вольтурн, хотя это... непростое место.""",shrineConv_askVolturn:Вольтурн? Топливная компания Синдрии позволяет вам посещать святилище?,
shrineConvAskVolturn,DialogOptionSelected,$option == shrineConv_askVolturn,FireAll ShrineFleetConvOptions,"$HeOrShe выглядит встревоженно.

""Официально Sindrian Fuel Company уважает луддитских паломников на Вольтурне. Однако паломников 'поощряют' посещать 'одобренное Компанией' святилище,"" - говорит $heOrShe, затем принимает вызывающий вид. ""Андрада хочет превратить наши убеждения в посмешище ради собственной выгоды. Он бы стер нас, если бы мог. Если,"" - повторяет $heOrShe, - ""если бы мог.""",,
#END talking to Luddic Pilgrim fleet's captain,,,,,,
,,,,,,
# Volturn shrine,,,,,,
lppVolturnVisitDidBribe,DialogOptionSelected,"$option == lpp_volturnVisitStart2
$faction.id == sindrian_diktat
$market.bribedShrineOfficial
$market.didShrineIntro",ShowDefaultVisual,"Скользкий чиновник встречает ваш шаттл на посадочной платформе. За его спиной видны временные оружейные точки и щитовые модули с гербом Sindrian Fuel Company. Бледные призывники в потрепанной броне настороженно косятся на вас, затягиваясь наркотическим дымом.

""Смирно!"" - орет чиновник на призывников, подходя к вам.",lpp_volturnVisitDidBribe2:Продолжить,
lppVolturnVisitDidBribe2,DialogOptionSelected,$option == lpp_volturnVisitDidBribe2,,"Пока вы терпите угодливую пустую болтовню, вы замечаете, что снаряжение призывников такое же убогое и плохо обслуженное, как и в ваш первый визит. Сам чиновник, однако, носит стильный новый костюм, который лишь немного не дотягивает до официальной формы Львиной Гвардии, чтобы не схлопотать выговор.

За КПП вы проходите через тяжелые двери в приемный зал святилища. Его пустота ощущается приятной сменой компании.",lpp_volturnShrineRevisit1:Продолжить,
lppVolturnVisitUsedCommission,DialogOptionSelected,"$option == lpp_volturnVisitStart2
$faction.id == sindrian_diktat
$market.usedCommissionOnShrineOfficial
$market.didShrineIntro",ShowDefaultVisual,"Скользкий чиновник встречает ваш шаттл на посадочной платформе. За его спиной видны временные оружейные точки и щитовые модули с гербом Sindrian Fuel Company. Бледные призывники в потрепанной броне настороженно косятся на вас, затягиваясь наркотическим дымом.

""Смирно!"" - орет чиновник на призывников, подходя к вам. ""Перед вами сотрудник Sindrian Fuel Company!""

Вы терпите угодливую болтовню, пока он проводит вас через КПП к тяжелым дверям, ведущим к святилищу.",lpp_volturnShrineRevisit1:Продолжить,
lppVolturnRevisitLied,DialogOptionSelected,"$option == lpp_volturnVisitStart2
$faction.id == sindrian_diktat
$market.didShrineIntro
$market.liedShrineOfficial",ShowDefaultVisual,"Скользкий чиновник встречает ваш шаттл на посадочной платформе. За его спиной видны временные оружейные точки и щитовые модули с гербом Sindrian Fuel Company. Бледные призывники в потрепанной броне настороженно косятся на вас, затягиваясь наркотическим дымом.

""Смирно!"" - орет чиновник на призывников, подходя к вам. ""Я никому не рассказал,"" - шепчет он, подходя слишком близко. ""И если вам нужно что угодно, что угодно, чтобы вычистить этих луддитских террористов..."" Он не договаривает, выискивая одобрение в ваших глазах.

Вы терпите угодливую болтовню, пока он проводит вас через КПП к тяжелым дверям, ведущим к святилищу.",lpp_volturnShrineRevisit1:Продолжить,
lppVolturnFirstVisit2Diktat,DialogOptionSelected,"$option == lpp_volturnVisitStart2
!$market.didShrineIntro","ShowDefaultVisual
ShrineCMD addIntel
FireAll LPPVolturnOfficialConvo","Скользкий чиновник встречает ваш шаттл на посадочной платформе. За его спиной видны временные оружейные точки и щитовые модули с гербом Sindrian Fuel Company. Бледные призывники в потрепанной броне настороженно косятся на вас, затягиваясь наркотическим дымом.

Чиновник выдавливает из себя улыбку, явно натянутую до предела, и оглядывает вас с головы до ног.

""А, а вы паломник?"" - спрашивает он странным фальшиво-бодрым тоном. ""Боюсь, сегодня это святилище закрыто. Но если хотите, я дам вам направление к новому святилищу, спонсируемому Sindrian Fuel Company!""",,
lppVolturnOfficialResponseVisit,LPPVolturnOfficialConvo,!$saidVisit,,,lpp_volturnOfficialVisit:Я хочу посетить это святилище.,
lppVolturnOfficialResponseDevout,LPPVolturnOfficialConvo,!$saidDevout,,,lpp_volturnOfficialDevout1:Я должен посетить это святилище. Я весьма набожен.,
lppVolturnOfficialResponseCommission,LPPVolturnOfficialConvo,$player.fcm_faction == sindrian_diktat,,,lpp_volturnOfficialCommission1:Объяснить - что вы на комиссии Топливная компания Синдрии,
lppVolturnOfficialResponseLie,LPPVolturnOfficialConvo,$player.fcm_faction != sindrian_diktat,"SetStoryOption lpp_volturnOfficialLie1 general ""Сказали чиновнику на Вольтурне, что выполняете тайную миссию Верховного исполнителя для доступа к луддитской святыне""",,lpp_volturnOfficialLie1:Объяснить - что вы на тайной миссии от Верховного Экзекьютива (ложь),
lppVolturnOfficialResponseLeave,LPPVolturnOfficialConvo,,,,lpp_volturnOfficialEarlyLeave:Уйти,
lppVolturnOfficialEarlyLeave,DialogOptionSelected,$option == lpp_volturnOfficialEarlyLeave,"ShowDefaultVisual
FireAll PopulateOptions","Вы возвращаетесь в шаттл, напоследок вдыхая морской воздух; в ноздрях все еще стоит запах гниющей дряни, налипшей на эти платформы.

Обратный полет проходит без происшествий.",,
lppVolturnOfficialVisit,DialogOptionSelected,$option == lpp_volturnOfficialVisit,"$saidVisit = true 1
FireAll LPPVolturnOfficialConvo","""Понимаю,"" - говорит чиновник, скрестив руки. ""Мне больно сообщать, что посещение здесь... совершенно невозможно. Но Sindrian Fuel Company с радостью принимает паломников на своей новооткрытой паломнической площадке!""

Чиновник слишком уж настойчиво пытается вас развернуть, хотя очевидно, что вы могли бы просто пройти внутрь, если бы он не мешал.",,
lppVolturnOfficialDevout1,DialogOptionSelected,$option == lpp_volturnOfficialDevout1,$saidDevout = true 1,"""Именно,"" - чиновник потирает руки, - ""ваша преданность не вызывает сомнений. Однако Верховный Экзекьютив считает это святилище недостаточным для вашего поклонения и великодушно построил новое святилище для всех вас!""

Чиновник продолжает улыбаться, губы дрожат от напряжения. ""В конце концов, Верховный Экзекьютив - благородный и честный человек, понимающий тяготы последователей Лудда. Он лишь хочет облегчить ваше бремя поклонения тем, что может дать Компания!""","lpp_volturnOfficialDevout1disagree:Похоже на угнетение.
lpp_volturnOfficialDevout1respect:Если бы люди только уважали благотворительность Компании.
lpp_volturnOfficialDevout1collective1:Все действительно согласились на эту перемену?
lpp_volturnOfficialDevout1agree:Да - звучит разумно.",
lppVolturnOfficialDevout1respect,DialogOptionSelected,$option == lpp_volturnOfficialDevout1respect,"$option = lpp_volturnOfficialDevout1collective 0
FireBest DialogOptionSelected","""Именно,"" - говорит чиновник, качая головой с чем-то, отдаленно похожим на печаль.",,
lppVolturnOfficialDevout1collective0,DialogOptionSelected,$option == lpp_volturnOfficialDevout1collective1,"$option = lpp_volturnOfficialDevout1collective 0
FireBest DialogOptionSelected","""Точно!"" - говорит чиновник, кивая за вас.",,
lppVolturnOfficialDevout1agree,DialogOptionSelected,$option == lpp_volturnOfficialDevout1agree,"$option = lpp_volturnOfficialDevout1collective 0
FireBest DialogOptionSelected","""Да, конечно!"" - говорит чиновник, кивая.",,
lppVolturnOfficialDevout1disagree,DialogOptionSelected,$option == lpp_volturnOfficialDevout1disagree,"$option = lpp_volturnOfficialDevout1collective 0
FireBest DialogOptionSelected","""Угнетение?"" - чиновник изображает удивление. ""Sindrian Fuel Company никогда бы не посмела угнетать своих потенциальных клиентов!""",,
lppVolturnOfficialDevout1collective,DialogOptionSelected,$option == lpp_volturnOfficialDevout1collective,FireAll LPPVolturnOfficialConvo,"""И какая разница, с чем люди согласны? Верховный Экзекьютив лучше знает, и он лишь хочет дать лучшее своим клиентам с луддитским складом ума!""",,
lppVolturnOfficialLie1,DialogOptionSelected,$option == lpp_volturnOfficialLie1,,"Вы подаетесь ближе, отвечая на фальшивую улыбку чиновника своей. Чиновник, сбитый с толку, но заинтересованный, следует вашему примеру и тоже наклоняется.

Вы выражаете обеспокоенность его убеждениями, спрашивая, правда ли он верит в превосходство антиматтерного топлива бренда Sindrian и в великую мечту Верховного Главного Оверлорда Президента Экзекьютива Менеджера Газовой Станции Филиппа Андрады для Сектора; в то, что только лучшее топливо должно использоваться в Секторе ради новой эпохи мира и процветания для всех.

""Д-да, конечно,"" - говорит он, дрожа.

Тогда он обязан пропустить вас - тайного агента Львиной Гвардии - для выполнения миссии.

""Я должен... проверить..."" Он начинает судорожно шарить за датападом.",lpp_volturnOfficialLie1b:Это было бы ужасной ошибкой.,
lppVolturnOfficialBribe2,DialogOptionSelected,$option == lpp_volturnOfficialBribe2,"SetTextHighlights 1,000
DoCanAffordCheck 1000 lpp_volturnOfficialBribe2offer1k false","""О, ох, как же все трудно. Террористы бьют без предупреждения - по женщинам, по детям и... ох, я благодарен Верховному Главному Оверлорду Президенту Экзекьютиву. Человек помельче просто разбомбил бы планету до покорности, но Верховный Экзекьютив? Это его дети, и он как отец. Но даже у отца есть т-олько столько ресурсов... вот если бы у нас были кредиты на лучшую броню для наших храбрых юных солдат,"" - он указывает на курящих призывников, которые уже устроили конкурс плевков за край платформы.

""Представьте, что почувствуют их матери, если они пострадают от террористической бомбы...""","lpp_volturnOfficialBribe2offer1k:1000 кредитов хватит?
lpp_volturnOfficialBribe2naw:Сердца матерей будут разбиты - конечно. Я ухожу.",
lppVolturnCurateResponses1g,LPPVolturnCurateResponses1,"!$madeArrestThreat
$player.fcm_faction == sindrian_diktat",,,lpp_volturnCurateSDReport:Я могу доложить на вас за угрозы офицеру на комиссии Топливная компания Синдрии.,
lppVolturnCurateAskBlessingSD,DialogOptionSelected,"$option == lpp_volturnCurateAskBlessing
$player.fcm_faction == sindrian_diktat","$didBlessOption = true 0
FireAll LPPVolturnCurateResponses1","""Полагаю, я могла бы устроить благословение,"" - медленно говорит она.

""Но святилище закрыто, разве вы не слышали? Это выглядело бы,"" - она делает вид, что подбирает слова, - ""нелояльно. Лучше получить 'благословение' в 'святилище', построенном 'щедростью' Sindrian Fuel Company.""

Женщина пожимает плечами, раскрывая ладони.",,
lppVolturnCurateAskSeeShrineSD,DialogOptionSelected,"$option == lpp_volturnCurateAskSeeShrine
$player.fcm_faction == sindrian_diktat",,"""Насколько я понимаю,"" - говорит она, - ""слова вашего Верховного Экзекьютива в целом противоречат заповедям Церкви Галактического Искупления и учению Лудда в частности - как бы он ни пытался убедить себя в обратном.""","lpp_volturnCurateSeeShrineSDjustDoIt:Просто покажите мне святилище.
lpp_volturnCurateSeeShrineSDlearn:Есть и общая почва. Упор на тяжелый труд и честную работу.
lpp_volturnCurateSeeShrineSDlecture:Я пришел не за лекцией по теологии.",
lppVolturnCurateResponses2SDa,LPPVolturnCurateResponses2SD,!$didHumble ,,,lpp_volturnCurateSDdisappointing:Это немного разочаровывает.,
lppVolturnCurateResponses2SDa2,LPPVolturnCurateResponses2SD,!$didHumble ,,,lpp_volturnCurateSDhumble:Здесь... неплохо. Скромно.,
lppVolturnCurateResponses2SDb,LPPVolturnCurateResponses2SD,"!$didCriticism
$didHumble ",,,lpp_volturnCurateSDcriticism:Улавливаю в вашем тоне нотку критики.,
lppVolturnCurateResponses2SDc,LPPVolturnCurateResponses2SD,"$didAcceptSass
!$didStubborn",,,lpp_volturnCurateSDstubborn:Почему вы так упорно цепляетесь за отсталость? Я пытаюсь помочь.,
lppVolturnCurateResponses2SDd,LPPVolturnCurateResponses2SD,!$didAcceptSass,,,lpp_volturnCurateSDaccepted:Верховный Экзекьютив уже принял вас. Вам осталось принять его в ответ.,
lppVolturnCurateResponses2SDd2,LPPVolturnCurateResponses2SD,"!$didChurch
$didCriticism",,,lpp_volturnCurateSDchurch:Если Церковь вас оставила - зачем оставаться здесь?,
lppVolturnCurateResponses2SDe,LPPVolturnCurateResponses2SD,"!$didCompromise
$didCriticism",,,lpp_volturnCurateSDcompromise:Тогда компромисс - частная молитва - публичная поддержка Экзекьютива.,
#lppVolturnCurateResponses2SDf,LPPVolturnCurateResponses2SD,$didStubborn,,,lpp_volturnCurateSDstubborn2:Я поговорю о ваших последователях с кем-нибудь на Cruor.,# TODO later maybe
lppVolturnCurateResponses2SDg,LPPVolturnCurateResponses2SD,,,,lpp_volturnShrineFirstLeave1:Уйти,
lppVolturnCurateSDcriticism,DialogOptionSelected,$option == lpp_volturnCurateSDcriticism,"$didCriticism = true 0
FireAll LPPVolturnCurateResponses2SD","""О?"" Она приподнимает бровь. ""Ну что ж. Ложь - грех, и искупление должно где-то начинаться.""

Она поднимает подбородок и смотрит на вас. ""Вашей Sindrian Fuel Company почти удалось растоптать это святилище. Силы безопасности травят наших паломников, а ваши 'рекламщики' бомбардируют нас, чтобы мы молились в вашей пародии на веру и несли туда десятину.""

""Пока они не трогают само святилище, Церковь готова подставлять другую щеку.""",,
lppVolturnCurateSDcompromise,DialogOptionSelected,$option == lpp_volturnCurateSDcompromise,"$didCompromise = true 0
FireAll LPPVolturnCurateResponses2SD","""Вот это,"" - она указывает на обветшалое святилище вокруг, - ""и есть компромисс. Продиктованный вашим Экзекьютивом.""

""Если идти дальше, мы полностью сойдем с пути учения Лудда. Поэтому я остаюсь здесь.""",,
lppVolturnCurateSDaccepted,DialogOptionSelected,$option == lpp_volturnCurateSDaccepted,"$didAcceptSass = true 0
FireAll LPPVolturnCurateResponses2SD","""Ах да, принял нас,"" - говорит она с фальшивой бодростью. ""Построив ту насмешку над учением Лудда, чтобы Компания торговала своими товарами среди верующих без малейших угрызений.""",,
#END Volturn shrine,,,,,,
#END Luddic Shrines,,,,,,
,,,,,,
# Vanilla NPCs,,,,,,
,,,,,,
# MACARIO,,,,,,
,,,,,,
# Macario Greetings,,,,,,
postSDTUMacarioGreetingSFCModdedBothered,PickGreeting,"$sfcBotheredMacario == true
$id == macario score:1000
$global.sdtu_missionCompleted == true","ShowDefaultVisual
EndConversation","Вы пытаетесь связаться с Долосом Макарио. После нескольких минут разглядывания логотипа Совета по человеческим ресурсам ваш канал внезапно обрывается.

Похоже, Макарио сейчас не хочет с вами встречаться.",,
postSDTUMacarioGreetingSFCModded,PickGreeting,"$sfcBotheredMacario == false
$id == macario score:1000
$global.sdtu_missionCompleted == true","ShowPersonVisual
FireAll PopulateOptions","Перед вами появляется Долос Макарио, Паук Синдрии. Он выглядит скучающим.

""Капитан, о капитан,"" - приветствует он вас скучающим тоном. ""Надеюсь, вы не собираетесь тратить мое время?""
OR
Перед вами появляется Долос Макарио, Паук Синдрии. Он смотрит на вас с подчеркнутым пренебрежением.

""Капитан,"" - начинает он с притворным интересом. ""Есть причина для этого светского звонка?""
OR
Перед вами появляется Долос Макарио, Паук Синдрии. На его лице легкая хмурость.

""Капитан,"" - говорит он, едва скрывая безразличие. ""У вас есть причина меня отвлекать?""",,
postSDTUMacarioGreetingPostIapetus,PickGreeting,"$sfcBotheredMacario == false
$id == macario score:1000
$global.sdtu_missionCompleted == true
$player.sfcgotsuperiapetus == true
$sfcMacarioMentionedIapetus == false","BeginConversation macario
sfcplaymusic ""music_diktat_market_hostile""
$sfcMacarioMentionedIapetus = true","Перед вами появляется Долос Макарио, Паук Синдрии. Он внимательно вглядывается в экран, чуть подавшись вперед.

""Капитан,"" - начинает Макарио, складывая руки, - ""должен признать, отчеты, что я получил, меня удивили. Как мне доложили, недавно из Research Labs вышел довольно крупный боевой корабль. А если память мне не изменяет, именно этот корабль был поставлен на прикол по приказу Верховного Экзекьютива. Так не хотите объяснить, почему такой приказ был нарушен?""","01:sfcMacarioIapetusTree1a:Объяснить - что это был подарок от Совета исследований и разработки
02:sfcMacarioIapetusTree1b:Объяснить - что Квин отдала его вам
03:sfcMacarioIapetusTree1c:Сделать вид - что вы не понимаете - о чем речь",
#END Macario Greetings,,,,,,
,,,,,,
# Macario Options,,,,,,
,,,,,,
# Macario Reward Reminders,,,,,,
postSDTUExecutorReminder,PopulateOptions,"$id == macario
$global.sdtu_missionCompleted == true
!$player.receivedMacarioExecutor",,,postsdtu_Hull:Напомнить про экспериментальный корпус корабля - о котором шла речь раньше,
postSDTUSilenceReminder,PopulateOptions,"$id == macario
$global.sdtu_missionCompleted == true
!$player.promisedMacarioSilence",,,postsdtu_silenceSale:Напомнить - что ваше молчание все еще продается,
,,,,,,
# Macario Reward Responses,,,,,,
postSDTUSilenceReceive,DialogOptionSelected,$option == postsdtu_silenceSale,"AddCredits 100000
$player.ethosMercenary++
$player.promisedMacarioSilence = true
FireAll PopulateOptions","""Разумеется,"" - говорит Макарио, на мгновение постукивая по датападу.",,
postSDTUHullReceive,DialogOptionSelected,$option == postsdtu_Hull,"PK_CMD giveExecutor $removeSpecialModifications
$player.ethosMercenary++
$player.receivedMacarioExecutor = true
FireAll PopulateOptions","""Разве?"" Он усмехается. ""Наемник до конца, да? Организую.""

""Я так рад, что вы цените то, что я могу предоставить. Это будет важно. И скоро.""",,
#END Macario Reward Responses,,,,,,
#END Macario Reward Reminders,,,,,,
,,,,,,
# Macrio Main Tree,,,,,,
sfcMacarioConverseOption,PopulateOptions,$id == macario score:1000,,,01:sfcMacarioConverseStart:Поговорить,
sfcMacarioConverseTreeStart,DialogOptionSelected,$option == sfcMacarioConverseStart,FireAll PopulatesfcMacarioMainOptions,"""Тратите мое время, капитан?""
OR
""Вы же знаете, я занятой человек, капитан.""
OR
""Конечно, прервите мою работу. Я не против, капитан.""",,
sfcMacarioMainOptionsChatInvalid,PopulatesfcMacarioMainOptions,$sfcAlreadyChatted == true,"SetTooltip sfcMacarioChat2 ""Макарио сейчас не расположен к праздной беседе.""
SetEnabled sfcMacarioChat2 false",,01:sfcMacarioChat2:Поболтать,
sfcMacarioMainOptionsChat,PopulatesfcMacarioMainOptions,$sfcAlreadyChatted == false,,,01:sfcMacarioChat:Поболтать,
sfcMacarioMainOptionsChatResponse,DialogOptionSelected,$option == sfcMacarioChat,"$sfcAlreadyChatted = true 0
FireAll PopulatesfcMacarioMainOptions","""Я занятой человек, капитан,"" - пренебрежительно говорит Макарио, продолжая стучать по TriPad. ""Вам больше некого доставать?""
OR
""Как бы я ни хотел продолжить эту беседу,"" - начинает Макарио тоном, едва скрывающим презрение. ""Сейчас я занят кое-чем важным.""
OR
""Вам обязательно тратить мое время, капитан?"" - спрашивает Макарио, на миг сверля вас взглядом. ""У вас нет пиратов, с кем подраться, или чего-то такого?""",,
sfcMacarioMainOptionRuniContact,PopulatesfcMacarioMainOptions,"$player.sfcrunifirstmeeting
!$player.sfcruniaskedcontact
!$global.sfcrunifirstgreeting
$player.sfcrunicontact == false
$player.sfcMacarioRuniSpy == false",,,80:sfcMacarioContactRuni:Спросить у Макарио контактные данные Юнифер,
sfcMacarioMainOptionRepatriate,PopulatesfcMacarioMainOptions,"$player.sfcarthurtnpprisoner == true
$player.sfcarthurhasrepatriated == false
$player.sfcArthurMacarioReptriateOffer == false
$player.sfcCancelledArthurMacarioRepatrion == false",,,90:sfcMacarioRepatriateArthur:Предложить репатриировать Белигара Артура в Топливная компания Синдрии,
#sfcMacarioMainOptionRepatriateResponse,DialogOptionSelected,$option == sfcMacarioRepatriateArthur,"$player.sfcCanRepatriateArthur = true
$player.sfcArthurMacarioReptriateOffer = true
FireAll PopulatesfcMacarioMainOptions","Вы предлагаете репатриировать брата Белигара Артура в Sindrian Fuel Company. Услышав это, Макарио складывает руки.

""Ах, брат Артур, опасный головорез, этот самый,"" - замечает Макарио. ""Я буду более чем рад забрать его с ваших рук.""",,
sfcMacarioMainOptionEscape,PopulatesfcMacarioMainOptions,,,,100:sfcMacarioEscape:Пересмотреть варианты,
sfcMacarioMainOptionEscapeResponseDisdain,DialogOptionSelected,"$option == sfcMacarioEscape
sfcreltrack -100 25",FireAll PopulateOptions,"""О, не буду вас больше задерживать, капитан,"" - говорит Макарио с ноткой раздражения в голосе.",,
sfcMacarioMainOptionEscapeResponseNormal,DialogOptionSelected,"$option == sfcMacarioEscape
sfcreltrack 25 100",FireAll PopulateOptions,"""Да, есть ли еще что-то, чем вы хотите меня отвлечь?"" - замечает Макарио, глядя на вас с пренебрежением.",,
#END Macrio Main Tree,,,,,,
,,,,,,
# Macario PK,,,,,,
sfcGivePKtoMacarioOption,PopulateOptions,"$isPerson
$id == macario
!$player.turnedInPlanetkiller
!$player.informedMacarioPlanetkiller
PlayerHasCargo planetkiller",SetOptionColor sfc_pkturnInMacario1 highlight,,sfc_pkturnInMacario1:Упомянуть Макарио о планетоубийце - который сейчас у вас,
sfcGivePKtoMacario1,DialogOptionSelected,$option == sfc_pkturnInMacario1,"sfcplaymusic ""music_diktat_market_hostile""
$player.informedMacarioPlanetkiller = true","Макарио смотрит на вас странно, услышав, что вы хотите сказать.

""Вот как, капитан?"" - говорит Макарио, складывая руки. ""Вы ведь не просто тянете меня за ногу, верно?""","sfc_pkturninMacario2:Передать Макарио спецификации планетоубийцы
sfc_pkturninMacarioAbort:Пересмотреть варианты",
sfcGivePKtoMacario2,DialogOptionSelected,$option == sfc_pkturninMacario2,,"Вы отправляете Макарио спецификации планетоубийцы. Экзекьютив-менеджер просматривает их на своей стороне, сначала почти небрежно. Вы замечаете перемену лишь в момент, когда его глаза едва заметно расширяются, после чего он снова смотрит на вас.

""Что ж, должен признать, я действительно на мгновение лишился слов,"" - замечает Макарио, издав странный приглушенный звук. ""Раз вы сообщаете мне это не просто так, где ваш интерес, капитан? Ищете планетоубийце новый дом?""","sfc_pkturninMacario3:Предложить Макарио планетоубийцу
sfc_pkturninMacarioAbort:Пересмотреть варианты",
sfcGivePKtoMacario3,DialogOptionSelected,$option == sfc_pkturninMacario3,"FireAll sfcMacarioPlanetKillerHub
SetTextHighlights ""200000""
","Услышав, что вы готовы передать устройство ему, Макарио на мгновение задумывается. Потом еще на несколько мгновений.

""Какое заманчивое предложение вы передо мной подвесили, капитан,"" - говорит Макарио. ""По-настоящему заманчивое. Действительно заманчивое.""

""200000 кредитов,"" - произносит Экзекьютив-менеджер. ""Передайте устройство мне, и я заплачу эту сумму.""",,
sfcGivePKtoMacario4a,sfcMacarioPlanetKillerHub,,,,sfc_pkturninMacario4a:Принять предложение,
sfcGivePKtoMacario4b,sfcMacarioPlanetKillerHub,$sfcOfferedPlantKillerFree == false,,,sfc_pkturninMacario4b:Отдать планетоубийцу бесплатно,
sfcGivePKtoMacario4sp,sfcMacarioPlanetKillerHub,$sfcAskedDoublePrice == false,"SetStoryOption sfc_pkturninmacario4sp general ""Запросили двойную цену за планетоубийцу.""",,sfc_pkturninmacario4sp:Попросить двойную цену,
sfcGivePKtoMacario4abort,sfcMacarioPlanetKillerHub,,,,sfc_pkturninMacario4Abort:Пересмотреть варианты,
sfcGivePKtoMacario4aa,DialogOptionSelected,"$sfcAskedDoublePrice == false
$option == sfc_pkturninMacario4a","AddCommodity credits 200000
AdjustRepActivePerson 2
AddRemoveAnyItem SPECIAL planetkiller -1
$player.turnedInPlanetkiller = true
$player.ethosMercenary++
$boughtAPlanetkillerFromPlayer","Улыбка Макарио странно перекошивается в почти-улыбку, когда вы подтверждаете сделку. После организации передачи вы доставляете устройство на назначенный немаркированный шаттл людям Макарио. Как только груз принят, вы получаете оговоренную сумму.

После этого Экзекьютив-менеджер обрывает связь со своей стороны, оставляя вас перед логотипом Совета по человеческим ресурсам.",cutCommLink:Разорвать связь,
sfcGivePKtoMacario4aaa,DialogOptionSelected,"$sfcAskedDoublePrice == true
$option == sfc_pkturninMacario4a","AddCommodity credits 400000
AdjustRepActivePerson 1
AddRemoveAnyItem SPECIAL planetkiller -1
$player.turnedInPlanetkiller = true
$player.ethosMercenary++
$boughtAPlanetkillerFromPlayer","Улыбка Макарио странно перекошивается в почти-улыбку, когда вы подтверждаете сделку. После организации передачи вы доставляете устройство на назначенный немаркированный шаттл людям Макарио. Как только груз принят, вы получаете оговоренную сумму.

После этого Экзекьютив-менеджер обрывает связь со своей стороны, оставляя вас перед логотипом Совета по человеческим ресурсам.",cutCommLink:Разорвать связь,
sfcGivePKtoMacario4bb,DialogOptionSelected,"$option == sfc_pkturninMacario4b
$sfcOfferedPlantKillerFree == false","$sfcOfferedPlantKillerFree = true
FireAll sfcMacarioPlanetKillerHub","Макарио на секунду обдумывает ваше предложение, затем качает головой.

""Нет, такие вещи не отдают из благотворительности, капитан. Я заплачу за устройство, и на этом все закончится - не больше и не меньше.""",,
sfcGivePKtoMacario4sppicked,DialogOptionSelected,$option == sfc_pkturninmacario4sp,"$sfcAskedDoublePrice = true
SetTextHighlights ""400000""
FireAll sfcMacarioPlanetKillerHub","""Хорошо, тогда 400000 кредитов.""",,
sfcGivePKtoMacario4aborted,DialogOptionSelected,$option == sfc_pkturninMacario4Abort,"$sfcBotheredMacario = true 3
AdjustRepActivePerson -3","Макарио сверлит вас взглядом, когда вы решаете не продавать ему планетоубийцу. Прежде чем вы успеваете ответить, он обрывает связь со своей стороны, оставляя вас перед логотипом Совета по человеческим ресурсам.",cutCommLink:Разорвать связь,
sfcGivePKtoMacarioaborted,DialogOptionSelected,$option == sfc_pkturninMacarioAbort,"$sfcBotheredMacario = true 0
AdjustRepActivePerson -1","Макарио смотрит на вас в упор. Прежде чем вы успеваете ответить, он обрывает связь со своей стороны, оставляя вас перед логотипом Совета по человеческим ресурсам.",cutCommLink:Разорвать связь,
#END Macario PK,,,,,,
,,,,,,
# Macario Runi Contact,,,,,,
sfcMacarioMainOptionRuniContactResponse1,DialogOptionSelected,$option == sfcMacarioContactRuni,"sfcplaymusic ""music_diktat_market_hostile""","Макарио какое-то время смотрит на вас, выслушивая вашу просьбу. Затем по его лицу пробегает странное выражение - почти улыбка, но с чем-то неправильным.

""... Я вас верно расслышал, капитан?"" - произносит Макарио, складывая руки. ""Потому что на секунду мне показалось, будто вы хотите узнать о некой Юнифер Руни. Будьте так любезны, скажите, откуда вам известно это имя?""","10:sfcMacarioRuni1a:Сказать - что вы встретили Юнифер во время экскурсии по Labs исследований и разработки
20:sfcMacarioRuni1b:Сказать - что Квин вас с ней познакомила
30:sfcMacarioRuni1c:Сказать - что вы встретили ее в баре (ложь)",
sfcMacarioMainOptionRuniContactResponse1a,DialogOptionSelected,$option == sfcMacarioRuni1a,$option = sfcMacarioRuni2 0,"""Любопытно..."" - задумчиво произносит Макарио, на мгновение уходя в мысли.

""... Тогда, $playerName, вы, возможно, сможете мне помочь. Видите ли, эта женщина, Юнифер Руни... в ней есть нечто особенное. Не знаю, в курсе ли вы, но мисс Руни еще несколько циклов назад была своего рода... знаменитостью в Компании.""

Экзекьютив слегка откидывается. ""А теперь она как призрак - появляется лишь когда мисс Квин сочтет нужным. И раз уж вам удалось с ней встретиться... Да-да, это может сработать.""",10:sfcMacarioRuni2:Продолжить,
sfcMacarioMainOptionRuniContactResponse1b,DialogOptionSelected,$option == sfcMacarioRuni1b,$option = sfcMacarioRuni2 0,"""Квин вас с ней познакомила?"" - повторяет Макарио. Вы чувствуете, что эта информация на миг застала его врасплох, но он быстро берет себя в руки.

""Что ж, капитан, похоже, я и правда могу вам помочь. Да-да... и вы тоже можете помочь мне.""
",10:sfcMacarioRuni2:Продолжить,
sfcMacarioMainOptionRuniContactResponse1c,DialogOptionSelected,$option == sfcMacarioRuni1c,$player.ethosLiar++,"""Вы довольно плохой лжец, капитан,"" - вздыхает Макарио. ""Но это, впрочем, несущественно.""

Макарио чуть откидывается. ""Считайте, что вам очень повезло, если вы действительно знакомы с мисс Руни. После того дня встретить ее крайне трудно. Либо она ходит за мисс Квин как потерявшийся щенок, либо заперта где-то в Research Labs и занимается неизвестно чем. Но вы, да... здесь есть возможность, которая будет выгодна нам обоим, капитан!""",10:sfcMacarioRuni2:Продолжить,
sfcMacarioMainOptionRuniContactResponse2,DialogOptionSelected,$option == sfcMacarioRuni2,"SetStoryOption sfcMacarioRuni3sp general ""Потребовали оплату за сбор информации о Юнифер.""
sfcoptionconfirm sfcMacarioRuni3a ""Вы хотите согласиться?"" ""Да."" ""Нет.""
sfcoptionconfirm sfcMacarioRuni3b ""Вы хотите отказаться?"" ""Да."" ""Нет.""","Картинка на комм-канале слегка дергается, пока Макарио переводит взгляд на то, что вы принимаете за скрытый TriPad за кадром.

""Капитан, у меня к вам предложение,"" - начинает Макарио. ""Я дам вам контакт Юнифер, а взамен хочу, чтобы вы сообщали мне все интересное. Расспрашивайте ее о разном, о Квин, о различных исследованиях и тому подобном. Просьба маленькая, почти ничтожная, не так ли?""","10:sfcMacarioRuni3a:Согласиться на просьбу
15:sfcMacarioRuni3sp:Согласиться - но потребовать оплату
20:sfcMacarioRuni3b:Отказаться",
sfcMacarioMainOptionRuniContactResponse3a,DialogOptionSelected,$option == sfcMacarioRuni3a,"FireAll PopulateOptions
SetPersonHidden sfcruni false
$player.sfcrunicontact = macario
$player.sfcMacarioRuniSpy = true
AddTextSmall ""Исполнительный менеджер Долос Макарио передал вам контактные данные Юнифер Руни."" highlight","""Прекрасно, капитан! Я знал, что вы согласитесь! Буду ждать первый отчет, как только у вас появится что-то интересное.""",,
sfcMacarioMainOptionRuniContactResponse3sp,DialogOptionSelected,$option == sfcMacarioRuni3sp,"$player.ethosMercenary++
AddCommodity credits 20000
FireAll PopulateOptions
SetPersonHidden sfcruni false
$player.sfcrunicontact = macario
$player.sfcMacarioRuniSpy = true
AddTextSmall ""Исполнительный менеджер Долос Макарио передал вам контактные данные Юнифер Руни."" highlight","Макарио раздражает ваше требование, но он быстро уступает.

""Хорошо, хорошо, тогда жду отчет в ближайшее время,"" - замечает Макарио с легкой хмуростью. ""Так что лучше меня не разочаровывайте.""",,
sfcMacarioMainOptionRuniContactResponse3b,DialogOptionSelected,$option == sfcMacarioRuni3b,$player.sfcMacarioRuniSpy = refused,"Макарио сверлит вас взглядом.

""... Что ж, тогда хорошего дня, капитан,"" - говорит Макарио.

Не дожидаясь ответа, Макарио обрывает канал, оставляя вас смотреть на медленно вращающийся логотип Совета по человеческим ресурсам.",10:cutCommLink:Разорвать связь,
#END Macario Runi Contact,,,,,,
,,,,,,
# Macario TNP options,,,,,,
,,,,,,
# Macario Beligar Arthur Option,,,,,,
sfcMacarioMainOptionRepatriateResponse,DialogOptionSelected,$option == sfcMacarioRepatriateArthur,"sfcplaymusic ""music_diktat_market_hostile""
SetTextHighlights ""20000""
SetStoryOption sfc_tnpArthurMacarioRepatriateSP general ""Запросили двойную оплату за репатриацию пленника.""","Одна из бровей Макарио поднимается, когда вы сообщаете Экзекьютив-менеджеру о весьма опасном заключенном, которого сейчас держите в бриге. Макарио издает странный полусмешок, складывая руки.

""Вот как, капитан?"" - начинает Макарио, пристально глядя на вас. ""Белигар Артур и правда крайне опасный террорист, и Sindrian Fuel Company, несомненно, ... оценила бы, если бы вы передали его нам. Я даже с радостью заплачу вам... ммм, скажем, 20000 кредитов за хлопоты.""","10:sfc_tnpArthurMacarioRepatriateAccept:Согласиться передать Белигара Артура
20:sfc_tnpArthurMacarioRepatriateSP:Попросить двойную сумму
30:sfc_tnpArthurMacarioRepatriateReconsider:Пересмотреть варианты
",
sfcMacarioMainOptionRepatriateAccept,DialogOptionSelected,$option == sfc_tnpArthurMacarioRepatriateAccept,,"""Умный выбор, капитан,"" - говорит Макарио с той же странной улыбкой. ""Что ж, я отправлю нескольких своих агентов принять заключенного. Не заставляйте их ждать.""

С этими словами Макарио обрывает связь.",10:sfc_tnpArthurMacarioRepatriate1:Продолжить,
sfcMacarioMainOptionRepatriateDoubleSP,DialogOptionSelected,$option == sfc_tnpArthurMacarioRepatriateSP,"SetTextHighlights ""40000""
$askedMacarioDouble = true","Макарио сверлит вас взглядом, когда вы просите больше кредитов. Он коротко вздыхает.

""40000 кредитов,"" - говорит он с заметным напряжением в голосе. ""Ни больше, ни меньше.""","10:sfc_tnpArthurMacarioRepatriateAccept:Согласиться передать Белигара Артура
30:sfc_tnpArthurMacarioRepatriateReconsider:Пересмотреть варианты
",
sfcMacarioMainOptionRepatriateReconsider,DialogOptionSelected,$option == sfc_tnpArthurMacarioRepatriateReconsider,"$player.sfcCancelledArthurMacarioRepatrion = true
AdjustRepActivePerson -3","Макарио хмурится, когда вы решаете не репатриировать Белигара Артура. Прежде чем вы успеваете ответить, он обрывает связь со своей стороны, оставляя вас смотреть на логотип Совета по человеческим ресурсам.",cutCommLink:Разорвать связь,
sfcMacarioMainOptionRepatriate1,DialogOptionSelected,$option == sfc_tnpArthurMacarioRepatriate1,"EndConversation DO_NOT_FIRE
HideVisual","Вы направляетесь в бриг своего корабля, а охрана идет следом вплотную. Подойдя к камере брата Артура, один из охранников открывает дверь. Подождав пару секунд, вы входите внутрь.",10:sfc_tnpArthurMacarioRepatriate2:Продолжить,
sfcMacarioMainOptionRepatriate2,DialogOptionSelected,$option == sfc_tnpArthurMacarioRepatriate2,BeginConversation sfcarthur,"Брат Белигар Артур стоит к вам спиной. Вы видите, что он на коленях, погружен в молитву. Похоже, вашего присутствия он не замечает.","10:sfc_tnpArthurMacarioRepatriate3a:Прочистить горло - чтобы привлечь внимание Путника
20:sfc_tnpArthurMacarioRepatriate3b:Сообщить Путнику - что его репатриируют в Топливную компанию Синдрии
30:sfc_tnpArthurMacarioRepatriate3c:Приказать охране вытащить Путника из камеры",
sfcMacarioMainOptionRepatriate3a,DialogOptionSelected,$option == sfc_tnpArthurMacarioRepatriate3a,,"Вы прочищаете горло, надеясь привлечь внимание брата Артура. Он выходит из почти трансового состояния и поворачивается к вам.

""Итак, вы решили от меня избавиться?""","10:sfc_tnpArthurMacarioRepatriatepolitea:Сообщить брату Артуру - что его репатриируют в Топливную компанию Синдрии
20:sfc_tnpArthurMacarioRepatriatepoliteb:Сообщить брату Артуру - что его передают Долосу Макарио",
sfcMacarioMainOptionRepatriate3b,DialogOptionSelected,$option == sfc_tnpArthurMacarioRepatriate3b,"FireBest TNP_ReleaseActivePerson
$player.sfcarthurtnpprisoner = false","""Значит, вы продали душу жадности Маммоны,"" - произносит брат Артур, не оборачиваясь к вам. ""Мне вас жаль, капитан. Да смилуется над вами Лудд.""

Ваши охранники хватают Путника и выводят его из камеры к ожидающему шаттлу.",10:sfc_tnpArthurMacarioRepatriateOutro:Продолжить,
sfcMacarioMainOptionRepatriate3c,DialogOptionSelected,$option == sfc_tnpArthurMacarioRepatriate3c,"FireBest TNP_ReleaseActivePerson
$player.sfcarthurtnpprisoner = false","Не пытаясь привлечь внимание Путника, вы приказываете охране вытащить брата Артура из камеры. Они выполняют приказ и силой уводят пленника. Брат Артур в ярости кричит, проклиная ваше имя, пока его тащат к ожидающему шаттлу.",10:sfc_tnpArthurMacarioRepatriateOutro:Продолжить,
sfcMacarioMainOptionRepatriatepolitea,DialogOptionSelected,$option == sfc_tnpArthurMacarioRepatriatepolitea,"FireBest TNP_ReleaseActivePerson
$player.sfcarthurtnpprisoner = false","""Продать душу тем неестественным дьяволам... Я боюсь за вашу вечную душу, капитан,"" - говорит брат Артур. ""Я встречу свой конец в мире, но найдете ли вы когда-нибудь такой же мир?""

Не добавив больше ни слова, брат Артур следует за охраной к ожидающему шаттлу.",10:sfc_tnpArthurMacarioRepatriateOutro:Продолжить,
sfcMacarioMainOptionRepatriatepoliteb,DialogOptionSelected,$option == sfc_tnpArthurMacarioRepatriatepoliteb,"FireBest TNP_ReleaseActivePerson
$player.sfcarthurtnpprisoner = false","""Паук Синдрии... он поймал вас в свою паутину, капитан,"" - говорит брат Артур, глядя на вас в упор. ""Сейчас он вас наградит, но когда вы перестанете быть полезны, выбросит так же, как многих до вас.""

Не добавив больше ни слова, брат Артур следует за охраной к ожидающему шаттлу.",10:sfc_tnpArthurMacarioRepatriateOutro:Продолжить,
sfcMacarioMainOptionRepatriateoutro,DialogOptionSelected,$option == sfc_tnpArthurMacarioRepatriateOutro,"EndConversation DO_NOT_FIRE
BeginConversation macario
$player.sfcarthurhasrepatriated = true
$player.sfcMacarioFavor++","После передачи брата Артура ваш офицер связи докладывает о входящем запросе на связь.

Подняв канал, вы видите Долоса Макарио; на его лице все та же странная улыбка.

""Очень хорошо, капитан, очень хорошо!"" - говорит он. ""Я прослежу, чтобы с этим Путником... обошлись как он заслуживает.""",10:sfc_tnpArthurMacarioRepatriateOutro1:Спросить об оплате,
sfcMacarioMainOptionRepatriateoutro1sp,DialogOptionSelected,"$askedMacarioDouble == true
$option == sfc_tnpArthurMacarioRepatriateOutro1","AddCommodity credits 40000
unset $askedMacarioDouble","""Ах да... оплата,"" - замечает Макарио, и улыбка сходит с его лица. Он постукивает по TriPad. ""Вот, оговоренная сумма. А теперь прошу меня извинить, капитан. У меня... заключенный на обработке.""

Канал связи завершается.",cutCommLink:Разорвать связь,
sfcMacarioMainOptionRepatriateoutro1,DialogOptionSelected,$option == sfc_tnpArthurMacarioRepatriateOutro1,AddCommodity credits 20000,"""Ах да... оплата,"" - замечает Макарио, и улыбка сходит с его лица. Он постукивает по TriPad. ""Вот, оговоренная сумма. А теперь прошу меня извинить, капитан. У меня... заключенный на обработке.""

Канал связи завершается.",cutCommLink:Разорвать связь,
#END Macario Beligar Arthur Option,,,,,,
#END Macario TNP options,,,,,,
,,,,,,
# Macario Misc,,,,,,
sfcMacarioIapetusResponse1a,DialogOptionSelected,"$option == sfcMacarioIapetusTree1a
$player.fcm_faction != sindrian_diktat",,"""Подарок от Совета исследований и разработки?"" - повторяет Макарио, хмуря брови. ""Столь мощный боевой корабль отдать тому, кто даже не состоит в Компании... не сходится, вам не кажется?""

Макарио на мгновение задумывается. ""Что ж, капитан, мне придется этим заняться.""

Прежде чем вы успеваете ответить, связь обрывается, и вы остаетесь перед медленно вращающимся логотипом Совета по человеческим ресурсам.",01:cutCommLink:Разорвать связь,
sfcMacarioIapetusResponse1aSD,DialogOptionSelected,"$option == sfcMacarioIapetusTree1a
$player.fcm_faction == sindrian_diktat",FireAll PopulateOptions,"""Хмм... вот как?"" - задумчиво произносит Макарио, продолжая смотреть на вас. ""Корабль ведь мощный, согласны? Настолько мощный, что Верховный Экзекьютив счел его... слишком мощным для столь безрассудного применения. Но если Совет исследований и разработки решил, что вы для него подходящий капитан, кто я такой, чтобы судить?""

Он пожимает плечами. ""Уверен, его прежний капитан не обидится.""",01:cutCommLink:Разорвать связь,
sfcMacarioIapetusResponse1b,DialogOptionSelected,$option == sfcMacarioIapetusTree1b,"$player.sfcToldMacarioWhoGiftedIapetus = true
$sfcMacarioKweenEvidence++","После вашего ответа Макарио молчит. На миг вам кажется, что на вашей стороне сломался канал.

А затем вы видите, как на лице Макарио появляется улыбка. Странная, неестественная улыбка, медленно расползающаяся все шире.

""Так... главная исследовательница Квин решила его просто отдать, да?"" - произносит он, поднося руки к подбородку. ""Смелый шаг. Отдать столь важный корабль, будто это пустяк. Похоже, капитан, вы не до конца понимаете масштаб этой ситуации.""",01:sfcMacarioIapetusTree2:Продолжить,
sfcMacarioIapetusResponse1c,DialogOptionSelected,"$option == sfcMacarioIapetusTree1c
!PlayerFleetHasShipWithBaseHull sfcsuperiapetus",,"Макарио смотрит на вас в упор, хмурясь.

""... Что ж, надеюсь, вы не возражаете, если я начну проверку по этому вопросу, капитан. Вы ведь понимаете, да?""

Прежде чем вы успеваете ответить, связь обрывается, и вы остаетесь перед медленно вращающимся логотипом Совета по человеческим ресурсам.",01:cutCommLink:Разорвать связь,
sfcMacarioIapetusResponse1cSD,DialogOptionSelected,"$option == sfcMacarioIapetusTree1c
PlayerFleetHasShipWithBaseHull sfcsuperiapetus",AdjustRepActivePerson SUSPICIOUS -5,"Макарио смотрит на вас в упор, хмуря брови.

""Да... что ж, выглядит довольно странно, что после выхода этого корабля с Синдрии он теперь в составе вашего флота, капитан."" Макарио откидывается назад с хмурым лицом. ""Я открою расследование по этому делу и очень надеюсь, ради нас обоих, что когда я вызову вас, вы будете... готовы ответить на несколько вопросов.""

Прежде чем вы успеваете ответить, связь обрывается, и вы остаетесь перед медленно вращающимся логотипом Совета по человеческим ресурсам.",01:cutCommLink:Разорвать связь,
sfcMacarioIapetusResponse2,DialogOptionSelected,"$option == sfcMacarioIapetusTree2
$sfcMacarioKweenEvidence > 0","AdjustRepActivePerson FRIENDLY 1
AddCredits 50000
FireAll PopulateOptions","""Главная исследовательница Квин может пользоваться немалой привилегией из-за своей системной значимости для Sindrian Fuel Company, но даже ей следует помнить свое место,"" - отвечает Макарио, все так же жутко улыбаясь. ""Если она продолжит в том же духе, скажем так, Компании, возможно, скоро понадобится новая главная исследовательница.""

Экзекьютив-менеджер делает паузу, нажимая несколько кнопок на невидимом TriPad.

""Вот, оплата за ваш вклад, капитан. И надеюсь, если обнаружите еще какие-нибудь... грубые нарушения политики Компании со стороны мисс Квин, пожалуйста, не стесняйтесь сообщить мне.""",,
#END Macario Misc,,,,,,
#END Macario Options,,,,,,
,,,,,,
# Macario Exits,,,,,,
sfcMacarioConvoEnd,DialogOptionSelected,"$option == cutCommLink
$id == macario score:2000","sfcplaymusic
$sfcBotheredMacario = true 0
ShowDefaultVisual
EndConversation",Вы обрываете канал связи.,,
#END Macario Exits,,,,,,
#END MACARIO,,,,,,
,,,,,,
# HYDER,,,,,,
,,,,,,
# Hyder Greetings,,,,,,
defaultHyderGreeting,OpenCommLink,"$id == hyder score:1000
!$global.sdtu_completed",BeginConversation hyder true true,"Появляется вице-экзекьютив-менеджер Хайдер, лицо непроницаемо. ""Контакт подтвержден, курс сохранять,"" - говорит она другому офицеру мостика, прежде чем повернуться к коммам.

""Независимый флот, слушайте: держитесь вне нашего оперативного объема, и по вам не откроют огонь.""

""Хайдер, конец связи.""

Канал обрывается прежде, чем вы успеваете что-либо сказать.",cutCommLink:Разорвать связь,
postSDTUHyderGreeting,OpenCommLink,"$id == hyder score:1000
$global.sdtu_missionCompleted == true",BeginConversation hyder true true,"Появляется вице-экзекьютив-менеджер Хайдер, лицо непроницаемо. ""Независимый флот,"" - говорит она, не упоминая ваш прошлый контакт. ""Держитесь вне нашего оперативного объема, и по вам не откроют огонь.""

""Хайдер, конец связи.""

Канал обрывается прежде, чем вы успеваете что-либо сказать.",cutCommLink:Разорвать связь,
postSDTUHyderGreetingTrust,OpenCommLink,"$id == hyder score:1000
$global.sdtu_missionCompleted == true
$global.gotHyderTrust",BeginConversation hyder true true,"Появляется вице-экзекьютив-менеджер Хайдер. ""Капитан,"" - говорит она бесстрастно, но с уважением. ""Пожалуйста, держитесь вне нашего оперативного объема.""

Короткая пауза, затем: ""Нам сейчас больше нечего обсуждать. Хайдер, конец связи.""

Канал обрывается прежде, чем вы успеваете что-либо сказать.",cutCommLink:Разорвать связь,
#END Hyder Greetings,,,,,,
#END HYDER,,,,,,
,,,,,,
# CADEN,,,,,,
,,,,,,
# Caden Greetings,,,,,,
defaultCadenGreetingPreSDTU,OpenCommLink,"$id == caden score:1000
!$global.sdtu_completed",,"Появляется Великий Верховный Заместитель Экзекьютива Каден; он едва смотрит на коммы.

""Независимый флот: держите дистанцию, и по вам не откроют огонь. Слышать и повиноваться,"" - объявляет Каден.

""Окончательная победа Льву Синдрии!"" - с искренним энтузиазмом орет Каден и обрывает связь.",cutCommLink:Разорвать связь,
defaultCadenGreetPreSDTUWeakPlayer,OpenCommLink,"$id == caden score:1000
!$global.sdtu_completed
$player.fleetPoints < 75",,"Великий Верховный Заместитель Экзекьютива Каден даже не открывает канал; вместо него появляется офицер Sindrian Fuel Company с пустым лицом.

""Мелкий независимый флот: держите дистанцию, и по вам не откроют огонь. Слава Sindrian Fuel Company!""

И на этом связь обрывается.",cutCommLinkNoText:Продолжить,
defaultCadenGreetHostile,OpenCommLink,"$id == caden score:1000
$faction.isHostile",,"Появляется Великий Верховный Заместитель Экзекьютива Каден, лицо багровое, взгляд пустой и ненавидящий.

""Вас сотрут мощью Львиной Гвардии!"" - орет он. ""Слава Верховному Экзекьютиву, вечная победа Филиппу Андраде!""

Связь обрывается, не дожидаясь вашего ответа.",cutCommLinkNoText:Продолжить,
defaultCadenGreetPostSDTU,OpenCommLink,"$id == caden score:1000
$global.sdtu_missionCompleted == true",,"Появляется изображение Великого Верховного Заместителя Экзекьютива Кадена. Он даже не смотрит на канал связи.

""Независимый флот: держите дистанцию, и по вам не откроют огонь. Слышать и повиноваться,"" - объявляет Каден, набирая воздух.

""Окончательная победа Льву Синдрии!"" - орет он, и связь обрывается без ожидания ответа.",cutCommLink:Разорвать связь,
defaultCadenGreetPostSDTUWeakPlayer,OpenCommLink,"$id == caden score:1000
$global.sdtu_missionCompleted == true
$player.fleetPoints < 75",,"Великий Верховный Заместитель Экзекьютива Каден даже не открывает канал; вместо него появляется офицер Sindrian Fuel Company с пустым лицом.

""Мелкий независимый флот: держите дистанцию, и по вам не откроют огонь. Слава Sindrian Fuel Company!""

Не дожидаясь ответа, соединение обрывается.",cutCommLinkNoText:Продолжить,
defaultCadenGreetPostSDTUcommission,OpenCommLink,"$id == caden score:1000
$global.sdtu_missionCompleted == true
$player.fcm_faction
!$global.sdtu_enragedCaden",,"Перед вами появляется Великий Верховный Заместитель Экзекьютива Каден. ""Слава Sindrian Fuel Company, капитан!"" - гремит он с энтузиазмом. ""Сердце ликует, когда видишь еще одного гордого последователя видения Льва Синдрии, несущего Великую Мечту.""

Он моргает, будто осознав, что ему больше нечего вам сказать. ""Трудись усердно и работай честно - как учил нас Великодушный, Превосходный, Славный и Благой Верховный Главный Оверлорд Президент Экзекьютив Андрада. Слава Sindrian Fuel Company!""

Не дожидаясь ответа, соединение обрывается.",cutCommLinkNoText:Продолжить,
defaultCadenGreetPostSDTUbacker,OpenCommLink,"$id == caden score:1000
$global.sdtu_missionCompleted == true
$global.sdtu_toldCadenPlayerBacksHim score:2
!$global.sdtu_enragedCaden",,"Перед вами появляется Великий Верховный Заместитель Экзекьютива Каден. ""Слава Sindrian Fuel Company, капитан!"" - гремит он с энтузиазмом. ""Сердце ликует, когда видишь еще одного гордого последователя видения Льва Синдрии, несущего Великую Мечту, и,"" - он наклоняется ближе, - ""того, кто встанет рядом со мной, когда придет время, когда для обеспечения будущего Персеанского Сектора потребуются сила и верность.""

Он откидывается назад, довольный. ""Трудись усердно и работай честно - как учил нас Великодушный, Превосходный, Славный и Благой Верховный Главный Оверлорд Президент Экзекьютив Андрада. Слава Sindrian Fuel Company!""

Не дожидаясь ответа, соединение обрывается.",cutCommLinkNoText:Продолжить,
#END Caden Greetings,,,,,,
#END CADEN,,,,,,
#END Vanilla NPCs,,,,,,
,,,,,,
# Handing in the PK - Sindrian Fuel Company edit,,,,,,
PKGiveToDiktat,PopulateOptions,"$isPerson
$id != macario
$id != hyder
$id != caden
!$demandedExecutor
!$global.preparingExecutor
!$player.turnedInPlanetkiller
PlayerHasCargo planetkiller
PK_CMD rightPostToAcceptPK
$personFaction.id == sindrian_diktat",,,pk_giveToDiktat:У меня есть кое-что - что крайне заинтересует Льва Синдрии.,"# I mean, giving the PK to one of the big 3 might be neat, but definitely requires re-writing the interaction in a unique voice, per. I'll leave a TODO for myself... -dgb"
PKGiveToDiktat2nm,DialogOptionSelected,$option == pk_giveToDiktat1nm,FireAll PopulateOptions,"$Rank Компании бросает на вас странный взгляд.

«Космари», - бормочет $heOrShe себе под нос.",,
PKGiveToDiktat3,DialogOptionSelected,$option == pk_giveToDiktat1,"Highlight ""10,000""","Похоже, это привлекает внимание $hisOrHer. «Понимаю», - говорит $heOrShe, прищурившись. «Вы передадите предполагаемое устройство-убийцу планет под мою опеку для... подтверждения ваших заявлений. Разумеется, владеть таким оружием незаконно без прямого разрешения Верховного Исполнительного Директора.»","pk_diktatComply:Передать планетоубийцу
pk_diktatComplyHappy:С радостью и немедленно - во славу Верховного Исполнителя!
pk_diktatCredits:Планетоубийца стоит как минимум 500 000 кредитов для вашего славного Управляющего Заправкой.
pk_diktatExecutor:Планетоубийца стоит как минимум чистого линкора класса Executor - не находите?
cutCommLink:Разорвать связь",
pk_diktatComplySel,DialogOptionSelected,$option == pk_diktatComply,"AddCommodity credits 10000
AdjustRep sindrian_diktat 5
AdjustRepActivePerson 5
AddRemoveAnyItem SPECIAL planetkiller -1
$player.turnedInPlanetkiller = true
AddPotentialContact
$global.gavePKtoDiktat = true","Вы выполняете требование $rank, позволяя технической группе подняться на ваш $shipOrFleet для осмотра и снятия убийцы планет.

$rank Компании сияет. «Верховный Исполнитель щедр к тем, кто служит его Великой Мечте, и я- вы, несомненно, будете признаны за такую службу.»",cutCommLink:Разорвать связь,
pk_diktatComplyHappySel,DialogOptionSelected,$option == pk_diktatComplyHappy,"AddCommodity credits 20000
AdjustRep sindrian_diktat 10
AdjustRepActivePerson 10
AddRemoveAnyItem SPECIAL planetkiller -1
$player.turnedInPlanetkiller = true
AddPotentialContact
$global.gavePKtoDiktat = true
$player.ethosOrder++","Вы с энтузиазмом выполняете требование $rank, радушно встречая техническую группу на борту вашего $shipOrFleet для осмотра и снятия убийцы планет.

$rank Диктата подхватывает ваш тон и начинает восторженно восхвалять Верховного Исполнительного Директора. «Лев, несомненно, оценит такую преданность!»",cutCommLink:Разорвать связь,
pk_diktatCreditsSel,DialogOptionSelected,$option == pk_diktatCredits,,"«Возмутительно!» - кричит $heOrShe. «Я должен привлечь вас к суду за подрывную деятельность уже за одно такое предложение! Вы... вы лично предаете видение Верховного Исполнителя!»

$Rank Компании делает вдох, затем собирает всю угрозу, на какую способен $heOrShe.","pk_diktatComply:Передать планетоубийцу
pk_diktatCredits2:Забавно. Не припомню что клялся в верности Андраде. Цена всё та же - 500 000 кредитов.
cutCommLink:Разорвать связь",
pk_diktatCreditsSel2,DialogOptionSelected,$option == pk_diktatCredits2,"AddCommodity credits 500000
AdjustRep sindrian_diktat -10
AdjustRepActivePerson -25
AddRemoveAnyItem SPECIAL planetkiller -1
$player.turnedInPlanetkiller = true
$global.gavePKtoDiktat = true
$global.soldPKtoDiktat = true
$player.ethosMercenary++","«Ваш эгоизм и жадность не будут забыты, $playerName. Такими темпами вы точно найдете место в списке 'Худшие клиенты Персейского сектора'!»",cutCommLink:Разорвать связь,
pk_diktatExecutorSel,DialogOptionSelected,$option == pk_diktatExecutor,,"«Возмутительно!» - кричит $heOrShe. «Я должен привлечь вас к суду за подрывную деятельность уже за одно такое предложение! Вы... вы лично предаете видение Верховного Исполнителя!»

$Rank Компании делает вдох, затем собирает всю угрозу, на какую способен $heOrShe.","pk_executorInsist:Моя цена остаётся прежней. Если на секунду включите голову - поймёте что это вполне разумно.
pk_executorSpecial:Моя цена остаётся прежней. Ах да - проследите чтобы от особых модификаций вашего Льва не осталось и следа.
cutCommLink:Разорвать связь",
pk_executorInsistSel,DialogOptionSelected,$option == pk_executorInsist,,"Лицо $Rank Компании становится странно красным, и $heOrShe тяжело дышит. Но что-то в ваших словах, похоже, действует.

«Я должен посоветоваться с начальством», - говорит $heOrShe сквозь зубы и резко ставит связь на удержание.

Вы тратите минуту, наблюдая рекламу Синдрийской топливной компании.",pk_executorInsist2:Продолжить,
pk_executorInsistSel2,DialogOptionSelected,$option == pk_executorInsist2,"Highlight ""one week""
AdjustRep sindrian_diktat -10
AdjustRepActivePerson -25
$demandedExecutor = true
$global.preparingExecutor = true 7
$removeSpecialModifications = false
MakeNearbyFleetsNonHostile sindrian_diktat pk 20000 8","Изображение Волтурн-и, волтурнианского омара, окруженного толпами ликующих клиентов, прерывает съежившийся $Rank Компании.

«Мое начальство одобрило вашу... просьбу», - говорит $heOrShe с видом человека, съевшего что-то тухлое. «Это займет одну неделю.»",cutCommLink:Разорвать связь,
pk_executorSpecialSel,DialogOptionSelected,$option == pk_executorSpecial,"Highlight ""one week""
AdjustRep sindrian_diktat -25
AdjustRepActivePerson -50
$demandedExecutor = true
$global.preparingExecutor = true 7
$removeSpecialModifications = true
MakeNearbyFleetsNonHostile sindrian_diktat pk 20000 8","Изображение Волтурн-и, волтурнианского омара, окруженного толпами ликующих клиентов, прерывает съежившийся $Rank Компании.

«Мое начальство одобрило ваше... ваше унизительное вымогательство», - говорит $heOrShe с лицом человека, съевшего что-то тухлое. «Это займет одну неделю.»",cutCommLink:Разорвать связь,
PKDiktatExecutorNotReady,PickGreeting,"$isPerson
!$player.turnedInPlanetkiller
PlayerHasCargo planetkiller
$demandedExecutor == true score:1000
$global.preparingExecutor
$personFaction.id == sindrian_diktat",,"«Вы», - говорит $heOrShe с по-настоящему мерзкой усмешкой, которая ясно показывает мнение $hisOrHer.

«Еще не готово.»

$Rank Синдрийской топливной компании резко обрывает связь.",cutCommLink:Разорвать связь,
PKDiktatExecutorReady,PickGreeting,"$isPerson
!$player.turnedInPlanetkiller
PlayerHasCargo planetkiller
$demandedExecutor == true score:1000
!$global.preparingExecutor
$personFaction.id == sindrian_diktat","AddRemoveAnyItem SPECIAL planetkiller -1
AdjustRep hegemony -200
$player.turnedInPlanetkiller = true
PK_CMD giveExecutor $removeSpecialModifications
$global.gavePKtoDiktat = true
$global.soldPKtoDiktatForExecutor = true
unset $global.preparingExecutor","«Готово», - говорит $heOrShe с усмешкой. «Линкор класса Executor, вещь красоты и видения, которую вам никогда не понять. А теперь убирайтесь с глаз долой.»

$HeOrShe обрывает связь, оставляя растерянного, но безусловно верного младшего офицера завершать передачу.",cutCommLink:Разорвать связь,
#END Handing in the PK - Sindrian Fuel Company edit,,,,,,
,,,,,,
# SFC Colony Crisis,,,,,,
,,,,,,
"# Sindrian Diktat raider, in your system due to fuel production",,,,,,
sdRaiderComms,OpenCommLink,$entity.diktatRaider score:1000,"$entity.ignorePlayerCommRequests = true 7
FireBest SDraiderCommsSDcomCheck","Связь мерцает, показывая $Post Синдрийского Диктата. $HeOrShe приветствует вас жуткой улыбкой.

«Приветствую, производитель паленого топлива! Эта система определена как поставщик незаконного антиматериального топлива. Как ведущий авторитет в области качественного звездолетного топлива, Синдрийская топливная компания обязана вмешаться.»","sdRaider_askCommission:Что всё это значит? У меня комиссия от Топливной компании Синдрии!
sdRaider_askHow:Каким образом я вообще произвожу контрафактное антивещество-топливо?
cutCommLink:Разорвать связь",
sdRaiderCommsSDcomCheck,SDraiderCommsSDcomCheck,$player.fcm_faction != sindrian_diktat,RemoveOption sdRaider_askCommission,,,
sdRaiderCommsAskHow,DialogOptionSelected,$option == sdRaider_askHow,RemoveOption sdRaider_askHow,"Ваш вопрос на мгновение ломает улыбающуюся маску $hisOrHer. $HeOrShe запинается, затем приходит в себя.

«Ах, поскольку Синдрийская топливная компания является ведущим авторитетом по антиматериальному топливу в Персейском секторе, именно мы решаем, какие производители обеспечивают необходимое качество.»",cutCommLink:Разорвать связь,
sdRaiderCommsAskCommission,DialogOptionSelected,$option == sdRaider_askCommission,"AdjustRepActivePerson SUSPICIOUS -1
$option = sdPunEx_sdComReplies 0
FireBest DialogOptionSelected","$HeOrShe выглядит озадаченно и наклоняется ближе. «Вот как? Вы ведь должны понимать, что все производство топлива должно сначала пройти проверку Синдрийской топливной компании, прежде чем получить печать одобрения Компании! Поскольку ваше производство не значится в утвержденных списках, оно незаконно.»",cutCommLink:Разорвать связь,
"#END Sindrian Diktat raider, in your system due to fuel production",,,,,,
,,,,,,
"# Sindrian Diktat fleet, part of attack force sent to sat-bombard player's fuel production planet",,,,,,
sdPunExComms,OpenCommLink,$entity.SDPE_fleet score:1000,$entity.ignorePlayerCommRequests = true 7,"После треска статики связь дрожащим образом стабилизируется. $post Синдрийской топливной компании смотрит на вас свысока.

«Вызываю независимый флот! Мы-» $HeOrShe прерывается, когда подчиненный офицер наклоняется в кадр и что-то шепчет.

$HeOrShe принимает понимающий вид.","sdPunEx_commsA:Мои методы?
sdPunEx_commsB:Возможно - не стоит позволять чужому мнению окрашивать нашу первую встречу.
sdPunEx_commsC:Отлично - значит мне не придётся представляться.
cutCommLink:Разорвать связь",
,,,,,,
sdPunExCommsA,DialogOptionSelected,$option == sdPunEx_commsA,"$option = sdPunEx_comms2 0
FireBest DialogOptionSelected","«Да, ваши методы», - говорит $heOrShe. «Естественное неуважение к законной и ведущей власти: подлые приемы; саботаж; обман.»

«Да, ваши методы», - повторяет $heOrShe. «Естественное прибежище выродившегося космаря: подлый обман, отравление, разрушение честного труда.»",,
sdPunExCommsB,DialogOptionSelected,$option == sdPunEx_commsB,"$option = sdPunEx_comms2 0
FireBest DialogOptionSelected","«Даже сейчас вы бросаете вызов нашей праведной власти, как все неуважительные космари. Мы в Компании просто хотим, чтобы Персейский сектор получал качественное обслуживание с улыбкой, предоставленное самим Верховным Исполнителем! А вы стоите здесь и подрываете этот порядок.»",,
sdPunExCommsC,DialogOptionSelected,$option == sdPunEx_commsC,"$option = sdPunEx_comms2 0
FireBest DialogOptionSelected
FireBest SDpunExCommsArrogantPoint","«Значит, вы знаете о своих преступлениях. Посмотрите на себя, космарь: у вас нет уважения, нет смирения, нет способности к тяжелому и честному труду. Вы живете за счет доброй воли других. Ваша идеология - яд.»",,
sdPunExCommsArrogant,SDpunExCommsArrogantPoint,!$player.didSDpunExCommsArrogant,"$player.didSDpunExCommsArrogant = true
$player.ethosCocky++",,,
sdPunExComms2,DialogOptionSelected,$option == sdPunEx_comms2,,"«Вы смеете подрывать качество топлива в Персейском секторе, рискуя межзвездными перелетами для всех! Вы ведете войну против всех скромных работников, которые полагаются на топливо, чтобы оставаться на связи с друзьями и близкими! Мы, Компания, не позволим этому продолжаться.»","sdPunEx_sayProfits:Вам не кажется - что вы все слишком остро реагируете? Это просто топливо.
sdPunEx_sayStopMe:И как вы собираетесь меня остановить?
sdPunEx_sayDeal:Давайте это обсудим - может - придём к какому-нибудь соглашению.
cutCommLink:Разорвать связь",
sdPunExSayProfits,DialogOptionSelected,$option == sdPunEx_sayProfits,,"«Просто топливо?» - с отвращением говорит $heOrShe. «Просто топливо!? Топливо - это кровь Персейского сектора! Если с ним начнут возиться, все будет потеряно! Но, конечно, такие как вы не способны видеть дальше собственной выгоды. У вас нет чести.»",cutCommLink:Разорвать связь,
sdPunExSayStopMe,DialogOptionSelected,$option == sdPunEx_sayStopMe,,"«Я разберу вашу бесчестную топливную операцию честной антиматерией! Ваше население увидит ошибку своего пути, когда тяжелый и честный труд отправит их на свалку истории как шарлатанов и мошенников! Я принесу им просвещение качественным топливом!»",cutCommLink:Разорвать связь,
sdPunExSayDeal,DialogOptionSelected,$option == sdPunEx_sayDeal,,"$Post Компании выглядит потрясенно и выплевывает слова. «Никакой... сделки не будет.»

«У вас был шанс исправить эту тяжкую ошибку суждения, но теперь слишком поздно! Ваше незаконное производство топлива официально осуждено всеми честными людьми.»",cutCommLink:Разорвать связь,
sdPunExCommsHostile,OpenCommLink,"$entity.SDPE_fleet score:1000
$entity.isHostile",$entity.ignorePlayerCommRequests = true 7,"После треска статики связь дрожащим образом стабилизируется. $Post Синдрийской топливной компании смотрит на вас свысока.

«Вызываю флот $PlayerName. Я прибыл с властью Верховного Исполнителя, чтобы положить конец вашей бесчестной топливной операции.»","sdPunEx_sayEconWar:Погодите - какое ещё «бесчестное» производство топлива?
sdPunEx_sayDeal:Давайте это обсудим - может - придём к какому-нибудь соглашению.
cutCommLink:Разорвать связь",
sdPunExSayEconWar,DialogOptionSelected,$option == sdPunEx_sayEconWar,RemoveOption sdPunEx_sayEconWar,"«Разумеется, вы притворяетесь невиновным - бесчестная мразь вроде вас не имеет понятия ни о чести, ни о тяжелом и честном труде, нужном для создания по-настоящему великого топлива, ни о мечте Андрады обеспечить народ Персейского сектора только лучшим.»",,
"# ... but officer, I have a commission",,# $player.fcm_faction == sindrian_diktat,,,,
sdPunExCommsSDcom,OpenCommLink,"$entity.SDPE_fleet score:1000
$player.fcm_faction == sindrian_diktat",$entity.ignorePlayerCommRequests = true 7,"После треска связь стабилизируется. $Post Синдрийской топливной компании смотрит на вас свысока.

«Вызываю независимый флот! Мы-» $HeOrShe прерывается, когда подчиненный наклоняется в кадр и шепчет.

$HeOrShe принимает понимающий вид. «Конечно. Капитан $PlayerName.»","sdPunEx_sdComWhatOrders:И что это за приказы?
sdPunEx_sdComApology:Моя преданность не подлежит сомнению! Требую извинений за такой намёк.
cutCommLink:Разорвать связь",
sdPunExCommsSDcomWhatOrders,DialogOptionSelected,$option == sdPunEx_sdComWhatOrders,"$option = sdPunEx_sdComReplies 0
FireBest DialogOptionSelected","«Вы думали, что сможете скрыть эту несанкционированную топливную операцию от всевидящего взора Филлипа Андрады!? Что завеса вашей комиссии защитит вас!? Позор, капитан $PlayerName, позор! Подумать только, вам позволили носить комиссию после такого.»",,
sdPunExCommsSDcomApology,DialogOptionSelected,$option == sdPunEx_sdComApology,"AdjustRepActivePerson SUSPICIOUS -1
$option = sdPunEx_sdComReplies 0
FireBest DialogOptionSelected","«Извинение? Вам следует извиняться перед Верховным Исполнителем за ваши подлые действия против народа Персейского сектора! Позор, капитан $PlayerName, позор! Подумать только, вам позволили сохранить комиссию после таких преступлений.»",,
sdPunExCommsSDcomReplies,DialogOptionSelected,$option == sdPunEx_sdComReplies,,,"sdPunEx_sdComOptCompete:Вы собираетесь бомбить мою колонию - чтобы подавить конкуренцию топливной отрасли Синдрии?
sdPunEx_sdComOptSubmit:Если Верховный Исполнитель этого требует - я подчинюсь его воле.
sdPunEx_sdComOptSubmitLie:Если Верховный Исполнитель этого требует - я подчинюсь его воле. (ложь)",
sdPunExCommsSDcomCompete,DialogOptionSelected,$option == sdPunEx_sdComOptCompete,"AdjustRepActivePerson SUSPICIOUS -5
$player.heardRumorsAboutCruor = true","Глаза $HisOrHer сужаются. «Такое неуважение! Своим поведением вы позорите и бесчестите Синдрийскую топливную компанию, капитан! Таких, как вы, следует отправлять на Cruor, а не позволять продолжать эти бесчестные дела!»

«Однако», - говорит $post.",cutCommLink:Разорвать связь,
sdPunExCommsSDcomSubmit,DialogOptionSelected,$option == sdPunEx_sdComOptSubmit,,"«Хорошо», - говорит $post. «Я приступаю к операции очищения.»

«Слава Великодушному, Славному, Превосходному и Благоприятному Верховному Главному Повелителю Президенту Исполнительному Управляющему Заправкой!» - кричит $heOrShe, отдавая честь.",cutCommLink:Разорвать связь,
sdPunExCommsSDcomSubmitLie,DialogOptionSelected,$option == sdPunEx_sdComOptSubmitLie,FireBest SDpunExCommsSDcomLiarPoint,"«Хорошо», - говорит $post. «Я приступаю к операции очищения.»

«Слава Великодушному, Славному, Превосходному и Благоприятному Верховному Главному Повелителю Президенту Исполнительному Управляющему Заправкой!» - кричит $heOrShe, отдавая честь.",cutCommLink:Разорвать связь,
sdPunExCommsSDcomLiarPoint,SDpunExCommsSDcomLiarPoint,"$option == sdPunEx_sdComLiarPoint
!$player.liedToSDpunEx","$player.liedToSDpunEx = true
$player.openToTurningOnAndrada++","Филлип Андрада, подчинивший историю своей воле, наверняка не стоит за этим продажным фарсом. В организации должна быть гниль, раз все дошло до такого. Чистка должна прийти, и скоро. Но как совместить верность истинному видению Андрады с тем, что плохие исполнители искажают его волю?",,
sdPunExCommsSDcomLiarPointB,SDpunExCommsSDcomLiarPoint,"$option == sdPunEx_sdComLiarPoint
!$player.liedToSDpunEx
$global.sdtu_completed","$player.liedToSDpunEx = true
$player.openToTurningOnAndrada++","Вы прекрасно знаете, что Филлип Андрада, подчинивший историю своей воле, не стоит за этим продажным фарсом. Кто подставил вас под провал - Макарио? Хайдер? Какой-нибудь лакей, стремящийся выбить себе влияние в экономическом министерстве?",,
"#END Sindrian Diktat fleet, part of attack force sent to sat-bombard player's fuel production planet",,,,,,
,,,,,,
# # Making a (terrible) fuel deal with the Sindrian Diktat. On the upside: they will stop trying to sat-bombard the player's planets.,,,,,,
# Making a (terrible) fuel deal with the Sindrian Diktat. On the upside: they will stop trying to sat-bombard the player's planets.,,"# make sure not Caden or Hyder - they're fleet leaders anyway, so they're invalid.",,,,# SD HA
SDMakeDealOptDev,PopulateOptions,"$isPerson
$personFaction.id == sindrian_diktat
Commission personCanGiveCommission
$global.isDevMode",SetOptionColor sdMakeDealDev gray,,sdMakeDealDev:Топливная компания Синдрии продолжает присылать ударные флоты. Может - мы сможем договориться? DEV,
SDMakeDealOptDev2,DialogOptionSelected,$option == sdMakeDealDev,"$option = sdMakeDeal 0
FireBest DialogOptionSelected",,,
SDMakeDealOpt,PopulateOptions,"$isPerson
$personFaction.id == sindrian_diktat
$player.fcm_faction != sindrian_diktat
Commission personCanGiveCommission
!$player.makeDiktatDeal
!$player.brokeDiktatDeal
!$player.defeatedDiktatAttack
HA_CMD diktatConcernedByFuelProd",,,sdMakeDeal:Топливная компания Синдрии продолжает присылать ударные флоты. Может - мы сможем договориться?,
SDMakeDealOptCom,PopulateOptions,"$isPerson
$personFaction.id == sindrian_diktat
$player.fcm_faction == sindrian_diktat
Commission personCanGiveCommission
!$player.makeDiktatDeal
!$player.brokeDiktatDeal
!$player.defeatedDiktatAttack
HA_CMD diktatConcernedByFuelProd",,,sdMakeDeal:Компания посылает на меня ударные флоты - несмотря на мою комиссию. Это упущение необходимо исправить!,
SDMakeDealHostile,DialogOptionSelected,"$option == sdMakeDeal
RepIsAtBest sindrian_diktat HOSTILE score:100","HA_CMD printSDDealRepReq
RemoveOption sdMakeDeal","«Вы открытый враг Синдрийской топливной компании и бесчестный космарь, подрывающий тяжелый и честный труд народа Синдрии.» $HeOrShe откидывается назад с отвращением. «Такие действия не будут терпимы, и никакие мольбы этого не изменят.»",,
SDMakeDealUntrustworthy,DialogOptionSelected,"$option == sdMakeDeal
$player.untrustworthy > 2 score:200",RemoveOption sdMakeDeal,"«Сделка с вами? Нет, сделки с бесчестным капитаном без всякого понятия о чести не будет. Вы скорее ударите нам в спину, чем добровольно сядете за стол амнистии, который так долго ждал, когда вы образумитесь!»

«Однако.» $HeOrShe делает паузу.",,
SDMakeDealSel,DialogOptionSelected,$option == sdMakeDeal,"AddTextSmall ""Выделяет компании 50% вашей валовой прибыли от экспорта топлива"" highlight","«Ах», - $post растягивает жутко широкую улыбку. «Значит, вы осознали ошибки своего пути!»

«Синдрийская топливная компания с радостью признает ваш топливный бренд частью великого бренда Синдрийской топливной компании! В конце концов, мы не хотим душить предпринимательский дух.»","sdDealConfirm:Подтвердить соглашение
sdDeal_negotiate:Возможно - мы могли бы слегка скорректировать условия соглашения.
cutCommLink:Разорвать связь",
SDMakeDealSelCom,DialogOptionSelected,"$option == sdMakeDeal
$player.fcm_faction == sindrian_diktat",FireAll SDMakeDealSelComOptCheck,"«Конечно, конечно», - $post изображает улыбку, вводя что-то на интерфейсе. «Я знаком с вашей ситуацией, посмотрим... да, крайне неудобное положение.»

Глаза $HisOrHer поднимаются от консоли. Пока $heOrShe говорит, $heOrShe качает головой с притворным сочувствием.","sdMakeDealCom2:Продолжить
sdMakeDealComSpiderWho:Исполнительный управляющий кто?
sdMakeDealComSpider:Макарио? И чем же он так занят?
sdMakeDealComSpiderSDTUdone:Да - у меня есть... своего рода взаимопонимание с Пауком Синдрии.",
SDMakeDealSelComSpiderCheck,SDMakeDealSelComOptCheck,!$player.metMacario,"RemoveOption sdMakeDealComSpider
RemoveOption sdMakeDealComSpiderSDTUdone",,,
SDMakeDealSelComSpiderCheck2,SDMakeDealSelComOptCheck,"$player.metMacario
!$global.sdtu_completed","RemoveOption sdMakeDealComSpiderWho
RemoveOption sdMakeDealComSpiderSDTUdone",,,
SDMakeDealSelComSpiderCheck3,SDMakeDealSelComOptCheck,$global.sdtu_completed,"RemoveOption sdMakeDealComSpiderWho
RemoveOption sdMakeDealComSpider",,,
SDMakeDealSelCom2spiderWho,DialogOptionSelected,$option == sdMakeDealComSpiderWho,,"$Rank $personLastName издает один странный лающий смешок. Затем замирает.

«Вы серьезно? Ох, капитан.» $HeOrShe достает из кармана идеально белый платок и промокает правый глаз.

«Я, разумеется, говорю об исполнительном менеджере Долосе Макарио.»",sdMakeDealCom2:Продолжить,
SDMakeDealSelCom2spider,DialogOptionSelected,$option == sdMakeDealComSpider,,"$post издает один странный лающий смешок. Затем замирает.

«Ну, он обеспечивает дальнейшую бесперебойную работу всех работников Компании.» $HeOrShe быстро моргает, затем промокает глаз белым платком.

«Прошу прощения. Что-то в атмосфере.»",sdMakeDealCom2:Продолжить,
SDMakeDealSelCom2spiderSDTU,DialogOptionSelected,$option == sdMakeDealComSpiderSDTUdone,,"$post замирает, не отрывая глаз от вас. Долгое мгновение.

«Конечно», - наконец говорит $heOrShe, затем неловко кашляет. «На чем мы остановились? Ах да, ваша маленькая проблема.»",sdMakeDealCom2:Продолжить,
SDMakeDealSelCom2,DialogOptionSelected,$option == sdMakeDealCom2,"AddTextSmall ""Выделяет компании 50% вашей валовой прибыли от экспорта топлива"" highlight
FireAll SDMakeDealSelComOptions","«Что ж, хорошие новости, капитан. Похоже, старшие менеджеры Совета по человеческим ресурсам были в щедром настроении, когда рассматривали ваш случай.» $HeOrShe нажимает на интерфейс.

«В вашей записи Компании не появятся взыскания за эту незаконную деятельность.»",,
SDMakeDealSelComOptA,SDMakeDealSelComOptions,,,,sdDealConfirm:Подтвердить соглашение,
SDMakeDealSelComOptB,SDMakeDealSelComOptions,!$saidOptB,,,sdDealCom_negotiate:Возможно - мы могли бы слегка скорректировать условия соглашения.,
SDMakeDealSelComOptC,SDMakeDealSelComOptions,!$saidOptC,,,sdDealCom_maybeNot:Я не так уж уверен в этом.,
SDMakeDealSelComOptD,SDMakeDealSelComOptions,$questionedDeal,,,sdDealCom_rejectDeal:Я отвергаю это соглашение. Я предложу свои условия...,
SDMakeDealSelComNegotiate,DialogOptionSelected,$option == sdDealCom_negotiate,"$saidOptB = true 0
$questionedDeal = true 0
FireAll SDMakeDealSelComOptions","$HeOrShe издает снисходительный смешок, будто вы сказали неловкую шутку. Затем замирает.

«Вы серьезно? Ох, капитан.» $HeOrShe качает головой. «Почему бы вам не захотеть, чтобы ваше топливо было признано частью великого бренда Синдрийской топливной компании?»",,
SDMakeDealSelComMaybeNo,DialogOptionSelected,$option == sdDealCom_maybeNot,"$saidOptC = true 0
$questionedDeal = true 0
FireAll SDMakeDealSelComOptions","$HeOrShe продолжает улыбаться.

«Не уверен, что вы понимаете серьезность своего положения, капитан. Как сотрудник Синдрийской топливной компании, вы обязаны соблюдать правила и положения вашего контракта. А воля Верховного Исполнителя превыше всего.»",,
SDHAmakeDealSelComReject,DialogOptionSelected,$option == sdDealCom_rejectDeal,,"$HeOrShe продолжает улыбаться, хотя вы замечаете напряжение в выражении.

«Нет. Вы не можете отказаться от сделки. Вы понимаете свои слова? Понимаете значение этого? Противоречить воле Верховного Исполнителя - это и есть предательство.»","sdDealConfirm:Подтвердить соглашение
sdDealCom_rejectDealAgain:Это вы не понимаете. У меня есть флот - у меня есть сила!",
SDHAmakeDealSelComReject2,DialogOptionSelected,$option == sdDealCom_rejectDealAgain,"Commission resignNoPenalty
AddTextSmall ""Комиссия Синдрийской топливной компании потеряна"" bad
AdjustRepActivePerson VENGEFUL -20
AdjustRep sindrian_diktat INHOSPITABLE -80","Улыбка $post исчезает, а голос $hisOrHer становится ледяным. «Ваши слова - измена. Настоящим я отзываю вашу комиссию, немедленно.»

«Бегите отсюда, предатель. Бегите, пока ваш драгоценный $shipOrFleet не сбили с неба. Железная воля Андрады восторжествует.»",cutCommLink:Разорвать связь,"# look, I warned you... "
SDAttemptNegotiation,DialogOptionSelected,$option == sdDeal_negotiate,RemoveOption sdDeal_negotiate,"Стилус перестает вращаться, взгляд $post обращается к вам. $HeOrShe выглядит почти растерянно.

«Вы серьезно? Ох, капитан.» $HeOrShe качает головой. «Вы должны быть польщены, что ваш бренд топлива будет признан частью продукции Синдрийской топливной компании.»",,
SDMakeDealSelConfirm,DialogOptionSelected,$option == sdDealConfirm,SFC_HA_CMD makeDiktatDeal,"$post издает довольный звук.

«Вы приняли хорошее решение! После того как я передам ваше соглашение Совету руководителей, ваш топливный бренд будет официально признан частью бренда Синдрийской топливной компании. Вашим людям предоставят учетные записи и должные инструкции.»",cutCommLink:Разорвать связь,
#END # Making a (terrible) fuel deal with the Sindrian Diktat. On the upside: they will stop trying to sat-bombard the player's planets.,,,,,,
,,,,,,
# Ending the (terrible) fuel deal with the Sindrian Diktat. On the downside: possibility of sat-bombardments.,,,,,,
SDBreakDealOpt,PopulateOptions,"$isPerson
$personFaction.id == sindrian_diktat
Commission personCanGiveCommission
$player.makeDiktatDeal",,,sdBreakDeal:Я прибыл сообщить - что прекращаю действие топливного соглашения.,
SDBreakDealSel,DialogOptionSelected,$option == sdBreakDeal,,"«Вы- вы не можете так поступить!» $Post Диктата быстро оглядывается, будто где-то должна найтись информация, которая объяснит ваше заявление.

Не находя ничего, $heOrShe снова смотрит на вас с потрясением, переходящим в гнев. «Не говорите глупостей.»","sdBreakDealConfirm:Вы всё верно услышали. Сделка отменяется.
genericGoBack:Прошу прощения - я - должно быть - оговорился. (назад)",
,,,,,,
SDBreakDealConfirmSel,DialogOptionSelected,$option == sdBreakDealConfirm,SFC_HA_CMD breakSDDeal,"«Вы безумны!» - почти кричит $HeOrShe. «Наши могучие флоты, Синдрийская топливная компания, растопчут ваши колонии и сожгут память о вас в истории! Мы-»

Вы смотрите, как капля слюны летит в воздух, свидетельствуя о прекрасном качестве связи.",cutCommLink:Разорвать связь,
,,,,,,
# TODO Write one of these for Macario. ... ? Might be fun.,,,,,,
#END TODO Write one of these for Macario. ... ? Might be fun.,,,,,,
#END Ending the (terrible) fuel deal with the Sindrian Diktat. On the downside: possibility of sat-bombardments.,,,,,,
,,,,,,
# Philip/ Diktat Removal Squad,,,,,,
HistorianBackstoryBlurb03,HistorianBackstoryBlurb,!WasHistorianBlurbShown historyBlurb03,SetHistorianBlurbShownAfterDelay historyBlurb03,"«Хм, история - это не только изучение 'великих лидеров', но трудно не восхититься повествованием о славной победе, гордыне и бесславном конце. Филлип Андрада, например.»

Взгляд $HisOrHer уходит в прошлое, пока $heOrShe говорит.",,
HistorianBackstoryBlurb19,HistorianBackstoryBlurb,!WasHistorianBlurbShown historyBlurb19,SetHistorianBlurbShownAfterDelay historyBlurb19,"«Считается, что адмирал Андрада, самопровозглашенный Верховный Исполнитель Синдрийской топливной компании - или 'Синдрийского Диктата' с точки зрения Гегемонии, - столкнулся с слишком обычной для диктатора проблемой преемственности.»",,
HistorianBackstoryBlurb20,HistorianBackstoryBlurb,!WasHistorianBlurbShown historyBlurb20,SetHistorianBlurbShownAfterDelay historyBlurb20,"«Если Филлип Андрада, самопровозглашенный Верховный Исполнитель Синдрийской топливной компании, был стратегическим гением, каким его называли сначала пропаганда Гегемонии, а затем его собственная, почему же он просто не завоевал Персейский сектор?»",,
,,,,,,
GS_ADVENTURERS_cont2Sel,DialogOptionSelected,$option == GS_ADVENTURERS_cont2,$salvageLeaveText = Leave 0,"Это корабль наемников-искателей приключений с пестрой командой ярких личностей из миров, представляющих широкий срез Персейского сектора.

Капитан был бывшим офицером, оказавшимся на проигравшей стороне небольшого восстания на окраине сектора.","salExplore:Оценить стоимость уцелевшего имущества корабля
defaultLeave:Уйти",
,,,,,,
PKHackStoryWhatDoGiveDiktat0,PKHackStoryWhatDo,$player.fcm_faction == sindrian_diktat,,,pk_hackStoryWhatDoGiveDiktat:Я отдам его Топливной компании Синдрии - чтобы сохранить её топливное превосходство.,
,,,,,,
bqfsAskedForSuppliesScamSD,DialogOptionSelected,"$option == bqfs_askForSuppliesScam
$faction.id == sindrian_diktat","$option = bqfs_askForSuppliesScamOut 0
FireBest DialogOptionSelected","«Вы не становитесь здесь $post, не зная нескольких трюков террористов и контрабандистов. Я ожидал бы, что если вы присягнули Синдрийской топливной компании, то будете лучше понимать, чем пытаться провернуть старую аферу со сбросом груза. Звезды свидетель, нас обоих отправили бы на Cruor.»",,
#END Philip/ Diktat Removal Squad,,,,,,
#END SFC Colony Crisis,,,,,,
#END Vanilla Changes,,,,,,
,,,,,,
# Defeat Triggers Test,,,,,,
SFCPFCadenDefeated,SFCPFCadenDefeated,,$player.SFCdefeatedCadenPF = true,,,
#END Defeat Triggers Test,,,,,,
