id,type,text1,text2,text3,notes
# faction descriptions,,,,,
sindrian_diktat,FACTION,"Sindrian Fuel Company, чаще называемая просто Sindrian Fuel, — компания по производству антиматерийного топлива, основанная после относительно недавней военной интервенции Гегемонии в системе Askonia под командованием бывшего адмирала флота Гегемонии Филлипа Андрады. После блестящей карьеры длиной в несколько циклов Андрада решил наконец исполнить детскую мечту: стать лучшим, черт побери, менеджером заправочной станции по эту сторону Персеанского сектора. К сожалению, Гегемония не слишком обрадовалась потере одного из своих лучших адмиралов (и весьма крупной части сил флота, которыми он тогда командовал) и сделала все, чтобы распространять слухи, будто Sindrian Fuel Company — не более чем прикрытие жесткой военной диктатуры.

Несмотря на постоянные кампании по очернению и попытки дискредитации, Sindrian Fuel уже больше двадцати циклов продолжает обслуживать Персеанский сектор. Конкуренты пытаются это оспорить, но исследования (оплаченные Sindrian Fuel Company) раз за разом доказывают, что синдрианское антиматерийное топливо — лучшее в секторе. А с любимым маскотом семей по всей системе и за ее пределами, Волтёрн-и, волтёрнский лобстер, Sindrian Fuel Company остается триумфом человеческого желания быть собой и следовать своей мечте.",,,
,,,,,
planet_sindria,CUSTOM,"Штаб-квартира и тезка Sindrian Fuel Company, Sindria — сияющая жемчужина топливного производства в системе Askonia и, по сути, во всем Персеанском секторе. Миллионы называют планету домом, живя в подземных ульях-городах. Века добычи изрыли кору Синдрии, а недавние программы «самосовершенствования» помогли сформировать местную базу ремесленной тяжелой промышленности. Колоссальная энергия, собираемая сетью солнечных массивов, запускаемых из-под поверхности масс-драйверами, питает один из лучших в секторе (по заявлению Sindrian Fuel Company) комплексов производства AM-топлива, где синдрианская антиматерия создается по секретному процессу и дистиллируется в фуллереновые оболочки, тщательно смешанные с тяжелым трудом и честной работой (по заявлению Sindrian Fuel Company), превращаясь в стабильные топливные пеллеты, которыми пользуется весь сектор. Настолько хорошо это топливо, что флоты летят за ним с самых дальних уголков Персеанского сектора, чтобы заправить корабли лучшим, черт возьми, топливом по эту сторону миров Ядра (по заявлению Sindrian Fuel Company).",,"Избитая кора этого мира из циклопических обломков, изрезанная каньонами и разломами глубиной в километры, на дневной стороне подвергается мощному облучению, поэтому жилые и промышленные комплексы строятся глубоко под поверхностью. Население Синдрии сосредоточено в нескольких ульях-городах, и Совет по рекламе и маркетингу не устает напоминать всем, насколько хорош бренд Sindrian AM-топливо. Гегемония может изображать Синдрию как мир с отчаявшимся низшим классом под пятой счастливчиков из госбюрократии и спецслужб, но это лишь злобная клевета. Богатство Sindrian Fuel всегда позволяло компании заботиться о жителях Синдрии, создавая бесчисленные рабочие места и возможности карьерного роста.",
planet_cruor,CUSTOM,"Одна из топливных франшиз Sindrian Fuel Company, Cruor всегда имела несчастье конкурировать с собственными «сестринскими» станциями внутри системы. Не будучи ни штаб-квартирой компании, ни домом Волтёрн-и, волтёрнский лобстер, местные заправочные узлы Cruor все равно остаются загруженными, когда очереди на Sindria становятся слишком длинными даже для самых терпеливых клиентов.",,"Кора этого мира сжата и растрескана мощными приливными силами Salus, что вызывает регулярные землетрясения и извержения. Обильные гейзеры летучих газов поддерживают тонкую токсичную атмосферу и в сочетании с железистыми соединениями придают Cruor кровавый оттенок. Гусеничные буровые платформы кочуют по более стабильным провинциям поверхности, выдирая редкие и просто удобные руды на экспорт, а среди шрамов открытых разработок порой видны ржавеющие останки машин. Хотя ходят слухи об условиях в мобильных трудовых лагерях, управляемых верхушкой компании, на деле о всех работниках заботятся и даже выдают бесплатные отпускные дни на Volturn. Рабочим также предоставляется шанс поучаствовать в корпоративной лотерее и лично встретиться с Волтёрн-и, волтёрнский лобстер!",
planet_volturn,CUSTOM,"Хотя Sindrian Fuel Company прежде всего известна антиматерийным топливом, не меньшую славу ей принесли лобстеры. Volturn, родина маскота компании Волтёрн-и, волтёрнский лобстер, — курортный мир, куда весь сектор приезжает попробовать лучших (и заметьте — юридически единственных!) волтёрнский лобстер по эту сторону миров Ядра. Добываемые из сокрушительных глубин мирового океана Volturn, эти лобстеры считаются деликатесом и заполняют плавучие рынки и рестораны по всей планете. В легендарный Сад волтёрнского лобстера, где живет Волтёрн-и, волтёрнский лобстер, очередь расписана более чем на десять циклов вперед: миллионы мечтают встретить маскота Sindrian лично.",,"Volturn задумывался как мир сельского хозяйства и досуга для обслуживания ныне уничтоженного столичного города-луны Opis. Благородно приняв бесчисленных беженцев из Асконианского кризиса, Volturn пережил демографический взрыв, а возможности от Sindrian Fuel Company обеспечили средствами к жизни бесчисленные семьи. На родине (на 100% защищенного авторским правом Sindrian Fuel Company) волтёрнский лобстер работают гигантские рыболовные комплексы, поддерживающие стабильные поставки как на местные рынки и в рестораны, так и на удаленные станции по всей Askonia и дальше. Пожалуйста, не позволяйте слухам о движениях сопротивления, культах и криминальных синдикатах на поверхности Volturn вас отпугнуть. От этого Волтёрн-и, волтёрнский лобстер, любимый маскот Sindrian Fuel Company, грустит.",
planet_umbra,CUSTOM,"Штаб Асконианский заправочный консорциум, местной фракции Antis. Условия труда здесь беспощадны: жесткие дедлайны нужны, чтобы конкурировать со знаменитым на весь сектор синдрианским брендом антиматерийного топлива. Ради скорости срезаются углы, летучие вещества с планеты добываются и отправляются на производство посредственного (по заявлению Sindrian Fuel Company) AM-топлива. ARC также позволил тому, что некоторые назвали бы «пиратами», действовать с Umbra, пытаясь нарушить поставки Sindrian по сети заправочных франшиз.",,"Далеко от звезды Askonia, Umbra — замерзший мир метана и аммиака, где водяной лед подобен камню и встречается в виде горных выступов и валунов. Тонкая атмосфера летучих веществ формируется только на освещенной стороне планеты и снова замерзает на темной; со временем большинство кратеров заполняется таким «снегом». Идет также добыча более тяжелых материалов из бедной каменистой мантии, скрытой под километрами ледяной коры. Жилые зоны прорыты глубоко под землей: жизнь на Umbra сурова, и мало кто выбрал бы ее добровольно. Редкий поток конкурентов Sindrian Fuel из других систем все же привозит столь необходимые припасы и надежду однажды затмить синдрианское антиматерийное топливо.",
planet_nachiketa,CUSTOM,"Этот мир был выбран бюрократами Домена для размещения одного из AM-топливных комплексов сектора, потому что не имел особой ценности кроме выгодного положения на оси дальней экспансии. За ростом трафика от топливного узла подтянулись промышленность и портовые мощности, облепившие массивный бронированный, наполовину заглубленный завод, словно ракушки. Крупное столкновение в Первой войне ИИ привело к опустошению этих портов из-за тактической детонации запасов AM: Гегемония одержала победу, но инфраструктура Nachiketa была искалечена. После катастрофы Первой войны ИИ консорциум военных офицеров и промышленных магнатов приобрел контрольный пакет AM-комплекса. Этот консорциум, названный Nachiketa Fuel Traders Incorporated, ныне обладает полной монополией на производство AM-топлива в пределах Гегемонии и остается одним из ключевых производителей жизненно важного звёздное топливо в секторе, уступая только Sindrian Fuel Company — факт, который безмерно раздражает совет директоров.",,"Nachiketa Fuel Traders Incorporated, сокращенно NFT, Inc, была создана для укрепления местных поставок AM-топлива для флотов Гегемонии. То, что начиналось с одного завода на Nachiketa, со временем превратилось в обширную сеть цепочек и логистических линий по всему пространству Гегемонии. Скупая конкурирующие сети и корпорации, NFT, Inc. взяла под контроль почти все, что связано с AM-топливом в Гегемонии, обеспечивая флотам Гегемонии достаточные объемы топлива для работы звездных кораблей.",
station_sindria_sindrian_fuel,CUSTOM,"Главная франшизная станция Sindrian Fuel Company: бесчисленные флоты ежедневно прибывают сюда на дозаправку. Корабли идут со всех концов миров Ядра и даже дальше, поэтому очереди, по сообщениям, действительно огромны.",,,
,,,,,
# SFC Fleet,,,,,
# Civilian Tankers,,,,,
pinkdram,SHIP,"Легкий танкер с запасом топлива, которого достаточно, чтобы более чем вдвое увеличить эффективную дальность небольшой ударной группы или конвоя. Эта версия окрашена в фирменную ливрею Sindrian Fuel Company и даже оснащена встроенной солнечной защитой.",,,
pinkphaeton,SHIP,"Средний танкер с запасом топлива, достаточным для поддержки более крупного флота. Служба танкера в Sindrian Fuel Company часто считается высшей формой службы: сотрудники готовы отдать жизнь ради безопасной доставки брендового синдрианского AM-топлива по всему Персеанскому сектору. Эта версия окрашена в фирменную ливрею Sindrian Fuel Company и даже оснащена встроенной солнечной защитой.",,,
pinkprometheus,SHIP,"Танкер огромной вместимости, используемый для переброски стратегических объемов топлива между мирами. В отличие от меньших «родственников», Prometheus имеет вполне приличный оборонительный арсенал для защиты ценного и крайне нестабильного груза. Эта версия окрашена в фирменную ливрею Sindrian Fuel Company и даже оснащена встроенной солнечной защитой.",,,
pinkmarathon,SHIP,"Гигантский танкер, построенный скорее для перевозки колоссальных объемов антиматерийного топлива между топливными депо и станциями дозаправки, чем для снабжения флота. Тем не менее он способен радикально увеличить дальность флота в пределах сектора — если, конечно, вас не смущает ползучая скорость в гиперпространстве, характерная для этого тяжеловеса.

Marathon, вопреки первому впечатлению, фактически представляет собой два корабля, соединенных общей рамной конструкцией. Основная жилая и рабочая часть экипажа — по сути отдельный корабль, пристыкованный к колоссальному топливному блоку. Из-за гигантских размеров полноценная щитовая система обычно заменяется модульными щитовыми эмиттерами по бортам. Учитывая нестабильность антиматерии, Marathon, застигнутый в бою, остается уязвимой целью, едва способной защитить себя.",,,
,,,,,
# Original Military Tankers,,,,,
sfcdram,SHIP,"Один из знаковых боевых кораблей Sindrian Fuel Company, Dram DM-150 — живучий эсминец, способный выдерживать огонь целого флота и выходить из боя практически без последствий. Оснащенный модифицированным демпфирующим полем, которое позволяет продолжать стрельбу во время его работы, этот эсминец — обычное явление в милитаризованных топливных флотах Sindrian Fuel.

«Надежный. Крепкий. Выносливый. Создан надолго. Dram DM-150 — вершина той тяжелой работы, которую Sindrian Fuel Company вложила в обеспечение своего топливного флота лучшим оборудованием. Больше тяги, больше мощности и демпфирующее поле, способное выдержать все, что в вашу сторону швырнет очередной оппортунист-налетчик — этот Dram действительно крепкий орешек. Будь вы предприимчивым капитаном, снабжающим миры Ядра фирменным синдрианским антиматерийным топливом, или охотником за солнечными выбросами на дальних рубежах сектора — он доставит вас куда нужно.»

«Dram DM-150. Он справится с чем угодно. Получите свой на ближайшей франшизной станции Sindrian Fuel Company уже сегодня». - реклама Sindrian Fuel Company",,,
sfcphaeton,SHIP,"Стандартный крейсер Sindrian Fuel Company, Phaeton PN-1500 обеспечивает дальнюю поддержку как выделенным элитным крылом дронов Akon, так и крупным баллистическим узлом. Система усилителей турелей позволяет PN-1500 методично выматывать противника, обрушивая на неудачную цель мощный кинетический шквал.

Phaeton PN-1500 прошел несколько итераций, прежде чем стать сегодняшним «рабочим стандартом» компании. От базового корпуса проект многократно перерабатывался различными конструкторскими советами. Хотя компания обычно отговаривает от активного применения истребителей во флоте, многочисленные флотские испытания убедили проектировщиков включить встроенный дрон-ангар, способный нести крыло Akon.",,,
sfcprometheus,SHIP,"Построенный на базе супертанкера Prometheus, Prometheus PM-15000 сочетает мощную огневую силу и поддержку за счет авиакрыльев. Сильно бронированный и серьезно вооруженный, PM-15000 при этом остается обычным явлением во флотах Sindrian Fuel Company, несмотря на активное использование истребителей.

Детище главного исследователя Юнрис Квин, Prometheus PM-15000 считается ответом Sindrian Fuel Company на прославленный боевой авианосец Legion Гегемонии. Используя огромный объем базового корпуса супертанкера Prometheus, PM-15000 стал тяжело вооруженной и бронированной гражданской конверсией, способной и принимать удары, и наносить их, сохраняя роль заправщика флота. С выделенным ангаром под антиматерийный бомбардировщик класса Minim этот корабль воплощает политику «тяжелого труда и честной работы», которой так гордится Sindrian Fuel Company.

Любое сходство с конверсией Prometheus у Луддического Пути — чистая случайность. Sindrian Fuel Company никогда не опустится до того, чтобы красть идеи у радикальной группы фанатиков, ненавидящих Volturn-y и злоупотребляющих топливом.",,,
,,,,,
# New Military Tankers,,,,,
sfccoeus,SHIP,"Легкий патрульный фрегат, также способный выполнять функции танкера, Coeus CS-50 в основном используется для поддержания безопасности и защиты франшизных станций Sindrian Fuel от завистливых конкурентов и оппортунистов-вне закона. Несмотря на легкое вооружение, при необходимости CS-50 легко переводится и на более активные военные задачи.",,,
sfcpolus,SHIP,"Polus PS-50 спроектирован как разрушительный торпедный катер. Специальная система заряжания позволяет ему в любой момент быстро развернуть новый ракетный залп.

Слухи о ненадежности экипажей, служащих на PS-50, — не более чем домыслы и клевета.",,,
sfcslent,SHIP,"Slent ST-50 — стандартный фрегат-танкер, используемый Sindrian Fuel Company в различных топливных флотах. Внешне неброский ST-50 тем не менее дает командирам множество полезных вариантов применения. Включая систему автоматической ракетной кузницы для поддержания боезапаса в затяжных боях, ST-50 остается надежным фрегатом, способным закрывать пробелы во множестве флотских композиций.",,,
sfcpolybolos,SHIP,"Фрегат с упором в баллистическое вооружение, Polybolos PB-50 основан на малом танкерном дизайне Firecracker. Способный временно увеличивать дальность, PB-50 задуман как корабль, дающий Sindrian Fuel Company ощутимый баллистический ударный потенциал.",,,
sfcporpax,SHIP,"Оборонительный фрегат Porpax PX-50 силен прежде всего способностью мгновенно усилить щит. Используя смесь премиального антиматерийного топлива, щит PX-50 может кратковременно выдерживать даже самые жесткие атаки.",,,
sfctalaria,SHIP,"Разрушительный (и, как скажут некоторые, не слишком эффективный) боевой корабль, Talaria TA-50 олицетворяет изобретательность Совета исследований Sindrian Fuel Company. Под руководством ведущего разработчика Грегори Маннфреда TA-50 использует свои AM-резервуары для питания встроенного антиматерийного бластера. После серии доработок Sindrian Fuel Company сумела адаптировать это мощное оружие к длительным боям. Хотя часть потенциала урона пришлось пожертвовать ради долговечности системы, TA-50 все равно остается передовым фрегатом, способным драться далеко выше своей весовой категории.",,,
sfckobalos,SHIP,"Маневренный фазовый корабль, разработанный Советом исследований и разработок: Kobalos KS-50 способен скрытно перемещаться по полю боя и дестабилизировать вражеские корабли.",,,
sfchydria,SHIP,"Хорошо вооруженный фазовый корабль, Hydria HA-150 — подвижный боевой корабль, способный скрытно заходить за линию фронта и наносить сокрушительный удар по вражескому флоту. Возможность развертывать набор дестабилизированных топливных канистр класса Plus для разрыва боевого строя делает HA-150 опасным судном, способным менять ход сражения серией калечащих ударов.

Разработанная под руководством главного исследователя Юнрис Квин, Hydria HA-150 создавалась как мощная дестабилизирующая сила для топливный флот Sindrian Fuel. Концепт предполагал быстрый скрытный заход, отключение приоритетной цели и выход до обнаружения. До финального состояния HA-150 прошла несколько этапов переработки. Ходят слухи, что корабль способен перевозить куда более смертоносные боеприпасы, но Sindrian Fuel Company официально отвергает это как «клевету озлобленных конкурентов».",,,
sfcdrachm,SHIP,"Стремясь закрыть недостающие роли во топливный флот Sindrian Fuel, Drachm DH-150 был создан как ракетный эсминец, рассчитанный на мгновенный плотный огневой залп по противнику. Считающийся промежуточным звеном между Dram DM-150 и P-1500, DH-150 уверенно выполняет задачу постепенного огневого истощения враждебных сил.",,,
sfctahlanbento,SHIP,"Модификация платформы Bento: Bento BO-150 обменял дрон-ангар на инфраструктуру для установки более тяжелого энергетического орудия. Системы корабля настроены на временное усиление энергетического вооружения, поэтому BO-150 занимает нишевую роль поддержки более крупных союзников в бою.",,,
sfcdelos,SHIP,"Delos DS-150 — переработка Sindrian Fuel редкого грузового дизайна, изначально применявшегося для перевозки опасных или экзотических материалов. Хотя само антиматерийное топливо вполне подпадает под обе категории, Совет исследований и разработок адаптировал проект под собственные нужды. Дополнительные узлы вооружения дают больше огневой силы, а выделенное дрон-крыло повышает безопасность вдали от миров Ядра, делая DS-150 рабочей лошадкой для защиты исследователей. Тем не менее DS-150 не является полноценным боевым кораблем и должен вводиться в бой только в крайнем случае.",,,
sfcbia,SHIP,"Bia BA-150 — подвижный танкер-эсминец, созданный для охоты на одиночные цели и быстрого выхода до подхода вражеских подкреплений. Способный держать темп даже некоторых фрегатов, BA-150 отлично подходит для перехвата дерзких налетчиков и ревнивых конкурентов, пытающихся атаковать более медленные корабли топливного флота.",,,
sfclelantus,SHIP,"Lelantus LT-150 — универсальная рабочая платформа двойного назначения, выполняющая опасные задачи как по сдвигу кораблей с места, так и по их буксировке. Благодаря прочным двигателям и плугу с антиматерийной обработкой LT-150 способен толкать и тянуть значительно выше своего класса.",,,
sfckander,SHIP,"Эсминец с акцентом на баллистическое вооружение, Kander KR-150 предназначен для обеспечения подавляющей огневой поддержки.",,,
sfcphoronis,SHIP,"Эсминец, заточенный под энергетическое вооружение, Phoronis PH-150 — маневренный корабль, способный обходить фланг благодаря системе фазовый скиммер. При энергетических орудиях, ориентированных в одном направлении, и синергийных системах — в другом, PH-150 лучше всего раскрывается в руках капитанов, готовых к нестандартным конфигурациям вооружения.",,,
sfccrius,SHIP,"Мощная рабочая боевая платформа, Crius CR-1500 обрушивает на врага колоссальный объем энергетической огневой мощи. Проектировался для входа в самую гущу боя и выхода без критических потерь: корпусная прочность и броня CR-1500 позволяют выдерживать несколько разрушительных попаданий и продолжать бой.",,,
sfcarke,SHIP,"Необычный корабль для топливный флот Sindrian Fuel: Arke AE-1500 в основном используется как рекламная платформа, задействуя авиакрылья в различных мероприятиях и активностях для продвижения Sindrian Fuel Company. При необходимости AE-1500 может работать и как эскортный авианосец, пусть и довольно скромный по возможностям. Тем не менее огневой мощи у него достаточно, чтобы прикрывать себя и помогать другим кораблям.",,,
sfcclepsydra,SHIP,"Созданный на базе старого доколлапсного проекта, Clepsydra CA-1500 — крепкий корабль, используемый Sindrian Fuel Company для различных спасательно-салважных операций. Благодаря расширенной полетной палубе CA-1500 способен выпускать корвет-бомбардировщик Slent ST-25 в поддержку собственных действий.",,,
sfcstymphalia,SHIP,"Печально известное пополнение топливный флот Sindrian Fuel, Stymphalia SA-1500 — упорный боевой корабль, способный запускать массированные ракетные залпы. Бортовая ракетная кузница, производящая новые боеприпасы прямо в бою, делает ситуацию, когда SA-1500 заканчивает бой с пустыми ракетными ячейками, крайне редкой.",,,
sfcaetos,SHIP,Aetos AS-1500 — сравнительно более подвижный боевой корабль по меркам других крейсеров компании. При солидной лобовой огневой мощи AS-1500 может испытывать трудности против групп мелких целей из-за скромного количества полноценных точек ПВО.,,,
sfcskyrend,SHIP,"Notos NS-15000 — полностью оригинальный проект, ни в какой форме и ни при каких обстоятельствах не являющийся плагиатом. Разработанный ведущим разработчиком Sindrian Fuel Грегори Маннфредом, этот абсолютно уникальный супертанкер-боевой крейсер вообще никак не нарушает никаких возможных норм авторского права. Его новаторские двойные спинальные слоты обеспечивают мощный фронтальный огонь — либо истощающим ракетным обстрелом, либо неумолимым энергетическим вооружением.

А теперь, пожалуйста, прекратите сравнивать его с какими-либо иными дизайнами, которые могут существовать. NS-15000 — особый корабль, который никто другой воспроизвести не способен.",,,
sfcmenoetius,SHIP,"Menoetius MS-15000 — специализированный командный корабль, используемый командирами топливных флотов для управления ходом сражения с безопасной дистанции. Набор поддерживающих систем позволяет MS-15000 участвовать как во флотских, так и в наземных операциях, предоставляя широкий спектр тактических возможностей. Выделенные флотские казармы также дают достаточно места для экипажа и морпехов под разные задачи. При хорошем покрытии ПВО и заметной вместимости авиакрыльев этот командный корабль обеспечивает флоту множество инструментов для удержания преимущества в бою.

Разрабатывавшийся под пристальным контролем Совета безопасности и вооружений, Menoetius MS-15000 на каждом этапе подвергался строгому микроменеджменту. Изначально его видели как быстрый линейный крейсер, но успех проекта Notos NS-15000 (который совершенно точно не является украденным дизайном!) привел к перепрофилированию MS-15000 под иные задачи. После многочисленных «замечаний» экипажей о не самых комфортных условиях на кораблях флота, проект MS-15000 изменили, повышая уровень удобств для персонала. Полноценные казарменные блоки и даже отдельные общие помещения должны были поддерживать мораль экипажа как ключевой фактор пиковой эффективности корабля.

Из-за усиленного фокуса на экипаже Совет безопасности увидел возможность придать кораблю жизненно важную роль специализированного командного узла. Дополнительные модификации и наборы систем для повышения флотской эффективности закрепили нишу MS-15000 в топливном флоте. Хотя конструкторы сначала сопротивлялись, добавление авианосных слотов было признано необходимым для расширения функций корабля за рамки простого командования. Несмотря на сравнительно высокую стоимость при не самой высокой прямой огневой мощи, MS-15000 все же занял важную, пусть и нишевую, роль в топливный флот Sindrian Fuel.",,,
sfcatlas,SHIP,"Превращая скромный грузовой тягач в смертоносное оружие войны, Atlas AS-15000 стал одним из крупных конверсионных проектов Sindrian Fuel Company. Хотя для своего класса AS-15000 все еще сравнительно хрупок, это компенсируется его способностью наносить опустошающие ракетные удары. Обеспечивая тяжелую дальнобойную поддержку, AS-15000 может оставаться в тылу и при этом давать критически важный вклад в бой всего флота.",,,
sfcepimetheus,SHIP,"Медленный, тяжеловесный, неповоротливый зверь кораблестроения, Epimetheus EM-15000 — сильно бронированный осадный корабль, созданный для пролома крепких оборонительных линий. Вооруженный мощной (и местами непрактичной) антиматерийной пушкой, EM-15000 способен выводить цели из строя с экстремальных дистанций — если ему дать время на прицеливание и выстрел.

Epimetheus EM-15000 был спроектирован исполнительным менеджером Совета исследований и разработок. Большинство старших менеджеров считали его проектом тщеславия, но работа все равно шла — пусть и без энтузиазма. Главный приоритет конструкции — максимальная выживаемость: EM-15000 настраивали так, чтобы он выдерживал худшее, что может предложить Персеанский сектор, и продолжал бой. Несмотря на черепашью скорость финальной версии, экспериментальный антиматерийный двигатель и мощный топливный инжектор дают кораблю хотя бы шанс не отставать от остального флота.",,,
sfciapetus,SHIP,"Проект, возглавленный главным исследователем Юнрис Квин, Iapetus IS-15000 начинался как заказ на альтернативу повсеместному супертанкеру Prometheus. То, что в итоге стало IS-15000, прошло через множество итераций: после полного вовлечения Квин проект несколько раз выходил далеко за рамки исходных параметров из-за радикальных изменений. После масштабирования самого жизнеспособного прототипа супертанкер-линкор IS-15000 стал мощным боевым кораблем, ориентированным на огневую поддержку флота.

О первоначальном прототипе сохранилось мало сведений; ходят слухи, что прототипный линкор в последний раз видели пылящимся на каком-то секретном объекте на Sindria.",,,
sfcsuperiapetus,SHIP,"Исходная спецификация, из которой позже вырос Iapetus IS-15000: Iapetus IS-20000 заметно крупнее своего производного варианта. С набором авианосных слотов для дополнительной защиты и возможностью сводить все крупные носовые орудия на одну цель IS-20000 представляет собой тяжело бронированный, хорошо защищенный и крайне дорогой дредноут, так и не получивший полноценного внедрения в строевых флотах.

Изначально это был проект по заказу фракции, ищущей альтернативу массовому танкеру Prometheus, и Sindrian Fuel Company любезно приняла контракт. На старте требование было простым: сделать судно заметно более бронированным, чем средний танкер. Все изменилось, когда к проекту подключилась главный исследователь Юнрис Квин.

Назвав разработку «Project Selkie», Квин взяла текущие чертежи и начала адаптировать их под военное применение. Заимствуя решения из других боевых кораблей линейки топливный флот Sindrian Fuel, проект, который должен был остаться бронированным танкером, быстро превратился во что-то совсем иное. Добавлялись новые модификации: авианосные слоты, оружейные узлы в местах, где должны были быть топливные объемы, и даже экспериментальный антиматерийный двигатель. Амбиции вышли далеко за рамки исходного запроса фракции — как и за пределы изначального бюджета.

Когда финальные системы были установлены, последние секции корпуса закрыты, а внутренние жилые зоны доведены до стандарта, корабль, получивший имя Iapetus IS-20000, признали слишком непрактичным для официального принятия во топливный флот Sindrian Fuel. Лишь после сокращения проекта до более управляемого уровня производный дизайн допустили к ограниченному вводу. Где сейчас оригинальный корабль — загадка; большинство слухов сводится к тому, что он просто пылится в малоиспользуемом сухом доке, никому не нужный.",,,
,,,,,
# Pather Abominations,,,,,
sfcpatherdrachm,SHIP,Модификация Drachm от Луддического Пути: Drachm Mk. II — опасный эсминец с упором в ракетное вооружение. Однако такие переделки нередко ведут к потенциальным отказам систем.,,,
sfcpatherepimetheus,SHIP,"Разрушительный тяжелый капитальный корабль, построенный на базе неповоротливого танкера Epimetheus: Epimetheus Mk. II — опасный противник, рассчитанный на прорыв вражеских линий и ближний ракетный залп для дестабилизации строя. Особую тревогу вызывают плохо обслуживаемые топливные баки, способные детонировать при пробитии.",,,
sfcpathapetus,SHIP,"""Внемлите моему зову, братья! Перед нами стоят Чудовища, которым нет равных: как сказано в писаниях Земли, дьяволы омывались черной кровью своей земли, чтобы обрести лживую пластиковую юность. Эти твари купаются в prometheum! Посмотрите на их вождей и на их кожу, гладкую как шелк! Демонические выродки, поклоняющиеся самому веществу нашей погибели! Но мы отняли их величайшее оружие и освятили его; их же нечестивая мощь обратит их обратно в пламя, из которого они вышли!""","- Брат Белигар Артур, террорист Луддического Пути",,
,,,,,
# Special Ships,,,,,
sfcxyston,SHIP,"Довольно современный боевой салважер для взыскательного флота падальщиков. Подобные постколлапсные проекты умеют собрать в одном корпусе лучшее, что может предложить сектор. К сожалению, чертежи таких кораблей не встречались уже бесчисленное количество циклов.",,,
,,,,,
# Wings,,,,,
sfcmillilitro,SHIP,"Продвинутый истребитель, развернутый Sindrian Fuel Company для защиты топливного флота и создания окон для других кораблей. Роль тяжелого истребителя Millilitro — связывать вражескую ПВО, открывая возможности для союзных авиакрыльев. Оснащенный лобовым щитом и парой легких автопушек, Millilitro оказывает разрушительное давление на вражеские щиты.",,,
sfcminim,SHIP,"Естественное продолжение экономической политики Sindrian Fuel Company: Minim — бомбардировщик, вооруженный парой антиматерийных бластеров. Может действовать с любого носителя, способного его обслуживать, и способен уничтожить почти любой корабль — при условии, что ему дадут окно для удара по отвлеченной цели.",,,
sfcdroplet,SHIP,"Стремительный перехватчик, созданный для быстрого перехвата вражеских истребителей и ракетных боеприпасов; главная задача Droplet — удержание господства в пространстве вокруг своего носителя. Передовой двигатель, разгоняющий Droplet до предела безопасной скорости, требует от пилотов дерзкого стиля: вход, молниеносный удар, уничтожение цели. Слухи о том, что эти машины пилотируют те, кого заранее считают расходным материалом, — всего лишь слухи. Что это вообще за организация, которая готова так легко жертвовать пилотами ради малейшего боевого преимущества? Это точно не путь Sindrian Fuel Company!",,,
sfctankerdrone,SHIP,"Модификация стандартных танкерных дронов-обслуживания, которые помогают поддерживать корабли флота топливом во время долгих перелетов по Персеанскому сектору. Sindrian Fuel Company доработала платформу, чтобы сделать ее более эффективным вспомогательным пакетом для материнского корабля.",,,
sfcslentfighter,SHIP,"Slent ST-25 — уменьшенная версия дизайна Slent, рассчитанная исключительно на запуск с авианосца. Хотя Sindrian Fuel Company не делает большой ставки на авианосцы и истребительную компоненту, ST-25 все же полезен как носитель мощного торпедного залпа в поддержку своего корабля-носителя.",,,
sfcakon,SHIP,"Akon — опасный и мощный корабль поддержки, разработанный для совместной работы с Talaria TA-50. Обеспечивая сильную кинетическую поддержку, Akon предназначен для снятия щитов, чтобы Talaria могла наносить прямой удар по цели.",,,
sfcnephropoidea,SHIP,"Nephropoidea — тяжело вооруженный истребитель с выраженным упором в энергетическое вооружение, способный как работать по крупным кораблям, так и вести маневренный бой против других истребителей. Высокоэффективная машина, которую, впрочем, сдерживает высокая цена и требования к развертыванию.

Нетипичный по конструкции проект, Nephropoidea разрабатывался в относительной секретности из-за нежелания Sindrian Fuel Company расширять линейку истребителей. Созданный почти полностью под завесой тайны, этот передовой истребитель должен был дать флоту дополнительное тактическое преимущество. Пока он еще не принят официально во топливный флот Sindrian Fuel, но испытания показали хороший потенциал для будущего внедрения.",,,
,,,,,
# Mechs,,,,,
sfcfuelmech,SHIP,"Ajax Fuel Tender — топливный мех обслуживания, используемый топливными флотами для выполнения различных внешних работ на кораблях во время рейса. Благодаря прочной конструкции Ajax способен выдерживать удары случайных астероидов при выполнении задач. При быстрой переделке может быть введен в бой и получить некоторую огневую мощь, хотя по эффективности обычно уступает специализированным авиакрыльям.",,,
sfcfuelmech_strikecraft,SHIP,"Более жесткая и усиленная версия Ajax Fuel Tender: эта модификация получила увеличенное вооружение, что позволяет ей играть более заметную роль поддержки в составе топливных флотов. Ajax Fuel Tender — это обслуживающий топливный мех, применяемый для различных внешних работ на кораблях в пути. За счет прочного корпуса Ajax спокойно переносит столкновения со случайными астероидами во время дежурства.",,,
sfcmurmidonlg,SHIP,"Дорогой и роскошный Murmidon — тяжелый штурмовой мех Львиная гвардия, который куда лучше смотрится на параде по главному проспекту Синдрии, чем на реальном поле боя. Оснащенный гигантским Gigacannon и экстремально мощным лобовым вооружением, этот массивный символ силы Львиная гвардия все же создан быть показным центром любой битвы, в которой участвует.

Проект Murmidon Heavy Assault Mech появился из желания получить наглядный символ превосходства Львиная гвардия в политике Askonia. Его разрабатывали прежде всего как оружие awe и вдохновения. При огромном бюджете и нулевом надзоре проект системно конфликтовал с практичностью. Расходуя ресурсы других департаментов, он в итоге превратился в towering-символ избыточности и роскоши. На внешнюю и внутреннюю отделку не жалели средств: командный центр гигантского меха обставлен удобствами, более уместными для дворцового поместья, чем для боевой машины. Главная пушка Murmidon тоже почти не учитывала практические ограничения. Едва пригодный для размещения даже на линкоре, Gigacannon впечатляет разрушительной мощью, но скрывает чудовищную нагрузку на двигатели меха. Тем не менее Львиная гвардия гордо объявил Murmidon вершиной силы — даже если чаще эта сила нужна на ежегодных парадах, а не в сражениях.",,,
sfcmurmexlg_strikecraft,SHIP,"Штурмовой мех Murmex — нуль-g машина Львиная гвардия, вооруженная увеличенной версией печально известного антиматерийного бластера. Способный развивать бешеную скорость на поле боя, Murmex остается подвижным и крайне опасным мехом. Эту версию пилотируют проверенные асы Львиная гвардия, и улучшенные характеристики заметно повышают летальность.

Вопреки анрадданской идеологии подавления индивидуализма во имя Великого плана Филлипа Андрады, Murmex — узкоспециализированная платформа, пилотируемая самыми фанатичными бойцами Львиная гвардия. Для них пилотирование такого меха в служении идеологии Андрады — честь, поэтому они часто выжимают машину до предела. Потери среди пилотов Murmex высоки: им приходится бороться не только с врагом, но и с чудовищными перегрузками, на которые способен мех. Говорят, что лишь те, кто пережил больше одного боя, начинают понимать полный потенциал Murmex.",,,
sfcmurmexlg,SHIP,"Штурмовой мех Murmex — нуль-g машина Львиная гвардия, вооруженная увеличенной версией печально известного антиматерийного бластера. Способный развивать бешеную скорость на поле боя, Murmex остается подвижным и крайне опасным мехом.

Вопреки анрадданской идеологии подавления индивидуализма во имя Великого плана Филлипа Андрады, Murmex — узкоспециализированная платформа, пилотируемая самыми фанатичными бойцами Львиная гвардия. Для них пилотирование такого меха в служении идеологии Андрады — честь, поэтому они часто выжимают машину до предела. Потери среди пилотов Murmex высоки: им приходится бороться не только с врагом, но и с чудовищными перегрузками, на которые способен мех. Говорят, что лишь те, кто пережил больше одного боя, начинают понимать полный потенциал Murmex.",,,
,,,,,
# de Wings,,,,,
de_flurry,SHIP,"Несмотря на общий регламент по истребительным разработкам после того, как Андрада сместил фокус с таких проектов, Sindrian Fuel Company все же продолжает часть работ по истребителям. Эти программы ведутся в более «низкопрофильном» формате и получают меньше внимания и финансирования от Верховного Главнокомандующего Президента Исполнительного Менеджера Заправок Андрады. Из-за этого подобные проекты часто уступают проверенным и надежным дизайнам.

Flurry был детищем второстепенного адмирала топливного флота, чья главная отличительная черта — почти культовая одержимость ракетами Squall. Он утверждал, что это «единственно правильные ракеты», а «саботы могут съесть мой burn». В итоге он попытался сделать весь бомбардировщик, полностью завязанный на Squall, что, закономерно, не встретило поддержки у большинства подразделений истребительной разработки. Лишь частное финансирование от скучающих инвесторов позволило проекту не остаться пылью на чертежной доске.

Разработка Flurry страдала от структурных проблем и дефицитов, в основном из-за слишком крупной нагрузки Squall по отношению к корпусу, что отнимало место у брони и двигателей. Полумеры привели к плачевной максимальной скорости и тонкой броне/обшивке для машины такого класса. Дополнительной проблемой стала низкая эффективность самих Squall в этой нагрузке: их уникальная схема взведения часто приводила к тому, что ракеты сбивали сразу после пуска, либо они находили (и промахивались по) цели, не связанные с задачей бомбардировщика. Эти недостатки, вместе с упорством адмирала использовать только чистые Squall, привели проект к отказу и блокировке серийного производства.

Позднее для Flurry назначили новую команду, которая глубоко переработала используемые на нем Squall под реальные задачи платформы. Иронично, но изменения оказались настолько радикальными, что адмирал-инициатор вышел из проекта в ярости из-за «осквернения» любимых ракет. Как бы то ни было, итоговую версию признали достаточно приемлемой для официального включения в парк компании — хотя бы ради снижения зависимости от экспортных истребительных моделей.",,,
de_bretasinge,SHIP,"Несмотря на общий регламент по истребительным разработкам после того, как Андрада сместил фокус с таких проектов, Sindrian Fuel Company все же продолжает часть работ по истребителям. Эти программы ведутся в более «низкопрофильном» формате и получают меньше внимания и финансирования от Верховного Главнокомандующего Президента Исполнительного Менеджера Заправок Андрады. Из-за этого подобные проекты часто уступают проверенным и надежным дизайнам.

Bretasinge родился из благородной, но недальновидной идеи: прикрутить к крупному истребителю спаренную флак-башню и получить ультимативный ПВО-истребитель. Однако при столкновении с реальностью концепция быстро дала трещину: разработка Bretasinge, как и Flurry, была наполнена проблемами, в первую очередь из-за нехватки объема. Для стабильной работы средней флак-башни требовался корпус как минимум фрегатного уровня — реактор, двигатель, охлаждение и прочие системы просто не помещались в истребитель. Но команда отказалась отступать и латала проблемы все более хаотичными решениями: снимала броню ради скорости, выкидывала «лишние» компоненты, заменяла экипаж Delta-классом ИИ-ядра и так далее.

Получившийся истребитель оказался массивным: едва укладывался в корветный весовой класс и потому сохранял права LPC. При этом значительная часть брони выполнена грубо и ненадежно, а ряд важных элементов вообще открыт космосу, так что реальная живучесть гораздо ниже, чем подсказывает размер. Удаление «ненужных систем» лишило Bretasinge генератора щита, а использование дешевых и неэффективных компонентов из-за нехватки финансирования привело к постоянным сбоям башни. Большой размер (и склонность перегреваться в ангарах) сделал платформу логистическим кошмаром. Ее единственное неоспоримое преимущество — чудовищная эффективность спаренной флак-башни против любых ракет и истребителей на подходе.

Ирония в том, что имя Bretasinge родилось из двух побочных историй: одна связана с увлечением одного из лидов древними культурами Земли, а другая — с привычкой машины обжигать любого, кто к ней прикасается, из-за отсутствия нормальной системы охлаждения.",,,
de_bretais,SHIP,"Несмотря на общий регламент по истребительным разработкам после того, как Андрада сместил фокус с таких проектов, Sindrian Fuel Company все же продолжает часть работ по истребителям. Эти программы ведутся в более «низкопрофильном» формате и получают меньше внимания и финансирования от Верховного Главнокомандующего Президента Исполнительного Менеджера Заправок Андрады. Из-за этого подобные проекты часто уступают проверенным и надежным дизайнам.

После провала Bretasinge команда, создавшая его, решила исправить ошибки и сделать действительно жизнеспособный истребитель. Несмотря на протесты многих руководителей и изматывающую борьбу с бюрократической инерцией, им все же удалось получить второй ордер на разработку — под угрозой лишиться права участвовать в ежемесячной корпоративной лотерее, если провалятся снова. Ставки были максимальными, и команда взялась за дело без промедления.

Неожиданно разработка Bretais прошла довольно гладко: уменьшение габаритов шасси Bretasinge и его узлов дало намного больше пространства для адекватных систем и позволило довести платформу до разумного стандарта. Более эффективные высокотехнологичные двигатели освободили объем под щиты, броню и даже специализированные ПВО-системы. Включая нормальное охлаждение — чтобы машина наконец перестала обжигать всех, кто к ней прикасается.

В результате получился на удивление эффективный и дешевый в логистике истребитель поддержки, годный в роли мобильной «летающей Vulcan-турели» без жертв по остальным компонентам конструкции, как это было у Bretasinge. На сегодняшний день это самый успешный дизайн, вышедший из инженерных команд компании, и он с гордостью несет службу на множестве авианосцев флотов компании.",,,
,,,,,
# Weapons,,,,,
sfcampulser,WEAPON,"Необычная модификация IR Pulse Laser, предназначенная для лучшей работы по броне: в стандартный импульсный лазер добавлен антиматерийный контрзаряд, детонирующий при контакте с кораблем. Однако из-за этих изменений общий урон по щитам у установки ниже.",,,
sfcamchaingun,WEAPON,"Модифицированная версия стандартного штурмовая цепная пушка: на каждый снаряд при выходе из ствола наносится антиматерийный заряд. Это покрытие расходуется при попадании, добавляя энергетический урон. Однако для безопасного нанесения покрытия используются более мелкие боеприпасы, что снижает HE-потенциал. Более мелкий снаряд летит немного дальше и быстрее, чем пуля обычного штурмовая цепная пушка. Также орудие ограничено стрельбой очередями, чтобы следующий залп успевал получить антиматерийное покрытие до выстрела.",,,
sfcheavyamchaingun,WEAPON,"Модифицированная и увеличенная версия стандартного штурмовая цепная пушка: на каждый снаряд при выходе из ствола наносится антиматерийный заряд. Это покрытие расходуется при попадании, добавляя энергетический урон. Однако для безопасного нанесения покрытия используются более мелкие боеприпасы, что снижает HE-потенциал. Более мелкий снаряд летит немного дальше и быстрее, чем пуля обычного штурмовая цепная пушка. Благодаря спаренным стволам орудие способно вести непрерывный огонь.",,,
sfcamchainpulser,WEAPON,"Оружие подавления средней дальности: Kinetic Chain Pulser заряжает каждый ствол гравитонным контрзарядом. При выстреле этот контрзаряд передается в импульсный болт. Такой болт способен частично имитировать свойства кинетического снаряда, что улучшает работу по щитам.",,,
sfcampulsegun,WEAPON,"Орудие, стреляющее антиматерийно-усиленными снарядами. антиматерийный импульсный Gun использует топливо Sindrian-brand Plus, создавая мощный ЭМИ-удар, способный выводить из строя вооружение и двигатели.",,,
sfcamplusmissile,WEAPON,"Запускает ракету с антиматерийной боевой частью. Бортовой компьютер наведения целится в двигатели корабля и наносит ЭМИ-урон, способный пробивать щиты целей с высоким потоком.

Эта версия антиматерийная ракета Launcher выпускает одну тепловую ракету с антиматерийной боевой частью бренда Sindrian Fuel Plus. Ракета подходит к цели спереди, после чего включает вторую ступень и перенаводится на двигатель цели. Линейка Plus вызывает при попадании разрушительный ЭМИ-эффект и даже способна пробивать щиты у перегруженных по потоку целей.",,,
sfcammissilepod,WEAPON,"Запускает ракету с антиматерийной боеголовкой. После короткой фазы доведения ракета устремляется к цели, нанося дополнительный энергетический урон при прямом попадании.

Этот антиматерийная ракета Launcher выпускает залп из четырех ракет, каждая с премиальной антиматерийной боеголовкой Sindrian Fuel. После запуска ракеты кратко корректируют наведение и затем резко ускоряются к цели. При успешном попадании антиматерия в боеголовке дестабилизируется и взрывается, добавляя мощный бонусный урон.",,,
sfcamscatterblaster,WEAPON,"Увеличенный вариант Antimatter Blaster: антиматерийный рассеивательblaster разделяет выстрел на три снаряда, выпускаемые одновременно. Хотя каждый отдельный снаряд слабее одиночного выстрела, совокупно тройной залп бьет очень тяжело.",,,
sfclightdestabilizer,WEAPON,"Основанный на принципах пушка-дестабилизатор, Light Antimatter Destabilizer смешивает антиматерийное топливо и нестабильные антиматерийные контрзаряды, формируя мощное оружие точечной обороны. Каждый выстрел запускает нестабильный импульсный луч, который взрывается при сближении с целью.",,,
sfcmediumdestabilizer,WEAPON,"Основанный на принципах пушка-дестабилизатор, Medium Antimatter Destabilizer смешивает антиматерийное топливо и нестабильные антиматерийные контрзаряды, формируя мощное оружие точечной обороны. Каждый выстрел запускает нестабильный импульсный луч, который взрывается при сближении с целью.",,,
sfcamdestabilizer,WEAPON,"Основанный на принципах пушка-дестабилизатор, Heavy Antimatter Destabilizer смешивает антиматерийное топливо и нестабильные антиматерийные контрзаряды, формируя мощное оружие точечной обороны. Каждый выстрел запускает нестабильный импульсный луч, который взрывается при сближении с целью.",,,
sfcamthrower,WEAPON,"Выпускает струю антиматерийного топлива. Прямые попадания имеют шанс нанести дополнительный урон.

Хотя многие считают это расточительным расходованием ценного антиматерийного топлива, Antimatter Thrower выбрасывает концентрированную струю сильно сжатого AM-топливо. Сам по себе этот поток наносит урон, но из-за нестабильной природы топлива попадание по корпусу может вызвать дестабилизирующую реакцию, резко увеличивая потенциальный урон по незащищенной обшивке. Благодаря высокому давлению струя имеет достойную дальность, однако быстро рассеивается на пределе дистанции. Перед следующим залпом камеру нужно снова быстро наддувать, поэтому огонь ведется короткими очередями.",,,
sfcamthrowerbig,WEAPON,"Выпускает струю антиматерийного топлива. Прямые попадания имеют шанс нанести дополнительный урон.

Хотя многие считают это расточительным расходованием ценного антиматерийного топлива, Antimatter Thrower выбрасывает концентрированную струю сильно сжатого AM-топливо. Сам по себе этот поток наносит урон, но из-за нестабильной природы топлива попадание по корпусу может вызвать дестабилизирующую реакцию, резко увеличивая потенциальный урон по незащищенной обшивке. Благодаря высокому давлению струя имеет достойную дальность, однако быстро рассеивается на пределе дистанции. Увеличенные топливные баки и расширенная система повторного наддува позволяют вести непрерывный огонь.",,,
sfcasteroid,WEAPON,"Мощная пушка, стреляющая осколочно-фугасными снарядами, способными наносить урон по площади при попадании.

Asteroid Destroyer — оружие, в первую очередь предназначенное для расчистки астероидных полей и обломков, чтобы обеспечить безопасный проход флоту. Ударные взрыватели обеспечивают оптимальную детонацию при контакте с целью, позволяя поражать сразу несколько объектов. Asteroid Destroyer был разработан Sindrian Fuel Company для поддержки флотов, проходящих через Stone River и астероидный пояс Opis.",,,
sfcheavypdlaser,WEAPON,"Увеличенный лазер точечной обороны, созданный для уничтожения вражеских ракет и истребителей.",,,
sfcambba,WEAPON,"Высокоэкспериментальная лучевая батарея, питаемая множеством антиматерийных зарядников и сжатым AM-топливо. Antimatter Burst Beam Array способна выпускать смертоносный концентрированный луч антиматерии по цели. Она эффективно рвет броню и корпус, но заметно теряет эффективность против тяжелощитовых кораблей.",,,
sfcamtorpedorack,WEAPON,"Двухтрубная торпедная установка, стреляющая модифицированными AM-топливными канистрами. Эти канистры наносят дополнительный энергетический урон при прямом попадании по кораблям противника.

Торпедная пусковая рама, рассчитанная на запуск переделанных канистр антиматерийного топлива. Перезарядчик с поддержкой дельта-ядра позволяет вести более частый огонь. За счет прочной конструкции канистр торпеды способны проходить через ПВО и поражать вражеские корабли. Высвобождаемая при попадании энергия фокусируется в поверхности цели и бьет крайне мощно. Однако щиты обычно способны безопасно рассеять этот импульс. Внешняя часть взрыва также расходится в стороны, поражая любые близкие цели в радиусе детонации.",,,
sfcamregular,WEAPON,"Торпедная установка, стреляющая модифицированной AM-топливной канистрой. Канистра наносит дополнительный энергетический урон при прямом попадании по кораблям противника.

Многие считают это оружие грубым, но Sindrian Fuel Company прекрасно понимает потенциал скромной AM-топливной канистры. После ряда доработок AM-снаряд легко превращается в пригодную торпеду. Это мощное средство способно направлять энергию взрыва прямо в корпус цели. Внешняя ударная волна также расходится вокруг и может задеть близкие цели в зоне поражения.",,,
sfcmicrolauncher,WEAPON,"Трехтрубная ракетная установка, оснащенная ракетами против ракет и истребителей. Каждая ракета несет антиматерийную боеголовку, наносящую дополнительный фугасный урон при прямом попадании в корабль. Ракеты также могут наводиться на крупные цели, но их хрупкость часто не позволяет пройти через оборонительные системы без поддержки.",,,
sfcmicropod,WEAPON,"Двухконтейнерная ракетная установка, оснащенная ракетами против ракет и истребителей. Каждая ракета несет антиматерийную боеголовку, наносящую дополнительный фугасный урон при прямом попадании в корабль. Ракеты также могут наводиться на крупные цели, но их хрупкость часто не позволяет пройти через оборонительные системы без поддержки.",,,
sfcmicromlms,WEAPON,"Скорострельная многозарядная ракетная система с ракетами против ракет и истребителей. Каждая ракета несет антиматерийную боеголовку, наносящую дополнительный фугасный урон при прямом попадании в корабль. Ракеты также могут наводиться на крупные цели, но их хрупкость часто не позволяет пройти через оборонительные системы без поддержки.",,,
sfcgaft,WEAPON,"Разрушительная дальнобойная торпедная установка: GAFT (Guided Antimatter Fuel Torpedo) — мощное оружие и вершина антиматерийных технологий Sindrian Fuel. В бронированной оболочке торпеда движется медленно, но крайне настойчиво, долго удерживая преследование цели. При сближении включается вторая ступень, и торпеда резким рывком поражает цель, направляя полезную нагрузку в ее корпус.",,,
,,,,,
# Built in Weapons,,,,,
sfcamblaster_recharge,WEAPON,"Мощное оружие: Sindrian Fuel Company модифицировала Antimatter Blaster так, чтобы он мог питаться от огромных резервов антиматерийного топлива танкерного корабля. Однако из-за этих изменений использовать такую систему теперь практически возможно только при полной интеграции в сам корабль.",,,
sfcamcannon,WEAPON,"""...Это что, команда разработки выдала вот это барахло? Габариты совсем мимо, в обычный слот оно не встанет. А объем экранирования, который нужен, чтобы эта штука не разорвала себя при выстре...  ...Что значит, это сам исполнительный менеджер спроектировал?! Нет, нет! Отказываюсь! Я отказываюсь работать с этим тупым де...""",- главный исследователь Юнрис Квин,,
sfcnotospd,WEAPON,"Двуствольная импульсно-лазерная система, созданная как штатное оборонительное оружие для Notos NS-15000. Считается уменьшенной версией Antimatter Destabilizer: нестабильные импульсные заряды взрываются рядом с целью, формируя защитный экран против ракет и истребителей.",,,
sfcmurmidoncannonlg,WEAPON,"""Разработка крупномасштабного AM-проекторного вооружения продвинулась дальше, чем сообщалось ранее. Активы HEGINT докладывают: проект продавливается Львиная гвардия при полной поддержке главного исследователя. По спецификациям итогового образца рост выходной мощности продолжается, однако система пока используется в парадных силах. Рекомендуется продолжить наблюдение за развитием вооружений и подрывать попытки изменить доктринальную неэффективность.""",- засекреченный отчет Верховному Гегемону,,
sfcmurmidonblasterlg,WEAPON,"""Физический и инженерный контур Askonia продвинулся с момента последнего отчета. Дальнейшие модификации технологии SUPER ALABASTER со стороны Sindrian Mutiny растут тревожными темпами. Неэффективная доктрина сдерживает массовое внедрение, но вероятность будущего технологического прорыва вызывает тревогу. Техническое содействие ТТ, без сомнения, усилено оживившимся местным кадровым потенциалом.""",- засекреченный отчет Верховному Гегемону,,
sfcmurmexgunlg,WEAPON,"Улучшенная версия Antimatter Blaster, Antimatter Gun специально создана для работы с штурмовым мехом Murmex. Однако рост мощности сократил дальность снаряда и резко уменьшил потенциал накопления заряда.",,,
sfcmurmexgunlg_strikecraft,WEAPON,"Улучшенная версия Antimatter Blaster, Antimatter Gun специально создана для работы с штурмовым мехом Murmex. Однако рост мощности сократил дальность снаряда и резко уменьшил потенциал накопления заряда. В этой версии проведены доработки для более длительной боевой работы при лишь небольшом снижении силы.",,,
sfcmurmidonheadlg,WEAPON,Командный модуль Murmidon способен наблюдать за полем боя и оснащен мощным импульсным лазером точечной обороны для защиты от входящих ракет и истребителей.,,,
sfcmurmexheadlg,WEAPON,"Головной модуль Murmex способен вести импульсный лазерный огонь очередями, сбивая входящие ракеты и вступая в бой с вражескими истребителями.",,,
sfcmurmexgunleftlg,WEAPON,"IR Pulse Carbine — уменьшенная версия IR Pulse Laser для применения на штурмовых мехах Void. Уступая по урону одного выстрела, IR Pulse Carbine силен способностью давать подавляющий огонь трехвыстрельной очередью.",,,
,,,,,
# Fighter Weapons,,,,,
sfclightac_fighter,WEAPON,"Истребительный вариант лёгкая автопушка, созданный для давления на вражеские щиты.",,,
sfcamblaster_fighter,WEAPON,Истребительный вариант печально известного Antimatter Blaster; несет энергии ровно на один выстрел.,,,
sfcmechamthrower,WEAPON,Переделка заправочного насоса сервисного меха в кустарный метатель антиматерийного топлива. Меньшая дальность и ограниченный боезапас не мешают системе иметь высокий потенциальный урон — при условии попаданий по незащищенным кораблям.,,,
sfc_ajax_graviton_beam,WEAPON,"Облегченный вариант гравитонного луча, используемого мехами-топливозаправщиками для расчистки препятствий. Он сохраняет способность подавлять щиты, но на заметно меньшей дистанции.",,,
sfc_ajax_mining_laser,WEAPON,"Модифицированный горный лазер, адаптированный для применения мехами-топливозаправщиками; получил повышенную мощность и дальность.",,,
sfcmicrolauncherfighter,WEAPON,"Трехтрубная ракетная установка с ракетами против ракет и истребителей. Каждая ракета оснащена антиматерийной боеголовкой, наносящей дополнительный фугасный урон при прямом попадании по кораблю. Ракеты также способны наводиться на крупные цели, но из-за хрупкости им сложно проходить оборону без поддержки. Это уменьшенная истребительная версия со встроенной микро-ракетной кузницей и сокращенным боезапасом.",,,
,,,,,
# Systems,,,,,
sfcfueldump,SHIP_SYSTEM,"Впрыскивает в двигатель корабля премиальное антиматерийное топливо бренда Sindrian, резко повышая тягу, но также генерируя большое количество потока во время работы. Заодно проигрывает бодрый джингл, чтобы вежливо напомнить потенциальным клиентам освободить дорогу.",Движение,"Впрыскивает в двигатель корабля премиальное антиматерийное топливо бренда Sindrian, резко повышая тягу, но также генерируя большое количество потока во время работы. Заодно проигрывает бодрый джингл, чтобы вежливо напомнить потенциальным клиентам освободить дорогу.",
sfcplusjets,SHIP_SYSTEM,"Впрыскивает в двигатели корабля антиматерийное топливо Sindrian Plus, улучшая маневренные характеристики. Во время действия позволяет использовать Zero-Flux Boost.",,,
sfcdamper,SHIP_SYSTEM,"Кратковременно активирует энергетическое поле, снижающее входящий урон ценой уменьшения скорострельности и отключения щитов.",Защитная,"Кратковременно активирует энергетическое поле, снижающее входящий урон ценой уменьшения скорострельности и отключения щитов.",
sfcblitz,SHIP_SYSTEM,"Запускает «рекламный заход»: увеличивает скорость, урон оружия и дальность ваших истребителей. Пока система активна, корабль не может использовать собственное вооружение и сбрасывать поток. Можно отключить вручную.",Истребители,"Запускает «рекламный заход»: увеличивает скорость, урон оружия и дальность ваших истребителей. Пока система активна, корабль не может использовать собственное вооружение и сбрасывать поток. Можно отключить вручную.",
sfcovercharge,SHIP_SYSTEM,Перегружает системы корабля экспериментальной смесью синдрианского антиматерийного топлива. Прирост производительности резко повышает эффективность энергетического вооружения и двигателей.,Наступательная,"Перегружает системы корабля экспериментальной смесью синдрианского антиматерийного топлива. Прирост производительности резко повышает эффективность энергетического вооружения и двигателей. Однако возникающая нагрузка генерирует большой объем потока, пока система активна.",
sfcoverclock,SHIP_SYSTEM,"Разгоняет оружейные системы корабля: повышает скорострельность и скорость снарядов баллистического и энергетического вооружения, одновременно заметно снижая стоимость потока. Однако из-за дополнительной нагрузки на реакторы уменьшается тяга двигателей.",Наступательная,"Разгоняет оружейные системы корабля: повышает скорострельность и скорость снарядов баллистического и энергетического вооружения, одновременно заметно снижая стоимость потока. Однако из-за дополнительной нагрузки на реакторы уменьшается тяга двигателей.",
sfcdeliveryplus,SHIP_SYSTEM,"Телепортирует дестабилизированную канистру антиматерийного топлива Sindrian Plus в выбранную точку. Канистра наводится на ближайшие цели и детонирует, создавая мощный энергетический взрыв по области.",Наступательная,"Телепортирует дестабилизированную канистру антиматерийного топлива Sindrian Plus в выбранную точку. Канистра наводится на ближайшие цели и детонирует, создавая мощный энергетический взрыв по области.",
sfcramdriveburn,SHIP_SYSTEM,"Перенаправляет системы корабля на питание демпфирующих полей и двигателей, значительно повышая тягу и устойчивость к урону. Пока система активна, увеличивается масса корабля.",Движение,"Перенаправляет системы корабля на питание демпфирующих полей и двигателей, значительно повышая тягу и устойчивость к урону. Пока система активна, увеличивается масса корабля.",
sfcaugmentedrange,SHIP_SYSTEM,Усиливает баллистические турельные системы корабля экспериментальной антиматерийной смесью. Во время работы увеличивает дальность и скорость снарядов баллистического вооружения.,Наступательная,Усиливает баллистические турельные системы корабля экспериментальной антиматерийной смесью. Во время работы увеличивает дальность и скорость снарядов баллистического вооружения.,
sfcshieldbooster,SHIP_SYSTEM,"Усиливает щит корабля смесью премиального антиматерийного топлива. Повышает эффективность щита, но снижает скорострельность баллистического и энергетического оружия.",Защитная,"Усиливает щит корабля смесью премиального антиматерийного топлива. Повышает эффективность щита, но снижает скорострельность баллистического и энергетического оружия.",
,,,,,
# Commodities,,,,,
sfcgift1,RESOURCE,"Сувенирные, слегка oversized очки бренда Sindrian Fuel: с ними можно почувствовать себя настоящим сотрудником Компании! Правда, они сертифицированы только как сувенир и не подходят для реальной работы в короне звезды Askonia или других схожих условиях.",,,
sfcgift2,RESOURCE,Получите свою фирменную экшн-фигурку Компании уже сегодня! В каждой коробке — специальный секрет! Соберите всю коллекцию и хвастайтесь друзьям!,,,
sfcgift3,RESOURCE,"Кружки для кофе, рассчитанные на одни из самых горячих напитков в Персеанском секторе. К сожалению, логотип на них довольно быстро выцветает, хотя некоторые считают это даже плюсом.",,,
sfcgift4,RESOURCE,"Вкусные морские батончики Yum! Yum! — отличный перекус после долгого рабочего дня! Пожалуйста, употребляйте ответственно.",,,
sfcgift5,RESOURCE,"Тонко сотканные рубашки, чтобы доказать вашу преданность бренду Sindrian Fuel Company! Абсолютно точно не из сомнительных материалов и абсолютно точно не развалятся за год!",,,
sfcgift6,RESOURCE,"Частичка Volturn-y, которую можно забрать домой! Пусть составляет вам компанию в долгих и одиноких рейсах за пределами миров Ядра!",,,
,,,,,
# captured planet custom descs,,,,,
,,,,,
# corvus system,,,,,
planet_jangala_sindrian_diktat,CUSTOM,"Недавнее открытие франшизы Sindrian Fuel на Jangala, встреченное с энтузиазмом в кабинетах руководства компании, быстро превратилось в кошмар. Задуманная как главный пункт остановки для всех клиентов в системе Corvus, опасная джунглевая планета отказалась подчиняться новым хозяевам. Отчеты сил безопасности с поверхности рассказывают о появлениях подразделений Гегемонии, все еще действующих глубоко под пологом этого зеленого ада. Пока станция Jangala продолжает выжигать как можно больше джунглей ради поддержания планетарных складов антиматерийного топлива и прочей продукции компании, охрана ежедневно отражает диверсии с нескольких направлений. Несмотря на усилия планетарной безопасности, гегемонистские партизаны продолжают уходить от патрулей и наносить удары по следующему слабо защищенному депо. И хотя многие сотрудники проклинают удачу за назначение на Jangala, их объединяет одна мысль: «По крайней мере, это не Cruor».",,"Экологический совет, отвечающий за поддержание условий на Jangala, оказался завален лавиной жалоб от персонала. От бесчисленных партий антиматерийного топлива и волтёрнский лобстер, уничтоженных партизанами Гегемонии, до сотрудников, исчезающих ночью и находимых на следующий день в неописуемом состоянии — менеджер, курирующий операции на Jangala, уже не раз просил полностью свернуть деятельность на планете и перенести ее на станцию Jangala. Ответа, однако, до сих пор нет, и операции застряли в хроническом режиме убыточности и потерь. Хотя исследователи компании настаивают, что именно в этих опасных джунглях скрыт следующий крупный прорыв для Sindrian Fuel Company, большинству сотрудников на месте это безразлично: они живут в постоянной готовности к очередной атаке гегемонистских партизан.",
station_jangala_sindrian_diktat,CUSTOM,"Задуманная как главный заправочный узел для всех клиентов системы Corvus, Jangala Station пока в основном используется для выжигания густой растительности планеты внизу. Исследователи компании настаивают на сохранении джунглей, пока там не найдут «следующую большую находку» для продажи по всему Персеанскому сектору, из-за чего Sindrian Fuel попала в управленческий тупик. Пока члены совета спорят день и ночь, а с поверхности приходят новые отчеты, в компании все громче обсуждают полный отказ от планеты и перевод фокуса на превращение станции в полноценный мега-заправочный комплекс. На данный момент станция остается тем, чем и была: единственной линией обороны против неумолимо наступающих джунглей Jangala.",,,
,,,,,
planet_asharu_sindrian_diktat,CUSTOM,"Пустынная планета, результат неудачного проекта терраформирования еще до Коллапса. Населена небольшими группами крайне независимых поселенцев, криминальных элементов и чудаков. Sindrian Fuel Company держит здесь франшизу заправки, но не ведет иной постоянной администрации. Из-за низкой отдачи Совет труда не видит смысла вкладывать в планету что-либо сверх необходимого минимума для поддержания операций.",,,
,,,,,
planet_garnir_sindrian_diktat,CUSTOM,"После закрепления за богатой летучие вещества-планетой Garnir, Sindrian Fuel немедленно начала наращивать добычу ресурсов. Переоборудовав оставшуюся терраформирующую технику, компания обеспечивает поток летучих веществ из коры на ожидающие баржи с отправкой в систему Askonia. Хотя некоторые идейные лоялисты ворчат при мысли, что фирменное синдрианское антиматерийное топливо может иметь сырье вне Askonia, Совет исследований и разработок повторяет: Sindrian fuel лучшее благодаря технологии обработки, а не из-за места добычи сырья.",,,
station_garnir_sindrian_diktat,CUSTOM,"Изначально станция Eridani-Utopia координировала добычу летучие вещества для масштабных терраформирующих проектов, а теперь снова работает для поддержания потока ресурсов с поверхности планеты. Менеджер из Совета труда Sindrian Fuel руководит операциями и направляет работников в зоны с наиболее богатыми газовыми карманами. Несмотря на слухи, что работников принуждают к невыполнимым квотам, Sindrian Fuel Company напоминает: политика «Тяжёлый труд и честная работа» гарантирует уважительное отношение к сотрудникам и разумные смены ради максимальной эффективности.",,,
,,,,,
planet_barad_sindrian_diktat,CUSTOM,"Планета, состоящая в основном из водорода и гелия. Температура и давление в ядре экстремальны, но недостаточны для дейтериевого синтеза, который превратил бы ее в коричневый карлик. Совет труда поддерживает операции на местной станции, отслеживая наиболее перспективные газовые карманы для добычи летучие вещества. Работникам предоставляются дополнительные стимулы за выполнение и перевыполнение квот. Лучшие сотрудники могут получить новые фирменные очки Sindrian Fuel, бесплатный значок волтёрнский лобстер или даже участие в корпоративной лотерее на полностью оплаченную поездку на Volturn для встречи с Волтёрн-и, волтёрнский лобстер.",,,
,,,,,
planet_warion_sindrian_diktat,CUSTOM,"Излучение ближайшей звезды выжигает поверхность этого мира из-за отсутствия озонового слоя в атмосфере. Значимой геологической активности нет. Местных форм жизни нет. Несмотря на это, Совет рекламы открыл здесь производственные мощности для всего нового медиаконтента Sindrian Fuel. От рекламных роликов до полноценных фильмов — медиа-команды работают над новыми способами закрепить компанию в сознании потенциальных клиентов.",,,
,,,,,
# canaan system,,,,,
planet_gilead_sindrian_diktat,CUSTOM,"После открытия первой франшизы Sindrian Fuel на Gilead по всей планете прошли масштабные празднования. Хотя ходят слухи, что большую часть населения силы безопасности фактически вынудили присутствовать, Sindrian Fuel утверждает, что никакого принуждения в честь этого исторического события не применялось. Пока Экологический совет вместе с Советом рекламы подбирают лучшие площадки для новых кампаний, верные Гилеада прячутся по скромным домам. Их молитвы тонут в непрерывной музыке и рекламных трансляциях, но это все тот же крик о спасении. Молитва об избавлении от этого неопределенного топливного будущего.",,,
,,,,,
planet_asher_sindrian_diktat,CUSTOM,"Asher — смертельно холодный и сухой мир, с которым не хочет работать ни одно крупное подразделение Sindrian Fuel Company. Его апокалиптические пыльные бури приносят больше проблем, чем пользы, поэтому редкой «чести» прямого контроля над планетой удостоена Львиная гвардия Андрады. Формально она развернута как силы быстрого реагирования против угроз поблизости, но реальный надзор над местным контингентом минимален. Пока Совет рекламы пытается поддерживать образ суровых, но преданных солдат, защищающих клиентов компании от конкурентов и радикалов, с Asher продолжают просачиваться сообщения о нападениях на местное население. Верные не сдаются, и их крик сводится к одной фразе: «Мы должны возразить».",,,
,,,,,
# mayasura system,,,,,
planet_mairaath_sindrian_diktat,CUSTOM,"Теперь, находясь под управлением Sindrian Fuel Company, Экологический совет начал целенаправленную кампанию по улучшению условий жизни на разоренном мире. Хотя корпоративные отчеты признают, что большая часть планеты пока далека от реального восстановления, менеджеры компании на Mairaath все же намерены вернуть хотя бы часть порядка в этот разрушенный мир. Привезенные Советом труда рабочие из внешних регионов внедряют на планете политику «Тяжёлый труд и честная работа», но местные жители в основном относятся к этому скептически. Особенно националистическая Desert Guard, которая не готова отпускать старые обиды и по-прежнему считает компанию ничем не лучше Гегемонии.",,"Рабочие и сотрудники компании неустанно пытаются оживить мертвый мир Mairaath. Пока их усилия принесли немного результата, но Sindrian Fuel продолжает работу. Особый интерес компании к извлечению старых технологий из огромных руин прошлых циклов привлек нежелательное внимание местных: силы безопасности вынуждены держать периметр вокруг рабочих зон. И хотя планета все еще корчится в бурях и хаосе, у Sindrian Fuel нет намерений останавливаться.",
,,,,,
station_port_tse_sindrian_fuel,CUSTOM,"Одна из самых ценных жемчужин в сети станций Sindrian Fuel: Port Tse сохраняет статус популярного места для самых разных сомнительных персонажей. После появления волтёрнский лобстер в местных ресторанах и закусочных станция переживает новый деловой бум. Ходят даже разговоры о визите Волтёрн-и, волтёрнский лобстер в легендарный коктейль-бар Level 25!",,,
,,,,,
station_lost_astropolis_sindrian_fuel,CUSTOM,"После успешной операции по захвату астрополиса у прежних владельцев Sindrian Fuel приступила к планам по его оживлению и переоборудованию в очередную франшизную станцию компании. Пока эти планы в работе, Совет безопасности держит под контролем систему Mayasura: фиксирует ущерб станции и отговаривает всех желающих повторить попытку захвата астрополиса.",,,
,,,,,
# hybrasil system,,,,,
planet_culann_sindrian_diktat,CUSTOM,"Несмотря на значение Culann как военной опоры Tri-Tachyon, Sindrian Fuel Company видит в планете меньше практической пользы. Значительная часть военных фондов уже радостно изъята Советом исследований и разработок, и даже Совет безопасности присутствует здесь ограниченно. В отличие от остальной компании, Львиная гвардия держит на планете крупный контингент для контроля военных баз. С Culann это соединение наносит удары по соперникам, используя восстановленные технологии из глубин планеты ради «мира и процветания» Sindrian Fuel Company.",,"Лаборатории Culann были фактически разграблены Советом исследований и разработок: ученые и исследователи забрали все, что успели, и вернулись в комфортные офисы на Sindria. Для остальной части планеты Львиная гвардия поддерживает постоянное наблюдение за системой с бывших военных баз Tri-Tachyon.",
,,,,,
planet_eochu_bres_sindrian_fuel,CUSTOM,"Бывший бюрократический центр Tri-Tachyon, Eochu Bres теперь служит главным заправочным узлом Sindrian Fuel Company в системе Hybrasil. Один из менеджеров Совета труда занял пост планетарного администратора, поселившись в тех же сияющих башнях, откуда раньше правила Tri-Tachyon.",,"Многие жители блестящих аркологий Xanadu бежали, когда силы безопасности Sindrian Fuel пришли захватывать город. В нижнем городе патрули ходят вместе с ребрендированными охранными дронами. Совет труда ведет агрессивную кампанию найма через политику «Тяжёлый труд и честная работа», привлекая тысячи работников, которым нужна стабильная занятость. Рекрутинговые офисы переполнены людьми, ищущими постоянную работу.",
,,,,,
planet_donn_sindrian_diktat,CUSTOM,"Одинокий древний мир, по данным ранних роботизированных зондов сектора сформировавшийся не в системе Hybrasil, а захваченный ею сотни миллионов лет назад. Donn получил статус объекта низкого-среднего интереса из-за легко доступных залежей тяжелых металлов. Совет труда, решив продолжать здесь операции, использует в добыче местную фауну Donn. Вид кремниевых кольчатых, прозванный Oreworm, поглощает породу и выделяет уже очищенную руду. Поскольку по размеру они сопоставимы с домашними питомцами, Совет рекламы уже начал вводить их в новые рекламные кампании.",,,
,,,,,
planet_cethlenn_sindrian_fuel,CUSTOM,"Замерзший мир аммиачных рек, плато водяного льда и метановых ледников. Заряженные частицы, пойманные магнитным полем Balar, создают фантастические полярные сияния в тонкой атмосфере Cethlenn. Совет рекламы развернул здесь локальные мощности, используя эти сияния как фон для многочисленных роликов Sindrian Fuel.",,,
,,,,,
# arcadia system,,,,,
planet_nomios_sindrian_diktat,CUSTOM,"Грязный аммиачный снег в виде резких бурь падает из тонкой атмосферы Nomios, но сугробы невелики и в основном расчищаются от бронированных посадочных доков правящей компании дронами-краулерами. Совет по человеческим ресурсам (нет, не тем самым!) каталогизирует и архивирует бесчисленных криоспящих для психопрофилирования и потенциального пробуждения. Хотя большинство продолжает спать, HR уже разбудил тех, кого сочли ценным усилением компании. И не задавайте лишних вопросов, почему большая часть отправленных на Sindria для интеграции также получила пометку «biologically compatible». Очевидно, Исполнительный Менеджер Заправок просто хочет убедиться, что будущим сотрудникам будет легко адаптироваться к корпоративной жизни.",,,
,,,,,
planet_agreus_sindrian_fuel,CUSTOM,"Когда-то крупный центр разборки кораблей в этом районе сектора, теперь значительно сокращен Sindrian Fuel Company ради следующей франшизной станции. На базе существующей инфраструктуры рабочие теперь сосредоточены на том, чтобы клиенты в системе Galatia получали фирменное синдрианское антиматерийное топливо и сопутствующие товары.",,"Столетиями содранные корпуса звездных кораблей лежат на давно остывших лавовых морях и реголитовых равнинах этого бесплодного мира. Некоторые особо радиоактивные реакторные ядра оставлены в карантинных котлованах, заметных по фону на дальних сканах. Совет труда направляет большую часть рабочей силы на поддержку местной франшизной станции. Тем временем Совет исследований прочесывает старые остовы и платит большие деньги любому рабочему, нашедшему что-то действительно ценное.",
,,,,,
station_arcadia_sindrian_fuel,CUSTOM,"Захваченная Sindrian Fuel Company бывшая станция Гегемонии теперь служит передовым узлом безопасности Совета безопасности. Сейчас обсуждается полное обновление станции с переводом в фирменную ливрею Sindrian Fuel. Пока же силы безопасности патрулируют систему Arcadia, защищая потенциальных клиентов как от ревнивых конкурентов, так и от пиратов.",,,
,,,,,
# galatia system,,,,,
planet_ancyra_sindrian_diktat,CUSTOM,"Сухой старый мир с вялым магнитным полем, частично лишенный летучих веществ солнечным ветром. Есть признаки, что когда-то планета была покрыта мелкими теплыми морями: выцветшие соляные дюны, странные башни и гряды уникально кристаллизованного кремнезема, а также несколько соленых водоносных слоев, которые используют поселенцы. Совет труда считает Ancyra идеальным местом для главной франшизы Sindrian Fuel в системе Galatia, однако проект уже сопровождают завышенные ожидания и слухи о откатах для менеджеров компании.",,,
station_ancyra_sindrian_diktat,CUSTOM,"Ancyra Station — одна из последних площадок под совместным управлением Совета образования и Совета исследований, где перспективные сотрудники помогают разрабатывать и доводить новейшие технологии и методы Sindrian Fuel. Пост канцлера здесь остается предметом ожесточенной борьбы между двумя советами, и текущий формат совместного владения не удовлетворяет ни одну сторону. Это также одно из немногих мест с минимальным присутствием Совета рекламы: коммерциализации здесь мало, чтобы сотрудники и стажеры не теряли фокус на задачах.",,,
,,,,,
station_derinkuyu_sindrian_fuel,CUSTOM,"Признанная Sindrian Fuel Company нерентабельной, Derinkyuu Mining Station превратилась в форпост Львиной гвардии Андрады. Парамилитарные силы готовятся к операциям быстрого реагирования против потенциальных угроз. И точно не для слежки за остальной системой.",,,
,,,,,
# magec system,,,,,
planet_tibicena_sindrian_fuel,CUSTOM,"Шахты Tibicena продолжают щедро выдавать и рабочую силу, и руду. Хотя Совет труда постоянно напоминает работникам о важности «Тяжёлый труд и честная работа», патрулям безопасности все чаще приходится реагировать на недовольных сотрудников, не желающих поддерживать корпоративный лозунг.",,,
station_achaman_sindrian_fuel,CUSTOM,"Хотя приход Sindrian Fuel Company изменил приоритеты системы Magec-Achamen, Achaman Station по-прежнему остается крупным портом притяжения для покупателей и продавцов со всего сектора. Среди моря фирменного мерча компании многие привычные торговцы все еще на месте. На Achaman Station по-прежнему можно найти почти все — просто теперь нужно чуть внимательнее смотреть за баннерами и рекламой.",,,
,,,,,
station_maxios_sindrian_fuel,CUSTOM,"Когда-то крупный узел добывающих операций в Диске, эта станция после коллапса Maxios была заполнена беженцами, а комплекс переработки превратился в гражданскую среду обитания. Ценой отчаянной стойкости и тяжелого труда беженцы построили не только новое общество, но и легкую промышленную экономику, питаемую разрозненными космическими фермами и независимыми добытчиками. Nova Maxios защищалась милицейским флотом и считала себя правопреемницей Maxios Chapter, но была слишком мала, чтобы заставить крупные фракции признать эти претензии.

После официальной интеграции в Sindrian Fuel Company Nova Maxios пережила радикальные изменения. Милицейский флот исчез, его место заняли силы безопасности Sindrian Fuel при поддержке групп быстрого реагирования Львиная гвардия. Промышленная экономика также была частично демонтирована: рабочие теперь в основном обслуживают сервисную экономику местной франшизной станции. Те, кто не хочет работать на компанию, сталкиваются с вытеснением и давлением, подталкивающим искать «лучшие места» где-то еще.",,,
,,,,,
station_kantas_den_sindrian_fuel,CUSTOM,"Kanta's Den кипит активностью. Сотрудничавший с Андрадой в прошлом, Исполнительный Менеджер Заправок назначил Канту управляющей франшизой всей звездной системы Magec-Achaman. Под ее контролем станция стала главным узлом дозаправки для всех клиентов Sindrian Fuel в регионе. Хотя Совет безопасности сомневается в лояльности Канты компании, Совет рекламы уже готовит новые ролики, где Franchise Manager Kanta продвигает различные продукты Sindrian Fuel.",,,
,,,,,
# tia system,,,,,
planet_ogre_sindrian_diktat,CUSTOM,"Ogre представляет для Sindrian Fuel Company странный вызов. Хотя в системе Tia почти нет реальной клиентской базы, компания все равно развернула здесь операции. Большинство назначенных сотрудников живет в орбитальных хабах вдали от поверхности, и лишь немногие продолжают наземные работы. Для многих это место хуже даже Cruor, и сюда обычно попадают самые невезучие.",,,
,,,,,
# naraka system,,,,,
planet_chitagupta_sindrian_diktat_fuel,CUSTOM,"Не желая оставлять конкуренту по топливу свободный доступ к клиентам, Sindrian Fuel Company развернула здесь собственные операции, чтобы покупателям предлагались «лучшие варианты» дозаправки. Хотя Гегемония обвиняет эту станцию в том, что она лишь прикрытие для атак на конвои, Sindrian Fuel утверждает, что проект не имеет военного характера, а все силы безопасности в районе нужны исключительно для защиты местной франшизы.",,,
,,,,,
planet_nachiketa_sindrian_diktat,CUSTOM,"Бывшая штаб-квартира Nachiketa Fuel Traders, Incorporated. После долгой и жестокой битвы Sindrian Fuel Company вытеснила конкурента с планеты. Захватив AM-топливные мощности, Nachiketa теперь производит антиматерийное топливо бренда Sindrian Fuel и сопутствующие товары.",,"Некогда прославленные антиматерийные производственные комплексы Гегемонии наконец перешли в руки Sindrian Fuel Company, а Nachiketa Fuel Traders, Incorporated отправлена в изгнание после поражения от Великий топливный флот. Как только новости дошли до Sindria, Верховный Главнокомандующий Президент Исполнительный Менеджер Заправок Филлип Андрада лично объявил национальный праздник. Подорвав производственные возможности Гегемонии, Sindrian Fuel быстро внедрила политику «Тяжёлый труд и честная работа», предложив населению «возможность» работать на настоящем топливном предприятии. Совет рекламы вел прямые трансляции по всему пространству компании, показывая очереди желающих записаться в Sindrian Fuel. Только не спрашивайте, почему эти очереди охраняют так много вооруженных солдат: они, конечно же, просто защищают людей от прогегемонистских мятежников.",
,,,,,
planet_yama_sindrian_diktat,CUSTOM,"После высадки на Yama гражданское правительство передало контроль над планетой Sindrian Fuel. Теперь гражданская инфраструктура и объекты находятся под управлением компании, а население «пожинает плоды» ее присутствия. Пока рекламные ролики провозглашают превосходство синдрианского антиматерийного топлива над всеми прочими брендами, дружелюбные силы безопасности следят, чтобы людям было «спокойно». На Yama абсолютно ничего плохого не происходит. Совсем ничего.",,,
,,,,,
planet_yami_sindrian_diktat_fuel,CUSTOM,"Sindrian Fuel Company открыла небольшую франшизу на этом мире, используя его планетарные условия. Основной товар луны — AM-топливо напрямую с Sindria. Другие политии системы почти не интересуются луной, считая ее лишь складом топлива: его можно купить при скачке цен в других местах или захватить в военное время.",,,
,,,,,
# al gebbar system,,,,,
planet_epiphany_sindrian_diktat,CUSTOM,"Сразу после захвата Epiphany Sindrian Fuel Company в кабинетах Синдрии началось бурное обсуждение. Споры о том, есть ли смысл держать колонию с такой низкой отдачей, не утихают, пока восстания Путников Лудда продолжаются без видимых признаков затухания. Совет безопасности открыто выступает за эвакуацию колонии и передачу ее Путникам, считая бесконечные атаки черной дырой для кадров и кредитов компании.",,,
,,,,,
# aztlan system,,,,,
planet_chicomoztoc_sindrian_fuel,CUSTOM,"Chicomoztoc получил «новую жизнь» как свежий актив Sindrian Fuel Company. Говорят, что сам Андрада передавал обращение жителям аркологий во время высадки сил безопасности, призывая видеть в компании не захватчиков, а освободителей от некомпетентного военного управления Гегемонии. Аркологии одна за другой подчинялись, но очаги сопротивления остаются. По слухам, сам Верховный Гегемон Дауд остался на планете и лично ведет сопротивление против Sindrian Fuel Company. Пока же компания продолжает работу, а лозунг «Тяжёлый труд и честная работа» проверяется на прочность в самом сердце Гегемонии.",,"Хотя многие аркологии продолжают работать почти в обычном режиме под властью Sindrian Company, часть анклавов по-прежнему держится. Упорные гегемонистские боевики атакуют силы безопасности компании, и против наиболее тяжелых ударов уже направлены подразделения Львиная гвардия. Верховный Гегемон Байкал Дауд сохраняет командование, ведя в бой и остатки регулярных сил планеты, и почти бесконечные волны ополчения в попытке вернуть мир. Пока стороны застыли в патовой ситуации, а Sindrian Fuel продолжает эксплуатацию заправочной станции на орбите.",
,,,,,
planet_coatl_sindrian_fuel,CUSTOM,"Из бесчисленных бункеров глубоко под поверхностью Coatl Совет безопасности координирует все перемещения корпоративных флотов в системе. Базу также делит контингент Львиная гвардия, готовый стать «молотом» по любой враждебной угрозе, слишком опасной для обычных сил безопасности.",,,
station_coatl_sindrian_fuel,CUSTOM,Под контролем компании Coatl Station используется сразу в двух ролях: как одна из франшиз Sindrian Fuel для поставок качественного топлива потенциальным клиентам и как узел безопасности Совета безопасности для координации флотских перемещений в системе.,,,
,,,,,
# thule system,,,,,
planet_kazeron_sindrian_fuel,CUSTOM,"Корабли регулярно прибывают и уходят с Kazeron, а его кузницы работают на полной мощности. Sindrian Fuel Company контролирует рабочие процессы, а Совет труда круглосуточно направляет персонал туда, где он нужен больше всего.",,"Из нанокузниц Kazeron сходят новые корабли. Совет труда Sindrian Fuel координирует работы по постройке более современных и эффективных судов как для безопасности, так и для коммерции. От скромных Dram до благородных супертанкеров Prometheus — Kazeron стал жизненной артерией судоходного бизнеса Sindrian Fuel Company.",
,,,,,
planet_eldfell_sindrian_fuel,CUSTOM,"Бесплодный мир, известный кластером необычно активных гипервулканов Grettir. Совет рекламы Sindrian Fuel уже использовал Grettir как фон в ряде рекламных кампаний.",,"После захвата планеты Экологический совет Sindrian Fuel сделал неожиданное открытие: рудные шахты, о существовании которых все говорили на Eldfell, оказались полностью выдуманными. Ни одно геологическое обследование не выявило даже следов пригодной руды в коре планеты. Разочарованный отсутствием стратегической ценности, Совет рекламы все же нашел применение миру, используя кластер гипервулканов Grettir как эффектный фон для роликов Sindrian Fuel.",
,,,,,
station_thulian_sindrian_fuel,CUSTOM,"После разгрома Thulian Raiders силами Sindrian Fuel Company их бывшая станция стала трофеем компании. Получив новую жизнь в роли узла добычи летучие вещества, объект удерживается Sindrian Fuel при поддержке выделенного контингента Львиная гвардия.",,"Силы безопасности компании патрулируют станцию, защищая ее от возможного возрождения угрозы Thulian Raiders. Пока рабочие загружают ценные летучие вещества в транспортные баржи, сырье отправляется на AM-топливные комплексы Sindrian Fuel Company.",
,,,,,
# askonia system,,,,,
planet_nortia_sindrian_fuel,CUSTOM,"Крупный, но ничем не примечательный металлическо-силикатный планетоид в точке L4 у Salus. Когда-то Nortia обслуживал сезонную роботизированную добычу и злоупотребление веществами, пока во время Асконианского кризиса его не захлестнули беженцы. Теперь Sindrian Fuel Company отняла планету у чартистских мятежников.",,"Установив контроль над Nortia, Sindrian Fuel Company объявила введение «надлежащего правопорядка». На место контрабандистов и чартистов поставлены менеджеры из корпоративных советов, а промышленная деятельность продолжается силами рабочих, доставленных извне. Одновременно местное консульство Гегемонии было принудительно закрыто силами безопасности компании.",
,,,,,
planet_umbra_sindrian_fuel,CUSTOM,"Бывшая штаб-квартира Асконианский заправочный консорциум, местной фракции Antis. Раньше условия труда были жесткими из-за гонки дедлайнов в попытках конкурировать с известным на весь сектор синдрианским антиматерийным топливом. Теперь под контролем Sindrian Fuel Совет труда ввел знаменитую политику «Тяжёлый труд и честная работа». Бывшие сотрудники консорциума работают на Sindrian Fuel Company под управлением менеджеров, прибывших прямо с Sindria.",,"Несмотря на суровые условия, новоиспеченные сотрудники Sindrian Fuel Company могут «спокойно работать» под покровом прославленной политики «Тяжёлый труд и честная работа». Они продолжают добывать ценные летучие вещества с поверхности Umbra, после чего сырье отправляется на Sindria для переработки в ценный Sindrian Antimatter Fuel. Даже посетители видят, как эти усердные работники трудятся без остановки, а патрули безопасности обеспечивают их защиту от опасных остатков Antis в системе. И уж точно никто не принуждает их к этому «трудолюбию». Кто вообще посмеет распространять такие явные «лживые слухи»?",
,,,,,
planet_sindria_hegemony_fuel,CUSTOM,"Когда-то штаб-квартира Sindrian Fuel Company, планета Sindria теперь находится под новым управлением. После тяжелой и долгой битвы контроль перешел к Гегемонии. Прежняя символика и система Sindrian Fuel были разрушены и сметены, миллионы жизней перевернуты, а военные патрули Гегемонии работают днем и ночью, чтобы не дать ситуации выйти из-под контроля.",,"Битва за Sindria превратилась в изнуряющую мясорубку без видимого конца. В итоге усилия 98-го Nachiketa Flying Detachment позволили Гегемонии прорвать колоссальную оборону Sindrian Fuel Company. После высадки и снятия бесконечных слоев рекламы худшие опасения Гегемонии подтвердились: Sindrian Fuel Company оказалась не «скромной топливной фирмой», а жесткой военной диктатурой. Ложь о политике «Тяжёлый труд и честная работа» вскрылась, и с каждым новым районом планеты, занятым морпехами Гегемонии, поступают свидетельства ужасающих условий труда. Хотя планета перешла под контроль Гегемонии, а ее топливные мощности — к Nachiketa Fuel Traders, Incorporated, Верховный Главнокомандующий Президент Исполнительный Менеджер Заправок Филлип Андрада по-прежнему ускользает, а Львиная гвардия продолжает бой, атакуя любые корабли Гегемонии, которые удается застать врасплох, во имя своего лидера — Льва Синдрии.",
,,,,,
# eos exodus system,,,,,
planet_tartessus_sindrian_fuel,CUSTOM,"Когда силы безопасности Sindrian Fuel высадились на Tartessus, Совет рекламы уже был готов документировать «освобождение». Последователей Лудда в медиа рисовали как отсталых и живущих в нищете, а захват планеты подавали исключительно в позитивном ключе. Сельские поселения сжигались ради будущих центров занятости, а местные отрасли вытеснялись объектами в поддержку антиматерийного топлива. Миллионы людей были вынуждены переселиться, пока лозунг «Тяжёлый труд и честная работа» разносился повсюду. Верные Лудда в отчаянии, но Sindrian Fuel это не интересует.",,"Старый сухой мир, где доля воды в атмосфере значительно ниже терранского стандарта. Активной тектоники нет; горы сильно эродированы, мелкие моря заилены. Атмосфера и магнитное поле защищают поверхность от звездной радиации. Самые доступные минеральные ресурсы были выработаны в период стремительного хищнического индустриализма вскоре после открытия планеты.",
,,,,,
planet_hesperus_sindrian_fuel,CUSTOM,"Львиная гвардия возглавила операцию по захвату планеты, вступая в бои с Knights of Ludd в разных точках поверхности. Когда силы безопасности пришли закреплять контроль, оказалось, что множество монашеских общин уже выжжено дотла. Официально эти поселения объявлены «несчастными жертвами сопутствующего ущерба».",,"Тлеющие руины бывших монашеских общин видны даже с орбиты. В официальных отчетах говорится, что они попали под перекрестный огонь. Однако по сравнению с районами, где реально действовали Knights of Ludd, многие из этих руин находились слишком далеко от основных боев.",
,,,,,
planet_baetis_sindrian_fuel,CUSTOM,"Вытеснив прежних жителей, Sindrian Fuel Company добавила еще одну «жемчужину» в свою корону антиматерийного топлива. Множество рабочих трудится днем и ночью, добывая ценные летучие вещества для грузовых барж, направляющихся к топливным комплексам на Sindria и в других системах. На поверхности периодически вспыхивают стычки с мятежниками, и Совет безопасности обвиняет Knights of Ludd в поддержке повстанцев.",,,
,,,,,
# tyle system,,,,,
planet_maedeira_sindrian_fuel,CUSTOM,"Небольшой холодный, но пригодный для жизни мир, который планировщики колонизации Домена сочли достаточно незначительным, чтобы разместить здесь топливный комплекс. После перехода под контроль Sindrian Fuel Company местное производство антиматерийного топлива полностью интегрировано в бренд Sindrian Fuel. Все прочие отрасли получили низкий приоритет: основной фокус — выпуск фирменного антиматерийного топлива и сопутствующих товаров.",,"Антиматерийные производственные мощности Madeira работают круглосуточно: капсулы ценного AM-топливо сходят с линий и грузятся на защищенные баржи, уходящие к локальным франшизным станциям Sindrian Fuel и дальше. Рабочим обещают стабильную оплату и даже шанс посетить Volturn при выполнении квот. Из промышленных блоков доносится тропическая музыка — одновременно как «мотиватор» и как непрерывная реклама.",
,,,,,
planet_cibola_sindrian_fuel,CUSTOM,"Древний мир, усеянный останками вулканов, сточенных горячими сухими ветрами до песчаного океана в масштабах планеты. Сохранились лишь отдельные подземные водоносные слои, питающие как минимум одно небольшое соленое море и редкие ущелья с остатками растительности.",,"Народ Cibola, долго страдавший от несчастий, наконец получил облегчение. Sindrian Fuel Company, давний сторонник «Тяжёлый труд и честная работа», объявила своей миссией принести планете процветание. Там, где многие давно опустили руки, Sindrian Fuel обещает стабильность через труд. Усилиями Совета труда и Экологического совета возводятся новые центры цивилизации, где массы людей работают вместе ради светлого будущего. Пусть будущие поколения посмотрят назад и увидят в этом сияющий триумф человечества.

- рекламный ролик Совета рекламы",
,,,,,
# westernesse system,,,,,
planet_fikenhild_sindrian_fuel,CUSTOM,"У Западнесья новый король, и зовут его Sindrian Fuel. Сияющие аркологии заняты силами безопасности компании, пока Совет рекламы налаживает связи с местными студиями голографического развлечения. В работе бесчисленные медиа-планы, включая новый масштабный проект шоу с Волтёрн-и, волтёрнский лобстер в одной из крупнейших студий Fikenhild.",,"Официально титул «короля» в Западнесье все еще существует. Просто Sindrian Fuel Company объявила новым королем саму себя, а один из менеджеров Совета теперь выступает официальным представителем. На вопросы о новом порядке Совет рекламы отвечает, что люди в целом довольны. Не обращайте внимания на слухи, что несогласных массово забирают силы безопасности «для беседы». Зато теперь волтёрнский лобстерs можно есть без пошлин.",
,,,,,
planet_suddene_sindrian_fuel,CUSTOM,"Первые системные исследования отнесли Suddene к вторичным кандидатам на терраформирование: это пустынный мир без замкнутого гидрологического цикла. Моря, сформированные в доколлапсную эпоху терраформинга, медленно просачиваются в глубокие водоносные слои, становясь меньше, солонее и токсичнее для каждого следующего метапоколения геномодифицированного криля. По расчетам, до полного экологического коллапса осталось всего одно-два столетия. Совет рекламы продолжает традицию показывать жителей Suddene фаталистичными романтиками в роликах и рекламных кампаниях.",,"Терраформирование Suddene и связанные с ним караваны водоносных комет были быстро свернуты после Коллапса, когда уцелевшие власти переключили ресурсы на простое выживание. Когда-то подчинявшиеся Fikenhild, теперь жители Suddene подчиняются Sindrian Fuel. Хотя планета по-прежнему движется к полному экологическому краху, Экологический совет бодро заявляет, что мир все равно отлично подойдет для вторичной франшизной станции.",
,,,,,
planet_athulf_sindrian_fuel,CUSTOM,"На Athulf шахтеры продолжают работать в полную силу, а Sindrian Fuel отправляет добытую руду на другие планеты внутри и вне системы. Хотя теперь многие рабочие прибывают извне на специальных баржах «трудового погашения», богатства планеты, как утверждается, идут на благо всей компании и находящихся под ее защитой.",,"Когда-то личное владение короля Westernesse, Athulf теперь находится под контролем Совета труда Sindrian Fuel. Отряды трудовое возмещение «отрабатывают проступки» в рамках политики «Тяжёлый труд и честная работа». И хотя некоторые удивляются, почему для поддержания шахт на полной мощности требуется так много рабочих, Совет труда внимательно отслеживает подобные вопросы и направляет интересующихся к ближайшему патрулю безопасности.",
,,,,,
planet_ailmar_sindrian_fuel,CUSTOM,"Хотя условия для Sindrian Fuel здесь далеки от идеальных, наличие летучие вещества в коре Ailmar привело компанию на эту планету. Местные жители по-прежнему упрямо цепляются за остатки независимости, но нехватка персонала уже замещается рабочими, привезенными извне.",,"После окончательного слома линии независимости Ailmar крепко попал в прибыльный захват Sindrian Fuel Company. Совет безопасности докладывает о ежедневных диверсиях, и для планетарных зачисток непокорных повстанцев все чаще вызывают Львиная гвардия. Ailmaren сопротивляется, но Sindrian Fuel продолжает извлекать выгоду.",
,,,,,
# zagan system,,,,,
planet_mazalot_sindrian_fuel,CUSTOM,"Совет менеджеров Sindrian Fuel Company признал Mazalot проектом с отрицательной доходностью. И все же компания закрепилась на планете на постоянной основе. Из-за исключительно мощного магнитного поля попытки развернуть полноценную франшизную станцию застопорились, а Совет безопасности ведет операции, поддерживая хотя бы тот уровень проекции силы, который позволяет сдерживать многочисленные мятежные группы на поверхности.",,"С появлением Sindrian Fuel бесчисленные фракции и режимы, составляющие Mazalot, наконец получили общую цель. Силы безопасности удерживают жесткий периметр наземных операций, пока на орбите разворачивается инфраструктура для работы в условиях сильного магнитного поля.",
,,,,,
planet_yesod_sindrian_fuel,CUSTOM,"За счет корпоративных вложений AM-топливный комплекс на Yesod сейчас проходит модернизацию. Приводя его к операционным стандартам Sindrian Fuel, компания превращает планету в еще одного поставщика фирменного корабельного топлива для Персеанского сектора. До полного потенциала еще далеко, но топливо с Yesod уже отгружается как внутри системы, так и за ее пределы многочисленным клиентам Sindrian Fuel.",,,
,,,,,
planet_ilm_sindrian_fuel,CUSTOM,"Sindrian Fuel считает Ilm одной из «коронных драгоценностей» по летучие вещества во всем секторе, поэтому захват планеты в пользу компании выглядел естественным шагом. Теперь, когда колоссальные запасы летучие вещества переведены под бренд Sindrian Fuel, рабочие без перерыва заполняют бесконечные конвои и баржи ценным сырьем для дальнейшего преобразования в востребованное антиматерийное топливо бренда Sindrian.",,,
,,,,,
# yma system,,,,,
planet_salamanca_sindrian_fuel,CUSTOM,"После прихода Sindrian Fuel промышленные мощности на Salamanca переданы под прямой контроль Совета труда, а Совет безопасности обеспечивает защиту от атак бывших владельцев на имущество компании. Хотя основной фокус компании — AM-топливо, органические материалы все еще оказываются полезными в производстве различных аксессуаров к AM-топливо и товарной продукции.",,"Из-за шатких отношений с остальной Лигой потеря Salamanca не вызвала большого сочувствия. Пока силы безопасности остаются в повышенной готовности к возможным атакам, Sindrian Fuel стандартизирует рабочую силу и, как заявляется, обеспечивает каждому шанс в рамках политики «Тяжёлый труд и честная работа».",
,,,,,
planet_qaras_sindrian_fuel,CUSTOM,"Хотя Совет менеджеров считает Qaras относительно непримечательным, местные запасы летучие вещества все же сделали планету ценным расширением Sindrian Fuel. После разворачивания локальных франшизных станций для обслуживания системы Yma планета начала регулярно принимать клиентов даже из других систем.",,"Против хорошо подготовленных сил под руководством Львиная гвардия местные наемники и бандитские группировки Qaras не имели шансов. Сразу после захвата Совет труда приступил к приведению планеты к «приемлемым стандартам», а значительная часть криминального элемента была переведена в производительный труд по программе трудовое возмещение.",
,,,,,
planet_hanan_pacha_sindrian_fuel,CUSTOM,"Не стоит подвергать сомнению мудрость Верховного Главнокомандующего Президента Исполнительного Менеджера Заправок Филлипа Андрады. Если ему нужен мир — он его получает. Даже если это мертвый мир вроде Hanan Pacha. Хотя операции продвигаются медленно, Экологический совет обещает вернуть планету в состояние до Второй войны ИИ в течение 100 циклов!",,"Ни как франшизная станция, ни как трудовой актив Hanan Pacha почти ничего не дает, и сложно понять, зачем Sindrian Fuel Company начала здесь программы восстановления. Можно лишь строить догадки, но слухи говорят, что, как еще один мир, уничтоженный planetkiller, Hanan Pacha стал для Андрады личным доказательством: хотя бы одну планету можно вернуть из смерти.",
,,,,,
planet_killa_sindrian_fuel,CUSTOM,"Старые купола постепенно возвращаются в строй, а обломки вывозятся в локальные зоны переработки. До полноценного восстановления планете еще далеко, но присутствие Sindrian Fuel Company, как заявляется, дает шанс однажды вернуть ей состояние до Второй войны ИИ.",,"После того как компания взяла под контроль все операции на Killa, реакция выживших оказалась неоднозначной. Многие рады хотя бы частичному возвращению стабильности, но другие настроены враждебно и яростно пытаются защитить прежний уклад жизни.",
,,,,,
# valhalla system,,,,,
planet_raesvelg_sindrian_fuel,CUSTOM,"Продолжая курс Гегемонии на реиндустриализацию планеты, Sindrian Fuel Company обещает высокооплачиваемые рабочие места жителям, готовым подписать контракт с компанией. Хотя многие уже записались, очаги прогегемонистских рабочих все еще сохраняются. Не останавливаясь, Совет труда завозит сотрудников извне, возвращая к работе бесчисленные купольные города, оставшиеся заброшенными после Коллапса.",,,
,,,,,
station_ragnar_complex_sindrian_fuel,CUSTOM,"Преобразование Ragnar Complex из базы хранения законсервированных кораблей в военный форпост Львиная гвардия Андрады поддержали далеко не все в Совете менеджеров. Особенно настойчиво Совет безопасности требует передать станцию под свою юрисдикцию. Тем не менее контроль остается у Львиная гвардия, и силы быстрого реагирования готовы немедленно подавлять любые попытки Гегемонии вернуть станцию.",,"Ходят слухи, что Оркус Рао, герой Осады Raesvelg, готовит масштабное контрнаступление. Хотя Львиная гвардия заявляет, что адмирал Рао не представляет угрозы, плотность патрулей в системе Valhalla говорит об обратном.",
,,,,,
planet_skathi_sindrian_fuel,CUSTOM,"Настоящая золотая жила по добыче летучие вещества: Sindrian Fuel официально заявила права на планету, аргументируя это тем, что «Tri-Tachyon не нуждается в добыче летучие вещества, поскольку не производит антиматерийное топливо в системе». После разворачивания операций огромные объемы сырья грузятся в баржи, направляющиеся к подконтрольным Sindrian Fuel топливным объектам.",,,
,,,,,
station_mimir_platform_sindrian_fuel,CUSTOM,"Совет безопасности поддерживает постоянную боеготовность вокруг Mimir Platform. Учитывая ценность летучие вещества для бренда Sindrian, любой потенциальной угрозе станции уделяется максимальное внимание, чтобы сохранить бесперебойную работу перекачивающих комплексов.",,,
,,,,,
# samarra system,,,,,
planet_eventide_sindrian_fuel,CUSTOM,"Прежние аристократические поместья-плантации были захвачены Sindrian Fuel Company, и различные советы распределили планету под собственные операции. Даже Львиная гвардия присутствует на поверхности, подавляя оставшихся на планете мятежников, ориентированных на Гегемонию.",,"Когда Eventide пал перед Sindrian Fuel, победную речь, по слухам, произносили на месте старого поместья Верховного Главнокомандующего Президента Исполнительного Менеджера Заправок Филлипа Андрады. Сам Андрада на церемонии не присутствовал, но выступил по трансляции с благодарностью «храбрым мужчинам и женщинам за службу». Остальная планета погружена в нестабильность: ведущие семьи бежали и присоединились к флотам Гегемонии, готовя контрудар по Sindrian Fuel Company.",
,,,,,
planet_sphinx_sindrian_fuel,CUSTOM,"AM-топливный комплекс на Sphinx находится под совместным контролем Совета труда и Львиная гвардия, а его операции существенно расширены для поддержания доминирования Sindrian Fuel. Одновременно Sphinx Naval School (переименованная в Andrada Naval Academy) теперь занимается подготовкой многочисленных рекрутов Львиная гвардия, формируя новое поколение лояльных солдат и сотрудников Верховного Главнокомандующего Президента Исполнительного Менеджера Заправок Филлипа Андрады.",,,
,,,,,
station_tigra_city_sindrian_fuel,CUSTOM,"Добыча летучие вещества стала первым направлением после того, как Совет труда взял под контроль Tigra City. Однако из-за отрицательных результатов по наличию летучие вещества в поясе астероидов Tigra Sindrian Fuel оставила текущие операции в урезанном, ослабленном состоянии.",,,
,,,,,
planet_orthrus_sindrian_fuel,CUSTOM,"Разглядев ценность в «снежных» отложениях летучие вещества на планете, добывающие группы Sindrian Fuel регулярно выходят на сбор максимальных объемов для переработки. После полного цикла обработки сырье отправляется на топливные мощности, где превращается в высокоценное топливо Sindrian Fuel.",,,
,,,,,
# isirah system,,,,,
station_laicaille_sindrian_Fuel,CUSTOM,"Снова завоеванная, Laicaille Habitat сейчас находится в состоянии шаткого «двоевластия» между Советом безопасности Sindrian Fuel и Львиная гвардия. Формально станция поделена 50/50, но обе стороны тратят столько же сил на попытки монополизировать полный контроль, сколько на реальные патрули по системе Isirah. Принуждение, подкуп, пропаганда и даже обычные барные драки — ни одна сторона не готова уступить другой ни крошки влияния, если может этому помешать. По крайней мере, для бурной ночной жизни Laicaille это отличный спектакль.",,,
,,,,,
station_kapteyn_sindrian_fuel,CUSTOM,"Разорвав цепочку пиратских лидеров, контролировавших объект, Kapteyn Starworks получил нового владельца в лице Sindrian Fuel Company. Совет рекламы, работая без остановки над новым имиджем станции, запустил целевую кампанию, продвигающую ее как новейшую франшизная станция для жителей системы Isirah.",,,
,,,,,
# kumari kandam system,,,,,
planet_chalcedon_sindrian_fuel,CUSTOM,"Chalcedon оказался на распутье. После включения в Sindrian Fuel Company Совет исследований настаивает, что сохранение присутствия на планете для изучения местной ксеножизни принесет компании колоссальную прибыль. Остальные советы указывают на очевидное: бесконечные суперштормы на поверхности превращают проект в хронически убыточный расход. Тем не менее упрямая исследовательская группа уже развернула операции — фактически без официального благословения компании.",,"Небольшая команда исследователей Sindrian Fuel Company работает прямо на поверхности планеты. Несмотря на отсутствие полноценной поддержки от компании в целом, они продолжают рисковать жизнью в бесчисленных штормах ради изучения местной ксеножизни. По их словам, когда все секреты будут раскрыты, компания заработает миллиарды. Остальным жителям планеты до этого мало дела: они просто стараются пережить очередную бурю.",
,,,,,
planet_olinadu_sindrian_fuel,CUSTOM,"Планета, богатая летучие вещества: Sindrian Fuel Company отняла контроль над Olinadu у Персеанской Лиги, продолжая монополизировать рынок. Совет труда ревниво удерживает планету под прямым управлением, к раздражению остальных подразделений компании.",,,
,,,,,
planet_kanni_sindrian_fuel,CUSTOM,"Сделав то, что Гегемония долго не могла, Sindrian Fuel Company захватила Kanni у прежних владельцев. Те, кто не успел бежать, «вступили» в Sindrian Fuel в формате трудовое возмещение и теперь работают над оживлением стагнирующего экономического сектора планеты.",,,
,,,,,
# sindrian fuel placeholder,,,,,
planet_placeholder_sindrian_fuel,CUSTOM,"Вытеснив прежних владельцев, Sindrian Fuel Company теперь контролирует эту планету. Патрули безопасности совершают обходы как на орбите, так и на поверхности, поддерживая порядок, пока судьба мира находится в руках Sindrian Fuel.",,,
station_placeholder_sindrian_fuel,CUSTOM,"Заявив станцию собственностью Sindrian Fuel, компания начала переоборудование под франшизный узел для обслуживания бесчисленных клиентов по всему сектору.",,,
,,,,,
faction_capital_placeholder_sindrian_fuel,CUSTOM,"Новейшая штаб-квартира филиала Sindrian Fuel Company: из этой новой высотной позиции компания оказывает значительное влияние на окружающие системы. Старшие менеджеры и их помощники ведут административную интеграцию этого очередного завоевания, а Совет рекламы уже ищет новые площадки для съемок кампаний для свежей аудитории.",,,
,,,,,
# modded systems,,,,,
# IRS naraka,,,,,
planet_chitagupta_sindrian_fuel,CUSTOM,"Контроль над Chitagupta для компании продиктован желанием нарушить работу топливных мощностей Гегемонии на Nachiketa. Не желая оставлять конкуренту свободный доступ к клиентам, франшиза заправки «официально» обеспечивает флотам альтернативу при дозаправке в системе Naraka. Утверждения, что с планеты выходят приватиры для атак на прогегемонистские конвои, объявлены подстрекательскими слухами. Совет труда и Совет безопасности делят равные полномочия над Chitagupta, контролируя климатическую инфраструктуру, гидроэнергетику, рыболовство и другие критичные сектора экономики.",,"Сияющая лазурная гавань среди мрачных окраин Naraka, присутствие Sindrian Fuel на Chitagupta перерезало важный канал снабжения оставшихся колоний Гегемонии в системе.

Будучи прежней штаб-квартирой Iron Shell, бывшие владельцы остаются болезненной занозой: ориентированные на Гегемонию силы продолжают атаковать объекты Sindrian Fuel. Львиная гвардия сталкивается с Iron Sentinels на фоне горящих транспортных барж, пока Совет безопасности реагирует на бесконечные сообщения о нападениях по всей планете. Формально удобства продолжают работать, но в воздухе висит тревога: все ждут, где вспыхнет следующий удар.",
station_chitagupta_sindrian_fuel,CUSTOM,"Когда-то центр гегемонистской торговли, Lekhani station теперь, по решению Sindrian Fuel Company, превращена в «респектабельную» франшизная станция для нужд клиентов системы Naraka. Бесчисленные флотилии со всей системы и из соседних регионов выстраиваются в очереди за возможностью заправить корабли.",,"Несмотря на внешний образ обычной франшизной станции Sindrian Fuel Company, большая часть исходной инфраструктуры Lekhani сохранена. Совет безопасности держит здесь передовую оперативную базу и поддерживает патрули в системе Naraka. Более того, на станции регулярно замечают корабли Львиная гвардия — чаще всего на ремонте и дооснащении перед следующими миссиями.",
,,,,,
planet_yami_sindrian_fuel,CUSTOM,"Официально переименованная в колонию «трудовое возмещение», Yami изменилась мало. Подземные рынки по-прежнему кипят жизнью, только теперь украшены атрибутикой Sindrian Fuel Company. Периодически «менеджеры труда», по слухам, проводят аукционы, продавая «трудовые контракты погашения» тому, кто даст больше, под туманные цели. Известно лишь то, что даже с учетом высокой смертности для такого места «трудящиеся» исчезают тревожно регулярно. Жалобы трудящихся в Совет труда отправляются постоянно, но неизменно «теряются в пути» или вязнут в бесконечной бюрократии Sindrian Fuel.",,"Под контролем Sindrian Fuel Company этот замерзший небесный объект служит колонией «трудовое возмещение» для преступников, должников и бывших клиентов.

Хотя Sindrian Fuel подает такой труд как часть политики «Тяжёлый труд и честная работа», непрерывная реклама и тропическая музыка мало помогают духу и телу тех, кто находится «по контракту».",
,,,,,
# starfed descriptions,,,,,
# octavia viii system,,,,,
planet_scaria_sindrian_fuel,CUSTOM,"Водный и каменистый терранский мир скромной красоты теперь объявлен собственностью Sindrian Fuel Company. Голографическая реклама заливает бесчисленные мегахабы, а баннеры Sindrian Fuel свисают почти с каждой возможной поверхности. Индустрии Scaria, хотя и малоинтересные для большинства Совета менеджеров, продолжают работать и подпитывать компанию своей продукцией. Разрушенная биосфера планеты иногда появляется в рекламе как напоминание, что антиматерийное топливо бренда Sindrian «горит на 10% чище», чем другие бренды.",,"Первым действием Совета безопасности после объявления победы Sindrian Fuel над планетой был захват в объекте High Command утерянной партии фирменных солнцезащитных очков Sindrian Fuel, ранее оказавшейся у Star Federation. После инвентаризации недостачи объявлена награда за возвращение оставшихся очков законному владельцу. Население Scaria этим решением осталось не впечатлено.",
station_scaria_sindrian_fuel,CUSTOM,"Построенная из обломков исследовательского комплекса, Scaria Station размещает старших менеджеров Совета безопасности. Станция нависает над последним покоренным миром Star Federation, а силы безопасности готовы пресечь любые попытки вырвать станцию и планету у новых хозяев. Хотя Совет труда пытался сделать объект более пригодным для торговли, станция остается до зубов вооруженной батареями и кораблями военного класса.",,"Проломив последнюю линию обороны Федерации, Scaria Station приняла новых хозяев. Менеджеры и их помощники из разных советов Sindrian занимают сектора станции под собственные операции. Коридоры и узлы украшены логотипами и знаменами Sindrian Fuel. А в главном доке установлен гигантский голографический образ Верховного Главнокомандующего Президента Исполнительного Менеджера Заправок Филлипа Андрады.

Федерация пала. И трофеи достались победителям.",
,,,,,
planet_cessitoc_sindrian_fuel,CUSTOM,"Захватив производственный комплекс, Sindrian Fuel Company предложила населению Cessitoc «без лишних вопросов» выгодное трудоустройство в качестве сотрудников Sindrian Fuel. Не спрашивайте, что происходит с теми, кто отказывается.",,"Хотя знамена сменились, а в обитаемых зонах непрерывно звучит тропическая музыка, работа идет как обычно. Центры найма встречаются повсюду: плакаты обещают хорошую оплату всем, кто готов к ««Тяжёлый труд и честная работа»». Есть даже обещания участия в корпоративной лотерее с полностью оплаченной поездкой в колонию Sindrian Fuel на выбор (Volturn не входит).",
station_cessitoc_sindrian_fuel,CUSTOM,"Считавшийся угрозой для Sindrian Fuel Company, Fuel Depot 21A теперь находится под законным (по версии самой Sindrian Fuel Company) контролем Sindrian Fuel. Советы компании действуют в связке, чтобы ускорить интеграцию AM-топливной инфраструктуры. В честь включения главной жемчужины системы Octavia VIII в великую AM-производственную империю Sindrian Fuel прошли массовые празднования.",,"На Fuel Depot 21A постоянно патрулируют как регулярные силы безопасности, так и военизированные подразделения Львиная гвардия. Любые посетители станции отслеживаются и мониторятся, чтобы исключить даже попытки диверсий против объекта.",
,,,,,
planet_pale_twin_sindrian_fuel,CUSTOM,"Ранее управляемая независимой администрацией под покровительством Star Federation, планета теперь под контролем Sindrian Fuel Company. Горнодобывающие поселения, переданные под юрисдикцию Совета труда, продолжают добычу сырья уже в интересах Sindrian Fuel.",,"Экологический совет работает непрерывно, пытаясь вернуть в строй жилую инфраструктуру. Однако экстремальная жара планеты делает восстановление крайне медленным. Беженцы продолжают уходить на орбитальную станцию, пока Совет труда напоминает рабочим о важности сохранения трудовой дисциплины.",
station_pale_twin_sindrian_fuel,CUSTOM,"Почти единогласным решением Совета менеджеров Sindrian Rider Station выбрана для преобразования в основную франшизную станцию антиматерийного сервиса в системе Octavia VIII. Хотя до полной конверсии стареющего объекта еще много работы, Совет труда направляет огромные рабочие ресурсы, чтобы завершить операции как можно быстрее.",,"Rider Station стала объектом масштабной программы реконструкции Sindrian Fuel Company. Планируется превратить ее в полноценную франшизную станцию, и Совет труда уже объявил проект «монументальным мероприятием, которое нельзя провалить».",
,,,,,
# uaf descriptions,,,,,
# aoi system,,,,,
uaf_auroria_planet_sindrian_fuel,CUSTOM,"Новейшее пополнение Sindrian Fuel Company, New Auroria сохраняет репутацию действительно красивого мира на фоне мрачного Персеанского сектора. Экологический совет уже ввел меры по сохранению природной привлекательности планеты, а Совет рекламы запустил съемки новых кампаний, используя уникальные особенности мира и его население.",,"Освободите место новым правителям New Auroria. Смещая прежнюю королеву, Sindrian Fuel Company превратила планету в филиальный офис компании в целом. Менеджеры советов открыли здесь свои представительства, и многие уже выбрали планету для долгосрочного проживания. Знамёна с гербом и логотипом компании развешаны повсюду. Голографические статуи Верховного Главнокомандующего Президента Исполнительного Менеджера Заправок Филлипа Андрады стоят на каждой дороге, в каждом парке, в каждом общественном пространстве. На каждом углу звучит тропическая музыка, рекламируя новейшие продукты Sindrian Fuel Company.

Не тревожьтесь, королева.

Компания обеспечит.

Для всех ваших людей.",
,,,,,
,,,,,
uaf_lunamun_planet_sindrian_fuel,CUSTOM,"Львиная гвардия в настоящее время размещает на Lunamun полноценный корпус. Взяв военные объекты под контроль от имени Sindrian Fuel Company, гвардия внимательно следит за системой Aoi, защищая интересы компании и выискивая возможности для дальнейшего расширения ее влияния.",,"Lunamun служит местной штаб-квартирой Aoi-филиала Львиная гвардия Sindrian Fuel Company. Военизированные силы ведут отсюда постоянные патрули, поддерживая непрерывное наблюдение за системой Aoi. Совет исследований и разработок также проявил интерес к андроидам «Neuko»: с Sindria отправлен отдельный научный отряд для изучения машин. Хотя большинство андроидов отключено «для безопасности и исследований», часть все еще используется в работах компании. Говорят, Львиная гвардия даже взяла одного из Neuko в качестве талисмана, присвоив ему статус почетного члена.",
,,,,,
,,,,,
,,,,,
# celestial objection system,,,,,
uaf_favonius_planet_sindrian_fuel,CUSTOM,"Совет рекламы Sindrian Fuel развернул вокруг Favonius бесчисленные кампании. Почти каждая напоминает посетителям: отправляйтесь на Volturn и обедайте в знаменитом на весь сектор Сад волтёрнского лобстера. К несчастью для маркетологов, большинство гостей игнорирует рекламу и продолжает бронировать отпуск именно на Favonius.",,"Считая Favonius угрозой туристической популярности Volturn, Совет менеджеров долго спорил, как поступить с планетой после захвата. Совет труда предлагал полностью перенести туристические мощности в систему Askonia, но расстояние и затраты оказались чрезмерными. Совет исследований и разработок предложил переместить в Askonia саму планету — это почти сразу отвергли как еще более нереалистичное. После нескольких дней споров советы сошлись на одном: просто залить весь мир рекламой Volturn.

Почти все менеджеры сегодня признают, что это не только не увеличило поток на Volturn, но, похоже, дало обратный эффект: посещаемость туристической планеты Askonia заметно снизилась с момента включения Favonius в контроль компании.",
uaf_favonius_station_sindrian_fuel,CUSTOM,"После захвата Sindrian Fuel Company станция Favonius сохранила свою базовую роль главного входного узла к туристическому миру внизу. Теперь, однако, она также обслуживает бесчисленных клиентов Sindrian Fuel, предлагая фирменное AM-топливо, доставленное напрямую с Sindria.",,"На старте реконструкции Совет исполнительных менеджеров хотел полностью перестроить станцию в полноценную франшизная станция системы. Но из-за непрерывного потока туристов, желающих попасть на Favonius, компания ограничилась заменой торговых точек и адаптацией существующей инфраструктуры. Дополнительно в главном конкорсе установлен голографический образ Волтёрн-и, волтёрнский лобстер, напоминающий посетителям не оставлять ценные вещи на борту кораблей.",
,,,,,
# stjarna system,,,,,
hem_fayette_sindrian_fuel,CUSTOM,"Массивный город-станция, производивший огромные объемы AM-топлива для United Auroran Federation, Hem Fayette стал естественной целью экспансии Sindrian Fuel Company. Операцию возглавила Львиная гвардия Андрады: в изнурительном сражении с силами UAF станция была взята после тяжелых боев. Теперь, будучи коронной жемчужиной системы Stjarna, топливо Hem Fayette продолжает течь — но уже в пользу Sindrian Fuel.",,"Формально это главная франшизная станция системы Stjarna, но клиентов, прибывающих на дозаправку в Hem Fayette, обычно перенаправляют на альтернативные точки в системе. Подразделение Львиная гвардия поддерживает порядок на огромной станции-городе, а основная часть сил сосредоточена вокруг AM-производственного комплекса.

Хотя производство не остановлено, ученые Совета исследований и разработок изолировали несколько секций объекта и круглосуточно изучают Servosync Pump. Часть менеджеров Sindrian требует уничтожить насос ради сохранения технологического преимущества по AM-топливу, другие настаивают на изучении его принципов для улучшения собственной производственной методики. Пока странный узел остается на месте, продолжая гудеть в интересах Sindrian Fuel Company.",
,,,,,
# shadowyard descriptions,,,,,
outpost_tiger_sindrian_fuel,CUSTOM,"После того как Outpost Tiger сумел пережить бесчисленные атаки с момента основания Sindrian Fuel Company, станция наконец пала под концентрированным ударом прославленного Великий топливный флот, прорвавшего оборону. После короткого, но кровавого боя Совет безопасности успешно захватил объект у прежних владельцев, закрыв эту давнюю и упорную проблему.",,"Несмотря на полный контроль над станцией, Совет безопасности Sindrian держит на Outpost Tiger постоянный режим повышенной тревоги. Партизанские силы, успевшие закрепиться до прихода основных сил компании, продолжают тревожить патрули. И все же форпост давно перестал быть серьезной угрозой: для сдерживания возрождения контроля SRA изнутри достаточно даже ограниченного контингента безопасности.",
outpost_tiger,CUSTOM,"Изначально всего лишь импровизированная огневая точка для поддержки сил SRA, переброшенных в систему в разгар Асконианского кризиса, Outpost Tiger со временем вырос в крупный военный объект и стал болезненной занозой для Sindrian Fuel Company из-за отказа SRA закупать AM-топливо бренда Sindrian. Несколько попыток выбить защитников уже предпринимались, но объект пока удерживается и продолжает сопротивляться силам безопасности Sindrian Fuel.",,,
planet_jnana_sindrian_fuel,CUSTOM,"Следы орбитальных бомбардировок видны по всей поверхности Jnana, а патрули Sindrian Fuel Company поддерживают плотное присутствие вокруг планеты. Когда-то главный поставщик AM-топлива для SRA, этот коронный мир системы Yajna был захвачен Sindrian Fuel в ходе стремительной молниеносной операции. На поверхности оставлен легкий гарнизон: силы безопасности в основном ограничены защитой критичных топливных комплексов и почти ничем больше.",,"Из-за враждебной биосферы Jnana синдрианские силы безопасности держат гарнизоны только вокруг наиболее важных зон. Во время жестоких боев за захват планеты множество бойцов Sindrian пострадало именно от местной среды: целые группы после контакта с атмосферой переходили в состояние тяжелого психического срыва. Хотя Совет исследований и разработок отчаянно ищет способ подавить этот эффект, значимых прорывов пока нет.",
,,,,,
# vic descriptions,,,,,
vic_megaera_sindrian_fuel,CUSTOM,"Когда-то свалка, перерабатывающий комплекс и AM-топливный завод для Conglomerate и Union, планета недавно была захвачена Sindrian Fuel Company и полностью интегрирована в корпоративную систему. Хотя суровый климат и изоляция делают этот мир крайне непривлекательным рабочим местом, Sindrian Fuel все равно расширяет операции, поддерживая производство AM-топлива на этой ледяной жемчужине системы Empyrean.",,"Несмотря на добавление бодрой тропической музыки и голографических статуй Верховного Главнокомандующего Президента Исполнительного Менеджера Заправок Филлипа Андрады, общее настроение на планете почти не изменилось. Совет рекламы и маркетинга изо всех сил пытается сделать Megaera хотя бы приемлемым местом труда, но никакие джинглы и слоганы не в силах скрыть очевидное: это крайне мрачное место. По опросам девять из десяти работников предпочли бы трудиться на Cruor.",
,,,,,
# MVS descriptions,,,,,
planet_ivar_sindrian_fuel,CUSTOM,"Главный приз системы Vanadium, Fort Ivar недавно был захвачен Sindrian Fuel Company после единогласного решения Совета менеджеров о вторжении на станцию. При поддержке Львиная гвардия Fort Ivar теперь выступает новой коронной жемчужиной доминирования Sindrian Fuel в производстве AM-топлива по сектору.",,"Бесчисленные рабочие, переброшенные со всех территорий Sindrian Fuel Company, круглосуточно обслуживают AM-топливные мощности. Через тяжёлый труд и честная работа Fort Ivar, как заявляется, сбросил прошлое военной крепости и переродился, помогая «объединять сектор» премиальным, но конкурентным по цене AM-топливом бренда Sindrian. Только не обращайте внимания на бесконечные патрули безопасности, регулярно уходящие в глубокие секции орбитальной станции.",
planet_gunmetal_sindrian_fuel,CUSTOM,"Ранее независимая фронтирная полития, Gunmetal теперь находится под контролем Sindrian Fuel. Совет безопасности держит на планете легкий гарнизон, а основное взаимодействие между населением и компанией идет через Совет труда.",,"После поглощения Sindrian Fuel Company Совет труда начал программу перераспределения рабочей силы планеты в «более важные» направления — прежде всего в сектор AM-топливного производства. Из-за этой смены приоритетов исходные отрасли используются все меньше, а многие предприятия фиксируют рекордный отток персонала. По слухам, те, кто отказывается от «щедрого» соцпакета Совета труда, просто исчезают.",
,,,,,
