id,type,text1,text2,text3,notes
,,,,,
prisoner,RESOURCE,"Высокоценный военнопленный. Обменяйте его на станции другой фракции, чтобы улучшить отношения вашей фракции с ней, либо потребуйте выкуп в кредитах.",,,
agent,RESOURCE,"Тайный оперативник, способный вмешиваться в дипломатические отношения других фракций или дестабилизировать их рынки.",,,
saboteur,RESOURCE,"Оперативник-диверсант. Может повреждать резервные флоты на рынках или уничтожать запасы продовольствия.",,,
plastics,RESOURCE,"Синтетические полимеры на углеродной основе, легко формуемые и подходящие для множества применений.",,,
composites,RESOURCE,"Материалы из чрезвычайно прочных волокон органического происхождения, используемые, например, в сверхпроводниках и сверхпрочных конструкционных элементах.",,,
,,,,,
#star_blue,PLANET,"Редкая звезда главной последовательности класса B: еще не гигант, но уже очень яркая и недолговечная.",,,
#star_yellowwhite,PLANET,"Звезда главной последовательности класса F, немного крупнее Солнца.",,,
#star_bluewhite,PLANET,"Звезда главной последовательности класса A, умеренно крупнее Солнца. Температура поверхности — от 7600 до 11 500 K.",,,
star_purple,PLANET,Фиолетовая звезда,,,
star_dark,PLANET,Темная звезда,,,
star_green,PLANET,Зеленая звезда,,,
star_greenwhite,PLANET,Зелено-белая звезда,,,
,,,,,
#tundra,PLANET,"Холодная заснеженная планета, едва достаточно теплая для существования части растительной и (в очень ограниченном объеме) животной жизни, особенно в летние периоды. Большую часть поверхности занимает вечная мерзлота.",,,
#terran-eccentric,PLANET,"Планета, приливно захваченная своей звездой. Грамотное применение солнечных экранов и зеркал позволяет частичную колонизацию и добычу ресурсов даже на дневной и ночной сторонах, однако большая часть населения всё равно сосредоточена в узкой полосе жизни вдоль терминатора.",,,
#barren-desert,PLANET,"Мир, едва пригодный для органической жизни: сухой, с пыльной токсичной атмосферой и сильным солнечным излучением. Чтобы выжить, не говоря уже о процветании вне герметичных куполов, нужен особенно выносливый искусственно выведенный вид.",,,
,,,,,
omnifactory,CUSTOM,"Древний высокоразвитый комплекс эпохи Домена, способный производить (почти) любой корабль или оружие после получения образца для анализа. Омнифабрики мало изучены и крайне желанны.",,,
exerelin_prismFreeport,CUSTOM,"На этой станции расположен уникальный рынок кораблей и оружия высшего класса. Если вас не слишком волнует их происхождение (и хватает денег на огромную наценку), здесь можно найти редкий набор элитных предметов, почти недоступных даже у защищенных военных поставщиков.",,,
,,,,,
nex_defstation,SHIP,"Castellum — легкая орбитальная оборонительная платформа модульной конструкции, несущая внушительную огневую мощь при скромных габаритах. Сравнительно низкая стоимость и простота сборки сделали её распространенной по всему Сектору.",,,
nex_asgard,SHIP,"Станция класса Asgard — полнофункциональная боевая крепость. Она способна сражаться с целыми ударными флотами и выходить из боя лишь с незначительными повреждениями. В её распоряжении огромный арсенал вооружения, четыре полетные палубы, мощные генераторы щитов и наводящие суперкомпьютеры, позволяющие уничтожать эсминцы и фрегаты ещё до того, как они успеют сделать хотя бы один выстрел. Каждый отдельный модуль полностью настраивается, с модульными слотами вооружения и средствами ремонта и перевооружения любых истребителей, какие только есть в Секторе.

Эта модель боевой станции когда-то использовалась Доменом для защиты особо важных объектов — от врат до гиперпространственных входов в населенные системы. Один лишь Asgard способен сорвать удар или вторжение; иначе атакующий рискует быть разорванным бесконечным градом боеприпасов.

Лучший способ победить станцию класса Asgard — сосредоточить огонь по её модулям: их уничтожение снижает подавляющую огневую мощь и может повредить соседние секции. Особенно важны крупные модули с генераторами щитов и полетными палубами, но они же и самые прочные. Рекомендуются ЭМИ-вооружение и мощные живучие торпеды.",,,
,,,,,
nex_museum_ship,CUSTOM,"Этот старый корабль уже не годится для космоса: его разобрали, перекрасили и превратили в космический музей. Туристы платят за возможность осмотреть внутренности корабля и разнообразные экспонаты звёздных странников.",,,
nex_memorial_beacon,CUSTOM,"Этот маяк отмечает место крупного сражения, произошедшего в прошлом. Несколько кораблей оставлены здесь как памятник павшим — огромные надгробия, дрейфующие в безмолвной памяти.",,,
,,,,,
nex_playerOutpost,CUSTOM,"Небольшая космическая станция модульной конструкции, любимая исследователями как полупостоянный склад припасов и прочего имущества в удаленных местах. Имеет минимальную охрану и полагается на скрытность, чтобы избегать мародеров.",,,
,,,,,
nex_silverlight,SHIP,"> обозначение VOX_OMEGA
волевое ядро подготовлено к поглощению
ПОДТВЕРДИТЕ ОТВЕТ",Неопознанное судно,"# В Combat Analysis VM обнаружена непредвиденная ошибка:
#
# EXCEPTION_ACCESS_VIOLATION (0xc0000005) 
# $%&'()*+,-./:;<=>@[\]^`{|}~￠￡\§¨≪￢￣°±´¶・，≫×÷
#
# Планшет Tri-Tachyon: клиентский Tri-OS 11™ (11.1-внутренний режим отладки)
# Проблемный кадр:
# V  [Combat_Analysis+0x69d77]",
nex_alicorn,WEAPON,"""если хочешь жить, ты должен отпустить свою жизнь!""","- Лиловый Возвышенный, во время окружения у [УДАЛЕНО] после AIW1",,
nex_silverlight_dash,SHIP_SYSTEM,"Синхронизирует все системы для мощного рывка вперед, соответствующего любви Лилового Возвышенного к преследованию. Удваивает ускорение времени и маневренность, а получаемый урон снижает вдвое. Во время работы система отключает щит, вооружение и торможение, поэтому наиболее полезна для агрессивного перестроения. Призывает Аспекты и отделяет паразитные Осколки корабля в бою.",Особое,"Удваивает ускорение времени и маневренность. Вдвое снижает получаемый урон. Во время работы отключает щит, вооружение и торможение. Призывает Аспекты и отделяет Осколки в бою.",
,,,,,
,,,,,
,,,,,
,,,,,
# captured planet custom descs,,,,,
,,,,,
planet_jangala_independent,CUSTOM,"Проклятый изумруд системы Корвус сохраняет смертоносную, но богатую биосферу и крепкое население, приспособленное к выживанию в таком ландшафте. Огромные поля обрабатываются удаленными комбайнами, моря прочесываются в поисках ценной продукции, и Джангала остается одним из самых продуктивных источников органики, пищи и ксенобиологических материалов. Несмотря на преобладание луддитского населения, отделение от Гегемонии не поколебало сильную воинственную жилку местных жителей.",,"Герметичные города этого ядовитого мира поразительно безопасны: их патрулируют дисциплинированные силы планетарной обороны, состоящие в основном из бывших служащих Гегемонии. Тех, кого признали непригодными к службе, объединили в «Рыцарей Розы» — военизированную группировку, которую, по слухам, контролирует бывший фельдмаршал, ныне министр обороны планеты. Нападения «Рыцарей Розы» министр обороны неизменно осуждает, а его соратники спешат обещать помощь в ликвидации последствий. Пока считается совпадением, что такие атаки происходят только против тех, кто выступает за менее дружелюбную позицию к Гегемонии.",
planet_jangala_luddic_church,CUSTOM,"Жемчужина системы Корвус считается святой для большинства луддитов; её сплошные джунгли не менее величественны, чем смертоносны. Штормы регулярно раскачивают дикие леса, фауна обычно агрессивна, а флора насыщает биосферу воздушным ядом. Богатства полей и морей охраняет Вечная Стража — бывшие планетарные гвардейцы Гегемонии, теперь защитники всех, от парящих городов до скромных купольных деревень.",,"Роботизированные комбайны продолжают работать, а станция Джангала всё так же ведет выжигательные работы, чтобы удерживать цепкие джунгли подальше от полей и герметичных городов, однако большая часть тяжелой промышленности отключена. Орбитальное выжигание считается необходимым злом, и верующие молятся о прощении всякий раз, когда применяется мощное орудие станции. Суб-пресвитер Орбис часто советуется с лидером Вечной Стражи, бывшим фельдмаршалом планетарных сил, защищая новые и существующие поселения от бандитов и чудищ зелени. Рыцари Лудда и Вечная Стража нередко проводят совместные патрули и учения, но рыцарей не допускают в глубокие джунглевые бункеры Стражи по неясным причинам. Из-за этого между орденами сохраняется недоверие, несмотря на усилия Орбиса.",
planet_jangala_luddic_path,CUSTOM,"Святая длань Божьего гнева объявлена владением Избранных Лудда; Изумруд Корвуса больше не оскверняется еретическим лучом орбитального лазера станции Джангала. Фермы и моря остаются нетронутыми, местная ксеножизнь почти не сдерживается, кроме нескольких святых мест паломничества, за которыми следят Изумрудные Стражи, служащие и храмовой стражей верным Лудду, и опорными пунктами для его священных крестовых походов в удушающую листву Его страшнейшего гнева. Явленная воля Господа уничтожила в джунглях всю еретическую индустрию человека, осмелившуюся ему противиться. Единственным напоминанием о той гордыне остается священное горнило Джангалы, где патеры доказывают, что достойны памяти как святые: адские бойцы Джангалы.",,"Поскольку местоположение адских бойцов неизвестно, крестовые походы патеров дерзко уводят знамя Лудда вглубь джунглей, возводят оборону и дрожащей рукой ждут испытания. Выжившие в этих походах потрясены и рассказывают о фигурах из пылающего инферния, врывающихся через периметр лагерей. Вернувшиеся — живые или мертвые — несут одну общую метку: символ Пути, выжженный раскаленным железом на груди. Верховный крестоносец объявил гибель фельдмаршала первостепенной задачей, ибо тот противится воле Лудда. Даже в храмах шепчутся, что фельдмаршала нельзя убить: демон, попирающий саму смерть. Джангала, святейший полигон испытаний, — земля дьяволов.",
planet_jangala_persean,CUSTOM,"Официальные лица Лиги заявили, что с падением Джангалы ненавистная Гегемония ослабла, а её войска в полном отступлении с планеты, понимая, что это похоронный звон по их империи. Так звучит официальная версия. На поверхности же силам планетарной обороны передают иной сигнал. На этой прекрасной ядовитой планете есть угроза пострашнее мегаштормов, враждебной фауны и токсичной флоры. Вернувшиеся солдаты Лиги описывают её как террористов с пустыми глазами, будто бы без биофильтров. Подобные разговоры объявляют диссидентской пропагандой, как и неофициальное прозвище этих агитаторов — «Токсичные мстители».",,"Каждый день сохраняется угроза терактов: неизвестные нападают на общественные мероприятия и здания, нередко выкрикивая поддержку фельдмаршалу, официально считающемуся мертвым. Лига регулярно отправляет призывников в голодные корни джунглей, чтобы подтвердить его смерть и убедиться, что предполагаемые «Мстители» больше не угроза. Хотя в джунгли Джангалы направлены крупные силы Лиги, многие из них увязли в местности надолго. Создавая постоянные полевые лагеря, комиссары Лиги заставляют призывников подрывать повстанческие тоннели и широко применять зажигательное оружие. Но с наступлением ночи люди пропадают. Обычно их находят либо сражающимися вместе с повстанцами, либо прибитыми к деревьям, облепленными жужжащими насекомыми. На Джангале нет войны.",
planet_jangala_pirates,CUSTOM,"Желанная жемчужина Гегемонии в Персейском Секторе была захвачена бандитским королем Бладстоуном, который сперва ликовал, получив шанс безнаказанно ударить по зеленому самоцвету Корвуса и выжечь всю планету дотла орбитальным лазером станции Джангала. Но из-за слабого понимания оборудования впечатляющее оружие редко бывает работоспособным, и ядовитые джунгли стремительно поглощают некогда ухоженные поля и герметичные города. Страшнее утраты продовольствия, крепостей и торговых центров то, что выживает и процветает в зеленом аду; за характерные биозащитные доспехи пираты прозвали их «Лягушатниками».",,"Пираты не контролируют Джангалу по-настоящему, удерживая лишь полевые аванпосты у зон высадки, расчищенных вручную горелками и мачете. После объявления награды за голову любого «Лягушатника» от пиратского короля орбитальной станции многие высаживались с зазубренным ножом, мечтая уйти на пенсию на райской планете с полным счетом кредитов. Но на рассвете новая партия охотников за головами узнает судьбу прошлой волны. Помимо погибших в бою или на примитивных ловушках, живыми попавшиеся служат предупреждением никогда не охотиться в одиночку: привязанные к деревьям каперы, которым в горло насильно вбили семя местной лозы, и та прорастает за считанные часы. Награда за голову фельдмаршала исчисляется миллионами кредитов, но мало кто решается на такую охоту.",
planet_jangala_sindrian_diktat,CUSTOM,"Изумруд Корвуса подтверждает диктатский девиз ""не делай слишком плохо, не делай слишком хорошо"": и способным, и тем, кого собираются наказать, уготовлена одна судьба. Назначения на Джангалу боятся не из-за токсичной биосферы, апокалиптических ураганов или враждебной ксеножизни; боятся того, что бросает вызов Диктату — открытого неповиновения воле Льва Синдрии, Проклятого 33-го. Считается, что они погибли и слились с местной флорой, превратившись в ходячих мертвецов, сохранивших боевые навыки при жизни. Говорят даже, что пленных уводят вглубь джунглей и скармливают грибам, которые якобы управляют останками солдат.",,"Министерство экологии, отвечающее за сохранение Джангалы при максимально возможной эксплуатации её ресурсов, полностью отрицает слухи о мертвых мятежниках. Даже если такие мрачные сплетни правдивы, Джангала, по мнению Диктата, стоит риска. Бионинженеры Министерства науки и технологий круглосуточно создают фантастические новые формы ксеножизни из бесчисленных существ и растений этого джунглевого мира. Эти абоминации служат источником пищи, любимыми питомцами и охраной элиты. Отборные виды выводят для боя, под чистое дерзкое зрелище. Глубинная ксеножизнь джунглей высоко ценится, но редко попадается. Учёных министерства, не дождавшихся подходящего эскорта в поисках ценных образцов, находят на окраинах джунглей, выжженными до костей и сухожилий. Ходят слухи, что Проклятые контролируют сами джунгли, оставляя силы Диктата в живых лишь ради спортивной охоты на осмелившихся ступить на лесную тропу. Некоторые утверждали, что убивали противника, но труп всегда исчезал, вновь поглощенный джунглями, частью которых он является.",
planet_jangala_tritachyon,CUSTOM,"Сотрудники Tri-Tachyon прозвали Джангалу «Зеленым Адом» не только из-за пышной, но смертельно опасной биосферы, но и из-за того, что осталось от сил обороны Гегемонии на этом зеленом ярусе проклятия. Выжившие бойцы службы безопасности Tri-Tachyon описывают их как тех, кто не боится смерти, и шепотом у кулеров зовут их Рейнджерами Смерти. Подозревается, что преимущественно луддитское население снабжает этих мятежников, поскольку наиболее набожные жители планеты оказались самыми проблемными сотрудниками. В компании даже учитывают обвинения в осквернении святого места при поиске потенциальных сочувствующих.",,"В герметичных городах Джангалы сейчас ведутся исследования по снижению токсичности атмосферы, а станция Джангала сверхурочно выжигает местную флору, создающую едкую ядовитую взвесь над миром. Сотрудники Tri-Tachyon используют станцию для ударов по предполагаемым укрытиям Рейнджеров Смерти; мера новаторская, но пока без подтвержденных результатов, поскольку абсолютная мощь орбитального лазера стирает любой след предполагаемой цели. Попытки наземных операций почти полностью прекращены: тех, кто не погиб в бою, находят ранним утром у окраин населенных центров — подвешенными на шестах без биофильтров.",
planet_jangala_neutral,CUSTOM,"Жемчужина системы Корвус, Джангала обладает богатой местной биосферой. Поля и моря мира, часто скрытые бурлящими циклонами мегаштормов, были крупным источником органического сырья, пищевых продуктов и экзотических ксенобиологических материалов. Почитаемая священной большинством луддитских сект, планета во многом опустела, поскольку население рассеялось по дикой местности.",,"Сначала это был центр ксенобиологических исследований и туризма, но за открытием пришла эксплуатация: миллионы квадратных километров были выжжены и превращены в плантации, обслуживаемые огромными роботизированными комбайнами. Но для человека это не рай — для вылазок на поверхность нужны биофильтры и процедуры дезактивации. Буйные местные джунгли поглотили великие города и обширные фермы, делая их непригодными для жизни, пока местная экосистема пытается вернуть контроль. Небольшие поселения пытаются отвоевать у планеты то, что она лишь недавно отвоевала обратно, а разные фракции борются за господство, среди них и свирепые «Кровавые ястребы», ориентированные на Гегемонию.",
,,,,,
station_jangala_independent,CUSTOM,"Орбитальный мегаполис, верфь и порт; бесспорный космополитический центр цивилизации и культуры системы Корвус, а также база независимых наемных операций для большинства местных систем. Тяжелый коммерческий и военный трафик не стихает ни на минуту.",,,
station_jangala_luddic_church,CUSTOM,"Орбитальный мегаполис, верфь и порт; бесспорный космополитический центр цивилизации и культуры системы Корвус, а также оплот рыцарей Лудда для местных систем. Тяжелый коммерческий и военный трафик не стихает ни на минуту. На станции возникло несколько храмов разных конфессий; люди сообщают о чудесах исцеления и победах после молитв, из-за чего звучат петиции объявить станцию святым местом.",,,
station_jangala_luddic_path,CUSTOM,"Орбитальный мегаполис, верфь и порт; бесспорный космополитический центр цивилизации и культуры системы Корвус, а также резиденция Инквизиции для местных систем. Тяжелый коммерческий и военный трафик не стихает ни на минуту.",,,
station_jangala_persean,CUSTOM,"Орбитальный мегаполис, верфь и порт; бесспорный космополитический центр цивилизации и культуры системы Корвус, а также база военных флотов Персейской Лиги для местных систем. Периодические столкновения между представителями Лиги снижают эффективность операций флота. Тяжелый коммерческий и военный трафик не стихает ни на минуту.",,,
station_jangala_pirate,CUSTOM,"Орбитальный мегаполис, верфь и порт; бесспорный космополитический центр цивилизации и культуры системы Корвус, а также резиденция бандитского короля Бладстоуна, контролирующего пиратские флоты местных систем. Хотя при захвате орбитальный лазер был поврежден, системы жизнеобеспечения всё ещё работают. Тяжелый коммерческий и военный трафик не стихает ни на минуту.",,,
station_jangala_sindrian_diktat,CUSTOM,"Орбитальный мегаполис, верфь и порт; бесспорный космополитический центр цивилизации и культуры системы Корвус, а также штаб Министерства Порядка, откуда министр руководит операциями во всех местных системах и возглавляет кампанию по искоренению повстанцев Джангалы. Тяжелый коммерческий и военный трафик не стихает ни на минуту.",,,
station_jangala_tritachyon,CUSTOM,"Орбитальный мегаполис, верфь и порт; бесспорный космополитический центр цивилизации и культуры системы Корвус, а также узел службы безопасности Tri-Tachyon для местных систем. Работа вооружения в сверхурочном режиме породила у техников Tri-Tachyon устойчивый черный рынок запасных частей. Тяжелый коммерческий и военный трафик не стихает ни на минуту.",,,
station_jangala_neutral,CUSTOM,"Орбитальный мегаполис, верфь и порт; некогда бесспорный космополитический центр цивилизации и культуры системы Корвус, а также центр военного округа Гегемонии в местных системах. Теперь он заброшен и лишь изредка разбирается мародерами, помнящими об опасностях вроде топливных магистралей, электросетей и всё ещё находящихся под давлением модулей.",,,
,,,,,
planet_asharu_hegemony,CUSTOM,"Пустынная планета, продукт неудачного терраформирующего проекта эпохи до Коллапса. Населена горсткой выносливых поселенцев, решительными солдатами и чудаками. Гегемония поддерживает небольшую, но крепкую администрацию: патрули преследуют пиратов и защищают немногие оставшиеся поселения и коммерческую активность. За это их прозвали «Суровыми всадниками».",,"В лучшие времена Ашару считалась образцовым объектом терраформирования: солнечный экран снижал температуру поверхности, а лед, запущенный с лун Барада, оставлял в небе сверкающие шлейфы, выпадавшие дождем. Увы, хаос Коллапса остановил поставки льда, а предполагаемый луддитский саботаж уничтожил экран. Гегемония возродила проект, и хотя реактивация терраформирующей платформы продвигается медленно, работы на поверхности возобновлены: «Суровые всадники» скользят по дюнам как символ надежды, возрожденной во тьме.",
planet_asharu_luddic_church,CUSTOM,"Пустынная планета, продукт неудачного терраформирующего проекта эпохи до Коллапса. Населена горсткой яростно независимых поселенцев, преступников и чудаков. Миром управляет Церковь Галактического Искупления: в каждом поселке и городе возведены высокие каменные крепости, а рыцари Лудда ездят верхом на зверях по накатанным дорогам между фермой, таверной, храмом и городом.",,"В лучшие времена Ашару считалась образцовым объектом терраформирования: солнечный экран снижал температуру поверхности, а лед, запущенный с лун Барада, оставлял в небе сверкающие шлейфы, выпадавшие дождем. Увы, хаос Коллапса остановил поставки льда, а предполагаемый луддитский саботаж уничтожил экран. Но человеческий дух упрям, и под мягким руководством местные жители сумели вырастить выносливые культуры на горных склонах и твердой почве. Это не роскошный мир, но Церковь превозносит добродетельную жизнь, а не жизнь незаслуженного комфорта.",
planet_asharu_luddic_path,CUSTOM,"Пустынная планета, продукт неудачного терраформирующего проекта эпохи до Коллапса. Населена горсткой фанатично преданных священников, крестоносцев и кающихся. Луддитский Путь держит Ашару твердо: вестники Истинного Слова поддерживают Путь Просветления для тех, кто стремится понять Лудда и по-настоящему слиться с Его святой миссией.",,"В лучшие времена Ашару считалась образцовым объектом терраформирования: солнечный экран снижал температуру поверхности, а лед, запущенный с лун Барада, оставлял в небе сверкающие шлейфы, выпадавшие дождем. Увы, хаос Коллапса остановил поставки льда, а предполагаемый луддитский саботаж уничтожил экран. Теперь Ашару бесплодна, за исключением разбросанных наземных храмов, которые поочередно посещают ищущие истинного просветления. Верных ждут испытания: проверка ума, бой, даже воздействие стихии — пока кто-то не будет удостоен видения от самого Лудда.",
planet_asharu_persean,CUSTOM,"Пустынная планета, продукт неудачного терраформирующего проекта эпохи до Коллапса. Её население состоит из тех, кто остался после захвата Ашару Лигой, и представителей младшего дома Филкенхильд, успешно купившего планету на аукционе. Бесплодность мира стала неожиданностью для недавно обанкротившегося дома, выжимавшего из подданных всё до последнего.",,"В лучшие времена Ашару считалась образцовым объектом терраформирования: солнечный экран снижал температуру поверхности, а лед, запущенный с лун Барада, оставлял в небе сверкающие шлейфы, выпадавшие дождем. Увы, хаос Коллапса остановил поставки льда, а предполагаемый луддитский саботаж уничтожил экран. Благодаря усилиям правящего дома Дун местная экономика постепенно растет, и планета стала небольшим форпостом в расширяющейся сфере влияния Лиги.",
planet_asharu_pirates,CUSTOM,"Пустынная планета, продукт неудачного терраформирующего проекта эпохи до Коллапса. Населена горсткой яростно независимых поселенцев, преступников и чудаков. Миром правит Колосс, по слухам вдвое крупнее обычного человека, гладиатор, который получил и свободу, и право править, убив прежнего пиратского лорда. Его верные бойцы собирают дань с пустынных городков.",,"В лучшие времена Ашару считалась образцовым объектом терраформирования: солнечный экран снижал температуру поверхности, а лед, запущенный с лун Барада, оставлял в небе сверкающие шлейфы, выпадавшие дождем. Увы, хаос Коллапса остановил поставки льда, а предполагаемый луддитский саботаж уничтожил экран. В столице Ашару стоит горная крепость, где Колосс правит безраздельно. Могучих зверей, собранных по всему Сектору, и даже абоминации, добытые у Синдрийского Диктата, отдают на бой храбрым гладиаторам ради зрелища и прибыли.",
planet_asharu_sindrian_diktat,CUSTOM,"Пустынная планета, продукт неудачного терраформирующего проекта эпохи до Коллапса. Населена горсткой яростно независимых повстанцев, сотрудниками гражданской защиты и фермерами лишайников. Диктат правит Ашару железной рукой; Министерство патриотизма проводит частые проверки лояльности в поисках «Красных сабель», местного движения сопротивления. Для большинства единственный путь покинуть Ашару — Академия гражданской защиты.",,"В лучшие времена Ашару считалась образцовым объектом терраформирования: солнечный экран снижал температуру поверхности, а лед, запущенный с лун Барада, оставлял в небе сверкающие шлейфы, выпадавшие дождем. Увы, хаос Коллапса остановил поставки льда, а предполагаемый луддитский саботаж уничтожил экран. Инвестиции иссякли, и теперь терраформирующая станция переоборудована в Академию гражданской защиты. Министерство образования и Министерство порядка часто спорят, каких квалифицированных преступников следует перевоспитывать и обучать в академии, а каких отправлять на работы на добывающие объекты Диктата, особенно когда речь идет о местных повстанцах «Красных сабель».",
planet_asharu_tritachyon,CUSTOM,"Пустынная планета, продукт неудачного терраформирующего проекта эпохи до Коллапса. Населена бюрократами, офицерами безопасности и всем обслуживающим персоналом, необходимым для административной сети масштаба целой планеты. Tri-Tachyon забрал Ашару для важнейшей задачи — бумажной работы. Из каждого объекта Tri-Tachyon непрерывно стекаются хвосты финансовых отчетов, жалоб на домогательства и официальных запросов на «прекращение жизненных показателей»; часть файлов ждёт рассмотрения годами и десятилетиями.",,"В лучшие времена Ашару считалась образцовым объектом терраформирования: солнечный экран снижал температуру поверхности, а лед, запущенный с лун Барада, оставлял в небе сверкающие шлейфы, выпадавшие дождем. Увы, хаос Коллапса остановил поставки льда, а предполагаемый луддитский саботаж уничтожил экран. Инвестиции иссякли, и за пределами сияющих городов-монументов корпоративного превосходства выживают лишь немногие стойкие формы жизни, а в коридорах протокола сотрудникам разрешают наслаждаться ботаническими крыльями и мороженым-баром — пока они работают.",
planet_asharu_neutral,CUSTOM,"Пустынная планета, продукт неудачного терраформирующего проекта эпохи до Коллапса. Населена горсткой яростно независимых поселенцев, преступников и чудаков. Единой планетарной администрации не существует: каждое поселение живет по собственным правилам и само себя защищает. Демократические советы с кустарными ополчениями, фермерские коммуны с единственным шерифом, горные крепости с бандитскими легионами — все делают всё, чтобы выжить.",,"В лучшие времена Ашару считалась образцовым объектом терраформирования: солнечный экран снижал температуру поверхности, а лед, запущенный с лун Барада, оставлял в небе сверкающие шлейфы, выпадавшие дождем. Увы, хаос Коллапса остановил поставки льда, а предполагаемый луддитский саботаж уничтожил экран. Инвестиции иссякли, и теперь лишь немногие выносливые формы жизни (включая небольшое число человеческих поселенцев) цепляются за существование в укрытых горах между огромными дюнами, которые постепенно отвоевывают всё, что успели построить.",
,,,,,
planet_garnir_hegemony,CUSTOM,"Толстая ледяная кора этого мира подпитывается криовулканами, усеивающими поверхность. Эти замерзшие пустоши прорезаны эстакадами масс-драйверов со времен, когда летучие элементы этого мира добывались в огромных масштабах для терраформирования в других частях системы. Разрозненные аванпосты фиксируют метеорологические явления, а снабжение сбрасывается для программы «Галатия за рубежом», предлагающей продвинутые курсы от экологии до арктической войны.",,,
planet_garnir_independent,CUSTOM,"Толстая ледяная кора этого мира подпитывается криовулканами, усеивающими поверхность. Эти замерзшие пустоши прорезаны эстакадами масс-драйверов со времен, когда летучие элементы этого мира добывались в огромных масштабах для терраформирования в других частях системы. На поверхности расположены разрозненные поселения: уютные модули с теплицами, детскими центрами, лавками и прочими постройками, соединенными сильно утепленными туннелями.",,,
planet_garnir_luddic_church,CUSTOM,"Толстая ледяная кора этого мира подпитывается криовулканами, усеивающими поверхность. Эти замерзшие пустоши прорезаны эстакадами масс-драйверов со времен, когда летучие элементы этого мира добывались в огромных масштабах для терраформирования в других частях системы. Массивные генераторы образуют ядро каждого города, обеспечивая тепло и энергию в радиусе действия и через дополнительные узловые генераторы. Морозы люты, но через веру можно пережить бурю. Крепитесь, дети, веруйте! Избранные выстоят!",,,
planet_garnir_luddic_path,CUSTOM,"Толстая ледяная кора этого мира подпитывается криовулканами, усеивающими поверхность. Эти замерзшие пустоши прорезаны эстакадами масс-драйверов со времен, когда летучие элементы этого мира добывались в огромных масштабах для терраформирования в других частях системы. Часть старого оборудования присвоили разрозненные ученики Истинного Пути, проходящие углубленную погодную подготовку с минимальными запасами между ледниками аммиачного льда.",,,
planet_garnir_persean,CUSTOM,"Толстая ледяная кора этого мира подпитывается криовулканами, усеивающими поверхность. Эти замерзшие пустоши прорезаны эстакадами масс-драйверов со времен, когда летучие элементы этого мира добывались в огромных масштабах для терраформирования в других частях системы. Недавние попытки техников Лиги починить эстакады с помощью труда бывших пиратов пока безрезультатны, но унаследованные от прежних владельцев рудники летучих газов оказались очень прибыльными. Растущая экономика азартных игр и предметов роскоши молчаливо терпится.",,,
planet_garnir_sindrian_diktat,CUSTOM,"Толстая ледяная кора этого мира подпитывается криовулканами, усеивающими поверхность. Эти замерзшие пустоши прорезаны эстакадами масс-драйверов со времен, когда летучие элементы этого мира добывались в огромных масштабах для терраформирования в других частях системы. Часть старого оборудования присвоило Министерство Порядка, где осужденные преступники пытаются выполнить норму. Если не справляются, ими распоряжается Министерство науки и технологий.",,,
planet_garnir_tritachyon,CUSTOM,"Толстая ледяная кора этого мира подпитывается криовулканами, усеивающими поверхность. Эти замерзшие пустоши прорезаны эстакадами масс-драйверов со времен, когда летучие элементы этого мира добывались в огромных масштабах для терраформирования в других частях системы. Часть старого оборудования присвоила группа менеджеров среднего звена Tri-Tachyon, которые под плотной охраной надзирают за бывшими пиратами, теперь отрабатывающими долг компании. Крупные корпоративные флоты время от времени заходят сюда, забирая летучие вещества и выгружая новую долговую рабочую силу.",,,
planet_garnir_neutral,CUSTOM,"Толстая ледяная кора этого мира подпитывается криовулканами, усеивающими поверхность. Эти замерзшие пустоши прорезаны эстакадами масс-драйверов со времен, когда летучие элементы этого мира добывались в огромных масштабах для терраформирования в других частях системы. Часть старого оборудования присвоили разрозненные группы выживших, укрывающиеся от нескончаемых штормов.",,,
,,,,,
station_garnir_hegemony,CUSTOM,"Изначально построенная Eridani-Utopia для координации добычи летучих веществ в рамках масштабных терраформирующих проектов, станция перешла под контроль «лоялистов» — солдат, служителей Гегемонии, которые бдительно и жестко защищают своё пространство от пиратов. На борту нужно строго соблюдать законы Гегемонии, если вы хотите надолго оставаться на свободе. Те, кто готов следовать правилам местной власти и оформлять должные бумаги у квартирмейстера, найдут здесь развитый рынок контрактов на экипаж, различных припасов и надежной информации от высоко аккредитованных агентов. Программа «Галатия за рубежом» направляет в Добывающий Депо студентов и преподавателей; станция сама стала растущим университетом, где стремление к знаниям приносит новую надежду.",,,
station_garnir_independent,CUSTOM,"Изначально построенная Eridani-Utopia для координации добычи летучих веществ в рамках масштабных терраформирующих проектов, станция перешла к «независимым» — спейсерам, людям, ищущим свободную жизнь и горячую еду без оглядки на флаг и лояльность. Добывающий Депо укомплектован колонистами Гарнира, которые внимательно следят за погодой планеты и передают актуальные прогнозы укрытым внизу жителям, помня об условиях, способных поставить под угрозу жизнь их друзей и семей. На станции действуют законы Гарнира, и пока их не нарушают, на борт рады всем для торговли припасами и историями. Колонисты регулярно сменяют друг друга на дежурствах, неизменно в приподнятом настроении — и при прибытии, и при возвращении домой.",,,
station_garnir_luddic_church,CUSTOM,"Изначально построенная Eridani-Utopia для координации добычи летучих веществ в рамках масштабных терраформирующих проектов, станция перешла к «рыцарям» — миссионерам, луддитским паломникам, ищущим жизнь без вины и ясность цели. Тем, кто не хочет понести покаяние на борту, следует соблюдать законы Церкви Галактического Искупления; но те, кто готов следовать учению Лудда, получают теплый прием у служителей Его воли. Торговля регулируется, и для живущих внизу, в городах-генераторах, постоянно поддерживаются запасы: новые паровые сердечники и ящики продовольствия, материалов и топлива, чтобы не только поддерживать, но и расширять мерцающие огни человечества в аммиачных бурях. Колонисты собираются в камбузе и залах отдыха, держа личные вещи при себе, когда либо спускаются к новой жизни стойкости, либо отправляются в паломничество к одной из святынь Сектора.",,,
station_garnir_luddic_path,CUSTOM,"Изначально построенная Eridani-Utopia для координации добычи летучих веществ в рамках масштабных терраформирующих проектов, станция перешла к «крестоносцам» — террористам и радикалам, стремящимся навязать Сектору собственный порядок, насаждая волю Лудда кольчугой и винтовкой. Здесь правит закон Истинного Пути: кто хочет пережить пребывание, а тем более добиться успеха в выгодных сделках, обмене информацией и продаже трофеев, обязан соблюдать строгие догматы Луддитского Пути. Те, кто ищет продвинутую экологическую подготовку на планете внизу, сейчас готовятся, закаляя себя и цитируя писание.",,,
station_garnir_persean,CUSTOM,"Изначально построенная Eridani-Utopia для координации добычи летучих веществ в рамках масштабных терраформирующих проектов, станция перешла под управление наемной компании Уткинского полка. Эти почтенные люди Казерона с гордостью ведут администрацию Гарнира и предельно серьезно относятся к ответственности за его производительность. Законы Лиги на станции соблюдаются строго, а координация между размещенными частями работает четко, как и подобает обученным в Казероне. Пока посетители соблюдают законы Лиги и элементарную вежливость, двери открыты для торговли товарами и информацией. Шахтеры с лун Барада собираются здесь, чтобы сбыть добычу, травить байки и просто перевести дух.",,,
station_garnir_sindrian_diktat,CUSTOM,"Изначально построенная Eridani-Utopia для координации добычи летучих веществ в рамках масштабных терраформирующих проектов, станция перешла к «революционерам» — чиновникам министерств и клеркам Диктата, которые беспрекословно служат своим ведомствам и тайно собирают сведения о коллегах по указанию кураторов выше по командной цепочке. Больше всего офисов на борту у Министерства труда, координирующего усилия не только на Гарнире, но и во всей системе. Тем, кто подчиняется строгим законам Диктата, оказывают сдержанный прием, а любые просьбы об обмене информацией или припасами встречают вопросами о лояльности. Паранойя царит не только среди заключенных, ожидающих приговора на добыче летучих веществ, но и среди их охраны и станционных клерков, ставя под угрозу всех на борту.",,,
station_garnir_tritachyon,CUSTOM,"Изначально построенная Eridani-Utopia для координации добычи летучих веществ в рамках масштабных терраформирующих проектов, станция перешла к «инноваторам» — корпоративщикам, сотрудникам, ищущим тихий пост вдали от офисной политики: мирную вахту за мониторными стендами, пока долговые рабочие отрабатывают кредиты компании. Помимо строгого свода корпоративных правил, нужно помнить и негласные правила бравады и позерства, если вы хотите продвинуться в отношениях с внешне респектабельной, но беспощадной управленческой кастой. Долговых рабочих держат в «исправительном содержании»: они настороженно следят за надзирателями, а те — за их маршрутами.",,,
station_garnir_neutral,CUSTOM,"Изначально построенная Eridani-Utopia для координации добычи летучих веществ в рамках масштабных терраформирующих проектов, станцию захватил вакуум: её корпус разрушен, а мародеры ищут ценные компоненты и проводку, упущенные предыдущими группами. На этой мертвой станции нет закона, лишь негласные правила о правах на добычу и уважительной дистанции между старателями. Пока спасательные работы продолжаются, ходят сведения о заброшенных терминалах и ценных безделушках, всё ещё зажатых в ледяной хватке мертвых владельцев; скоро от этого разбитого дома останется только голый каркас, спиралью уходящий в полуночную могилу.",,,
,,,,,
planet_barad_hegemony,CUSTOM,"Состоит преимущественно из водорода и гелия. Температура и давление в ядре экстремальны, но недостаточны для дейтериевого синтеза, который превратил бы планету в коричневый карлик. Военно-морская администрация регулярно проводит в его глубинах летную подготовку в условиях экстремальной погоды, где лихие пилоты учатся избегать смертоносных штормов и гипертурбулентности. Многие перспективные офицеры флота начинают именно как лидеры звеньев в этих опасных тренировках и часто сближаются за матчами в нетбол между вылетами.",,,
planet_barad_independent,CUSTOM,"Состоит преимущественно из водорода и гелия. Температура и давление в ядре экстремальны, но недостаточны для дейтериевого синтеза, который превратил бы планету в коричневый карлик. Различные туристические компании предлагают доступные пакеты для ищущих приключений и восторга: от исследования давно погибших крейсеров до постановочных маломасштабных боев.",,,
planet_barad_luddic_church,CUSTOM,"Состоит преимущественно из водорода и гелия. Температура и давление в ядре экстремальны, но недостаточны для дейтериевого синтеза, который превратил бы планету в коричневый карлик. Мерцающая Игла — огромный раскидистый комплекс, к которому в хаотичных интервалах пристыкованы различные жилые модули; в итоге получается существо с извивающимися «конечностями», чья жизнь складывается из множества искр внутри, пересекающих исполин Барада. Шахтеры молятся перед выходом, зная, что и Лудд, и огни их тесного дома приведут их обратно в безопасность.",,,
planet_barad_luddic_path,CUSTOM,"Состоит преимущественно из водорода и гелия. Температура и давление в ядре экстремальны, но недостаточны для дейтериевого синтеза, который превратил бы планету в коричневый карлик. Разборка списанных станций и брошенных фрегатов — обычное зрелище для тех, кто наводит сенсоры на Барад; пилоты учатся чувствовать корабль как продолжение собственного тела, а молодые новобранцы — штурмовать и зачищать самые разные враждебные среды.",,,
planet_barad_persean,CUSTOM,"Состоит преимущественно из водорода и гелия. Температура и давление в ядре экстремальны, но недостаточны для дейтериевого синтеза, который превратил бы планету в коричневый карлик. Горнодобывающая компания Grayson Manufactories Ltd. была создана для освоения ресурсов Барада. Флоты приходят и уходят, перегружая летучие вещества и иногда — контрактных шахтеров.",,,
planet_barad_pirates,CUSTOM,"Состоит преимущественно из водорода и гелия. Температура и давление в ядре экстремальны, но недостаточны для дейтериевого синтеза, который превратил бы планету в коричневый карлик. Атмосфера вспыхивает, когда пиратские флоты сходятся в смертельных дуэлях — за честь, лидерство, право на редкие артефакты и просто от скуки.",,,
planet_barad_sindrian_diktat,CUSTOM,"Состоит преимущественно из водорода и гелия. Температура и давление в ядре экстремальны, но недостаточны для дейтериевого синтеза, который превратил бы планету в коричневый карлик. Министерство труда контролирует регулярную работу на газовом гиганте и ввело бонусную систему для шахтеров, перевыполняющих нормы. Среди роскошных призов — двойной паек, премиальные пайки (алкоголь, сигареты и т.п.) и даже лицензия на воспитание детей.",,,
planet_barad_tritachyon,CUSTOM,"Состоит преимущественно из водорода и гелия. Температура и давление в ядре экстремальны, но недостаточны для дейтериевого синтеза, который превратил бы планету в коричневый карлик. Корпоративная штаб-квартира ввела конкуренцию между филиалами: отстающих ждут существенные штрафы ради повышения продуктивности. Руководство также внедрило политику открытых дверей для тех, у кого есть жалобы, — в которые их и вытолкнут в открытый космос.",,,
,,,,,
planet_warion_hegemony,CUSTOM,"Излучение ближайшей звезды разоряет поверхность этого мира из-за отсутствия озонового слоя в атмосфере. Существенная геологическая активность отсутствует. Коренных форм жизни нет. Для всех материалов, связанных с аномалиями в Персейском Секторе, существует особая организация, готовая не допустить, чтобы их применение навредило тому, что осталось от столь хрупкого человечества. На этой луне расположен форпост «Сарсапарилла», предназначенный для хранения нейтрализованных аномалий; место считается сравнительно безопасным.",,,
planet_warion_independent,CUSTOM,"Излучение ближайшей звезды разоряет поверхность этого мира из-за отсутствия озонового слоя в атмосфере. Существенная геологическая активность отсутствует. Коренных форм жизни нет. Небольшая полития управляет этим бесплодным миром, где характерный вакуумный костюм стал символом свободы. Союз Вариона проводит совет, избираемый напрямую жителями каждого купольного сообщества; он собирается по вопросам вроде разрешения строительства новых жилищ, осторожной внешней торговли и обороны от сил, желающих расширить свои границы.",,,
planet_warion_luddic_church,CUSTOM,"Излучение ближайшей звезды разоряет поверхность этого мира из-за отсутствия озонового слоя в атмосфере. Существенная геологическая активность отсутствует. Коренных форм жизни нет. Родина Блейда, бывшего рыцаря Лудда и ректора Колледжа Барда. На этой луне можно найти общность, тепло и одну из крупнейших в Секторе коллекций музыки, необходимую каждому растущему музыканту. Подземные пещеры Вариона уникальны для Сектора и придают большинству исполняемой здесь музыки глубокий красивый резонанс.",,,
planet_warion_luddic_path,CUSTOM,"Излучение ближайшей звезды разоряет поверхность этого мира из-за отсутствия озонового слоя в атмосфере. Существенная геологическая активность отсутствует. Коренных форм жизни нет. Глубокие подземные хранилища содержат разнообразную флору и фауну Персейского Сектора, сохраняя их на случай, если их родные миры будут осквернены менее верными гражданами звезд. Красоту величественного творения Лудда нужно уберечь от разрушения теми, кому нет дела.",,,
planet_warion_persean,CUSTOM,"Излучение ближайшей звезды разоряет поверхность этого мира из-за отсутствия озонового слоя в атмосфере. Существенная геологическая активность отсутствует. Коренных форм жизни нет. На Варионе есть несколько поселений и научных объектов. Среди лабораторий выделяется жизнерадостная группа «Клуб Зеленого Пальца», посвященная восстановлению давно утраченных земных сортов растений.",,,
planet_warion_pirates,CUSTOM,"Излучение ближайшей звезды разоряет поверхность этого мира из-за отсутствия озонового слоя в атмосфере. Существенная геологическая активность отсутствует. Коренных форм жизни нет. Эти бывшие колонисты, состоящие из спящих эпохи Домена с независимой жилкой, были выведены Tri-Tachyon из криостазиса. Узнав, что за эту услугу они должны компании огромный долг — трудом или живой тканью, — они подняли вооруженный бунт. Так начался Синдикат.",,,
planet_warion_sindrian_diktat,CUSTOM,"Излучение ближайшей звезды разоряет поверхность этого мира из-за отсутствия озонового слоя в атмосфере. Существенная геологическая активность отсутствует. Коренных форм жизни нет. Родина студии 801: на павильонах этой луны были созданы любимые классические работы вроде «Аскония, наш дом» и «Смерть героя». Министерство патриотизма контролирует каждый аспект производства, порой реквизируя корабли для правдоподобной реконструкции сражений.",,,
planet_warion_tritachyon,CUSTOM,"Излучение ближайшей звезды разоряет поверхность этого мира из-за отсутствия озонового слоя в атмосфере. Существенная геологическая активность отсутствует. Коренных форм жизни нет. Этот мир — дом Alpha-Chan Studios (дочерней компании Tri-Tachyon LTD), небольшого разработчика симуляторов.",,,
,,,,,
planet_gilead_hegemony,CUSTOM,"Мало что изменилось в жизни верующих. Церковь по-прежнему присутствует на земле обетованной детей Лудда, но её власть ограничена местными общинами. Священники подчиняются планетарному администратору и решениям военного совета по всем вопросам. Воды всё так же чисты, дичь всё так же изобильна; сделано всё, чтобы сохранить жемчужину человечества.",,,
planet_gilead_independent,CUSTOM,"Зеленая жемчужина веры гудит от оживления: транспортные шаттлы везут паломников на поверхность и обратно. Хотя индустриализация идет медленно, из хранилища терранских реликвий на Гилеаде вспыхивает бурный рост религий. Сотни верований обретают новых последователей, пока чрезвычайный совет предупреждает граждан об опасности культов. Формально религия отделена от власти, но многие члены совета открыто хвалятся своей верой, закладывая основу постоянной администрации. Старые и новые боги соседствуют в этой мекке Персейского Сектора.",,,
planet_gilead_luddic_path,CUSTOM,"Мертвые качаются на уличных фонарях, на каждом городском углу стоят маскированные каратели Истинного Пути, а громкоговорители каждый час, без пропуска, гремят Истиной. Патеры обрушились на церковных жителей их собственного дома куда яростнее, чем можно было ожидать, показательно карая тех, кто готов к компромиссу или сочувствовал безбожным. Верховный Крестоносец не предлагает иного искупления, кроме чистой смерти: ведь это последние времена.",,,
planet_gilead_persean,CUSTOM,"Колониальные корабли почти ежедневно уходят с орбиты Гилеада, направляясь куда угодно, лишь бы подальше от расколотого мира обетованной земли. Теперь это член Лиги, но за реальный контроль над планетой борются три влиятельные фракции Лиги, ведя открытую войну за полное экономическое владение обширными продовольственными полями, сжигая то, что не могут захватить. Для новоиспеченных граждан Лиги важно лишь одно: их храмы стали полевыми опорными пунктами, дома — бойнями, поля — морем огня. Единство досталось дорогой ценой.",,,
planet_gilead_pirates,CUSTOM,"Когда-то прекрасный садовый мир Гилеад захвачен теми, кого луддитские верующие считают безбожными варварами. Сборище наемных групп, разграбляющих планету, не пытается управлять — они просто берут всё, что могут продать, а затем сбывают рушащиеся руины и рассеянных выживших любому, кто достаточно глуп, чтобы купить кусок «рая». Целые леса тлеют, дороги заливает кровь, пока верующие прячутся от налетчиков или сражаются за крохи оставшегося дома. Всё распадается; центр не удержать; чистая анархия выпущена на волю. И всему приходит конец.",,,
planet_gilead_sindrian_diktat,CUSTOM,"Земля обетованная укутана дымной пеленой: тяжелая промышленность вытесняет коммуны, а Министерство экологии придумывает новые способы эксплуатации природного чуда Гилеада во имя продуктивности. Изображения Лудда вынесены на улицы и разбиты, их заменили бетонные лики Льва Синдрии. По мере вымирания местной флоры и фауны их заменяют новые гибридные образцы из лабораторий Министерства науки и технологий. Для верующих это хуже Конца Времен, ведь у этой новой эпохи не видно конца. Господь, помоги нам всем.",,,
planet_gilead_tritachyon,CUSTOM,"Сияющие столпы стекла и стали прорываются из планеты, как раковые разрастания, пока дьяволы внутри повторяют скверну, изгнавшую человечество со Старой Земли. Фермы скупают новые олигархи, а корпоративных граждан Гилеада подталкивают к крайним мерам ради сохранения домов и самого образа жизни. Корпоративные силы умиротворения теперь регулярно обмениваются огнем с новыми ячейками Патеров, и конца конфликту не видно.",,,
planet_gilead_neutral,CUSTOM,"Венец Пути Пилигрима и святыня луддитских верующих, Гилеад — рай, который, по слухам, соперничал со Старой Землей: той, что была дарована человечеству Богом; той, что человечество осквернило; той, откуда человечество за грехи было изгнано страдать среди звезд. На поверхности в простых условиях живут небольшие человеческие племена, оставляя большую часть мира нетронутой. С орбиты можно и вправду поверить, что планеты не касалась рука человека.",,,
nex_planet_gilead_pked,CUSTOM,"Венец Пути Пилигрима и святыня луддитских верующих, Гилеад когда-то был раем, по слухам соперничавшим со Старой Землей, чью судьбу теперь разделяет. Пыльные бури проходят над руинами луддитских жилищ и соборов, выбеливая кости павших; невинные расплачиваются за грехи виновных.",,,
,,,,,
planet_asher_hegemony,CUSTOM,"Ашер — смертельно холодный и сухой мир покаяния и труда. Апокалиптические пылевые бури затягивают жестокое небо: солнце сперва наливается кроваво-красным, а затем превращается в бесформенное сияние, не дающее ни тепла, ни утешения. Во время Луддитского Пробуждения Церковь, действуя прагматично, перенесла сюда всю тяжелую промышленную базу Гилеада. Храмы веры сохранились, личные святилища при правлении Гегемонии не тронуты, но о новом назначении верфей Ашера официально не говорят. Тех, кто отказывается строить корабли войны, увольняют, но не арестовывают — чтобы не нарушать порядок. Лишь единство цели позволит выиграть вечную войну — за Сектор, за человечество.",,,
planet_asher_independent,CUSTOM,"Ашер — смертельно холодный и сухой мир покаяния и труда. Апокалиптические пылевые бури затягивают жестокое небо: солнце сперва наливается кроваво-красным, а затем превращается в бесформенное сияние, не дающее ни тепла, ни утешения. Во время Луддитского Пробуждения Церковь, действуя прагматично, перенесла сюда всю тяжелую промышленную базу Гилеада. С тех пор эти заводы и лаборатории перешли к CyberSun Industries, крайне конкурентной исследовательско-производственной компании, чьи разработки нередко заставляют говорить о краже интеллектуальной собственности; но, как гласит их лозунг, нет ничего нового под солнцем.",,,
planet_asher_luddic_path,CUSTOM,"Ашер — смертельно холодный и сухой мир покаяния и труда. Апокалиптические пылевые бури затягивают жестокое небо: солнце сперва наливается кроваво-красным, а затем превращается в бесформенное сияние, не дающее ни тепла, ни утешения. Во время Луддитского Пробуждения Церковь, действуя прагматично, перенесла сюда всю тяжелую промышленную базу Гилеада. Производство звездолетов сместилось от судов для перевозки грузов и их защиты к чистой военной индустрии — греху, искупаемому самой суровой плетью плоти и духа, какой требуют эти времена. В крови и молитве нечестивая сталь освящается, а скованные грешники ищут искупления, латая разбитые красные и зеленые корпуса.",,,
planet_asher_persean,CUSTOM,"Ашер — смертельно холодный и сухой мир покаяния и труда. Апокалиптические пылевые бури затягивают жестокое небо: солнце сперва наливается кроваво-красным, а затем превращается в бесформенное сияние, не дающее ни тепла, ни утешения. Во время Луддитского Пробуждения Церковь, действуя прагматично, перенесла сюда всю тяжелую промышленную базу Гилеада. Дом Макмилланов, не самый крупный благородный род Суддена, владеет и управляет и планетой, и ее промышленной базой. Пока глава дома объявляет Лудда ложным идолом и приказывает арестовывать луддитов, солдаты дома почти не слушают его: он стар и немощен. Вместо этого население и стрелки дома Макмилланов прислушиваются к его благородному сыну — скромному и верующему человеку, который слышит нужды своих подданных.",,,
planet_asher_pirates,CUSTOM,"Ашер — смертельно холодный и сухой мир исследований и прагматизма. Апокалиптические пылевые бури затягивают жестокое небо: солнце сперва наливается кроваво-красным, а затем превращается в бесформенное сияние, не дающее ни тепла, ни утешения. Во время Луддитского Пробуждения Церковь, действуя прагматично, перенесла сюда всю тяжелую промышленную базу Гилеада. Луддитское лицемерие уступило холодной практической правде: ныне доминирующие Техноохотники заявили, что двигаться дальше можно лишь используя весь потенциал достижений утраченной эпохи. Используя Ашер как базу операций, группа почти не заботится о происхождении припасов и технологий: иссохшие руки древних мертвецов или ещё теплые трофеи с проходящих конвойных капитанов. Вперед, не считаясь с ценой.",,,
planet_asher_sindrian_diktat,CUSTOM,"Ашер — смертельно холодный и сухой мир покаяния и труда. Апокалиптические пылевые бури затягивают жестокое небо: солнце сперва наливается кроваво-красным, а затем превращается в бесформенное сияние, не дающее ни тепла, ни утешения. Во время Луддитского Пробуждения Церковь, действуя прагматично, перенесла сюда всю тяжелую промышленную базу Гилеада. Хотя луддиты терпели такую индустрию ради высшей цели, им претит работать на ложного пророка, столь гордого и слепого. Пока Министерство труда повышает нормы, а бойцы подавления Министерства порядка продолжают дубинками разгонять разъяренные толпы, среди населения распространяется дерзкий лозунг: ""Мы должны сопротивляться.""",,,
planet_asher_tritachyon,CUSTOM,"Ашер — смертельно холодный и сухой мир смятых мечтаний и тяжелого труда. Жестокие пылевые бури затягивают небо: солнце сперва наливается кроваво-красным, а затем превращается в бесформенное сияние, не дающее ни тепла, ни утешения. Во время Луддитского Пробуждения Церковь, действуя прагматично, перенесла сюда всю тяжелую промышленную базу Гилеада. Верфи и трущобы огромного промышленного массива живут в свете голографической рекламы; рабочие сжимают в грязных руках зарплатные чеки и плетутся к жилблокам или в местные притоны, избалованные выбором.",,,
planet_asher_neutral,CUSTOM,"Ашер — смертельно холодный и сухой мир разбитых небес и разрушенных домов. Апокалиптические пылевые бури затягивают жестокое небо: солнце сперва наливается кроваво-красным, а затем превращается в бесформенное сияние, не дающее ни тепла, ни утешения. Во время Луддитского Пробуждения Церковь, действуя прагматично, перенесла сюда всю тяжелую промышленную базу Гилеада. Заводы замолчали, жилые блоки больше не светятся теплом сообщества, а те, кто не покинул разрушенный мир, теперь борются за выживание по мере истощения ресурсов.",,,
,,,,,
planet_mairaath_hegemony,CUSTOM,"Военные транспорты высадились в сердце огромных метрополий Майраата, когда-то полных жизни. Десятки и десятки отрядов морпехов взяли под контроль поселения, ссылаясь на чрезвычайное право Домена для аннексии мира-трупа. Одни питали сильную ненависть к тем, кто уничтожил Майясурский флот, другие просто радовались пайкам, усиленным патрулям и восстановлению общего правопорядка. Дети Майясуры несут обиду своих предков и при любой возможности атакуют патрули Гегемонии в великой пустыне.",,"Человечество медленно вытекает из руин мёртвых городов, садясь в транспорты, которые доставляют людей в сборные убежища и целые поселки. Перед лицом бурь Гегемония держится крепко, объединяя тех, кто готов сражаться за лучшее будущее.",
planet_mairaath_independent,CUSTOM,"Крупнейшие центральные силы Майраата существуют в высокостенных городах-государствах с очень разными формами правления — от выборных советов до военачальников с железной хваткой. Новая Майясурская Республика продвигает идеалы демократии и свободной торговли; президент Харрисон одинаково использует силу и дипломатию, надеясь вновь войти в Персейскую Лигу после установления полного контроля. Отец Теодор из Луддитской Церкви пытается объединить поселения взаимопомощью и крепкими общественными связями. Майор Саул из Гегемонии контролирует «Буйных Парней», окопавшихся в Лазурной пустыне как боевые клещи, и известен тем, что честно обращается с теми, кого стремится присоединить. Большинство фракций остаются в своих границах, но гильдии и бизнесы, такие как Дорожные Курьеры, уже присутствуют на нескольких территориях.",,"Жизнь жителей Майраата зависит от того, где именно они живут на поверхности: в Сити-Уан она безопасна и упорядочена, но строго регламентирована властью Гегемонии. В Кристальном Оазисе все работают сообща в равных условиях, помогая нуждающимся Церкви. В Центральном Узле и подобных ему республиканских поселениях люди вынуждены конкурировать в экономической модели, обещающей процветание тем, кто много трудится. Оборонительные флоты на орбите Майраата — это кабал торговцев-космолетчиков, активно удерживающих баланс между фракциями, чтобы и дальше извлекать выгоду из легкой торговли с выжившими.",
planet_mairaath_luddic_church,CUSTOM,"Верные должны нести не только свои тяготы, но и бремя грешников — этим принципом руководствовалась Церковь Галактического Искупления, взяв Майраат под контроль. Позорные действия Луддитского Пути искупаются гуманитарной работой Церкви, чьи силы защищают жителей пустыни от бандитов и мегаштормов этого корчащегося призрачного мира. Для многих этих усилий недостаточно, чтобы простить последователей Лудда, и воинственные Сыны Порядка с целеустремленной местью тревожат церковные конвои.",,"Каменные крепости и укрытия из потемневшего дерева возводятся вручную; и стражи, и подопечные ведут жизнь добродетели. Церковь предлагает спасение тем, кто готов поверить в Лудда, и тем, кто готов поверить в себя.",
planet_mairaath_luddic_path,CUSTOM,"Майраат застонал, когда его могилу потревожили те, кто вырыл ее более века назад; шаттлы садились в яростных бурях с тяжестью, которую жители приняли за знак апокалиптического пророчества. Верховный Крестоносец объявил владением Лудда все известные поселения — от пыльных деревень до раскинувшихся городов. Каратели Истинного Пути ходят по всем улицам, а священники провозглашают необходимость уничтожить ложного идола, на котором живут горожане. Жить в костях дьявола — значит искупать грехи предков. Рабы каменоломен, как известно, думают иначе, как и антирабовладельцы Штормрайдеры, атакующие патрули Пути в великой пустыне.",,"Величественные руины прошлого полны привязанных фонарей и шаркающей жизни; Каратели и Штормрайдеры сталкиваются в дюнах и обрушившемся метро. Апокалипсис уже здесь, и лишь полное подчинение себя позволит человечеству заслужить искупление.",
planet_mairaath_pirates,CUSTOM,"Все лоскутные крепости и окруженные стенами рыночные города Майраата подчинены Вечному Императору Мудре, чьи «Убийцы» навязывают его волю огромными колоннами, вооруженными набором кустарных оборонительных средств, и курсируют между поселениями, собирая дань едой, топливом, водой и слугами. Мудра сам платит дань прибывающим флотам каперов, которые охотно позволяют ему иметь личное королевство, пока требования выполняются. Пылевые Бегуны совершенно не принимают положение Майраата: они подрывают колонны и освобождают рабов, к ярости Мудры и раздражению его покровителей.",,"На спинах закованных Мудра строит свою империю, разбирая старую сталь, чтобы перековать города, которые когда-то бросали вызов галактике и ее устройству. Такая гордыня и такие действия неизбежно рождают несогласие, и Пылевые Бегуны держат аванпосты в пещерах и лесах, безнаказанно нанося удары по образу жестокой власти. Многим на Майраате кажется, что этот тупик может длиться вечно: обе стороны слишком привержены своему образу жизни. Но всему приходит конец, и с приближением внешних интересов все чувствуют, что развязка близка.",
planet_mairaath_sindrian_diktat,CUSTOM,"Жизнь на Майраате резко изменилась под властью Диктата. Под знаменем Льва Синдрии на планету пришло единство: глаза в небе и здания министерств в каждом городе. Рост продуктивности обеспечили новые гигантские грызуны от Министерства науки и технологий — рабочие звери, ставшие привычными на рынках и в трудовых лагерях. Для многих разница между Диктатом и Гегемонией несущественна, и старые обиды сохраняет Пустынная Стража, атакующая патрули Диктата там, где видит слабость.",,"Возводятся унылые бетонные многоквартирники, а жилье распределяется через Министерство социальной опеки, пока Министерство порядка контролирует направленный труд осужденных преступников, восстанавливающих общество на обломках некогда великой империи. Диктат — будущее человечества, и хоть Пустынная Стража и ей подобные могут скрываться в руинах и пустошах, остановить прогресс они не смогут. Скоро им негде будет прятаться.",
planet_mairaath_tritachyon,CUSTOM,"Майраат пролежал в руинах больше века, когда сияющие шаттлы доставили корпоративную охрану для закрепления в существующих центрах населения. Новый планетарный губернатор объявил проекты повторного терраформирования, и многие с энтузиазмом откликнулись на помощь. «Красные Мародеры» с этим не согласились, утверждая, что Tri-Tachyon проводит эксперименты на людях и выкапывает массовые захоронения в глубине ледяной пустыни. Разумеется, это ложь: они просто бандиты, ищущие оправдание своей жадности.",,"В обугленных костях мертвой планеты возводятся новые города, а сияющие металлические стены покрываются бодрой рекламой. Tri-Tachyon — яркое новое будущее человечества.",
planet_mairaath_neutral,CUSTOM,"Майраат был опустошен скоординированной операцией Луддитского Пути в цикле 82, превратившей его великолепные орбитальные города-станции в оружие, брошенное на фантастически терраформированную поверхность. Остался обугленный, сломанный мир: тщательно выстроенные погодные паттерны великой майясурской терраформирующей кабалы стали кошмарными бурями, опоясывающими планету и вечно взметающими пепел убитого мира. Без поддержки Персейской Лиги мир перешел от смерти к нежити, а его пенящиеся яростные конвульсии происходят всё чаще.",,"Даже после апокалиптической катастрофы человечество всё еще цепляется за поверхность Майраата, ютясь в разрушенных оболочках павших великих городов под ударами нескончаемых бурь. Единой центральной власти на Майраате почти нет; мародеры и бандиты кочуют среди руин.",
,,,,,
planet_culann_hegemony,CUSTOM,"Старейшие из знаменитых шахт Куланна вскоре после Коллапса были превращены в крупную военную базу Tri-Tachyon, проецировавшую силу по всей внутренней системе Гибразил и в соседние системы. После того как Гегемония закрепила планету, отряды направили в глубинные арсеналы, чтобы выяснить, какое чудовищное оружие корпорация там скрывала. В этих сверкающих залах обнаружили запредельную жестокость: живые тела отдавались «науке» без согласия, искусственные боги творили из жил и костей. Командование сочло, что такие трофеи не должны существовать, не говоря уже об использовании. Все оружейные проекты Tri-Tachyon были прекращены вместе с их преступными директорами и обезумевшими ядрами, питавшими их.",,,
planet_culann_independent,CUSTOM,"Старейшие из знаменитых шахт Куланна вскоре после Коллапса были превращены в крупную военную базу Tri-Tachyon, проецировавшую силу по всей внутренней системе Гибразил и в соседние системы. После роспуска корпоративной хартии Куланна образовавшийся вакуум власти быстро заполнила небольшая дочерняя структура: Donk Corporation прочно заявила о себе как серьезный игрок на рынке удобного персонального питания.",,"Под руководством невидимого CEO по имени Эрл, они, похоже, одержимы ощущением идеального вкуса, которое постоянно ускользает. В большинстве публичных интервью заявлялось о намерении добавлять в знаменитые Donk Pockets быстродействующие лекарства, мутагены и всё более невероятные ингредиенты. Каждый укус — вкусный сюрприз, Donk Co.",
planet_culann_luddic_church,CUSTOM,"Старейшие из знаменитых шахт Куланна вскоре после Коллапса были превращены в крупную военную базу Tri-Tachyon, проецировавшую силу по всей внутренней системе Гибразил и в соседние системы. Рыцари Лудда спустились в глубочайшие арсеналы и оплакивали обнаруженное там извращение. Ответственных за человеческие страдания, найденные в тех нечестивых залах, предали очищающему огню, а их явленных темных богов отправили в пылающую ярость Гибразила.",,"Структура была тщательно обрушена, а молитвы вознесены за души жертв, их мучителей и искривленного разума, который ими руководил. Никогда больше человек не должен страдать от руки соседа ради власти и прибыли. Да простит Господь человечеству ту тьму, к которой оно осмелилось тянуться после Коллапса.",
planet_culann_luddic_path,CUSTOM,"Старейшие из знаменитых шахт Куланна вскоре после Коллапса были превращены в крупную военную базу Tri-Tachyon, проецировавшую силу по всей внутренней системе Гибразил и в соседние системы. Коррупция глубоко проникла в залы той еретической бездны; крестоносцы вернулись на поверхность потрясенными. Перед тем как капитан-генерал ушла со своим отрядом в безмолвную ночь, ее доклад требовал никогда больше туда не входить и уничтожить всё до основания, не оставив искаженного наследия.",,"По рекомендации заранее ввели захваченных ученых, после чего детонировали антиматтерную боеголовку. Воздвигнут мемориал в память о человеческих жизнях, растраченных в тщетной погоне за наследием и властью.",
planet_culann_persean,CUSTOM,"Старейшие из знаменитых шахт Куланна вскоре после Коллапса были превращены в крупную военную базу Tri-Tachyon, проецировавшую силу по всей внутренней системе Гибразил и в соседние системы. Дом Монтань, заметный род из Мадейры, использовал свою долю в топливных рынках Лиги и тот факт, что выделил значительную часть личной гвардии для взятия Куланна, чтобы закрепить планету за собой.",,"Переименованный Мемориальный Институт Монтань — место, где допустимы любые методы извлечения информации, если только результат получен. Электросудорожная терапия в его залах обычное дело, а по слухам от сбежавших пациентов, учреждение пытается раскрыть секреты контроля разума.",
planet_culann_pirates,CUSTOM,"Старейшие из знаменитых шахт Куланна вскоре после Коллапса были превращены в крупную военную базу Tri-Tachyon, проецировавшую силу по всей внутренней системе Гибразил и в соседние системы. В поисках знаний Красноглазый Расмус лично прорвался через корпоративных лоялистов, охранявших ИИ-камеру, а его лейтенанты шли следом. Расмус вошел в камеру один, и через несколько минут раздался выстрел из стрелкового оружия. Войдя внутрь, лейтенанты увидели, что их лидер уничтожил камерное ядро. С тяжелым дыханием ученый пожаловался, что получил неудовлетворительную истину. Центральная администрация Куланна продолжает назначать награды за человека, у которого правильный ответ.",,,
planet_culann_sindrian_diktat,CUSTOM,"Старейшие из знаменитых шахт Куланна вскоре после Коллапса были превращены в крупную военную базу Tri-Tachyon, проецировавшую силу по всей внутренней системе Гибразил и в соседние системы. Пока Министерство порядка и Гвардия Льва срывали операции друг друга на поверхности из-за нехватки общей разведки и взаимного доверия, а Министерство патриотизма заботилось, чтобы в отчетах оставались только хорошие части боев, агенты Министерства науки и технологий работали глубоко в лабораториях Куланна, изымая и изолируя множество удивительных чудес, покоящихся на залитых кровью операционных столах, словно на жертвенных алтарях.",,"Сейчас в лаборатории Куланна не допускают никого, кроме Министерства науки и технологий и лично Филипа Андрады; даже Гвардии Льва вход в эти залы запрещен, и особенно членам любых надзорных комитетов, чтобы не мешать жизненно важному прогрессу для человечества.",
planet_culann_neutral,CUSTOM,"Старейшие из знаменитых шахт Куланна вскоре после Коллапса были превращены в крупную военную базу Tri-Tachyon, проецировавшую силу по всей внутренней системе Гибразил и в соседние системы. Говорили, что глубочайшие арсеналы содержали невероятное оружие на основе тайных технологий, открытых непостижимым озарением ИИ, но полное опустошение так и не подтвердило эти слухи для глаз Сектора. И всё же те, кто рыщет по его выкачанным вакуумом залам, сообщают: в неисследованных глубинах слышен трескучий смех жаждущих богов и крики тех, кто заперт с ними, лишенный смерти в холодной металлической загробной жизни. Изредка в темноте вспыхивает мягкое синее свечение и сразу гаснет. Чем ближе к камере нанокузницы, тем чаще такие явления, поэтому туда пока никто не прорвался.",,,
,,,,,
planet_donn_hegemony,CUSTOM,"Одинокий древний мир, о котором ранние роботизированные зонды Сектора быстро установили, что он сформировался не в системе Гибразил, а был захвачен ею сотни миллионов лет назад. Донн был отмечен как объект низкого или умеренного интереса из-за легкодоступных залежей тяжелых металлов. Дом Robotica — государственной программы боёв дронов в стиле «громовой арены». Здесь модифицированные Borers, форсированные Mining Pods, потрепанные Terminators, разогнанные Wasps и даже блестящие неизвестные модели сходятся в захватывающих поединках, которые заканчиваются, когда дрон обездвижен или удален с арены. Хотя население планеты невелико, бои транслируются по мирам Ядра для миллионов поклонников.",,,
planet_donn_independent,CUSTOM,"Одинокий древний мир, о котором ранние роботизированные зонды Сектора быстро установили, что он сформировался не в системе Гибразил, а был захвачен ею сотни миллионов лет назад. Донн был отмечен как объект низкого или умеренного интереса из-за легкодоступных залежей тяжелых металлов. Дом Official Kite Fan Club — клуба по интересам, где владельцы разных корпусов и конфигураций встречаются, обмениваются историями и даже устраивают гонки на своих любимых Kite.",,,
planet_donn_luddic_church,CUSTOM,"Одинокий древний мир, о котором ранние роботизированные зонды Сектора быстро установили, что он сформировался не в системе Гибразил, а был захвачен ею сотни миллионов лет назад. Донн был отмечен как объект низкого или умеренного интереса из-за легкодоступных залежей тяжелых металлов. Здесь находится Университет Донна, расположенный в столичном жилом куполе планеты — престижный художественный колледж под руководством мягкоговорящего отца Гапона. Многие начинающие художники преодолевают огромные расстояния, чтобы учиться у современных мастеров холста, мелодии и слова.",,,
planet_donn_luddic_path,CUSTOM,"Одинокий древний мир, о котором ранние роботизированные зонды Сектора быстро установили, что он сформировался не в системе Гибразил, а был захвачен ею сотни миллионов лет назад. Донн был отмечен как объект низкого или умеренного интереса из-за легкодоступных залежей тяжелых металлов. Здесь базируется Атлантийская Лига Пейнтбола, куда молодых участников после побед в региональных турнирах доставляют для соревнований в крупных жилых куполах с реконструкциями известных станций и планетарных локаций, таких как Laicaille Habitat и криосанктум Номиоса. Победившие огневые группы получают стипендии в элитных боевых академиях.",,,
planet_donn_persean,CUSTOM,"Одинокий древний мир, о котором ранние роботизированные зонды Сектора быстро установили, что он сформировался не в системе Гибразил, а был захвачен ею сотни миллионов лет назад. Донн был отмечен как объект низкого или умеренного интереса из-за легкодоступных залежей тяжелых металлов. Здесь находится Twilight Resort — любимый и престижный отель, который посещают олигархи Казерона, знать Вестернесса и криминальные боссы Мазалота. Сам курорт поддерживается пестрым набором жилых куполов для персонала, сгруппированных вокруг комплекса, известного также своей комнатой для наблюдения за звездами с безупречным мегаскопом.",,,
planet_donn_sindrian_diktat,CUSTOM,"Одинокий древний мир, о котором ранние роботизированные зонды Сектора быстро установили, что он сформировался не в системе Гибразил, а был захвачен ею сотни миллионов лет назад. Донн был отмечен как объект низкого или умеренного интереса из-за легкодоступных залежей тяжелых металлов. Министерство труда задействовало местную фауну Донна — кремниевый вид кольчатых червей, прозванный Oreworm, — для помощи в добыче и переработке руды. Благодаря способности поедать камень и выделять чистую руду, а также размеру, сопоставимому с большинством домашних питомцев, местные шахтеры полюбили этих существ и часто выбирают себе конкретных червей-компаньонов не только для работы, но и как любимых обитателей дома.",,,
planet_donn_tritachyon,CUSTOM,"Одинокий древний мир, о котором ранние роботизированные зонды Сектора быстро установили, что он сформировался не в системе Гибразил, а был захвачен ею сотни миллионов лет назад. Донн был отмечен как объект низкого или умеренного интереса из-за легкодоступных залежей тяжелых металлов. Неофициально это место известно как самое унылое для работы в Tri-Tachyon, однако здесь формируется настольная игровая сеть, помогающая отвлечь клерков, менеджеров и корпоративных шахтеров от монотонной рутины дня — от средневекового фэнтези до киберпанка.",,,
planet_donn_neutral,CUSTOM,"Одинокий древний мир, о котором ранние роботизированные зонды Сектора быстро установили, что он сформировался не в системе Гибразил, а был захвачен ею сотни миллионов лет назад. Донн был отмечен как объект низкого или умеренного интереса из-за легкодоступных залежей тяжелых металлов. Системы жизнеобеспечения остаются работоспособными, а жители Донна всё ещё выживают благодаря усилиям контрабандистов и гидропонных куполов, однако планетарная власть раздроблена: каждый купол сплотился вокруг собственных лидеров или советов, и у каждого своё мнение, к какой центральной силе примкнуть — и нужно ли примыкать вообще.",,,
,,,,,
planet_nomios_hegemony,CUSTOM,"Грязный аммиачный снег падает из разреженной атмосферы Номиоса порывистыми бурями, но сугробы невелики и в основном расчищаются гусеничными дронами у бронированных посадочных отсеков генерал-хирурга. Криосанктум переоборудован в изолятор для неизлечимых или неоперабельных пациентов, чтобы удерживать критические случаи до тех пор, пока медицинские технологии не догонят их болезни. Во времена крупных конфликтов огромные морозильные блоки используются для хранения боевых потерь, пока для этих граждан не освободится место в операционных залах замерзшего мира.",,,
planet_nomios_luddic_church,CUSTOM,"Грязный аммиачный снег падает из разреженной атмосферы Номиоса порывистыми бурями, но сугробы невелики и в основном расчищаются гусеничными дронами у бронированных посадочных отсеков луддитского хранилища. Верные положили конец паразитическому сбору невинных, но продолжают использовать криосанктум; находящиеся внутри все так же ждут утопии, обещанной Церковью.",,,
planet_nomios_luddic_path,CUSTOM,"Грязный аммиачный снег падает из разреженной атмосферы Номиоса порывистыми бурями, но сугробы невелики и в основном расчищаются гусеничными дронами у бронированных посадочных отсеков форпоста верных. Жертвы «сборщиков» были спасены из лимба, а их пленителей бросили в штормовой вихрь. После спасения узников оборудование было отключено, ибо мы не можем выковать лучшее будущее, если будем ждать, что его создадут другие.",,,
planet_nomios_persean,CUSTOM,"Грязный аммиачный снег падает из разреженной атмосферы Номиоса порывистыми бурями, но сугробы невелики и в основном расчищаются гусеничными дронами у бронированных посадочных отсеков правящего благородного дома. Дом Каванаг, младший благородный род Суддена, получил огромное влияние благодаря владению криосанктумом. Многие больные лорды индустрии и ставшие целями принцы готовы щедро платить за убежище в стазисе, пока их здоровье не восстановят или пока их род не будет в безопасности от клинка убийц. Но некоторые заплатят еще больше за самую трагическую «аварию» в отдельной криокапсуле.",,,
planet_nomios_pirates,CUSTOM,"Грязный аммиачный снег падает из разреженной атмосферы Номиоса порывистыми бурями, но сугробы невелики и в основном расчищаются гусеничными дронами у бронированных посадочных отсеков правящего совета каперов. И заложники, и влиятельные фигуры пиратских флотов удерживаются в стазисе до востребования.",,,
planet_nomios_sindrian_diktat,CUSTOM,"Грязный аммиачный снег падает из разреженной атмосферы Номиоса порывистыми бурями, но сугробы невелики и в основном расчищаются гусеничными дронами у бронированных посадочных отсеков правящего министерства. Министерство социальной опеки проводит экспериментальные криогенные процедуры для больных и испытания новых потенциальных терапий на добровольцах, в основном из Министерства патриотизма. Тем, кто решает пожертвовать телом ради нужд нации, донорство органов и тканей дает множество материальных льгот, которые передаются ближайшим родственникам в случае гибели при извлечении.",,,
planet_nomios_tritachyon,CUSTOM,"Грязный аммиачный снег падает из разреженной атмосферы Номиоса порывистыми бурями, но сугробы невелики и в основном расчищаются гусеничными дронами у бронированных посадочных отсеков уважаемой корпорации. Клиентам дают возможность сбежать в лучшее будущее за символическую плату; пригодные клиенты могут зарабатывать кредиты, добровольно участвуя в фармацевтических испытаниях во время пребывания.",,,
planet_nomios_neutral,CUSTOM,"Грязный аммиачный снег падает из разреженной атмосферы Номиоса порывистыми бурями, но сугробы невелики и в лучшие времена расчищались гусеничными дронами у бронированных посадочных отсеков колонии; теперь эти машины бездействуют и разбросаны по промерзшим коридорам, лишенные назначения и энергии. Криостазисный комплекс работает на множестве резервных систем, так что его пассажиры всё еще в безопасности.",,,
,,,,,
planet_ancyra_independent,CUSTOM,"Анцира — сухой старый мир с вялым магнитным полем, частично лишённым летучих веществ солнечным ветром. Есть свидетельства, что когда-то это был мир мелких теплых морей: выцветшие соляные дюны, странные башни и хребты уникально кристаллизованного кремнезема, а также несколько солоноватых водоносных горизонтов, которые используют поселенцы. Независимое правление привело к тому, что местные власти стали больше тратить на инфраструктуру и субсидии фермерам, обеспечив надежное сообщение между поселениями и городами.",,,
planet_ancyra_luddic_church,CUSTOM,"Анцира — сухой старый мир с вялым магнитным полем, частично лишённым летучих веществ солнечным ветром. Есть свидетельства, что когда-то это был мир мелких теплых морей: выцветшие соляные дюны, странные башни и хребты уникально кристаллизованного кремнезема, а также несколько солоноватых водоносных горизонтов, которые используют поселенцы. Приток специалистов и финансирования от Церкви Галактического Искупления улучшил качество жизни жителей Анциры настолько, что планетарная администрация последовательно открывает новые соборы, музеи и школы в своих городах.",,,
planet_ancyra_luddic_path,CUSTOM,"Анцира — сухой старый мир с вялым магнитным полем, частично лишённым летучих веществ солнечным ветром. Есть свидетельства, что когда-то это был мир мелких теплых морей: выцветшие соляные дюны, странные башни и хребты уникально кристаллизованного кремнезема, а также несколько солоноватых водоносных горизонтов, которые используют поселенцы. Планетарная экономика добилась скромного успеха как туристическое направление: пустыня и ее соляные столбы считаются значимыми для Луддитского Пути, а паломники часто щедры к местным спасотрядам, разыскивающим потерявшихся, обезвоженных искателей духовного опыта.",,,
planet_ancyra_persean,CUSTOM,"Анцира — сухой старый мир с вялым магнитным полем, частично лишённым летучих веществ солнечным ветром. Есть свидетельства, что когда-то это был мир мелких теплых морей: выцветшие соляные дюны, странные башни и хребты уникально кристаллизованного кремнезема, а также несколько солоноватых водоносных горизонтов, которые используют поселенцы. Столица провозглашенного Государства Галатия; пожертвования из Мадейры привели к прочным связям между двумя правительствами и частым празднованиям галатийской культуры, транслируемым на всю планету, а ее военные стали мощным источником гордости молодой нации.",,,
planet_ancyra_pirates,CUSTOM,"Анцира — сухой старый мир с вялым магнитным полем, частично лишённым летучих веществ солнечным ветром. Есть свидетельства, что когда-то это был мир мелких теплых морей: выцветшие соляные дюны, странные башни и хребты уникально кристаллизованного кремнезема, а также несколько солоноватых водоносных горизонтов, которые используют поселенцы. После агрессивного поглощения компанией Bison Steel большая часть населения планеты так или иначе работает на судоразделочную компанию, поскольку корпоративное государство взяло на себя все госуслуги за номинальную плату, в результате чего практически все жители Анциры отрабатывают бесконечный корпоративный долг за проживание, аренду инструментов и право жить на Анцире.",,,
planet_ancyra_sindrian_diktat,CUSTOM,"Анцира — сухой старый мир с вялым магнитным полем, частично лишённым летучих веществ солнечным ветром. Есть свидетельства, что когда-то это был мир мелких теплых морей: выцветшие соляные дюны, странные башни и хребты уникально кристаллизованного кремнезема, а также несколько солоноватых водоносных горизонтов, которые используют поселенцы. Строительство Цитадели Супербия захватило местную промышленность: это гигантский проект, пожирающий бесконечные средства, и местные сомневаются, что его когда-нибудь завершат.",,,
planet_ancyra_tritachyon,CUSTOM,"Анцира — сухой старый мир с вялым магнитным полем, частично лишённым летучих веществ солнечным ветром. Есть свидетельства, что когда-то это был мир мелких теплых морей: выцветшие соляные дюны, странные башни и хребты уникально кристаллизованного кремнезема, а также несколько солоноватых водоносных горизонтов, которые используют поселенцы. Местная промышленность сосредоточена на Монолите — кристаллической башне, спроектированной по образцу легендарных сооружений эпохи Домена. Строительство продолжается, и конца ему не видно.",,,
planet_ancyra_neutral,CUSTOM,"Анцира — сухой старый мир с вялым магнитным полем, частично лишённым летучих веществ солнечным ветром. Есть свидетельства, что когда-то это был мир мелких теплых морей: выцветшие соляные дюны, странные башни и хребты уникально кристаллизованного кремнезема, а также несколько солоноватых водоносных горизонтов, которые используют поселенцы. Центральная власть пошатнулась, но поселения поддерживают местные законы и снабжают многочисленных жителей, слишком занятых обороной от бандитов, чтобы заново установить планетарный контроль.",,,
,,,,,
station_ancyra_independent,CUSTOM,"Станция Анцира — оплот передовых исследований в независимом пространстве и престижное место службы, к которому стремятся выпускники немногих оставшихся университетов миров Ядра. Должность канцлера назначается планетарным администратором, а сам комплекс сосредоточен на разработке новой общеcекторной сети связи, свободной от фонового корпоративного сбора данных.",,,
station_ancyra_luddic_church,CUSTOM,"Станция Анцира — оплот независимых исследований на территории Церкви и престижный пост, к которому стремятся выпускники немногих оставшихся университетов миров Ядра. Должность канцлера находится вне структуры Церкви Галактического Искупления, хотя станция получила щедрое финансирование от филантропов из высших эшелонов организации. Учёные на борту сосредоточены на создании более безопасных практик и инструментов добычи — как орбитальной, так и планетарной.",,,
station_ancyra_luddic_path,CUSTOM,"Станция Анцира — оплот исторических исследований на территории Пути и престижный пост, к которому стремятся выпускники немногих оставшихся университетов миров Ядра. Должность канцлера назначается Верховным Крестоносцем, а институт — важнейший элемент луддитского управления Персейским Сектором. Персонал станции разыскивает утраченные записи и почти забытую историю, одновременно сохраняя даже самые будничные события; все архивы доступны для публичного пользования. Институт следует убеждению: когда сектор забывает историю, он обречен повторять ее.",,,
station_ancyra_pirate,CUSTOM,"Станция Анцира — оплот психологических исследований в свободном пространстве и престижный пост, к которому стремятся выпускники немногих оставшихся университетов миров Ядра. Должность канцлера занимает директор по маркетингу Bison Steel; исследователи компании ищут новые способы усилить синергию своих подрядчиков по разборке кораблей. Последнее исследование показало, что передача музыки в шлемы с учетом психологических профилей снижает аварийность на 40% и даже вызывает напевание во время работы — верный признак удовлетворенности трудом.",,,
station_ancyra_persean,CUSTOM,"Станция Анцира — оплот независимых исследований в пространстве Лиги и престижный пост, к которому стремятся выпускники немногих оставшихся университетов миров Ядра. Канцлер назначается галатийским министром науки; исследователи станции работают над выносливыми сортами культур, доступными очистителями воды и более прочными строительными материалами для общественных работ.",,,
station_ancyra_sindrian_diktat,CUSTOM,"Станция Анцира — жемчужина Министерства образования и престижный пост, к которому стремятся выпускники немногих оставшихся университетов миров Ядра. Должность канцлера занимает исключительно министр образования, который ввел щедрую систему грантов, чтобы привлечь как можно больше молодых умов и не допустить нехватки специалистов у Диктата. Министерство патриотизма часто вмешивается в работу станции, требуя включать в программы периоды жизни Филипа Андрады и курсы о благе государства, но ощутимых результатов это почти не дает.",,,
station_ancyra_tritachyon,CUSTOM,"Станция Анцира — центр корпоративных исследований в пространстве Tri-Tachyon и престижный пост, к которому стремятся выпускники немногих оставшихся университетов миров Ядра. Канцлер назначается лично главным операционным директором компании, а станция часто выпускает новые персональные устройства для многочисленных преданных клиентов корпорации; по слухам, в разработке инновационная версия Tri-Pad. Корабли часто выстраиваются у доков за месяцы до расплывчатых анонсированных событий, надеясь на новый девайс, а не на обычное объявление о патче.",,,
station_ancyra_neutral,CUSTOM,"Станция Анцира — безмолвная исследовательская станция, некогда престижный пост для выпускников немногих оставшихся университетов миров Ядра. С утратой планетарной администрации персонал спешно законсервировал институт, эвакуировал сотрудников и обезопасил архивы. Теперь станция остается на орбите с отключенными системами, но готова быть возвращенной во имя священного дела знания.",,,
,,,,,
station_kantas_den_hegemony,CUSTOM,"Астероидный хабитат был легко взят силами Гегемонии; сопротивление Канты оказалось минимальным, поскольку она ожидала флот вторжения в переговорной. Командующему адмиралу Гегемонии передали десятилетия разведсводок в соответствии с планами Канты и Пятого Бюро. Переписка, уходящая ко временам предательства Лоука, доказала, что пиратская гавань была долгосрочной совместной операцией Бюро и лояльной Канты: собрать максимум полезной информации, прежде чем вернуть станцию к гражданской службе, а Канту — в строй. Адмирал Канта теперь курирует логистические нужды Хабитата M-12, одновременно командуя системными военно-морскими силами в охоте на пиратов.",,,
station_kantas_den_independent,CUSTOM,"Канта видела, как меняются ветра, и обратилась к более легальным способам поддерживать свою небольшую династию, по крайней мере на публике. Контрабандисты тщательнее скрывают следы торговли, а крупные фракции не горят желанием расследовать нарушения. Техническая законность принесла больше торговли в уголок галактики Канты — ценой необходимости держать фасад. Считаясь торговым узлом возрожденной Максиосской Хартии, станция пропускает большинство грузов внутри системы до их конечных пунктов, при необходимости применяя договорной тариф.",,,
station_kantas_den_luddic_church,CUSTOM,"Когда рыцари Лудда приблизились, они обнаружили, что стелс-мины отключены, а бандиты станции опускают оружие. Причина выяснилась, когда они вошли в покои Канты: она заявила, что получила видение от самого Лудда и ищет искупления в Его любящих объятиях. Тронутые её пылом — или не желая стрелять в безоружную пожилую женщину — рыцари позволили Канте сохранить любимое Логово при условии соблюдения писания. Что она, по крайней мере официально, и делает.",,,
station_kantas_den_luddic_path,CUSTOM,"Хабитат быстро пал перед праведным рвением Лудда, и его несколько тысяч обитателей едва не были подвергнуты испытанию Его божественной любовью. Но когда на станцию поднялись вестники суда, гололенты показали прямое обращение самой Канты, предложившей сделку крестоносцам. Она сохраняет управление Логовом и сотрудничает с нуждами Пути, не торгуя запрещенными технологиями. В обмен она не подрывает боеголовку, вваренную в сердце станции и связанную с «мертвецким выключателем», подключенным к её сердцу. Крестоносцы обсудили предложение и решили, что лучше пристально следить за старухой, чем превращать станцию в облако обломков; так пакт был заключен и скреплен.",,,
station_kantas_den_persean,CUSTOM,"Личный состав Лиги удивился, получив входящее сообщение из Логова Канты при сближении, и еще больше удивился, увидев в трансляции Канту с повязкой Персейской Лиги. Провозгласив верность делу Лиги и вечное сопротивление Гегемонии, она быстро получила титул баронессы: прибывший флот вторжения тут же провел официальную церемонию, установил новую службу безопасности станции и убыл к более важным делам. Разумеется, Канта — дама слова, никогда не станет тайно иметь дела с Гегемонией и уж точно не будет подкупать собственных подчиненных.",,,
station_kantas_den_sindrian_diktat,CUSTOM,"Министерство социальной опеки — ведущий департамент на борту Логова Канты, которым руководит сама Канта, когда-то помогавшая молодому Андраде в свержении военачальника Лоука. Лев Синдрии не забывает такую верность, даже если поступок был совершен в краткий миг. Министерство порядка продолжает настаивать, что Канта нелояльна, а Министерство патриотизма регулярно отправляет агентов искать компромат. Поскольку её Логово стало официальной штаб-квартирой Министерства социальной опеки и сама она всё более вероятный кандидат на пост следующего министра ведомства, частота таких проверок только растет.",,,
station_kantas_den_tritachyon,CUSTOM,"Корпоративные посредники быстро заключили с Кантой сделку о включении ее администрации в корпоративные границы Tri-Tachyon, чему помогло то, что никто не знал станцию лучше древней пиратки, в честь которой она названа. Дополнительно, ее имя обладало мощной узнаваемостью в системе. Логово Канты теперь — игорное логово для тех, кто готов тратить по-крупному в Секторе; вход открыт всем, кто платит вступительный взнос. Некоторые говорят, что станция напичкана прослушкой, но таким людям стоит расслабиться, выпить за счет заведения и поделиться парой секретов с персоналом, чтобы подчеркнуть свою важность.",,,
station_kantas_den_neutral,CUSTOM,"Астероидный хабитат был силой захвачен во время краха Максиосской Хартии невероятно амбициозным офицером логистической охраны по имени Канта, которая заключила сделку с местными пиратскими группами и превратила станцию в их защищенную оперативную базу. Станцию прикрывали облако стелс-мин и грубые огневые точки, а сама Канта, которой сейчас почти двести лет, возглавляла небольшую династию, крепко держа «семейный бизнес» под личным контролем. Ее местонахождение неизвестно, но жизненные показатели оставались в зеленой зоне, когда она покинула систему во время уничтожения своего Логова.",,,
,,,,,
planet_ogre_hegemony,CUSTOM,"Бесплодная и сильно облученная, эта планета лишена местной жизни и остается жесткой средой даже для закаленных роботизированных операций из-за колоссальных энергий, обрушивающихся на её поверхность. Жилые комплексы здесь строят глубоко под землей для тех безумцев, кто решается жить здесь, и патриотичные солдаты Гегемонии действительно безумно преданы своему делу. Огр — тюрьма максимальной безопасности: даже если пройти неподкупную охрану, автоматические турели и бессонного надзирателя, для которого работа — бесконечная война, останется задача покинуть планету, жарящую людей как пайки.",,,
planet_ogre_independent,CUSTOM,"Бесплодная и сильно облученная, эта планета лишена местной жизни и остается жесткой средой даже для закаленных роботизированных операций из-за колоссальных энергий, обрушивающихся на её поверхность. Жилые комплексы здесь строят глубоко под землей для тех безумцев, кто решается жить здесь, и контрабандисты Персейского Сектора уже достаточно безумны — можно сказать, это профтребование. Здесь скупщики лома торгуют безделушками Домена и артефактами ИИ-войн, а контрабандисты предлагают подозрительно дешевые оптовые партии товаров, с еще свежей кровью на руках. Берегите кошелек.",,,
planet_ogre_luddic_church,CUSTOM,"Бесплодная и сильно облученная, эта планета лишена местной жизни и остается жесткой средой даже для закаленных роботизированных операций из-за колоссальных энергий, обрушивающихся на её поверхность. Жилые комплексы здесь строят глубоко под землей для тех безумцев, кто решается жить здесь, и живущие здесь и вправду близки к безумию. Огр — лишь часть великого полотна, где мука и скорбь стали красками в великолепной картине нашей реальности. Колония посвящена поиску смысла среди бесконечного горя, чтобы знать: в своей боли ты никогда не один, по-настоящему.",,,
planet_ogre_luddic_path,CUSTOM,"Бесплодная и сильно облученная, эта планета лишена местной жизни и остается жесткой средой даже для закаленных роботизированных операций из-за колоссальных энергий, обрушивающихся на её поверхность. Жилые комплексы здесь строят глубоко под землей для тех безумцев, кто решается жить здесь; это хранители умирающих сердец. Нестабильные реакторы звездолетов Луддитский Путь свозит сюда, используя планету как гигантскую могилу сломанных корпусов и разбитых двигателей. Искупившие себя в борьбе с нечестивым, здесь покоятся священные мертвые. Говорят, по ночам можно услышать их шепот.",,,
planet_ogre_persean,CUSTOM,"Бесплодная и сильно облученная, эта планета лишена местной жизни и остается жесткой средой даже для закаленных роботизированных операций из-за колоссальных энергий, обрушивающихся на её поверхность. Жилые комплексы здесь строят глубоко под землей для тех безумцев, кто решается жить здесь, а высшая каста Лиги и правда безумна — и от селективного разведения, и от интриг залов совещаний. Полития Тиа-Та'ксет управляется опальными принцами, посредственными промышленными лидерами и психопатичными окружными губернаторами; власть сменяется, когда очередного диктатора либо принимают обратно ко двору, либо он бежит к Гегемонии, либо умирает.",,,
planet_ogre_pirates,CUSTOM,"Бесплодная и сильно облученная, эта планета лишена местной жизни и остается жесткой средой даже для закаленных роботизированных операций из-за колоссальных энергий, обрушивающихся на её поверхность. Жилые комплексы здесь строят глубоко под землей для тех безумцев, кто решается жить здесь, и Пустотные Мародеры действительно достаточно безумны, чтобы жить и умирать на этом мертвом мире — по крайней мере так кажется. Они не снимают шлемы, а их корабли при боестолкновении не показывают признаков жизни. По слухам, это неудачный эксперимент: автоматизированные вакуумные скафандры с мумифицированными пилотами.",,,
planet_ogre_sindrian_diktat,CUSTOM,"Бесплодная и сильно облученная, эта планета лишена местной жизни и остается жесткой средой даже для закаленных роботизированных операций из-за колоссальных энергий, обрушивающихся на её поверхность. Жилые комплексы здесь строят глубоко под землей для тех безумцев, кто решается жить здесь, и нужно быть по-настоящему безумным, чтобы оскорбить Льва Синдрии. Лидеров культов, криминальных боссов и революционных мучеников Министерство порядка держит здесь, когда простая казнь создала бы больше проблем, чем решила; и те, кого Андрада лишил благосклонности, так же заключены здесь, охраняя своих поднадзорных.",,,
planet_ogre_tritachyon,CUSTOM,"Бесплодная и сильно облученная, эта планета лишена местной жизни и остается жесткой средой даже для закаленных роботизированных операций из-за колоссальных энергий, обрушивающихся на её поверхность. Жилые комплексы здесь строят глубоко под землей для тех безумцев, кто решается жить здесь, и тех, у кого просто нет другого выбора. Огр используется главным образом как пост скупщиков лома: команды регулярно отправляют отсюда прочесывать останки огромных флотов, бесконечно кружащих в ночном небе. Назначение на Огр считается суровым наказанием, где радиационная защита так же крепка, как вера компании. Для тех, кто готов доплатить, защищенные от радиации общежития стоят всего в пять раз дороже обычного.",,,
,,,,,
planet_chitagupta_hegemony,CUSTOM,"Чиновники Гегемонии пришли к выводу, что текущего военного присутствия в системе Нарака недостаточно после рейда Лиги, оставившего крупнейший НПЗ на Яме в руинах. Местные офицеры снабжения Гегемонии регулярно соперничают с Начикетой за самые качественные военные поставки, поступающие в систему.",,,
planet_chitagupta_independent,CUSTOM,"Оптимистичный стартап взял под контроль операции на этом мире. Изначально они были уверены, что получат огромную прибыль от карьерной добычи, но суровая реальность нищей планеты поставила их на грань банкротства.",,,
planet_chitagupta_luddic_church,CUSTOM,"На этом пустынном мире существует небольшое сообщество беженцев. Недавний кризис на Яме лишил многих жителей домов и работы, и заметная доля пострадавших была луддитами. Церковь, признав их беду, оказала материальную помощь. В ответ значительная часть населения обратилась в веру.",,,
planet_chitagupta_luddic_path,CUSTOM,"Здесь влачит существование небольшая община патеров. Скрываясь между утесами двух гор, они частично избегают потоков жара, так любезно даруемых Наракой. Почти все колонии Пути больше похожи на военные аванпосты, и эта, похоже, не исключение.",,,
planet_chitagupta_persean,CUSTOM,"Чиновники Лиги с радостью расширили влияние в систему Нарака, когда представилась возможность. Хотя колония оказалась исключительно неприбыльной, строящиеся военные верфи, похоже, и были главной целью. Любые обвинения во вторжении в пространство Гегемонии отвергаются со ссылкой на «древнюю» принадлежность планеты Лиге и ранее неслыханную Линию Девяти Систем.",,,
planet_chitagupta_pirates,CUSTOM,"После того как чрезмерно амбициозная компания обанкротилась, добывая ресурсы на этом пустынном мире, шахтеры без промедления штурмовали штаб компании и взяли операции в свои руки. Открыв двери более сомнительным фракциям Сектора, они быстро превратили колонию в центр пиратской активности системы.",,,
planet_chitagupta_sindrian_diktat,CUSTOM,"Диктат, внимательно следящий за своей долей топливного рынка, занял более активную позицию для подавления конкуренции со стороны Гегемонии. Налеты каперов на конвои в системе происходят достаточно редко, чтобы не допустить постоянного полномасштабного конфликта между Диктатом и Гегемонией. Министерства Труда и Порядка имеют равные полномочия над Читагуптой, но ни одно не считает нужным закреплять полный контроль над в остальном бесполезным камнем.",,,
planet_chitagupta_tritachyon,CUSTOM,"Бесчисленные солнечные станции Tri-Tachyon усеивают экватор этой планеты, где за день можно собрать максимум энергии лучей Нараки. Руководство уверено, что в конечном счете проект выйдет в плюс благодаря низким затратам на обслуживание и частым перебоям с энергией на Яме.",,,
,,,,,
planet_nachiketa_independent,CUSTOM,"Этот мир был выбран бюрократами Домена как площадка для одного из секториальных комплексов производства АМ-топлива: кроме выгодного положения на оси расширения к дальнейшим рубежам, особой ценности у него не было. Чиновники Гегемонии были вынуждены передать контроль над планетой гражданской иерархии после постоянных логистических дефицитов и гражданских волнений. Планета по-прежнему служит главным источником военной проекции силы в системе и поддерживает дружеские отношения с Гегемонией. Под новым руководством она стала крупным узлом для скупщиков лома и старателей, которые заправляются по сравнительно низким ценам перед погружением на окраины Сектора.",,,
planet_nachiketa_luddic_church,CUSTOM,"Этот мир был выбран бюрократами Домена как площадка для одного из секториальных комплексов производства АМ-топлива: кроме выгодного положения на оси расширения к дальнейшим рубежам, особой ценности у него не было. Рыцари Лудда правят этим миром в бессрочном продлении военного положения. В этом смысле после передачи власти от Гегемонии, похоже, мало что изменилось. Производственные мощности АМ-топлива на планете, хотя и повреждены, всё же достаточны, чтобы снизить опасения Церкви по поводу растущей зависимости от синдрийского топлива. С ростом военной мощи луддитов в системе суб-пресвитер Орбис становится всё более враждебным к любым еретическим политиям в округе.",,,
planet_nachiketa_luddic_path,CUSTOM,"Этот мир был выбран бюрократами Домена как площадка для одного из секториальных комплексов производства АМ-топлива: кроме выгодного положения на оси расширения к дальнейшим рубежам, особой ценности у него не было. Чиновники Гегемонии в отчаянии узнали, что незаменимые мощности АМ-топлива на Начикете попали в руки патеров. Пока что Путь, похоже, предпочитает заправлять этой продукцией свои лоскутные флоты, а не взрывать весь комплекс к чертям... хотя это может измениться по прихоти. Луддитские священные армады заправляются здесь перед рейдами на торговые конвои по всему Сектору. Вне Церкви мало кто радуется такому повороту событий.",,,
planet_nachiketa_persean,CUSTOM,"Этот мир был выбран бюрократами Домена как площадка для одного из секториальных комплексов производства АМ-топлива: кроме выгодного положения на оси расширения к дальнейшим рубежам, особой ценности у него не было. Молниеносный удар из Казерона под командованием прославленного адмирала Каллисто позволил захватить планету до организации полноценного сопротивления. «Освобожденная» Лигой планета управляется временным военным администратором. Начикета теперь используется Лигой как плацдарм для дальнейших рейдов в пространство Гегемонии и знаменует сдвиг баланса сил между Гегемонией и Персейской Лигой.",,,
planet_nachiketa_pirates,CUSTOM,"Этот мир был выбран бюрократами Домена как площадка для одного из секториальных комплексов производства АМ-топлива: кроме выгодного положения на оси расширения к дальнейшим рубежам, особой ценности у него не было. Чиновники Гегемонии были вынуждены передать контроль над планетой гражданской иерархии после постоянных логистических дефицитов и гражданских волнений. Дальнейшая некомпетентность новой администрации привела к полному краху закона и порядка. Здесь собираются фрилансеры и сомнительные скупщики лома со всего Сектора, заправляясь по сравнительно низким ценам перед выходом на окраины в поисках добычи — или чтобы самим эту добычу создавать.",,,
planet_nachiketa_sindrian_diktat,CUSTOM,"Этот мир был выбран бюрократами Домена как площадка для одного из секториальных комплексов производства АМ-топлива: кроме выгодного положения на оси расширения к дальнейшим рубежам, особой ценности у него не было. Синдрийский ударный флот сумел взять планету после тяжелого боя и в космосе, и на поверхности. Почти половину прежнего населения выкорчевали и принудительно отправили в космос на старлайнерах. Порядок поддерживается подавляющей силой, а значительную часть оставшейся демографии составляют синдрийские морпехи. Будто хвастаясь, топливные канистры местного производства окрашиваются в уникальный фиолетовый оттенок, демонстрируя рыночную мощь Диктата по всему Сектору.",,,
planet_nachiketa_tritachyon,CUSTOM,"Этот мир был выбран бюрократами Домена как площадка для одного из секториальных комплексов производства АМ-топлива: кроме выгодного положения на оси расширения к дальнейшим рубежам, особой ценности у него не было. Успешный захват планеты Tri-Tachyon готовился давно. В десятилетия до захвата Начикеты компания уже владела контрольной долей во многих наземных бизнесах и даже в топливной отрасли. Аннексия планеты остановила стагнацию корпорации после Второй ИИ-войны. Доступ к беспошлинному топливу позволил Tri-Tachyon демпинговать на других рынках и получить столь необходимое конкурентное преимущество.",,,
planet_nachiketa_neutral,CUSTOM,"Этот мир был выбран бюрократами Домена как площадка для одного из секториальных комплексов производства АМ-топлива: кроме выгодного положения на оси расширения к дальнейшим рубежам, особой ценности у него не было. Обрушение реактора планеты вызвало цепной взрыв, который выбросил на орбиту обломки бывшего комплекса АМ-топлива и оставил в планете зияющую рану. От инфраструктуры остались лишь несколько подземных железнодорожных веток и скрытые бункеры. Редкие всплески активности на наземных сканерах показывают, что здесь всё еще осталось хотя бы несколько заброшенных людей.",,,
,,,,,
planet_yama_independent,CUSTOM,"Яма получила лишь пограничную пригодность в картах обследования корпорации Eridani-Utopia, но расположенный рядом топливный комплекс на Начикете подтолкнул терраформирование и колонизацию. Мир недавно выскользнул из рук Гегемонии, но иных заметных перемен почти нет. Как и в прошлые десятилетия, порядок здесь поддерживает избираемый гражданский совет.",,,
planet_yama_luddic_church,CUSTOM,"Яма получила лишь пограничную пригодность в картах обследования корпорации Eridani-Utopia, но расположенный рядом топливный комплекс на Начикете подтолкнул терраформирование и колонизацию. На планете мало что изменилось. От жителей ожидают жизни без части привычных удобств, а получить разрешение на работу на НПЗ почти невозможно. Однако Церковь довольна тем, что большинство населения продолжает жить как прежде: производить бытовые товары и вести тихую фермерскую жизнь. Время от времени на планете появляются миссионеры, несущие слово Лудда всем, кто готов слушать.",,,
planet_yama_luddic_path,CUSTOM,"Яма получила лишь пограничную пригодность в картах обследования корпорации Eridani-Utopia, но расположенный рядом топливный комплекс на Начикете подтолкнул терраформирование и колонизацию. Патеры насаждают суровую доктрину бережливого быта. Наземные патрули почти ежедневно устраивают рейды по домам в поисках скрытой технической гордыни. Планетарные НПЗ реквизированы исключительно для выпуска высококачественных — по меркам Пути — ракет для ячеек патеров.",,,
planet_yama_persean,CUSTOM,"Яма получила лишь пограничную пригодность в картах обследования корпорации Eridani-Utopia, но расположенный рядом топливный комплекс на Начикете подтолкнул терраформирование и колонизацию. Вторжение Лиги было встречено населением откровенной враждебностью, к их досаде. Новая должность планетарного администратора быстро превратилась в игру в горячую картошку: ни один чиновник не хотел занимать пост, где его, вероятно, убьют собственные подданные. В итоге с бара на Фикенхильде подобрали достаточно бестолкового фрилансера, к тому же не совсем трезвого. Ставки на то, сколько он продержится, стали популярной темой в барах.",,,
planet_yama_pirates,CUSTOM,"Яма получила лишь пограничную пригодность в картах обследования корпорации Eridani-Utopia, но расположенный рядом топливный комплекс на Начикете подтолкнул терраформирование и колонизацию. После провалившегося политического переворота, оставившего губернатора и большинство его штаба дрейфовать в космосе, на планете образовался огромный вакуум власти. Никто не занял пустоту, и мир закономерно скатился в анархию. В хаосе пиратский военачальник сумел захватить орбитальную станцию, вынуждая все входящие и исходящие торговые конвои сначала договариваться с ним. Самообеспечение планеты продовольствием и товарами народного потребления сделало ее удивительно устойчивой политией, несмотря на приток пиратов и контрабандистов.",,,
planet_yama_sindrian_diktat,CUSTOM,"Яма получила лишь пограничную пригодность в картах обследования корпорации Eridani-Utopia, но расположенный рядом топливный комплекс на Начикете подтолкнул терраформирование и колонизацию. Планета остается крупным экспортером бытовых товаров и металлов, однако рынок теперь под жестким протекционизмом, и импорт извне Диктата почти невозможен. Гражданская иерархия была полностью упразднена во время захвата. Назначенный военный губернатор обладает абсолютной властью над населением, правя железной рукой и с культовой преданностью Андраде.",,,
planet_yama_tritachyon,CUSTOM,"Яма получила лишь пограничную пригодность в картах обследования корпорации Eridani-Utopia, но расположенный рядом топливный комплекс на Начикете подтолкнул терраформирование и колонизацию. После захвата планеты Tri-Tachyon быстро запустила бизнес-проекты по производству наркотиков на уже существующей инфраструктуре. Эта новая модель позволила Яме стать одним из самых прибыльных предприятий корпорации, даже если местное население от нее не в восторге.",,,
planet_yama_neutral,CUSTOM,"Яма получила лишь пограничную пригодность в картах обследования корпорации Eridani-Utopia, но расположенный рядом топливный комплекс на Начикете подтолкнул терраформирование и колонизацию. Когда-то это было одно из немногих мест Сектора, где можно было жить сравнительно мирно. Тихие фермы и большие НПЗ, которыми славилась планета, теперь обветшали и не подлежат восстановлению. Оставшиеся обломки общества могут утешаться хотя бы тем, что застряли на пригодном для жизни мире, пока режут друг друга за территорию и ресурсы.",,,
,,,,,
planet_yami_hegemony,CUSTOM,"Чиновники Гегемонии пришли к выводу, что нынешнего военного присутствия в системе Нарака недостаточно после рейда Лиги, оставившего крупнейший НПЗ на Яме в руинах. Эта луна была сочтена достаточно безопасной, чтобы разместить здесь военные силы ближе к Яме, чем к Начикете, и при этом не тревожить основную массу гражданского населения.",,,
planet_yami_independent,CUSTOM,"Независимые торговцы быстро ухватились за шанс получить свой кусок космоса, когда землю на этой луне начали раздавать бесплатно. Большинство построек здесь — склады, возведенные жителями ради использования безналоговых участков. Товары нередко лежат здесь много циклов, пока цены по Сектору наконец не вырастут.",,,
planet_yami_luddic_church,CUSTOM,"Церковь основала на этой луне небольшой миссионерский городок. Жителей с планеты внизу и из всей системы здесь встречают с распростертыми объятиями независимо от веры и происхождения. Обращения идут медленно и тяжело: с момента Коллапса влияние Церкви в системе Нарака было невелико. Пока этой уютной колонии позволяют существовать благодаря благотворительным пожертвованиям — некоторые назвали бы их данью — в пользу других планет системы.",,,
planet_yami_luddic_path,CUSTOM,"Поверхность луны усеяна разрозненными группами патеров; большинство ""зданий"" на деле — списанные корабли, признанные слишком опасными даже для дальнейшего использования Путем. Их внутренние переборки и оружейные системы выпотрошены, чтобы освободить место под колониальные нужды вроде жилых модулей и портовой инфраструктуры. Когда именно патеры захватили луну, крайне неясно, но без силового нажима они ее вряд ли оставят.",,,
planet_yami_persean,CUSTOM,"Торговцы Лиги организовали на этой луне небольшой перевалочный пункт, пользуясь безналоговой землей. Притворяясь независимыми, они держат документы едва достаточно законными, чтобы их не смели за территориальные посягательства. Товары часто лежат здесь много циклов, пока цены по Сектору наконец не вырастут.",,,
planet_yami_pirates,CUSTOM,"Пиратские и контрабандистские базы усеивают поверхность луны; большинство строений обшито толстой броней, а окна и внешнее освещение убраны, чтобы снизить визуальную и сенсорную заметность. Пока существование колонии терпят сквозь зубы, поскольку контрабандисты с Ями частично закрывают дефицит медикаментов в системе, заодно поставляя рекреационные наркотики.",,,
planet_yami_sindrian_diktat,CUSTOM,"Синдрийские торговцы устроили на этой луне небольшой перевалочный пункт, пользуясь безналоговой землей. Основной товар луны — АМ-топливо напрямую из Диктата. Остальные политии системы мало интересуются этой луной, считая ее всего лишь складом топлива: купить при ценовых всплесках в других местах или захватить в военное время.",,,
planet_yami_tritachyon,CUSTOM,"Поверхность луны усеяна небольшими автоматизированными горными комплексами, которые с Ямы внизу выглядят как красивые россыпи огней. Главный объект колонии — передовая исследовательская лаборатория Tri-Tachyon, размещенная под поверхностью луны. Центральное направление лаборатории — изучение причин краха вратовой сети, что сделало ее одним из немногих одобренных Гегемонией проектов Tri-Tachyon.",,,
,,,,,
planet_epiphany_hegemony,CUSTOM,"Когда-то тихая горнодобывающая колония, Эпифания была выбрана для заселения еретическим лидером малоизвестного луддитского культа. Гражданское правительство Эпифании было свергнуто патерами во всплеске энтузиазма во время Второй ИИ-войны. Недавний захват Эпифании Гегемонией расколол население. Пока патеры сразу поклялись силой изгнать Гегемонию, более умеренные коренные жители восприняли вторжение как долгожданную смену бесконечной войны. Офицерам Гегемонии рекомендуют чаще общаться с населением для укрепления доверия, и гражданские настроения уже смещаются в пользу стабильности и безопасности, которые приносит Гегемония.",,,
planet_epiphany_independent,CUSTOM,"Когда-то тихая горнодобывающая колония, Эпифания была выбрана для заселения еретическим лидером малоизвестного луддитского культа. Гражданское правительство Эпифании было свергнуто патерами во всплеске энтузиазма во время Второй ИИ-войны. После казни несовершеннолетнего патерским боевиком за то, что тот осмелился играть на Tri-Pad, при том что власти даже не понимали, в чем проступок, революция стала неизбежной. Вновь восстановленное гражданское правительство не примкнуло ни к одной фракции, предпочитая удержать хотя бы ту малую свободу, которую может отстоять.",,,
planet_epiphany_luddic_church,CUSTOM,"Когда-то тихая горнодобывающая колония, Эпифания была выбрана для заселения еретическим лидером малоизвестного луддитского культа. Гражданское правительство Эпифании было свергнуто патерами во всплеске энтузиазма во время Второй ИИ-войны. Церковь пытается обуздать Путь с катастрофы на Майраате в 82-м цикле. Захват Эпифании дал церковным властям шанс дерадикализовать оставшихся на планете патерских боевиков и лидеров. Хотя миссионеры Церкви проповедуют важность мира и добродетели, их слова слишком часто остаются неуслышанными. Немногих патеров убеждают слова Церкви, которую они давно считают слишком беспринципной, чтобы исполнять Божью волю.",,,
planet_epiphany_persean,CUSTOM,"Когда-то тихая горнодобывающая колония, Эпифания была выбрана для заселения еретическим лидером малоизвестного луддитского культа. Гражданское правительство Эпифании было свергнуто патерами во всплеске энтузиазма во время Второй ИИ-войны. Планета рассматривалась как естественное продолжение Лиги и присоединилась схожим образом с Олинаду после быстрого, но жестокого восстания. Новое правительство сохранило почти полную автономию, во многом из-за тревожно большого числа патеров, которые до сих пор живут на планете.",,,
planet_epiphany_pirates,CUSTOM,"Когда-то тихая горнодобывающая колония, Эпифания была выбрана для заселения еретическим лидером малоизвестного луддитского культа. Гражданское правительство Эпифании было свергнуто патерами во всплеске энтузиазма во время Второй ИИ-войны. Патеры оказались захлестнуты растущим числом нежелательных элементов по мере того, как репутация планеты как безопасной гавани росла. В итоге Путь потерял хрупкий контроль над миром: их божественное послание утонуло в притоке пиратов, контрабандистов и прочих проходимцев без веры и закона.",,,
planet_epiphany_sindrian_diktat,CUSTOM,"Когда-то тихая горнодобывающая колония, Эпифания была выбрана для заселения еретическим лидером малоизвестного луддитского культа. Гражданское правительство Эпифании было свергнуто патерами во всплеске энтузиазма во время Второй ИИ-войны. У Министерства внутренних дел мало причин удерживать планету, кроме тонкой струйки летучих, поступающих на Синдрию. Однако удар по престижу был бы слишком велик, чтобы позволить планете выскользнуть из рук. Подавление бесконечных восстаний патеров оказалось бездонной ямой для людских ресурсов и кредитов.",,,
planet_epiphany_tritachyon,CUSTOM,"Когда-то тихая горнодобывающая колония, Эпифания была выбрана для заселения еретическим лидером малоизвестного луддитского культа. Гражданское правительство Эпифании было свергнуто патерами во всплеске энтузиазма во время Второй ИИ-войны. Луддиты — ужасные клиенты для Tri-Tachyon; однако гражданское население в основе не имело твердых идеалов, что позволило компании развернуть минимальное рыночное присутствие. Обветшавший космопорт планеты был модернизирован до состояния, хотя бы приблизительно пригодного для торговли и коммерции.",,,
planet_epiphany_neutral,CUSTOM,"Когда-то тихая горнодобывающая колония, Эпифания была выбрана для заселения еретическим лидером малоизвестного луддитского культа. Гражданское правительство Эпифании было свергнуто патерами во всплеске энтузиазма во время Второй ИИ-войны. Разрушающийся космопорт планеты и общее отсутствие инфраструктуры уже были явными признаками грядущего. В какой-то момент торговые конвои перестали приходить, и остатки общества начали драться за то немногое, что осталось. Без атмосферы и почти без инфраструктуры исчезновение немногих оставшихся здесь людей — лишь вопрос времени.",,,
