id,type,text1,text2,text3,notes
,,,,,
,,,,,
,,,,,
,,,,,
####################,,,,,
##                ##,,,,,
##     SHIPS      ##,,,,,
##                ##,,,,,
####################,,,,,
,,,,,
,,,,,
,,,,,
,,,,,
# FRIGATES,,,,,
# FRIGATES,,,,,
# FRIGATES,,,,,
,,,,,
,,,,,
# SHEAR,,,,,
,,,,,
,,,,,
diableavionics_shear,SHIP,"Модифицированный буксир в цветах Diable Avionics, оснащенный небольшой турелью для самообороны. Кроме того, умеренное бронирование помогает ему расчищать обломки во время спасательных и разборочных работ, повышая потенциальную добычу.

По сути это строительная техника с небольшим налетом шика, поэтому большинство экипажей буксиров Shear — обычные мобилизованные рабочие, которых редко учат пользоваться единственной корабельной турелью. К неудовольствию людей на борту, управление оружием обычно передают простому ИИ управления огнем. Экипажи таких буксиров часто называют себя ""рисовщиками"" из-за старой традиции выдавать перед вылетами дополнительную рисовую пайку; отсюда же пошло их прозвище для собственных машин — ""рисовые ракеты"".",,,
,,,,,
,,,,,
# LAMINAR,,,,,
,,,,,
,,,,,
diableavionics_laminar,SHIP,"Горнодобывающий фрегат Laminar построен на том же шасси, что и Shear. Он рассчитан на суровые условия: раскалывает крупные рудные астероиды и буксирует самые богатые фрагменты к ближайшей плавильной станции.",,,
,,,,,
,,,,,
# DRAFT,,,,,
,,,,,
,,,,,
diableavionics_draft,SHIP,"Фрегат с крепким лобовым профилем, способный поглотить очень много урона для своего класса. Бортовые ракетные крепления, смотрящие в стороны, немного ограничивают варианты оснащения.

Фрегат класса Draft часто используют как учебную машину для молодых офицеров, проваливших оценку агрессивности. Он не создавался строго для прямолинейных штурмовых ролей, но способен применять носовую абляционную броню Arcus, установленную на форштевне, чтобы выдерживать огромное наказание во время захода в атаку. Командиры надеются, что через жесткие тренировки в позиционировании и развороте корабля — так, чтобы максимизировать урон по цели и принимать ответные попадания именно корпусом, — начинающие офицеры научатся принимать правильную наступательную доктрину.",,,
,,,,,
,,,,,
# VAPOR,,,,,
,,,,,
,,,,,
diableavionics_vapor,SHIP,"Маневренное сверхлегкое шасси фрегата с тяжелым фронтальным вооружением. Способен легко срывать работу вражеского флота, несмотря на слабые крепления для оружия ПВО.

Это сравнительно недавняя разработка, появившаяся всего за несколько десятилетий до Великого Коллапса. В модель втиснули продвинутые технологии на максимально облегченной нео-титановой раме. Шестнадцать напорных плазменных сопел, разбросанных по корпусу, обеспечивают резкие уклонения и ускорения, но сверхлегкая рама едва выдерживает боевые нагрузки и требует тщательного осмотра после каждого вылета.

Поскольку это перехватчик первого реагирования, к выбору конструкторов трудно придраться, если не считать отсутствия настоящих креплений ПВО. Даже с этим недостатком Vapor остается одним из более способных фрегатских проектов для блокирования беглецов и противников до подхода подкреплений.",,,
,,,,,
,,,,,
# SLEET,,,,,
,,,,,
,,,,,
diableavionics_sleet,SHIP,"Прочно построенный фрегат, ранее применявшийся для транс-атмосферных операций. Его сравнительно крупный отсек можно было настроить под перевозку войск с легкой техникой, бомб, гуманитарных грузов или припасов. После Коллапса его чаще используют как дальний разведывательный корабль с некоторыми возможностями поддержки — роль, которая хорошо подходит классу Sleet благодаря их живучести.

Класс Sleet когда-то был хитом каталога Diable Avionics благодаря универсальности и разумным логистическим расходам. Но даже если бы корпорация Diable Avionics не ушла в изгнание, после Коллапса все изменилось бы: в нынешней куда более опасной среде важна каждая мелочь, и Sleet из ""мастера на все руки"" превратился в ""не мастера ни в чем"". Эти корабли проектировались под низкоинтенсивные конфликты и асимметричную войну, поэтому в современном боевом пространстве их главные достоинства — живучесть и сравнительно приличный трюм, делающие их привлекательной первой покупкой для начинающего звездопроходца-старателя.",,,
,,,,,
diable_brisk,SHIP,"Тяжелый фрегат, сделанный на совесть: он несет выше среднего запас тяжелой брони и массы, чтобы выдерживать долгие затяжные бои, и имеет достаточно огневой мощи, чтобы отгонять другие фрегаты своего размера.

Brisk — один из более новых корабельных проектов корпорации Diable Avionics, уже послеколлапсная разработка. Необычная форма и асимметричный облик на фоне прежних фрегатов, а также более слабый выбор вооружения делают его ""гадким утенком"" семейства. Тем не менее любой капитан или офицер, служивший на корабле класса Brisk, подтвердит его прочность и надежность вопреки этому впечатлению.",,,
,,,,,
# COLDFRONT,,,,,
,,,,,
,,,,,
diableavionics_coldfront,SHIP,"Класс Coldfront был разработан Diable Avionics как способ обойти ограничения Домена на разработку мегакорпорацией кораблей военного класса. Формально это был ""продвинутый исследовательский корабль"", но он получил фирменную ракетную установку Magicbox для самообороны, отличные системы разведки и радиоэлектронной борьбы. Самая выдающаяся черта Coldfront — модульный корпус, благодаря которому он стал одним из немногих малых кораблей, способных переключаться между несколькими корабельными системами.

Внешность Coldfront обманчива: немногочисленные оружейные слоты, невпечатляющий размер корпуса и скромная броня помогли провести инспекторов Домена. Однако после небольшой доработки Coldfront способен служить авангардом флота Diable Avionics. Иронично, что после ухода Diable Avionics в подполье после Коллапса большинство Coldfront в обращении сохранили гражданскую спецификацию, поэтому стали одними из самых доступных фрегатов для обычного капитана-звездопроходца.",,,
# VERSANT,,,,,
,,,,,
,,,,,
diableavionics_versant,SHIP,"Один из самых последних доколлапсных проектов, до которых местное отделение корпорации Diable Avionics успело добраться перед внезапной изоляцией. Он оснащен подвижной рамой, способной менять форму ради увеличения чистой скорости или маневренности. Продвинутое встроенное вооружение и последняя версия фирменного ПО квантового прогнозирования наведения Diable Avionics Quantum Targeting Prediction(TM) устанавливаются штатно.

Разработанный параллельно с Wanzer Valiant и эсминцем Virtuous в рамках инициативы Einstein, класс Versant использует многие похожие компоненты, но уменьшенные до габаритов, более подходящих фрегату. Радикальный отход от прежней философии проектирования был связан с нехваткой легких и очень мобильных Wanzer: только скоростные фрегаты могли догонять преследуемые силы. Этот явный провал в тактических возможностях Diable нельзя было закрыть одними перехватывающими фрегатами Vapor. Поэтому проект получил увеличенную силовую установку, которую можно запускать на полную мощность только при отключении основных оружейных систем; отсюда необходимость адаптивной флюкс-сети, физически перемещающейся для подключения к двигателям.

Часто упускаемая особенность конструкции — установка сверхплотного гироскопа в центре масс Versant. Он примерно в восемь раз плотнее стандартного для корабля такого размера, что освобождает место под экспериментальный эмиттер щита широкого покрытия. Когда гироскоп раскручивается до рабочей скорости, корабль способен менять направление с резкостью, недоступной другим кораблям Diable. Ремонтные команды часто жалуются на пронзительный визг, длящийся часами, пока гироскопы останавливаются.",,,
,,,,,
,,,,,
# DESTROYERS,,,,,
# DESTROYERS,,,,,
# DESTROYERS,,,,,
,,,,,
,,,,,
# STRATUS,,,,,
,,,,,
,,,,,
diableavionics_stratus,SHIP,"Крепкий военный грузовик с достаточным числом оружейных креплений, чтобы отпугивать мелких пиратов-оппортунистов. Грузовая вместимость несколько ограничена, зато корабль быстр и малозаметен.

Грузоперевозки почти всегда унылы — кроме тех случаев, когда это не так. Чтобы сделать жизнь пограничной логистики чуть менее захватывающей для назначенных туда экипажей, Stratus и существует. Этот корабль жертвует грузовым объемом ради сниженной сигнатуры военных двигателей и повышенной живучести по сравнению с конкурентами того же класса.",,,
,,,,,
,,,,,
# STRATUS PIRATE,,,,,
,,,,,
,,,,,
diableavionics_stratus_p,SHIP,"Хотя корпус испорчен многими циклами плохого обслуживания и боевых ремонтов, внимательный наблюдатель сразу заметит: этот нестандартный корпус не был переделан уже после выпуска, а является полностью отдельной моделью. Некоторое время корпорация Diable тайно вооружала пиратов такими измененными кораблями. План быстро и вполне ожидаемо обернулся против них, когда эти же суда перешли к людям, не видевшим причин щадить грузы корпорации Diable Avionics. Поэтому корпуса в таком пиратском исполнении стали довольно редким зрелищем.

Пиратский вариант Stratus сохраняет военный корпус и двигатели оригинала, а также дополнительно урезает трюм, освобождая место под среднюю оружейную установку, несколько дополнительных турелей и пусковые микроракет. Такое сочетание свойств делает его удобным для логистически эффективных рейдерских групп: фронтальные штурмовые фрегаты под прикрытием дальнего артиллерийского огня вооруженных торговцев образуют смертельно опасный состав, который может немедленно перейти к спасательным работам, как только прозвучит последний выстрел.",,,
,,,,,
,,,,,
# CIRRUS,,,,,
,,,,,
,,,,,
diableavionics_cirrus,SHIP,"Вариант Stratus, оптимизированный для перевозки наземных войск. Дополнительное пространство, занятое увеличенным шаттловым отсеком, вынудило снять главный узел вооружения грузового собрата; но поскольку эти мощности способны обслуживать крыло ударных аппаратов, корабль фактически получил собственные зубы.

За скудный комфорт, предоставляемый людям в пассажирском отсеке, его ласково называют ""дьявольской скороваркой"". Фактически внутренняя планировка остается одинаковой независимо от того, перевозит ли корабль морпехов для обычной инспекции или рабов для перераспределения. Некоторые даже сказали бы, что он не так уж сильно отличается от своего грузового родственника.",,,
,,,,,
,,,,,
# CHINOOK,,,,,
,,,,,
,,,,,
diableavionics_chinook,SHIP,"Прочно построенный перевозчик антиматерии, используемый для снабжения длительных операций глубоко в Секторе.

Боевая машина полезна лишь настолько, насколько надежен ее логистический хвост, и любая операция Diable Avionics вне дружественной территории может рассчитывать на дальнодействующую поддержку танкера Chinook. Из-за опасности транспортировки антиматерийного топлива спецификация требовала хранить его снаружи корпуса, в съемных контейнерах с магнитным креплением.

Совет, определявший требования, безусловно имел хорошие намерения, но проигнорировал реальность энергетических уровней при таких катастрофах. Шансы выжить рядом со взрывом антиматерийного топлива настолько ничтожны, что систему отделения с тех пор полностью отключили во время полета и используют только у дока для удобства погрузки и разгрузки.",,,
,,,,,
,,,,,
# FRACTUS,,,,,
,,,,,
,,,,,
diableavionics_fractus,SHIP,"Следуя примеру вездесущего Condor, этот корабль представляет собой переделку корпуса танкера Chinook под двойную полетную палубу. Центральный топливный бак заменили средним оружейным узлом, полезным для поддержки ударного крыла корабля дальним артиллерийским огнем.

Fractus проектировались как временное средство, чтобы снизить потребность в крупных и дорогих авианосцах крейсерского размера и дать малым патрульным флотам тактическую поддержку ударными аппаратами. Из-за конверсионной природы проекта и ограниченной оптимизации несколько отсеков имеют далеко не идеальные размеры для корабля такой роли. Поэтому полетные палубы довольно тесны, зато жилые помещения экипажа получили редкие удобства: пилотируемый боевой госпиталь и даже полноразмерный VR-тренажер, способный запускать культовую классику вроде Elite Citizen.",,,
,,,,,
,,,,,
# COANDA,,,,,
,,,,,
,,,,,
diableavionics_coanda,SHIP,"Фронтовой эсминец, способный принять удар и ответить тем же. Этот старый проект постоянно модернизировали, и капитаны и экипажи Diable Avionics до сих пор ценят его за просторную компоновку и сдержанную грубую силу на поле боя.

Корпус — отсылка к ранним дням корпорации, когда она главным образом строила корабли по контрактам Домена, а не разрабатывала собственные и продавала их тому, кто заплатит больше. Хотя позднее его адаптировали под военную доктрину Diable Avionics, уступки исходному назначению все еще заметны. Например, куда больший упор на физическую прочность вместо защиты щитами и маневренности, а также приличный трюм для дальних переходов.

Одной из модернизаций стала переделка исходной системы демпферного поля в эмиттер демпферной волны: вместо статической ауры, защищающей корпус, система создает волну, которая тянет за собой весь корабль и позволяет выполнять на вид невозможные уклонения.",,,
,,,,,
,,,,,
# CALM,,,,,
,,,,,
,,,,,
diableavionics_calm,SHIP,"Созданный для общей поддержки операций флота, класс Calm может похвастаться скоростными импульсными двигателями и фронтальной компоновкой вооружения, что делает его пригодным для множества наступательных ролей.

Самая необычная особенность проекта — корабельная система протоколов совместной работы. Она позволяет Calm усиливать часть своих систем в связке с выбранным поведением дронов.

Серия Calm строится на монолитной нео-стальной раме: снаружи к ней крепятся композитные плиты реактивной брони, а внутренние системы собираются через сотовую структуру. Этот несколько неэффективный процесс используют ради достаточной структурной прочности и большего запаса массы под броню, ракетные узлы и сравнительно чрезмерно мощные термоядерные двигатели X-pulse.",,,
,,,,,
,,,,,
# HAYLE,,,,,
,,,,,
,,,,,
diableavionics_hayle,SHIP,"Эсминец, урезанный до самого минимума, чтобы вместить на легкую раму как можно больше оружейных креплений. Сокрушителен при лобовой атаке, но нуждается в прикрытии уязвимой кормы.

Hayle — скорее оружейная платформа, чем полноценный боевой корабль: отказавшись от обычной круговой схемы бронирования и применив усиленные плиты реактивной брони только в критических местах, конструкторы высвободили значительную массу под оружейные крепления и продвинутое фликер-ядро класса 2. Из-за огромных энергетических потребностей всех корабельных систем судну приходится довольствоваться анахроничными внешними радиаторами. В кантинах часто рассказывают истории об отчаянных экипажах, использовавших ""острый конец"" корабля как оружие последнего шанса, чтобы протаранить цель после внезапного отказа реактора. Правда, мало кто из капитанов способен поделиться личным мнением об эффективности такой тактики.",,,
,,,,,
,,,,,
# DERECHO,,,,,
,,,,,
,,,,,
diableavionics_derecho,SHIP,"Продвинутый эсминец, значительная часть массы которого отдана сложному оборудованию радиоэлектронной борьбы и контрмер, оставив мало места для логистических отсеков.

Derecho — эсминец поддержки с передовой системой Quantum ECM, сложность которой мешает настоящему массовому производству. Эта система локально перенаправляет выбранный диапазон электромагнитного излучения в фазовое пространство, тем самым обнуляя способность входящих боеприпасов к наведению. По засекреченным причинам при работе она испускает фиолетовое пульсирующее свечение, а члены экипажа часто сообщают о временной слепоте и онемении левых конечностей. Из-за этих слухов экипажи Derecho обычно ротируют в течение четырех недель. Официально система не оказывает долгосрочного воздействия на бывшие экипажи, хотя исследование — если оно вообще существует — никогда не публиковалось.",,,
,,,,,
,,,,,
# POCKET GUST,,,,,
,,,,,
,,,,,
diableavionics_miniGust,SHIP,"Хотя эта модель явно связана с обычным корпусом класса Gust, неясно, была ли она мелкомасштабным прототипом, оказавшимся слишком удачным, чтобы его списать, или успешной попыткой миниатюризации. В любом случае Pocket-Gust переносит то, что делало старшего брата хорошим легким крейсером, в еще более маневренную раму эсминца.

Несмотря на довольно большой вес для своего класса, Pocket-Gust вооружен сравнительно легко, но компенсирует это фирменной системой ""Overlord"". Иногда прозванный ""Breeze"", он считается отличным активом для малых стычечных групп, однако в крупных боях, к сожалению, уступает полноразмерному Gust. Главная причина — малое число оружейных креплений, не оставляющее места одновременно под наступательное и оборонительное вооружение, плюс узкое покрытие щита.",,,
,,,,,
diable_polarV,SHIP,"Polar Vortex — или PolarV, как его обычно называют служащие на этих кораблях, — выбивается из доктрины, привычной для флотов Diable Avionics. Корабль способен использовать крупное вооружение, обычно зарезервированное для крейсеров и капитальных судов, давая платформу для такого оружия при ограниченном бюджете.

Поскольку это необычное зрелище и редкая роль, обычно не требующаяся флоту, неизбежно возникает вопрос, как и зачем корпорация Diable Avionics вообще спроектировала такой корабль. Корпорация не дала официального ответа, но слухи и заметное сходство с распространенными эсминцами класса Sunder Персейской Лиги и Синдрианского Диктата намекают, что в какой-то момент у этих кораблей мог быть общий предок.",,,
,,,,,
diable_tidal,SHIP,"Пожиратель припасов, эсминец поддержки Tidal считается предложением ""три в одном"": он несет массив спасательной фермы, исследовательское оборудование и стабилизатор поля двигателя на одном корпусе, позволяя заменить несколько специализированных кораблей одним. Однако весь этот набор тяжело бьет по запасам флота: Tidal быстро расходует припасы на собственное обслуживание, поэтому больше пары таких кораблей становятся нежелательной обузой в длительных операциях.",,,
diable_tidalp,SHIP,"Хотя корпус испорчен многими циклами плохого обслуживания и боевых ремонтов, внимательный наблюдатель сразу заметит: этот нестандартный корпус не был переделан уже после выпуска, а является полностью отдельной моделью. Некоторое время корпорация Diable тайно вооружала пиратов такими измененными кораблями. План быстро и вполне ожидаемо обернулся против них, когда эти же суда перешли к людям, не видевшим причин щадить грузы корпорации Diable Avionics. Поэтому корпуса в таком пиратском исполнении стали довольно редким зрелищем.

Эта версия Tidal получила дополнительную броню, а все утилитарное оборудование сняли, чтобы освободить место под новые крепления и встроенный автозарядчик ракет. Двигатели улучшили, носовую часть переделали под полетную палубу и встроенный LPC для истребителей Arbitrator, поддерживающих корабль в бою. В итоге для своей целевой клиентуры он стал более доступной версией Pocket-Gust... ровно до момента, когда владельцы понимают, что счет за обслуживание все равно выше, чем у большинства пиратских кораблей. Поэтому, несмотря на эффективность на передовой, в пиратских флотах он встречается редко.",,,
diableavionics_chinookp,SHIP,"Хотя корпус испорчен многими циклами плохого обслуживания и боевых ремонтов, внимательный наблюдатель сразу заметит: этот нестандартный корпус не был переделан уже после выпуска, а является полностью отдельной моделью. Некоторое время корпорация Diable тайно вооружала пиратов такими измененными кораблями. План быстро и вполне ожидаемо обернулся против них, когда эти же суда перешли к людям, не видевшим причин щадить грузы корпорации Diable Avionics. Поэтому корпуса в таком пиратском исполнении стали довольно редким зрелищем.

Пиратский вариант Chinook выглядит странно для внешнего наблюдателя. Вместо того чтобы пойти проверенным путем и превратить его во Fractus, как в собственных флотах, Diable Avionics решила сделать из него боевой авианосец: удивительно хорошо вооруженный для своего размера и даже оснащенный встроенным крылом буровых дронов в поддержку, к восторгу пиратов. Остается гадать, была ли это простая внутренняя путаница Diable, превратившая будущую модернизацию класса Fractus в пиратское судно, когда менять курс было уже поздно, или хитрый ход, позволяющий еще лучше скрыть участие корпорации в создании этих пиратских кораблей и продать легенду правдоподобнее.",,,
,,,,,
VIRTUOUS,,,,,
,,,,,
,,,,,
diableavionics_virtuous_skirmisher,SHIP,"Гибридный Wanzer класса Virtuous никогда не предназначался для какого-либо массового производства. Его не волнуют такие мелочи, как рентабельность или соответствие стратегической доктрине. Зато его волнует другое: быть технологическим чудом, воплощающим самые передовые исследования и инженерные знания Diable Avionics. Почти исключительно оснащенный вручную изготовленным, тщательно подогнанным нестандартным оружием и системами, этот корабль показывает впечатляющие для своего размера характеристики и имеет набор конфигураций, радикально меняющих принцип его работы.

Virtuous — не корабль, а многомиллиардный проект тщеславия, готовившийся десятилетиями ради скачка в технологической компетенции Diable Avionics. Проект настолько нелепый по масштабу и требованиям, что конкуренты DA даже не пытались посылать шпионов, боясь выглядеть смешно из-за того, что клюнули на столь очевидную приманку. Проект, переходивший столько красных линий в области разработки ИИ, кибернетических усилений и биокомпьютеров, что его держали бы на бессрочной паузе из страха перед ответом центральных властей Домена. Хотя до Коллапса Virtuous так и не был завершен, многие последние достижения DA выросли именно из него: от стремительного развития характеристик Wanzer до продвинутых интерфейсов удаленного управления и технологии фликер-ядрами.

Все опасения по поводу гнева властей Домена — или потери прибыльных контрактов — потеряли смысл после закрытия врат, а нынешний исследовательский институт Diable Avionics куда меньше заботится о порабощенных ИИ и этике человеческих экспериментов, если это может открыть путь к выдающейся новой технологии. Неполная промышленная база в Секторе позволила построить только один аппарат, публично запущенный примерно в ц.178. Его возможности широко рекламировали — корпорация Diable Avionics не упускает хороших пропагандистских поводов, — но способы их достижения тщательно скрывали. Иногда даже от собственных инженеров: например, главный компьютер представляет собой метровую молекулярно запаянную сферу из вольфрамового сплава, которая работает полностью беспроводно, включая питание, без возможности перепрограммировать ее или даже увидеть компоненты. К раздражению самых агрессивных членов иерархии Diable Avionics, этот незаменимый аппарат никогда не отправляли в наступление, а держали на патруле родной системы — как из-за страха потерять его в бою, так и из-за опасения, что его обломки сможет подобрать кто-то другой.",,,
,,,,,
,,,,,
# CRUISERS,,,,,
# CRUISERS,,,,,
# CRUISERS,,,,,
,,,,,
,,,,,
# GUST,,,,,
,,,,,
,,,,,
diableavionics_gust,SHIP,"Один из основных кораблей Diable Avionics, эти легкие крейсеры быстры и отлично обеспечивают полевую поддержку элементу Wanzer, который несут. Их главная батарея состоит из фронтального тяжелого оружейного узла, дающего неожиданно сильный удар, но сравнительная нехватка вторичного вооружения ограничивает эффективность против множества угроз.

Проект крейсера Gust восходит почти на 150 лет до Коллапса, к периоду бурного роста Diable Avionics, когда военные контракты изобиловали, а корпорация могла позволить себе расходы на НИОКР ради менее обычных конструкций. Исторические заметки и журналы самых старых кораблей класса иногда описывают трудности интеграции фирменной системы ""Overlord"" — со всеми ее помехами для местной электромагнитной среды — в сравнительно малый корпус с чувствительной сферой связи и данных.

Это устройство позволяет элитным пилотам, надежно защищенным внутри корпуса крейсера, удаленно перехватывать управление любым истребителем, размещенным на Gust. Потребность в открытых интерфейсах управления, цена тахионных каналов связи и ограниченное время, в течение которого соединение можно удерживать, до сих пор мешают массовому применению дистанционно управляемых Wanzer.

Тем не менее система дает мощный инструмент, который в критический момент можно использовать для решающего удара. Обычные пилоты поначалу приветствовали ее: их шансы выжить росли, а возможность учиться напрямую у лучших казалась бесценной. Но со временем такие системы приобрели мрачную репутацию, потому что ими также можно гарантировать выполнение миссии любой ценой.",,,
,,,,,
,,,,,
# RIME,,,,,
,,,,,
,,,,,
diableavionics_rime_m,SHIP,"Легкий крейсер, который постепенно выводят из эксплуатации из-за посредственных боевых характеристик. Он все еще пригоден как корабль поддержки во второй линии, но хрупкость корпуса и отсутствие специализированных мощностей для Wanzer привели Адмиралтейство к решению переделывать существующие Rime в вооруженных торговцев.

Класс Rime долго и разнообразно служил в армаде Diable Avionics, особенно в доколлапсную эпоху. Он быстр, неплохо бьет для своих размеров и может нести множество вариантов оснащения, что десятилетиями делало его одним из самых гибких корпусов. К сожалению, появление более крупных поколений Wanzer, уже не помещавшихся в его ангар, а также новые и лучшие проекты вроде класса Storm отодвинули Rime на задний план.",,,
,,,,,
,,,,,
# RIME F,,,,,
,,,,,
,,,,,
diableavionics_rime,SHIP,"Как демилитаризованный корпус, сам корабль вооружен для своего размера лишь умеренно, но оснащен системой плазменных конденсаторов, позволяющей щиту на короткое время поглотить огромное количество урона. Происхождение от боевого корабля дает ему мощную малосигнатурную двигательную установку.

Хотя конверсия Rime в грузовик сохранила изящный вид, эти корабли не способны к настоящему входу в атмосферу из-за внешних топливных баков. Это, однако, не мешает им выполнять орбитальные сбросы с легким аэроторможением. Смешанный грузовой отсек выбрали для минимального логистического следа: один тип корпуса способен закрыть все потребности экспедиционного соединения.",,,
,,,,,
,,,,,
# RIME PIRATE,,,,,
,,,,,
,,,,,
diableavionics_rime_p,SHIP,"Хотя корпус испорчен многими циклами плохого обслуживания и боевых ремонтов, внимательный наблюдатель сразу заметит: этот нестандартный корпус не был переделан уже после выпуска, а является полностью отдельной моделью. Некоторое время корпорация Diable тайно вооружала пиратов такими измененными кораблями. План быстро и вполне ожидаемо обернулся против них, когда эти же суда перешли к людям, не видевшим причин щадить грузы корпорации Diable Avionics. Поэтому корпуса в таком пиратском исполнении стали довольно редким зрелищем.

Пиратский вариант Rime широко использует доступные крепления родительского проекта и берет несколько идей от грузовой конверсии, например дополнительный узел ПВО. Однако, чтобы ограничить попадание фирменного военного оборудования в руки врагов Diable Avionics, истребительный отсек был полностью удален, а пространство переделали в приличный грузовой трюм.",,,
,,,,,
,,,,,
# HAZE,,,,,
,,,,,
,,,,,
diableavionics_haze,SHIP,"Быстрый крейсер, сочетающий достойную для своего размера огневую мощь с превосходной маневренностью. Печально известен ударами ""бей и беги"", которые позволяет выполнять его корабельная система.

Чудовищное скопление вооружения занимает каждый свободный сантиметр передней части корпуса. Предназначенный быть главным элементом штурмовой группы, прочный силовой набор был рассчитан на неразумно большое количество реакторов General Atomic Fusion, питающих многочисленные оружейные системы. К сожалению, тепловыделение этих дополнительных реакторов значительно превосходит доступные возможности рассеивания, поэтому все системы не могут долго работать на полной мощности одновременно.",,,
,,,,,
,,,,,
# DAZE,,,,,
,,,,,
,,,,,
diableavionics_daze,SHIP,"Громоздкий крейсер, обменявший наступательные возможности на усиленную сеть рассеивания и более толстый броневой пояс. Количество оружейных установок может показаться скромным, но их можно оснастить лучшим доступным оборудованием и использовать без передышки благодаря корабельной системе перенаправления флюкса.

Если Haze похож на острую рапиру, то Daze буквально является тупым молотом. Он построен, чтобы переживать противников. Неважно, помогают ли тройные банки флюкс-рассеивателей дольше вести огонь или двойная толщина керамической брони впитывает весь входящий огонь: Daze знает только одну тактику — идти вперед и продолжать бить врага. Эту негибкость часто критиковали на Доктринальных конференциях флота, но результаты неоспоримы, и корабли этого класса будут производиться в обозримом будущем.",,,
,,,,,
,,,,,
# STORM,,,,,
,,,,,
,,,,,
diableavionics_storm,SHIP,"Прочный и универсальный авианосец, дающий своим заслуженно внушающим страх эскадрильям Wanzer нужную поддержку и мобильность. Хотя тяжелого вооружения немного не хватает, способность развертывать увеличенные эскадрильи ударных аппаратов делает его надежной и гибкой платформой проекции силы.

Тяжелый авианосец класса Storm проектировался с учетом простоты массового производства, оставаясь достаточно мощным, чтобы заставить задуматься даже более специализированные проекты Домена. Отдельно стоит отметить разнообразие оружия, которое этот авианосец способен нести. Микроракетная магазинная система встроена в правый борт и дополняет четыре средних оружейных слота.",,,
,,,,,
diable_riptide,SHIP,"Спроектированный для превосходства в ближнем бою, класс Riptide — пугающее зрелище на поле боя для любого, кто вступает в бой с корпорацией Diable Avionics: крупные флюкс-сети и мощный выбор вооружения делают свое дело. При этом ангарного пространства достаточно, чтобы выпускать заметное количество истребителей для поддержки самого корабля или союзников в важных боях.

В отличие от своего собрата Storm, Riptide делает ставку на ближние схватки и более широкий набор вооружения, а не на усиление возможностей развертываемых Wanzer. Он не получил такого же массового производства и успеха, как Storm, из-за более высокой стоимости, связанной с использованием фазового ядра Class-X Phase Grazer Core, обычно встречающегося на Maelstrom. Но именно это ядро и позволило Riptide добиться такого успеха и пугающей репутации.

Говорят, Riptide изначально задумывался как крейсерская версия эсминца класса Calm, но инженеры перестарались и уже не могли вернуться на стадию планирования после того, как значительная часть бюджета была потрачена. Слухи утверждают, что он необычно похож на некий класс кораблей под названием ""Scholar"", но доказательств этим заявлениям нет.",,,
diable_ashfall,SHIP,"Тяжелый крейсер с устрашающим набором вооружения, Ashfall пугает еще и историей своего имени. Во время испытательного выхода на него напал самоуверенный пиратский военачальник. Несмотря на то что корабль тогда все еще был прототипом, тяжелая броня и крупный корпус позволили ему сдержать достаточно сил военачальника, чтобы эскорт успел подойти, поддержать его и возглавить атаку на флагман противника — украденный линкор класса Onslaught Четырнадцатой боевой группы Гегемонии.

Прототип пережил засаду и штурм, пусть и получил тяжелые повреждения. Его пересмотрели и отремонтировали, а имя закрепилось после того, как корпорация узнала детали случившегося и использовала тот факт, что флагман военачальника был украденным кораблем Гегемонии, да еще и из 14-й боевой группы, в бесчисленных пропагандистских материалах. Поражение такого судна представляли как пепел феникса, из которого поднялся Ashfall.

Ходят слухи, что оригинальный прототип все еще где-то существует: восстановленный и с броневыми плитами, снятыми с побежденного Onslaught, как постоянным символом победы и статуса.",,,
diable_ashfallxivd,SHIP,"Изначальный прототип крейсера класса Ashfall, закаленный бесчисленными боями после схватки с украденным Onslaught и его пиратским капитаном-военачальником. Этот Ashfall интегрировал в свой корпус части поверженного Onslaught Четырнадцатой боевой группы, превратив их в постоянное напоминание о триумфе. Кроме того, корабль прошел множество модификаций и переделок, далеко уйдя даже от своего исходного состояния. В то время как обычный класс Ashfall придерживается типичной доктрины Diable Avionics по вооружению, прототип от нее отклонился, выбрав два крупных жестких узла как основную огневую мощь, а также установку новейших технологий ангара и направляющих для Wanzer. Двигатели также капитально переработали, чтобы он мог держаться вместе с союзниками, быстрее менять позицию или догонять более маневренные корабли.

Все эти переделки и улучшения привели прототип к множеству успешных сражений и кампаний от имени корпорации Diable Avionics, особенно против флотов Гегемонии во время Второй ИИ-войны, где он покрывал себя ""пеплом"" фениксов, которым уже не подняться вновь. Сейчас, похоже, участвует в рейдах и операциях против научных объектов Гегемонии.",,,
,,,,,
# CAPITAL,,,,,
# CAPITAL,,,,,
# CAPITAL,,,,,
,,,,,
,,,,,
# MAELSTROM,,,,,
,,,,,
,,,,,
diableavionics_maelstrom,SHIP,"Стройный и маневренный линейный крейсер, построенный вокруг массива микроракет и корабельной системы смещения. Линейные крейсеры класса Maelstrom применяются как главная стратегическая платформа бомбардировки флотов Diable Avionics благодаря способности устанавливать и непрерывно вести огонь печально известной батареей осадных лазеров Uhlan.

Хотя Maelstrom едва способен сражаться на равных с полноценными линкорами, его гибкость позволяет выполнять множество ролей: от вспомогательного авианосца до корабля дальней огневой поддержки. Если он оказывается в затруднении, это все еще способный штурмовой корабль, умеющий ловко менять позицию благодаря Class-X Phase Grazer Core.

Проект Maelstrom начался как попытка создать линкор с возможностями ""фазового скольжения"". Корпус должен был быть легким и оснащенным двумя тяжелыми фликер-ядрами с дополнительными конденсаторами. После нескольких месяцев испытаний, пары разбитых опытных образцов и уничтоженной вместе со всем персоналом испытательной наблюдательной секции проект урезали.

Вместо полноценного погружения в фазовое пространство, позволяющего кораблю будто бы мгновенно менять местоположение, фликер-ядрами настроили только на использование части энергии и эффектов фазового пространства для перемещения корпуса в обычном пространстве. Уже само по себе это значительное достижение, сложность которого, возможно, отправит мечты о телепортирующемся капитальном корабле в папку ""против законов физики"".",,,
,,,,,
,,,,,
# PANDEMONIUM,,,,,
,,,,,
,,,,,
diableavionics_pandemonium,SHIP,"Корпус капитального размера, который разрабатывался и применялся скорее как инструмент пропаганды, чем как оружие войны. Его чистая масса дает достойную огневую мощь, но он сравнительно неэффективен по сравнению с использованием нескольких линейных крейсеров Maelstrom и плохо вписывается в быстрый темп военно-морской доктрины. Однако как платформа деморализации и бомбардировки ничто в арсенале Diable Avionics не сравнится с результатами, которые дает развертывание дредноута класса Pandemonium.

Дипломатия ведется исключительно в присутствии такого корабля поблизости, часто под непрерывные ""испытания оружия"" и ""учения экипажа"", во время которых он стреляет по отбуксированным корпусам кораблей, уже не подлежащим спасению. После завершения переговоров светящиеся неузнаваемые массы скрученного металла оставляют на месте как мрачную подпись.

Из-за редкости этого класса каждый производственный UAC, похоже, получал некоторую специализацию. Единственный тип UAC, присутствующий в Секторе, например, дает модель с обширными помещениями для Wanzer, чтобы выполнять роль боевого авианосца — вероятно, в попытке использовать сдвиг предпочитаемых боевых доктрин на момент Великого Коллапса. Гибкость, когда обе роли закрыты одним кораблем, одновременно благословение и логистическое проклятие: для уникальных потребностей корабля такой массы нет нормального стандарта.

С точки зрения защиты Pandemonium — это попросту слои за слоями плит реактивной брони, навешанных на нео-стальной силовой каркас. Из-за размера и простоты такой схемы защиты Pandemonium имеют водоизмещение, сопоставимое с небольшим орбитальным портом. Это создает серьезные проблемы для обеих сторон, когда такой корабль хочет состыковаться: станций с доком, достаточно большим для Pandemonium, очень мало, а те, у кого он есть, вероятно, будут вынуждены планировать орбитальный разгон после такого визита.",,,
,,,,,
,,,,,
# SPECIAL,,,,,
# SPECIAL,,,,,
# SPECIAL,,,,,
,,,,,
,,,,,
# GULF,,,,,
,,,,,
,,,,,
diableavionics_IBBgulf,SHIP,"По всему Сектору существует множество уникальных классификаций кораблей, возникших из глубоких модификаций базовой конструкции. Большинство отличаются лишь небольшими характеристиками, но некоторые мод-корпуса, как их называют, выходят далеко за пределы возможностей оригинала. Такие корабли часто обретают легендарную репутацию за подвиги на поле боя и становятся ценнейшей собственностью элитных приватиров, охотников за головами и техношахтеров.

Формально классифицируемый как крейсер, этот корабль нарушает все стандарты из-за разнообразия ролей, которые способен выполнять. Достаточно подвижный для своей массы, хорошо защищенный и хорошо вооруженный — столкнувшись с Gulf, трудно найти слабое место, которым можно воспользоваться. К счастью для врагов корпорации Diable Avionics, этот корабль уникален. Вероятно, он стал результатом проблемной разработки, ныне скрытой за государственными тайнами.

Историй о создании Gulf множество, и они противоречат друг другу, но самая скромная — а значит, возможно, ближайшая к истине — говорит о гениальном хакере. Этот анонимный человек, по слухам, был идеалистом, презиравшим поведение военных Diable Avionics и готовность прочих граждан закрывать глаза на их злоупотребления. Стремясь покинуть систему, он или она сумел обойти протоколы безопасности корпорации и получить доступ к ИИ автофабрики. Оттуда хакер попытался запустить производство корабля, чтобы захватить его и бежать, но вместо этого испортил процесс и повредил данные UAC.

В итоге фабрика произвела наполовину окрашенную чудовищную химеру: частично Gust, частично Storm и частично Calm... Корабль, который неожиданно оказался пригодным к полету и, что еще страннее, довольно опасным в бою.

Власти немедленно конфисковали его, но история умалчивает, поймали ли мифического хакера. Каждый инженер тут же начал звонить в Адмиралтейство, требуя передать корабль им, чтобы разобрать его и чему-нибудь научиться. Однако из-за неспособности гарантировать, что они смогут либо построить еще такие корабли, либо хотя бы собрать этот обратно после разборки, адмиралы струсили и решили отправить его на действительную службу.

Этот единственный экземпляр класса Gulf с тех пор заработал дурную славу в узких кругах администрации Diable Avionics: десятилетия службы он провел исключительно в тайных операциях. В публичных записях говорится, что он пропал без вести в цикле 188 во время неуказанной миссии в ходе Второй ИИ-войны Гегемонии и Tri-Tachyon.",,,
,,,,,
,,,,,
# FIGHTERS,,,,,
# FIGHTERS,,,,,
# FIGHTERS,,,,,
,,,,,
,,,,,
# VORTEX,,,,,
,,,,,
,,,,,
diableavionics_vortex,SHIP,"Дистанционно управляемая летающая плита брони с оружием ПВО оказалась неожиданно эффективной обороной. Возможность сбрасывать флюкс под прикрытием таких дронов дала эсминцу Calm ту угрозу, которой ему давно не хватало.",,,
,,,,,
,,,,,
# ARBITRATOR,,,,,
,,,,,
,,,,,
diableavionics_arbitrator,SHIP,"Быстрый перехватчик Arbitrator — один из немногих оставшихся ""обычных"" ударных аппаратов в каталоге Diable Avionics: последняя итерация длинной линии транс-атмосферных одноместных машин. Вооруженные одноствольным IBIS и револьверной пушкой Artassault, они могут очень быстро доставить достойную огневую мощь в любую точку поля боя благодаря сбрасываемому ускорителю.

Если силуэт этого аппарата напоминает перехватчик Thunder, то потому, что у них действительно общий предок. Двигатель, авионика и вооружение отличаются, но общая рама все еще сохраняет некоторое сходство с тем, что веками было стандартным истребителем Домена.",,,
,,,,,
,,,,,
# ARBITRATOR Z,,,,,
,,,,,
,,,,,
diableavionics_arbitratorZ,SHIP,"Arbitrator Zwilling — экзотическая, но экономичная машина для бомбардировок. Два фюзеляжа Arbitrator лишились бустерной ступени и штатного оружия ради полного блока ракет Plover и небольшой турели самообороны.",,,
,,,,,
,,,,,
# FROST,,,,,
,,,,,
,,,,,
diableavionics_frost,SHIP,"Базовая модель Wanzer, оптимизированная под универсальность задач и легкую логистическую нагрузку. Это самая дешевая серия Wanzer, все еще находящаяся на службе, но крепкие общие характеристики шасси и несколько своевременных обновлений позволили ей сохранять эффективность на протяжении циклов.

Frost — Wanzer 6-го поколения, но всего лишь второго поколения в космически ориентированной версии самой концепции Wanzer. Относительная незрелость платформы и ее недостатки со временем были устранены, однако авиационные органы управления неидеальны для экстремальных требований скоростного дальнего космического боя. Поэтому проект пришлось оснащать оружием ближней дистанции, чтобы максимизировать шанс смертельного попадания: в данном случае гладкоствольным револьвером Covet, стреляющим флешеттами из карбида вольфрама, и химически заточенным моноволоконным боевым клинком с вольфрамовым покрытием. Несмотря на ограниченную дальность, эта линейка Wanzer все еще способна уверенно выполнять задачи на современном поле боя, и стандартным пилотам истребителей не стоит ее недооценивать.",,,
,,,,,
,,,,,
# STRIFE,,,,,
,,,,,
,,,,,
diableavionics_strife,SHIP,"Улучшенное шасси Wanzer 6-го поколения: дополнительная броневая обшивка и резервные дублирующие системы гарантируют, что аппарат сохранит место на вершине пищевой цепи. Универсальное фугасно-осколочное оснащение с высоким уроном, дополненное встроенной системой ПВО, дало модели смертельную репутацию по всему Сектору. Однако против особенно бронированных целей ей несколько не хватает чистой огневой мощи.

Дополнительный топливный блок комбинированный субреактор, установленный в корме Strife, подает столь нужную энергию на импульсные двигатели, позволяя сохранить выгодную кривую ускорения несмотря на массу дополнительной навесной гигаджоулевой электроброни. И все же масштабные обновления сделали шасси несколько неуклюжим для роли перехватчика; зато даже одно крыло более чем способно разобрать изолированный фрегат.",,,
,,,,,
,,,,,
# HOAR,,,,,
,,,,,
,,,,,
diableavionics_hoar,SHIP,"Шасси Hoar — поздний Wanzer 6-го поколения, выигравший от зрелой технологической платформы. Поэтому это сбалансированная и эффективная конструкция, специально рассчитанная на работу в паре с более крупными кораблями. Две высокоскоростные пушки AFP-99 ""Tombstone"" эффективно расправляются как с ударными аппаратами, так и с ракетами благодаря исключительной точности, а также способны быстро добивать корабли, уже поврежденные тяжелым огнем. Компактный Winee, установленный в голове, дает прерывистую возможность одним ЭМИ-импульсом обезвредить целую формацию ударных аппаратов.

Процесс разработки шасси типа Hoar до сих пор используют в мастер-классах по управлению проектами. Аппарат выпустили вовремя, в рамках бюджета, с соблюдением требований спецификации и лишь с крошечным числом жертв во время испытаний. С тех пор Hoar получили несколько обновлений, чтобы оставаться актуальными в постоянно меняющемся боевом пространстве: улучшенные двигатели, более эффективная по массе броня и лучшее вооружение. Сравнительно большой экипаж также дал интересные преимущества в многозадачности и тонких манипуляциях. Поэтому Hoar часто отправляют помогать в поисково-спасательных работах после боя: прочная конструкция и два хватательных устройства очень удобны для таких задач.

В какой-то момент шасси подошло к пределам возможностей и его почти ограничили эскортом второй линии, когда Совет проектирования Diable Avionics решил использовать этот хорошо отработанный тип ударного аппарата для испытаний прототипов компьютеров Quantum Targeting Prediction(TM). Довольно примитивная — по сравнению с более поздними версиями компьютера и ПО — надстройка наведения выявила глубину неиспользованного потенциала: на короткое время испытательный Wanzer смог точно атаковать столько целей, сколько операторы успевали подавать в систему, а после временного отключения всех эксплуатационных предохранителей — уничтожить большинство из них за этот промежуток. К сожалению, систему нельзя долго держать включенной, потому что компьютер должен поддерживаться всего на несколько тысячных градуса выше абсолютного нуля. С другой стороны, экипаж все равно не выдержал бы ее работу намного дольше, особенно когда Wanzer почти разбирает сам себя, выстраивая дюжину выстрелов за пару секунд.",,,
,,,,,
,,,,,
# WARLUST,,,,,
,,,,,
,,,,,
diableavionics_warlust,SHIP,"Медленные, но дальнобойные Wanzer, несущие мощное снайперское оружие, противоракетную установку Magicbox, встроенную ПВО на поворотном сенсорном блоке и двух малых дронов-компаньонов. Такое оснащение позволяет быстро уничтожать легкие цели и сохранять круговое оборонительное покрытие, делая их превосходными эскортными ударными аппаратами.

Золотой стандарт оборонительных Wanzer: идеальный баланс эффективности при все еще разумной цене. Шасси Warlust фактически является автономным полноценным решением ПВО. Оно построено на стандартизированной системе соединений MULS-P, ""производственная система многоблочной связки"". Эта взаимозаменяемая система позволяет совмещать детали двух разных серий Wanzer 7-го поколения в рабочий узел, не считая калибровки вооружения. Поврежденные части можно заменить и отложить для ремонта вне боя, снижая нагрузку на авианосец при перевооружении.",,,
,,,,,
,,,,,
# AVALANCHE,,,,,
,,,,,
,,,,,
diableavionics_avalanche,SHIP,"MBW 7-го поколения ""Avalanche"" — чудовище в волчьей шкуре. Тяжело бронированный, вооруженный двухзарядным Snub-Recson, стойкой ракет Thunderbolt и фирменной рассеивающей пушкой D64-FLAK ""Snow Ball"", Avalanche уже на бумаге выглядит крайне опасной машиной. А то, что инженеры заложили достаточно безопасных механических допусков, чтобы выдержать несколько секунд экстремального форсирования характеристик, лишь вишенка на впечатляющем торте.

Для своих размеров Avalanche довольно мобилен и является универсалом 7-го поколения. Особенно смертоносен против ударных аппаратов и фрегатов, но при грамотной поддержке способен сцепиться и с более тяжелыми противниками. Это также самая крупная модель Wanzer, оснащенная двумя устройствами тактильного захвата, что делает ее уникально пригодной для операций, требующих тонких манипуляций и/или извлечения объектов. В столовых экипажей пересказывают подвиги пилотов Avalanche из черных операций: ""невозможные"" диверсии, незаметная закладка бомб на станциях задолго до их применения или похищение вражеского офицера прямо из трансферного шаттла в небе.",,,
,,,,,
,,,,,
# BLIZZAIA,,,,,
,,,,,
,,,,,
diableavionics_blizzaia,SHIP,"Идеальное дополнение к нескольким крыльям Avalanche или Warlust: Blizzaia приносит столь нужную тяжелую огневую мощь, необходимую для прорыва самых крепких боевых кораблей Сектора. Низкая скорость делает их довольно уязвимыми, поэтому рекомендуется легкий эскорт, чтобы они прожили достаточно долго и успели доставить весь боекомплект.

Аналог бомбардировщика с гранатометом D13-4 ""Cicada"" и легкой автопушкой Grave. Ранние модели страдали детскими болезнями таймера подрыва гранат, что привело к нескольким случаям дружественного огня. Непитаемые и трудно отслеживаемые взрывные устройства, дрейфующие вокруг врага в занятом боевом пространстве, сначала могут показаться хорошей идеей, но когда через них приходится лететь собственному флоту, взгляд быстро меняется.",,,
,,,,,
,,,,,
# ZEPHYR,,,,,
,,,,,
,,,,,
diableavionics_zephyr,SHIP,"Ранняя модель Wanzer 9-го поколения, которая позднее привела и к классу Valiant, и к классу Raven. Для первого она доказала жизнеспособность концепции нескольких энергетических конфигураций через физическую перестройку компонентов, то есть универсальная рамная конструкция. Для второго — показала, что более крупные модели Wanzer способны сражаться с фрегатами на равных и переживать такие столкновения, оставаясь обслуживаемыми модифицированной направляющей Wanzer, ныне стандартной для всех кораблей Diable Avionics, способных нести Wanzer.

Хотя этот Wanzer проектировался под традиционные органы управления, он также послужил испытательным стендом для значительно более эффективного нейроинтерфейса S-Type. Современные модернизированные варианты теперь используют его по умолчанию и принимают ручное управление только после небольших изменений кабины. Из-за постоянной нехватки хорошо подготовленных пилотов S-Type около 67% Zephyr проходят эту процедуру сразу после выхода с производственной линии, что администрация часто называет пустой тратой ресурсов.",,,
,,,,,
,,,,,
# VALIANT,,,,,
,,,,,
,,,,,
diableavionics_valiant,SHIP,"Нынешняя вершина технологии ударных Wanzer: Valiant получил обозначение ""Универсальный"" за способность перестраивать профиль двигателей ради максимальной скорости или маневренности. Это делает их самыми быстрыми Wanzer на поле боя и смягчает ключевую слабость других моделей. Помимо скорости, Valiant оснащены щитом, парой пусковых микроракет, турелью ПВО и парой смертоносных миниатюрных электромагнитных винтовок. Такой сбалансированный набор позволяет эффективно атаковать любую цель. Неудивительно, что цена соответствует впечатляющим возможностям.

Хотя использование трансформируемых Wanzer остается ненадежным, их характеристики нельзя недооценивать. Valiant — Wanzer поколения 9+, включающий дорогую миниатюрную технологию омни-щита TX-5 и продвинутое энергетическое оружие. Кроме того, этот Wanzer спроектирован так, чтобы перестраивать компоненты корпуса и внутренние механизмы, максимизируя поток энергии к двигателям при необходимости.

Из-за нескольких режимов управления, нужных для эксплуатации Valiant, большинству пилотов хирургически имплантируют интерфейс нейросвязи S-Type, который сопоставляет паттерны нейронной активности с командами управления. Из десяти обученных пилотов с устройством S-Type семеро не проявят побочных эффектов, двое получат умеренную или тяжелую потерю памяти при отключении от Wanzer, а оставшиеся столкнутся с расстройствами множественной личности, психозом или, в редких случаях, смертью мозга. Тем, кто не переживает процедуру, посмертно присваивают два звания.

Пусть по отдельности они далеко не самые мощные Wanzer, по мощности на единицу массы они, безусловно, являются таковыми.",,,
,,,,,
,,,,,
# RAVEN,,,,,
,,,,,
,,,,,
diableavionics_raven,SHIP,"Type-11 Raven — самый тяжелый ударный Wanzer 9-го поколения в каталоге Diable Avionics, а значит, и самый тяжелый из производимых сейчас вообще. Будучи примерно на 50% крупнее рам 7-го поколения, он способен вместить почти полноразмерное корабельное вооружение: Grave HMG и компактный Glowtusk делают эти штурмовые Wanzer весьма эффективными против всего, кроме самой толстой обороны. Компактное Grazer Core и огромные плиты абляционной нано-брони завершают смертоносный комплект.

Хотя Raven проектировался как трехместный аппарат для распределения нагрузки, пилот Wanzer 9-го поколения все еще может управлять им в одиночку благодаря нейроинтерфейсу S-type. Даже при дополнительном объеме и массе этой конструкции инженеры не смогли встроить одновременно эмиттер щита класса TX-5 и систему смещения; в итоге оставили вторую, чтобы вражеские истребители не могли переигрывать Raven маневром. Массовое производство столь продвинутого аппарата непрактично, поэтому его цена вызывает удивленно поднятые брови.",,,
,,,,,
,,,,,
diableavionics_nightingale,SHIP,"Мягкое имя ""Nightingale"" плохо сочетается с медлительной грубой силой Wanzer WAM-12 9-го поколения. Будучи родственной моделью Raven, Nightingale использует продвинутые технологии Wanzer, чтобы нести компактный ЭМИ-массив Nocturne и компактный проектор Lazyhorn. Первый дает Wanzer мощные возможности подавления щитов и способен поражать приближающихся врагов, а Lazyhorn легко разрывает волны входящих ракет и истребителей. Благодаря этому Nightingale выделяется как один из лучших Wanzer 9-го поколения, поддерживая вокруг союзников зону ПВО и огневой поддержки.","Ходили слухи, что уникальная циклопическая голова Nightingale основана на дизайне старого популярного антагониста из шоу додоменной эпохи. Отчеты указывают, что в вакууме космоса, в разгар боя, иногда можно услышать резкий птичий визг, когда реактор Nightingale выходит на высокий энергетический режим. Неясно, связано ли это с ""вибрацией, вызванной скольжением возбужденных частиц по металлу"", как заявляет Diable Avionics, или является частью более широкой психологической операции против врагов корпорации.",,
,,,,,
,,,,,
####################,,,,,
##                ##,,,,,
##    WEAPONS     ##,,,,,
##                ##,,,,,
####################,,,,,
,,,,,
,,,,,
,,,,,
,,,,,
# BALLISTIC WEAPONS,,,,,
# BALLISTIC WEAPONS,,,,,
# BALLISTIC WEAPONS,,,,,
,,,,,
,,,,,
# IBIS,,,,,
,,,,,
,,,,,
diableavionics_ibis,WEAPON,"Интегрированная система баллистического перехвата — основная система ближней ПВО флота Diable Avionics, устанавливаемая на корабли и Wanzer. Фирменный рисунок рассеивания дает высокий шанс перехвата почти всего, кроме самых прочных торпед.",ПВО,,
,,,,,
diableavionics_raptor,WEAPON,"Увеличенный IBIS, выпускающий вдвое больше боеприпасов на большей дальности благодаря удлиненным стволам. Обычно Raptor ставят как центральный элемент сети ПВО: он ставит совместимость выше специализации, чтобы даже самые обычные корабли могли установить эту надежную оборонительную систему. Предсказуемый, переносимый и мощный — все три слова одинаково подходят Raptor.

Иногда оружие переключают на агрессивный профиль огня и начинают вырезать открытые внутренности боевых кораблей, хотя в таком режиме прицельный компьютер отвлекается от ракетных атак.",ПВО,,
,,,,,
,,,,,
# RECSON,,,,,
,,,,,
,,,,,
diableavionics_recson,WEAPON,"Кинетическое орудие лучшего в классе уровня, способное быстро разрывать большинство щитов и даже с тревожной скоростью прорезать легкобронированные цели. Короткий ствол и крупный снаряд делают оружие сравнительно неточным, но это приемлемая цена за отличную дальность для столь малого устройства.

Орудие построено вокруг прочного электромагнитного ускорителя с лазерным охлаждением, стреляющего плотными стержнями из молибдено-вольфрамового сплава. Особые боеприпасы при аннигиляции щитом создают разрушительные волновые структуры, из-за чего его целостность быстро падает, пока защита окончательно не срывается.",Штурмовое,,
,,,,,
diableavionics_recson2,WEAPON,"Одна из самых узнаваемых конструкций флота Diable Avionics: разрушительное сдвоенное кинетическое орудие, быстро разрывающее большинство щитов на большой дальности и способное с тревожной скоростью прорезать легкобронированные цели.

""Recson V"" — сдвоенный электромагнитный ускоритель со встроенной системой лазерного охлаждения, мгновенно замораживающей рельсы ускорителя после каждого цикла. Процесс сравнительно неэффективен, но чрезвычайно быстр, позволяя оружию поддерживать высокий темп огня весь бой без значительного теплового износа. Испытания показали, что особые боеприпасы из молибдено-вольфрамового сплава при аннигиляции щитом создают разрушительные волновые структуры, из-за чего его целостность быстро падает, пока защита окончательно не срывается.",Штурмовое,,
,,,,,
,,,,,
# ARTASSAULT,,,,,
,,,,,
,,,,,
diableavionics_artassault,WEAPON,"Быстрострельная револьверная пушка, выпускающая фугасные снаряды короткими очередями. Легко разрывает броню фрегатского класса, хотя высокая скорострельность и короткий ствол ограничивают точность и дальность.

Револьверная пушка M66 ""Artassault"" — специализированное штурмовое оружие для тактики ""бей и беги"". С пятью плазменными картриджами наготове Artassault почти гарантированно доставит жесткое сообщение как пиратам, так и гражданским. Чтобы предотвратить износ, ствол охлаждается жидкостью: сама отдача прокачивает хладагент через рубашку из микротрубок, зажатую между тонким внутренним карбидным стволом и внешней алюминиевой силовой трубой.",Штурмовое,,
,,,,,
diableavionics_artdeux,WEAPON,"Сдвоенная ленточная пушка с подавляющей скорострельностью и приличной дальностью. Это устройство дает уникальную возможность с предельной жесткостью использовать любую брешь в обороне, если флюкс-сеть корабля имеет достаточно запаса, чтобы раскрыть весь потенциал урона.

M266 ""Artdeux"" использует те же боеприпасы, что и револьверная пушка M66 ""Artassault"", но собранные в ленты для значительного увеличения размера очереди. Удлиненные стволы дают заметно большую дальность и точность, хотя каждый отдельный удар немного слабее из-за тепловых ограничений. Сокрушительное воздействие Artdeux служит и сильным психологическим инструментом: оно может заставить вражеских капитанов действовать чрезмерно осторожно, отдавая инициативу с фатальными последствиями.",Штурмовое,,
,,,,,
,,,,,
# GRAVE,,,,,
,,,,,
,,,,,
diableavionics_graveac,WEAPON,"Легкая автопушка Grave помещает мощный противощитовой инструмент в очень малый корпус. Многоствольный силовой подход дает сильный альфа-удар, но долгая перезарядка может стать огромной проблемой, если не удастся вскрыть оборону врага.

Конструкция делит множество компонентов со старшим братом, пулеметом Grave, включая те же высококлассные боеприпасы. Это дает разумную цену и упрощенное обслуживание. До Коллапса крупные заказы на оба вида оружия обычно сопровождались значительными скидками.",Штурмовое,,
 ,,,,,
diableavionics_gravemg,WEAPON,"Разрушительный высокомощный пулемет. Это электротермохимическое орудие, стреляющее пробивными снарядами, станет желанным дополнением к любой сборке, ориентированной на чистый урон, а не на дальность.

Сердце этой пушки — уникальные боеприпасы: жидкий метательный состав, катализируемый плазмой, разгоняет плотный контактно-взрывной пенетратор типа ""Sabot"". При ударе по корабельному щиту детонирует вторичный заряд, добавляя свою энергию к уже значительной скорости снаряда в разрушительной двухступенчатой атаке. Риск самовоспламенения боеприпасов снижен, потому что реагенты инертны без подачи электрического тока.",Штурмовое,,
,,,,,
,,,,,
# GLOWTUSK LINEAR RIFLE,,,,,
,,,,,
,,,,,
diableavionics_glowtusk,WEAPON,"Линейная винтовка Glowtusk — старая технология, поэтому в качестве основного средства нанесения урона она использует, откровенно говоря, бесчеловечный стержень ядерного топлива. Эффективна против брони и корпуса, но достаточно хорошо смягчается щитами.

Glowtusk находится всего в нескольких шагах от варварства и является результатом намеренного проектирования оружия психологической войны. Композитный урановый топливный стержень запускается с такой скоростью, что при контакте с твердым объектом начинается ядерное деление. Низкая эффективность поверхностного подрыва приводит к слабому прохождению щитов, но когда эта мешающая защита обойдена, взрывной эффект выглядит по-настоящему зрелищно.

В космическом бою такое оружие терпят, но атмосферное применение считалось бы военным преступлением из-за радиоактивного выпадения, сохраняющегося эонами. Доколлапсные судебные процессы против корпорации Diable Avionics вынудили ее оружейное подразделение пересмотреть состав делящегося стержня, чтобы ограничить период полураспада производимых изотопов менее чем пятьюстами тысячами лет Старой Земли — предписание, которое активисты того времени назвали ""ничем иным как оскорбительным и бессмысленным"".",Поддержка,,
,,,,,
diableavionics_glowfang,WEAPON,"Винтовка Glowfang Equation — старая технология, поэтому в качестве основного средства нанесения урона она использует, откровенно говоря, бесчеловечный стержень ядерного топлива. Эффективна против брони и корпуса, но достаточно хорошо смягчается щитами.

Glowfang находится всего в нескольких шагах от варварства и является результатом намеренного проектирования оружия психологической войны. Композитный урановый топливный стержень запускается с такой скоростью, что при контакте с твердым объектом начинается ядерное деление. Низкая эффективность поверхностного подрыва приводит к слабому прохождению щитов, но когда эта мешающая защита обойдена, взрывной эффект выглядит по-настоящему зрелищно.

В космическом бою такое оружие терпят, но атмосферное применение считалось бы военным преступлением из-за радиоактивного выпадения, сохраняющегося эонами. Доколлапсные судебные процессы против корпорации Diable Avionics вынудили ее оружейное подразделение пересмотреть состав делящегося стержня, чтобы ограничить период полураспада производимых изотопов менее чем пятьюстами тысячами лет Старой Земли — предписание, которое активисты того времени назвали ""ничем иным как оскорбительным и бессмысленным"".",Поддержка,,
,,,,,
# MOSTRO CANNON ARRAY,,,,,
,,,,,
,,,,,
diableavionics_mostro,WEAPON,"Массивная четырехствольная сдвоенно-связанная пушечная система, спроектированная для разрыва корабельной брони с пугающей скоростью. Высокоплотные плазменные снаряды оставляют мало места для дальности или эффективности, но неумолимая скорострельность с лихвой компенсирует это.

Капитальный вариант, разработанный на основе опыта, полученного при создании Grave HMC и Artassault. Используя сложные автозарядчики, похожие на решения Grave, вместе с технологией плазменных снарядов, доведенной в боеприпасах Artassault, Mostro способен доставлять около 120 тяжелых противоброневых выстрелов в минуту. Массы взрывчатки в них достаточно, чтобы сломать любую броню за несколько попаданий, а при таком залпе от снарядов чрезвычайно трудно уклониться. Несколько слабоватая дальность могла бы считаться проблемой, если бы корабли корпорации Diable Avionics не славились своей мобильностью.",Штурмовое,,
,,,,,
,,,,,
# OPFER GV SUPPRESSION ARTILLERY,,,,,
,,,,,
,,,,,
diableavionics_opfergv,WEAPON,"Opfer GV — массивная оружейная система, построенная вокруг ядра из четырех тяжелых пушек Гатлинга. Способная обрушить полное опустошение на любые щитовые системы, Opfer стала хорошо известным и очень пугающим зрелищем на корпусах Diable Avionics.

Чистая громоздкость оружия не скрывает силовой подход конструкции. Хотя в ней бесчисленно много хитрых инженерных приемов для уменьшения общего объема, Opfer остается массивным устройством, почти не делающим уступок удобству установки или обслуживания. Поскольку половина башни состоит лишь из подающих трактов боеприпасов и охлаждающих элементов, сверху пришлось установить небольшой мостик, где малый экипаж может устранять заклинивания ленты или смягчать перегрев.",Штурмовое,,
,,,,,
,,,,,
# ENERGY WEAPONS,,,,,
# ENERGY WEAPONS,,,,,
# ENERGY WEAPONS,,,,,
,,,,,
,,,,,
# WINEE,,,,,
,,,,,
,,,,,
diableavionics_winee,WEAPON,"Частное ответвление классической ионной пушки, переделанное в оружие быстрых очередей, чтобы использовать короткие окна уязвимости, а не служить постоянным подавителем. Из-за широкого рассеивания эффективнее против крупных целей.

Winee, к сожалению, оказался провальным коммерческим проектом: ранние модели имели ужасную надежность, резко поднимая эксплуатационные расходы. К тому моменту, когда все недостатки устранили, репутация устройства уже закрепилась, и никакой ребрендинг не мог его спасти, особенно в конкуренции с надежной и дешевой ионной пушкой.

Ранний выпуск был идеей ныне анонимного руководителя, пытавшегося подтянуть результаты к концу года. Первые продажи действительно принесли ему крупный бонус, прежде чем начали всплывать проблемы.

Несмотря на горячие протесты инженеров, утверждавших, что они предупреждали начальника о недостатках и что проект никогда не мог уложиться в навязанный срок, весь инженерный штат уволили сразу после того, как они исправили все выявленные точки отказа. Последующее расследование подтвердило их версию гибели проекта. Совет директоров филиала попросил руководителя уйти в отставку, предложив щедрый выходной пакет, чтобы скрыть всю историю. Ни одного из рабочих после этого не наняли обратно.",Поддержка,,
,,,,,
,,,,,
# BURCHEL,,,,,
,,,,,
,,,,,
diableavionics_burchel,WEAPON,"Осциллирующий мезонный эмиттер с достойным потенциалом урона, который иногда не раскрывается из-за ограниченного числа конденсаторов и отсутствия четкой доктринальной ниши.

Используя зарождающуюся механику мезонно-фазового загрязнения, срок жизни потока стабильных мезонов продлевают достаточно, чтобы обеспечить военное применение. Хотя урон нельзя назвать слабым, ограниченная дальность отправила оружие в роли ПВО вместо изначально задуманного штурмового применения. И все же, когда ничего другого нет, Burchel надежно работает против легкобронированных вражеских кораблей.",ПВО,,
,,,,,
diableavionics_glaux,WEAPON,"Тяжелый массив осциллирующих мезонных эмиттеров с высоким потенциалом урона, несколько ограниченный малым числом конденсаторов.

Лучевой повторитель ""Glaux"" стал кульминацией множества попыток обуздать нестабильную субатомную частицу мезон. Проблемы стабильности мезонов пришлось решать, оборачивая каждый импульс мезонов временным фазовым полем, продлевающим их период полураспада. Как одна из первых реализаций такого оружия, Glaux еще не был должным образом миниатюризирован — в отличие от младшего собрата ""Burchel"".

Использование столь незрелой и неэффективной технологии могло показаться неразумным для военного устройства, но ранняя цель разработки заключалась в создании оружия для тайных операций: таких, где необычный профиль повреждений сам по себе был желанной чертой, мешающей отследить происхождение. Конечно, как только секрет раскрылся, тот же необычный профиль стал безошибочной подписью. Это ожидалось, и дальнейшая доводка Glaux превратила его в пригодную альтернативу другим обычным импульсным лучевым системам.",Штурмовое,,
,,,,,
,,,,,
# STATE,,,,,
,,,,,
,,,,,
diableavionics_state,WEAPON,"Промежуточное лучевое оружие, состоящее из пары связанных позитронных эмиттеров. По сравнению с современными лучами дальность ниже, зато удар значительно сильнее.

Система позитронных эмиттеров ""State"" — специализированный пучок частиц, подключенный к реакторам корабля-носителя для питания сравнительно неэффективного процесса создания материи/антиматерии. Выбор позитронов ограничивает дальность из-за самоотталкивания, но это же свойство делает их намного проще для управления в виде оружейного луча.

Часть военных Diable Avionics, особенно гордившаяся технологическими достижениями оружейного подразделения, долго критиковала State как ""слишком обыденный"". Они сознательно отказывались от по сути скучного, но эффективного устройства в пользу чего-то необычного, но менее мощного, утверждая, что экзотическое оружие дополнительно оказывает глубокое психологическое воздействие на вражеские экипажи. Исследования признали в этих заявлениях долю истины, но неясно, выгоден ли такой обмен стратегически.",Огневая поддержка,,
,,,,,
,,,,,
# NOCTURNE,,,,,
,,,,,
,,,,,
diableavionics_nocturne,WEAPON,"ЭМИ-система Nocturne обменивает исходную флюкс-эффективность и дальность стандартного ионного луча на значительно лучшее прохождение через щиты.

Nocturne часто принимают за луч, но технически она не испускает никаких частиц. Вместо этого система проецирует поток низкоплотных нанотрубок, насыщенных сетью молекулярных ЭМИ-эмиттеров — едва ли сложнее одноатомных катушек. Когда цель физически связывается с кораблем-носителем, электрический импульс активирует ближайшие к вражескому кораблю эмиттеры и нарушает его электросеть. Этот постоянный обстрел высокоскоростными фрагментами также очень эффективно дестабилизирует щиты.",Поддержка,,
,,,,,
,,,,,
# LAZYHORN,,,,,
,,,,,
,,,,,
diableavionics_lazyhorn,WEAPON,"варп-проектор Lazyhorn сочетает гравитационное управление и варп-физику, создавая крайне нестабильное оружие ПВО.

Несмотря на весь набор средств ПВО, доступный корпорации Diable Avionics, корпорация все еще испытывала трудности с массовыми залпами входящих боеприпасов. Эту древнюю технологию можно описать как урезанное гражданское гиперпространственное ядро, прикрепленное к двум гравитационным управляющим матрицам, чтобы использовать энергию гиперпространства как псевдо-близкостные заряды. Создавая пространственно-временные ""вихри"" точечными гравитационными колодцами, система временно порождает несколько слабых, но жизнеспособных гиперпространственных точек. Эти точки крайне нестабильны и охотно схлопываются при взаимодействии с материей — идеальный исход, если использовать их как оружие.

Достижимые градиенты слишком малы, чтобы применять такое оружие как полноценное противокорабельное, но для борьбы с небронированными ракетами оно подходит идеально.",ПВО,,
,,,,,
,,,,,
# SRAB,,,,,
,,,,,
,,,,,
diableavionics_srab,WEAPON,"Управляемый заряд SRAB — переосмысленное горнодобывающее устройство. Гражданская версия плохо подходила для боя, но огромный объем тетроксида ксенона в милитаризованном самонаводящемся ударнике теперь представляет реальную угрозу любой цели.

Сформированный прямо в низкотемпературной кристаллической форме, снаряд необычен тем, что сам детонирующий состав используется как несущий корпус без какой-либо внешней оболочки. Вся электроника закреплена поверх взрывчатки. Управление осуществляется локальной абляцией внешнего слоя тетроксида ксенона маломощным лазером, а подрыв запускается простым контактным взрывателем. Взрыв такого устройства высвобождает большие объемы чистого кислорода, обычно активируя множество электронных предохранителей цели, чтобы предотвратить вторичный пожар.

Однако отсутствие защитной оболочки означает, что несколько удачно поставленных попаданий могут вызвать преждевременный подрыв.",Поддержка,,
,,,,,
,,,,,
# HEXAFIRE,,,,,
,,,,,
,,,,,
diableavionics_hexafire,WEAPON,"Одноствольный скорозарядный проектор заряженных термоядерных болтов. Оружие выпускает малые дротики из испаренных тяжелых элементов сетчатым рисунком; такой способ формирования выигрывает от более высокого уровня флюкса. Высокоскоростные, высокотемпературные и плотные снаряды также неплохо воздействуют на броню.

Рассеиватель Hexafire был спроектирован всего за несколько десятилетий до Великого Коллапса, когда в проектировании оружия пытались сменить парадигму и снизить логистическую нагрузку на автофабрики. Производственные линии тогда испытывали давление из-за все более сложных и экзотических боеприпасов. Руководитель проекта поставил цель создать универсальное оружие ближнего боя с самым простым в производстве боеприпасом, который при этом еще можно было запатентовать и продавать вместе с самой оружейной системой.

Принцип устройства прост: в камору подается дискообразная решетка из легкого проводящего металла, пронизанная тонкими конусами из более тяжелого материала. Затем диск подвергается мощному разряду от высокоэнергетического конденсатора, из-за чего металл резко испаряется и расширяется. Чисто механическим давлением он расплавляет и выдавливает тяжелые дротики наружу.

Боеприпас исключительно прост в производстве, потому что не требует никакой электроники. Он также полностью инертен и безопасен при хранении в кормовой части башни. Точность ограничена только качеством сборки, что открывает возможность продавать более качественные боеприпасы по куда более высокой цене. В высших версиях дротики делают из особых сплавов, которые можно ""перезаряжать"" для дополнительного урона, напрямую подвергая их воздействию флюкса из энергетической сети корабля.",Штурмовое,,
,,,,,
diableavionics_hexafire2,WEAPON,"Двухствольный скорозарядный проектор заряженных термоядерных болтов. Оружие выпускает малые дротики из испаренных тяжелых элементов сетчатым рисунком; такой способ формирования выигрывает от более высокого уровня флюкса. Высокоскоростные, высокотемпературные и плотные снаряды также неплохо воздействуют на броню.

Рассеиватель Hexafire был спроектирован всего за несколько десятилетий до Великого Коллапса, когда в проектировании оружия пытались сменить парадигму и снизить логистическую нагрузку на автофабрики. Производственные линии тогда испытывали давление из-за все более сложных и экзотических боеприпасов. Руководитель проекта поставил цель создать универсальное оружие ближнего боя с самым простым в производстве боеприпасом, который при этом еще можно было запатентовать и продавать вместе с самой оружейной системой.

Принцип устройства прост: в камору подается дискообразная решетка из легкого проводящего металла, пронизанная тонкими конусами из более тяжелого материала. Затем диск подвергается мощному разряду от высокоэнергетического конденсатора, из-за чего металл резко испаряется и расширяется. Чисто механическим давлением он расплавляет и выдавливает тяжелые дротики наружу.

Боеприпас исключительно прост в производстве, потому что не требует никакой электроники. Он также полностью инертен и безопасен при хранении в кормовой части башни. Точность ограничена только качеством сборки, что открывает возможность продавать более качественные боеприпасы по куда более высокой цене. В высших версиях дротики делают из особых сплавов, которые можно ""перезаряжать"" для дополнительного урона, напрямую подвергая их воздействию флюкса из энергетической сети корабля.",Штурмовое,,
,,,,,
,,,,,
# UHLAN ARTILLERY,,,,,
,,,,,
,,,,,
diableavionics_uhlan,WEAPON,"Мощное тяжелое оружие, ранее применявшееся для размягчения враждебных станций. Улучшения систем наведения и доводка геометрии дульной части повысили точность достаточно, чтобы сделать из него пригодное противокорабельное оружие: сложное в установке и ненадежное, но разрушительное при попадании.

Этот массивный комплекс механизмов часто является первым и последним словом в дальних боевых операциях. Построенный на множестве подсистем охлаждения и огромных фокусирующих тоннелях, Uhlan вертикально складывает три рентгеновские лазерные сборки, питающие ""ствол"" из 40-метровых тоннелей рентгеновских зеркал. Самому оружию требуются маломощные ядерные заряды, детонируемые внутри казенной сборки для питания лазера. Быстро раскрывающиеся высокопрочные внутренние щиты защищают механизмы от основной части взрыва. Снаружи заметны увеличенные теплоотводы и сама казенная часть, иногда открывающаяся для цикла охлаждения. Во время стрельбы экипажи часто сообщают о гравитационных и фазовых аномалиях в районе казенника, вероятно связанных с задействованными энергиями.",Штурмовое,,
,,,,,
,,,,,
# MISSILE WEAPONS,,,,,
# MISSILE WEAPONS,,,,,
# MISSILE WEAPONS,,,,,
,,,,,
,,,,,
# BANISH,,,,,
,,,,,
,,,,,
diableavionics_banishsmall,WEAPON,"Одноразовая торпеда с боевой частью вырождения, предназначенной раздавливать цели и вызывать множество побочных эффектов при контакте. Сильна против корпуса и щитов, но несколько слабее против брони, чем обычные высокомощные торпеды. Помехи, создаваемые боеголовкой после взведения, исключают полезный уровень наведения, поэтому торпеду предварительно наводят дистанционно перед запуском двигателя.

Оружие вырождения сравнительно редко встречается в Секторе из-за высоких расходов на обслуживание даже тогда, когда оно просто лежит на складе. Боевые части содержат пару микрогранул вырожденной материи, которые схлопываются при столкновении друг с другом на высокой скорости и порождают черную дыру, живущую считанные фемтосекунды. Однако поддерживать тонкий энергетический баланс, стабилизирующий квантовое состояние гранул, крайне трудно; не говоря уже о предотвращении преждевременного удара внутри корабля, который еще и может оказаться под огнем.

Чтобы избежать смертельных аварий, боевая часть сильно бронирована, а гранулы физически разведены и не могут столкнуться случайно. Полезный побочный эффект такого тяжелого экранирования — сравнительно высокая стойкость к перехвату.",Ударное,,
,,,,,
diableavionics_banish,WEAPON,"Перезаряжаемая пусковая труба, выпускающая торпеду с боевой частью вырождения, предназначенной раздавливать цели и вызывать множество побочных эффектов при контакте. Сильна против корпуса и щитов, но несколько слабее против брони, чем обычные высокомощные торпеды. Помехи, создаваемые боеголовкой после взведения, исключают полезный уровень наведения, поэтому торпеду предварительно наводят дистанционно перед запуском двигателя.

Оружие вырождения сравнительно редко встречается в Секторе из-за высоких расходов на обслуживание даже тогда, когда оно просто лежит на складе. Боевые части содержат пару микрогранул вырожденной материи, которые схлопываются при столкновении друг с другом на высокой скорости и порождают черную дыру, живущую считанные фемтосекунды. Однако поддерживать тонкий энергетический баланс, стабилизирующий квантовое состояние гранул, крайне трудно; не говоря уже о предотвращении преждевременного удара внутри корабля, который еще и может оказаться под огнем.

Чтобы избежать смертельных аварий, боевая часть сильно бронирована, а гранулы физически разведены и не могут столкнуться случайно. Полезный побочный эффект такого тяжелого экранирования — сравнительно высокая стойкость к перехвату.",Ударное,,
,,,,,
,,,,,
# MAGICBOX,,,,,
,,,,,
,,,,,
diableavionics_magicbox,WEAPON,"Простая ракета с направленной осколочной боевой частью, предназначенная исключительно для перехвата высокоскоростных боеприпасов. Умеренный запас ракет, готовых к пуску, позволяет обнулить несколько угроз в быстрой последовательности.

Изначальные требования предполагали гибридный перехватчик, способный уничтожать боеприпасы вплоть до класса ""Harpoon"" и при этом угрожать легким истребителям. Однако создать боевую часть достаточно легкую, чтобы не ухудшить летные качества ракеты, и одновременно достаточно мощную, чтобы пробивать броню ударного аппарата, исследовательскому бюро не удалось. Несмотря на заметный психологический эффект, ухудшавший точность пилотов под градом этих молниеносных ракет, отсутствие реального урона по самим аппаратам и широкие окна уязвимости, возникавшие при пустой трате готового боекомплекта, сочли неприемлемыми. Поэтому ИИ выбора целей настроили так, чтобы он учитывал только небронированные ракетные угрозы.",ПВО,,
,,,,,
diableavionics_magicboxPod,WEAPON,"Простая ракета с направленным осколочным взрывом, предназначенная исключительно для перехвата высокоскоростных боеприпасов. Умеренный запас ракет, готовых к пуску, позволяет обнулить несколько угроз в быстрой последовательности.

Хотя исследования по повышению эффективности ракет Magicbox продолжались, их результаты видны в контейнере подвесном блоке Magicbox: две пусковые установки, немного более мощные ракеты, увеличенная дальность и другие улучшения. При этом система все еще попадает в те же ловушки, что и меньшие версии: даже в лучших случаях она остается довольно расточительной.",,,
,,,,,
diableavionics_magicboxPodBI,WEAPON,"Простая ракета с направленным осколочным взрывом, предназначенная исключительно для перехвата высокоскоростных боеприпасов. Умеренный запас ракет, готовых к пуску, позволяет обнулить несколько угроз в быстрой последовательности.

Уменьшенная версия обычного контейнера Magicbox: из-за поспешной интеграции и применения менее качественных деталей она лишена многих улучшений стандартной версии. Даже ракеты, которые она выпускает, не избежали этой участи.",,,
,,,,,
# MICROMISSILES,,,,,
,,,,,
,,,,,
diableavionics_micromissile,WEAPON,"Часто применяемые на большинстве изделий Diable Avionics, эти роевые ракеты предназначены как для нарушения обороны врага, так и для нанесения небольшого урона.

Эти простые ракеты используют рандомизированные алгоритмы перехвата целей, чтобы сбивать с толку вражескую ПВО: они помогают крыльям Wanzer флота выполнить задачу под минимальным ответным огнем и прикрывают заход более опасных боеприпасов. Кроме того, они незаметно усиливают флот почти во всем, вынуждая врага постоянно держать щиты поднятыми и тем самым ограничивая его маневренность. Несколько таких ракет могут показаться пустой тратой ресурсов, но их сила резко растет с количеством, а практически неограниченный запас превращает их в постоянный расходник, истощающий противника на протяжении всего боя.",Огневая поддержка,,
,,,,,
diableavionics_microbuiltin,WEAPON,"Часто применяемые на большинстве изделий Diable Avionics, эти роевые ракеты предназначены как для нарушения обороны врага, так и для нанесения небольшого урона.

Эти простые ракеты используют рандомизированные алгоритмы перехвата целей, чтобы сбивать с толку вражескую ПВО: они помогают крыльям Wanzer флота выполнить задачу под минимальным ответным огнем и прикрывают заход более опасных боеприпасов. Кроме того, они незаметно усиливают флот почти во всем, вынуждая врага постоянно держать щиты поднятыми и тем самым ограничивая его маневренность. Несколько таких ракет могут показаться пустой тратой ресурсов, но их сила резко растет с количеством, а практически неограниченный запас превращает их в постоянный расходник, истощающий противника на протяжении всего боя.",Огневая поддержка,,
,,,,,
diableavionics_microarray,WEAPON,"Встроенный в борт класса Maelstrom, этот тридцатитрубный массив микроракет дополняет основное вооружение шквалом фирменных боеприпасов Diable Avionics, внося хаос и замешательство в сетку вражеской ПВО и постепенно скалывая броню.

Эти простые ракеты используют рандомизированные алгоритмы перехвата целей, чтобы сбивать с толку вражескую ПВО: они помогают крыльям Wanzer флота выполнить задачу под минимальным ответным огнем и прикрывают заход более опасных боеприпасов. Кроме того, они незаметно усиливают флот почти во всем, вынуждая врага постоянно держать щиты поднятыми и тем самым ограничивая его маневренность. Несколько таких ракет могут показаться пустой тратой ресурсов, но их сила резко растет с количеством, а практически неограниченный запас превращает их в постоянный расходник, истощающий противника на протяжении всего боя.",Огневая поддержка,,
,,,,,
diableavionics_microcluster,WEAPON,"Встроенный в борт класса Pocket-Gust, этот восьмитрубный массив микроракет дополняет основное вооружение шквалом фирменных боеприпасов Diable Avionics, внося хаос и замешательство в сетку вражеской ПВО и постепенно скалывая броню.

Эти простые ракеты используют рандомизированные алгоритмы перехвата целей, чтобы сбивать с толку вражескую ПВО: они помогают крыльям Wanzer флота выполнить задачу под минимальным ответным огнем и прикрывают заход более опасных боеприпасов. Кроме того, они незаметно усиливают флот почти во всем, вынуждая врага постоянно держать щиты поднятыми и тем самым ограничивая его маневренность. Несколько таких ракет могут показаться пустой тратой ресурсов, но их сила резко растет с количеством, а практически неограниченный запас превращает их в постоянный расходник, истощающий противника на протяжении всего боя.",Огневая поддержка,,
,,,,,
diableavionics_microcluster2,WEAPON,"Встроенный в кормовую часть класса Daze, этот восьмитрубный массив микроракет дополняет основное вооружение шквалом фирменных боеприпасов Diable Avionics, внося хаос и замешательство в сетку вражеской ПВО и постепенно скалывая броню.

Эти простые ракеты используют рандомизированные алгоритмы перехвата целей, чтобы сбивать с толку вражескую ПВО: они помогают крыльям Wanzer флота выполнить задачу под минимальным ответным огнем и прикрывают заход более опасных боеприпасов. Кроме того, они незаметно усиливают флот почти во всем, вынуждая врага постоянно держать щиты поднятыми и тем самым ограничивая его маневренность. Несколько таких ракет могут показаться пустой тратой ресурсов, но их сила резко растет с количеством, а практически неограниченный запас превращает их в постоянный расходник, истощающий противника на протяжении всего боя.",Огневая поддержка,,
,,,,,
diableavionics_microcluster_left,WEAPON,"Встроенный в борт класса Storm, этот восьмитрубный массив микроракет дополняет основное вооружение шквалом фирменных боеприпасов Diable Avionics, внося хаос и замешательство в сетку вражеской ПВО и постепенно скалывая броню.

Эти простые ракеты используют рандомизированные алгоритмы перехвата целей, чтобы сбивать с толку вражескую ПВО: они помогают крыльям Wanzer флота выполнить задачу под минимальным ответным огнем и прикрывают заход более опасных боеприпасов. Кроме того, они незаметно усиливают флот почти во всем, вынуждая врага постоянно держать щиты поднятыми и тем самым ограничивая его маневренность. Несколько таких ракет могут показаться пустой тратой ресурсов, но их сила резко растет с количеством, а практически неограниченный запас превращает их в постоянный расходник, истощающий противника на протяжении всего боя.",Огневая поддержка,,
,,,,,
diableavionics_microarrayM,WEAPON,"Встроенный в борта класса Pandemonium, этот двадцатитрубный массив микроракет дополняет основное вооружение шквалом фирменных боеприпасов Diable Avionics, внося хаос и замешательство в сетку вражеской ПВО и постепенно скалывая броню.

Эти простые ракеты используют рандомизированные алгоритмы перехвата целей, чтобы сбивать с толку вражескую ПВО: они помогают крыльям Wanzer флота выполнить задачу под минимальным ответным огнем и прикрывают заход более опасных боеприпасов. Кроме того, они незаметно усиливают флот почти во всем, вынуждая врага постоянно держать щиты поднятыми и тем самым ограничивая его маневренность. Несколько таких ракет могут показаться пустой тратой ресурсов, но их сила резко растет с количеством, а практически неограниченный запас превращает их в постоянный расходник, истощающий противника на протяжении всего боя.",Огневая поддержка,,
,,,,,
,,,,,
# THUNDERBOLT,,,,,
,,,,,
,,,,,
diableavionics_thunderboltsmall,WEAPON,"Стойка специализированных ракет малой дальности, оснащенных контактно-дистанционными кумулятивными боеголовками средней мощности. Сконцентрированный поток плазмы способен прошить корабль насквозь, если его броня уже была ослаблена.

FV-24 ""Thunderbolt"" — легкая управляемая ракета с тройной ядерной кумулятивной боевой частью, заключенной между слоями легкой аморфной броневой пластины. Значительная часть стоимости разработки ушла на доводку ядерных зарядов ради максимального поражения за броней. Из-за высокой пробивной способности нередко можно увидеть, как из свежей пробоины в корабле-цели с силой вылетает шлейф того, что еще недавно было тонкой машинерией, броней и экипажем.",Огневая поддержка,,
,,,,,
diableavionics_thunderboltpod,WEAPON,"Среднее крепление пусковой установки Thunderbolt. Оснащенный электромагнитными направляющими и скоростным роторным автозарядчиком, этот вариант обладает исключительными возможностями огневой поддержки.

FV-24 ""Thunderbolt"" — легкая управляемая ракета с тройной ядерной кумулятивной боевой частью, заключенной между слоями легкой аморфной броневой пластины. Значительная часть стоимости разработки ушла на доводку ядерных зарядов ради максимального поражения за броней. Из-за высокой пробивной способности нередко можно увидеть, как из свежей пробоины в корабле-цели с силой вылетает шлейф того, что еще недавно было тонкой машинерией, броней и экипажем.

Одно преимущество увеличенного узла по сравнению с обычной стойкой в том, что он достаточно прочен, чтобы выдерживать отдачу системы пусковых направляющих. Две электромагнитные катапульты придают боеприпасам сильный начальный рывок скорости, потенциально позволяя обходить оборону чистой скоростью при стрельбе с близкой дистанции.",Огневая поддержка,,
,,,,,
diableavionics_strifethunderbolt,WEAPON,"Установленные на спине короткодействующие Thunderbolt с кумулятивными контактными боеголовками. Их плазменная струя может пробить корабль насквозь, если броня цели уже повреждена.",Огневая поддержка,,
,,,,,
,,,,,
# PLOVER,,,,,
,,,,,
,,,,,
diableavionics_plover,WEAPON,"Предшественники ракет FV-24 ""Thunderbolt"", эти мощные ракеты используют тот же тип ядерной кумулятивной боевой части, установленной на твердотопливный двигатель с базовой стабилизацией ориентации.

Тяжелая ракета FV-16 ""Plover"" — сравнительно простая реализация ядерного кумулятивного заряда. Каждая отдельная ракета несет две ядерные боевые части, прикрепленные к собственной вольфрамовой пластине для формирования гиперскоростных плазменных струй, способных стабильно пробивать корабельную броню.",Штурмовое,,
,,,,,
,,,,,
# THRUSH,,,,,
,,,,,
,,,,,
diableavionics_thrush,WEAPON,"Thrush — гибридная дальнобойная система перехвата с двумя направляющими. Запускает пару быстрых ракет с мощной основной боеголовкой и может выпустить восемь микроракет как резерв, если основной носитель не перехватил цель.",Огневая поддержка,,
,,,,,
,,,,,
diableavionics_nocturneDEM_small,WEAPON,"Плод множества циклов НИОКР, вложенных в обратную разработку технологии DEM и ее включение в обширный арсенал Diable Avionics. Пусковая Nocturne DEM — свидетельство силы исследовательского подразделения Diable Avionics: ей удалось упаковать мощный кинетический импульс ЭМИ-массива Nocturne в ракетную полезную нагрузку. Теперь многие корабли, которые в обычных условиях не могли бы установить ЭМИ-массив Nocturne, способны — при аккуратном планировании из-за ограниченного боекомплекта — принести силу этого мощного инструмента и переломить ход боя.",,,
,,,,,
# SPECIAL,,,,,
# SPECIAL,,,,,
# SPECIAL,,,,,
,,,,,
,,,,,
# VERSANT,,,,,
,,,,,
,,,,,
diableavionics_versant_harvest_LEFT,WEAPON,"Энергетический ускоритель снарядов с умеренным уроном за выстрел, достойной скорострельностью и превосходной скоростью снаряда. Демпферы в основании помогают удерживать огонь на цели даже при длительной стрельбе на экстремальных ускорениях.",Штурмовое,,
diableavionics_versant_harvestB_LEFT,WEAPON,"Энергетический ускоритель снарядов с умеренным уроном за выстрел, достойной скорострельностью и превосходной скоростью снаряда. Демпферы в основании помогают удерживать огонь на цели даже при длительной стрельбе на экстремальных ускорениях.",Штурмовое,,
diableavionics_versant_harvestC_LEFT,WEAPON,"Энергетический ускоритель снарядов с умеренным уроном за выстрел, достойной скорострельностью и превосходной скоростью снаряда. Демпферы в основании помогают удерживать огонь на цели даже при длительной стрельбе на экстремальных ускорениях.",Штурмовое,,
,,,,,
,,,,,
diableavionics_versant_harvest_RIGHT,WEAPON,"Энергетический ускоритель снарядов с умеренным уроном за выстрел, достойной скорострельностью и превосходной скоростью снаряда. Демпферы в основании помогают удерживать огонь на цели даже при длительной стрельбе на экстремальных ускорениях.",Штурмовое,,
diableavionics_versant_harvestB_RIGHT,WEAPON,"Энергетический ускоритель снарядов с умеренным уроном за выстрел, достойной скорострельностью и превосходной скоростью снаряда. Демпферы в основании помогают удерживать огонь на цели даже при длительной стрельбе на экстремальных ускорениях.",Штурмовое,,
diableavionics_versant_harvestC_RIGHT,WEAPON,"Энергетический ускоритель снарядов с умеренным уроном за выстрел, достойной скорострельностью и превосходной скоростью снаряда. Демпферы в основании помогают удерживать огонь на цели даже при длительной стрельбе на экстремальных ускорениях.",Штурмовое,,
,,,,,
,,,,,
,,,,,
# VIRTUOUS,,,,,
,,,,,
,,,,,
diableavionics_virtuous_headA,WEAPON,"Осциллирующий мезонный излучатель с приличным уроном, но ограниченным числом конденсаторов и неясной доктринальной нишей.",ПВО,,
diableavionics_virtuous_headB,WEAPON,"Быстрострельная производная ионной пушки, рассчитанная на короткие окна уязвимости, а не на постоянное отключение. Широкий разброс делает ее эффективнее против крупных целей.",Поддержка,,
diableavionics_virtuous_headC,WEAPON,"Легкая автопушка Grave помещает мощный противощитовой инструмент в очень малый корпус. Многоствольный силовой подход дает сильный альфа-удар, но долгая перезарядка может стать огромной проблемой, если не удастся вскрыть оборону врага.",Штурмовое,,
diableavionics_virtuous_headD,WEAPON,"Простая ракета с направленной осколочной боеголовкой, предназначенная только для скоростного перехвата боеприпасов. Запас готовых ракет позволяет быстро снять несколько угроз подряд.",ПВО,,
,,,,,
diableavionics_virtuous_scicle_L,WEAPON,"Scicle Blaster — увеличенный ускоритель заряженных снарядов с впечатляющей скорострельностью и уроном ценой огромной флюкс-нагрузки. Оружие считается довольно опасным в использовании не потому, что есть риск неисправности, а потому, что при стрельбе очень легко потерять контроль над уровнем флюкса и оказаться без запаса конденсаторов для щита перед ответным ударом.",Штурмовое,,
diableavionics_virtuous_scicle_R,WEAPON,"Scicle Blaster — увеличенный ускоритель заряженных снарядов с впечатляющей скорострельностью и уроном ценой огромной флюкс-нагрузки. Оружие считается довольно опасным в использовании не потому, что есть риск неисправности, а потому, что при стрельбе очень легко потерять контроль над уровнем флюкса и оказаться без запаса конденсаторов для щита перед ответным ударом.",Штурмовое,,
diableavionics_virtuous_snowblast_L,WEAPON,"Двуствольный предшественник штурмовой пушки Grave до ее миниатюризации. Хотя мгновенный выброс урона впечатляет и заставит задуматься любой корабль, пытающийся войти в его сектор огня, продолжительная огневая мощь Snowblast лишь средняя, дальность ограничена, а пробитие брони в лучшем случае анемичное.",Пробитие щитов,,
diableavionics_virtuous_snowblast_R,WEAPON,"Двуствольный предшественник штурмовой пушки Grave до ее миниатюризации. Хотя мгновенный выброс урона впечатляет и заставит задуматься любой корабль, пытающийся войти в его сектор огня, продолжительная огневая мощь Snowblast лишь средняя, дальность ограничена, а пробитие брони в лучшем случае анемичное.",Пробитие щитов,,
diableavionics_virtuous_grave_L,WEAPON,"Двуствольный предшественник штурмовой пушки Grave до ее миниатюризации. Хотя мгновенный выброс урона впечатляет и заставит задуматься любой корабль, пытающийся войти в его сектор огня, продолжительная огневая мощь Snowblast лишь средняя, дальность ограничена, а пробитие брони в лучшем случае анемичное.",Пробитие щитов,,
diableavionics_virtuous_grave_R,WEAPON,"Двуствольный предшественник штурмовой пушки Grave до ее миниатюризации. Хотя мгновенный выброс урона впечатляет и заставит задуматься любой корабль, пытающийся войти в его сектор огня, продолжительная огневая мощь Snowblast лишь средняя, дальность ограничена, а пробитие брони в лучшем случае анемичное.",Пробитие щитов,,
diableavionics_virtuous_excision_L,WEAPON,"Дальнобойная точная пушка, закрепленная прямо на корпусе вместо карданного крепления. Дальность и скорость снаряда огромны, но отдача настолько сильна, что после каждого выстрела точность заметно падает.",Дальний удар,,
diableavionics_virtuous_excision_R,WEAPON,"Дальнобойная точная пушка, закрепленная прямо на корпусе вместо карданного крепления. Дальность и скорость снаряда огромны, но отдача настолько сильна, что после каждого выстрела точность заметно падает.",Дальний удар,,
diableavionics_virtuous_glaux_L,WEAPON,"Glaux Mk.2 делает все, за что обычный Glaux знают и любят — или ненавидят, в зависимости от того, с какой стороны вы оказались, — но лучше. У него больше дальность, выше выход луча и даже немного улучшена эффективность преобразования энергии благодаря более крупным системам охлаждения.",Универсальное,,
diableavionics_virtuous_glaux_R,WEAPON,"Glaux Mk.2 делает все, за что обычный Glaux знают и любят — или ненавидят, в зависимости от того, с какой стороны вы оказались, — но лучше. У него больше дальность, выше выход луча и даже немного улучшена эффективность преобразования энергии благодаря более крупным системам охлаждения.",Универсальное,,
diableavionics_virtuous_grasshopper_L,WEAPON,"Гранатомет Grasshopper спроектирован так, чтобы подавлять большинство систем ПВО чистым объемом огня. Снаряды также имеют приличную область поражения, которую можно использовать для зачистки ударных аппаратов или нейтрализации угрозы от ракетных носителей.",Против брони,,
diableavionics_virtuous_grasshopper_R,WEAPON,"Гранатомет Grasshopper спроектирован так, чтобы подавлять большинство систем ПВО чистым объемом огня. Снаряды также имеют приличную область поражения, которую можно использовать для зачистки ударных аппаратов или нейтрализации угрозы от ракетных носителей.",Против брони,,
diableavionics_virtuous_beast_L,WEAPON,Пушечный массив Beast создан на базе Mostro и использует те же стволы и боеприпасы. Трехствольная связанная конфигурация дает более мощные удары ценой длительной огневой мощи.,Против брони,,
diableavionics_virtuous_beast_R,WEAPON,Пушечный массив Beast создан на базе Mostro и использует те же стволы и боеприпасы. Трехствольная связанная конфигурация дает более мощные удары ценой длительной огневой мощи.,Против брони,,
diableavionics_virtuous_roar_L,WEAPON,Пушка Гатлинга Roar обрушивает шквал высокоскоростных кинетических снарядов и быстро перегружает большинство щитов. Дополнительный плюс — очень выгодная флюкс-эффективность.,Против щитов,,
diableavionics_virtuous_roar_R,WEAPON,Пушка Гатлинга Roar обрушивает шквал высокоскоростных кинетических снарядов и быстро перегружает большинство щитов. Дополнительный плюс — очень выгодная флюкс-эффективность.,Против щитов,,
,,,,,
,,,,,
,,,,,
,,,,,
# DEPRECATED,,,,,
,,,,,
,,,,,
diableavionics_heavythermalpulse,WEAPON,"Гораздо более флюкс-прожорливая версия почтенной TPC: большие объемы энергии, закачиваемые в оружейную систему, повышают огневую мощь ценой дальности.

В этой вариации культовой термоимпульсной пушки инженеры заметно увеличили выход, просто направив больше энергии в конденсаторы. Это ощутимо ударило по эффективности конструкции, но такой обмен часто называют оправданным.

Значительное тепло, выделяемое при каждом цикле стрельбы, потенциально может выжигать множество компонентов при длительном использовании. Поэтому установлен ограничитель, снижающий частоту таких случаев, а встроенные теплоотводы смягчают воздействие на корабельные системы.",Штурмовое,,
,,,,,
diableavionics_lightTPC,WEAPON,"Уменьшенная термоимпульсная пушка для малых кораблей и истребителей. Она потеряла большую часть мощи старшей версии, но для своего размера остается эффективным оружием.",Штурмовое,,
,,,,,
diableavionics_versant_head,WEAPON,"Спаренные тактические лазеры в головном модуле, усиленные до ультрафиолета. Сектор и дальность ограничены, зато урон резко выше.",ПВО,,
,,,,,
,,,,,
,,,,,
,,,,,
####################,,,,,
##                ##,,,,,
##    SYSTEMS     ##,,,,,
##                ##,,,,,
####################,,,,,
,,,,,
,,,,,
,,,,,
,,,,,
diableavionics_damperwave,SHIP_SYSTEM,"Модифицированное поле-гаситель: вместо статичной защитной ауры оно создает волну, которая тянет корабль за собой, дает временную защиту и позволяет выполнять невозможные на вид уклонения. Зарядов много, они медленно восстанавливаются.",Дроны,"Создает защитную волну, снижает входящий урон и толкает корабль в выбранном направлении.",
,,,,,
diableavionics_drift,SHIP_SYSTEM,"Неудачное фликер-ядро капитального класса, позволяющее быстро сменить ориентацию, но не выполнить полноценное смещение корабля.",Маневрирование,"Быстро разворачивает корабль в нужном направлении и немного толкает по вектору скорости. Расходует немного флюкса, особенно при опущенных щитах.",
diableavionics_nudge,SHIP_SYSTEM,"Миниатюрное неудачное фликер-ядро капитального класса, позволяющее быстро сменить ориентацию, но не выполнить полноценное смещение корабля.",Маневрирование,"Быстро разворачивает корабль в нужном направлении и немного толкает по вектору скорости. Расходует немного флюкса, особенно при опущенных щитах.",
,,,,,
diableavionics_vortex,SHIP_SYSTEM,Развертывает до четырех дронов ПВО и оптимизирует флюкс-сеть корабля под выбранное поведение дронов.,Дроны,Развертывает до четырех дронов и усиливает разные системы корабля в зависимости от их поведения.,
,,,,,
diableavionics_heavyflicker,SHIP_SYSTEM,Краткое скольжение по границе фазового пространства дает короткий прыжок вперед ценой жесткого флюкса.,Маневрирование,Мгновенно перемещает корабль по текущему вектору скорости. Тяжелое ядро имеет три заряда.,
,,,,,
diableavionics_flicker,SHIP_SYSTEM,Краткое скольжение по границе фазового пространства дает короткий прыжок вперед ценой жесткого флюкса.,Маневрирование,Мгновенно перемещает корабль по текущему вектору скорости. Легкое ядро имеет короткую перезарядку и до четырех зарядов.,
,,,,,
diableavionics_transit,SHIP_SYSTEM,"Сложная система шарниров и подвижных частей направляет всю тягу назад ради максимальной скорости и ускорения, затем возвращает раму в более маневренную форму рядом с врагом.",Маневрирование,"Направляет всю тягу назад ради скорости и ускорения, затем возвращает корабль к маневренной форме при сближении с врагом.",
,,,,,
diableavionics_transit2,SHIP_SYSTEM,"Сложная система шарниров и подвижных частей направляет всю тягу назад ради максимальной скорости и ускорения, затем возвращает раму в более маневренную форму рядом с врагом.",Маневрирование,"Направляет всю тягу назад ради скорости и ускорения, затем возвращает корабль к маневренной форме при сближении с врагом.",
,,,,,
diableavionics_fluxredirection,SHIP_SYSTEM,"Перенаправляет всю доступную мощность рассеивания флюкса в оружейные системы, кратковременно повышая урон и скорострельность.",Наступательная,"Перенаправляет всю мощность рассеивания флюкса в оружие, кратковременно повышая урон и скорострельность.",
,,,,,
diableavionics_quantumimpulse,SHIP_SYSTEM,"Q-ECM3 Priere — крупномасштабный квантовый глушитель, мешающий всем вражеским ракетам и лишающий их наведения в ограниченной области.",Особая,Мешает всем вражеским ракетам и лишает их наведения в радиусе 2000 ед. от корабля-излучателя.,
,,,,,
diableavionics_evasion,SHIP_SYSTEM,Уклоняется от входящих боеприпасов коротким маневром в сторону.,Маневрирование,Уклоняется от входящих боеприпасов коротким маневром в сторону.,
,,,,,
diableavionics_slash,SHIP_SYSTEM,Самый экономичный способ устранить врага — воткнуть вольфрамовый клинок в систему удержания его реактора.,Наступательная," ""Пока ты развлекался, я изучал клинок"" ",
,,,,,
diableavionics_dakka,SHIP_SYSTEM,"Когда стандартных магазинов на 10 выстрелов уже мало, остается только накормить верный пулемет Grom лентой на 100 патронов.",Наступательная," ""Пора выпустить старого Безболезненного из мешка."" ",
,,,,,
diableavionics_kata,SHIP_SYSTEM,"Когда стандартных магазинов на 10 выстрелов уже мало, остается только накормить верный пулемет Grom лентой на 100 патронов.",Наступательная," ""Я убиваю не оружием; тот, кто убивает оружием, забыл лицо своего отца. Я убиваю сердцем."" ",
,,,,,
diableavionics_booster,SHIP_SYSTEM,"Отстреливает крупный бустерный двигатель, использовавшийся для быстрого перемещения по полю боя, и разблокирует оружие. Может служить импровизированным боеприпасом для бомбометания.",Маневрирование,Сбрасывает бустерный двигатель и разблокирует оружие.,
,,,,,
diableavionics_fastRefit,SHIP_SYSTEM,"Вдвое сокращает время перевооружения перевозимых истребительных крыльев, но вдвое увеличивает расход шкалы пополнения истребителей.",Особая,"Вдвое сокращает время перевооружения перевозимых истребительных крыльев, но вдвое увеличивает расход шкалы пополнения истребителей.",
,,,,,
diableavionics_assumeControl,SHIP_SYSTEM,"Временно передает удаленное управление базирующимся крылом асу, который безопасно пилотирует с авианосца, значительно повышая эффективность и живучесть крыла.",Истребители,"Временно передает управление крылом асу на авианосце, значительно повышая эффективность и живучесть.",
,,,,,
diableavionics_shield,SHIP_SYSTEM,"Перенаправляет всю мощность от оружия к щитам, резко повышая эффективность поглощения урона. Даже без входящего огня система стабильно создает жесткий флюкс. Это лицензированная искусственно ограниченная версия.",Оборонительная,"На короткое время сводит урон по щитам к минимуму, но создает жесткий флюкс при работе.",
,,,,,
diableavionics_berserk,SHIP_SYSTEM,"Кратковременно позволяет всем системам работать далеко за пределами штатных ограничений, резко повышая скорострельность и скорость поворота оружия.",Наступательная,На несколько секунд резко повышает скорость поворота оружия и скорострельность.,
,,,,,
diableavionics_warlust_drone,SHIP_SYSTEM,Развертывает двух малых дронов-спутников для помощи в ПВО.,Дроны,Развертывает двух дронов ПВО.,
,,,,,
diableavionics_splitter,SHIP_SYSTEM,"И сказал Dah: я рассеку твое войско надвое, а затем еще раз надвое. Только тогда будет испытана твоя храбрость.",Наступательная,"И сказал Dah: я рассеку твое войско надвое, а затем еще раз надвое. Только тогда будет испытан твой дух.",
,,,,,
diableavionics_capacitors,SHIP_SYSTEM,"Подключает щиты ко вторичному массиву плазменных конденсаторов, способных на короткое время хранить огромный объем флюкса. Фактически увеличивает поглощение урона щитом в десять раз.",Оборонительная,На очень короткое время повышает эффективность щита в десять раз.,
,,,,,
diableavionics_overload,SHIP_SYSTEM,"Nightingale может на короткое время перегрузить реактор, получая ценную мобильность и подавляющую огневую мощь. Резкий щебечущий звук при полной перегрузке стал пугающим и деморализующим эффектом для тех врагов, кто пережил ее появление.",,,
,,,,,
diableavionics_draftrepairs,SHIP_SYSTEM,"Электрокерамическая жидкость циркулирует вместе с электрическим током по сети каналов, встроенных в броневой слой. При каждом пробитии брони жидкость вытекает наружу и начинает твердеть под действием заряда, фактически восстанавливая часть целостности корпуса. Если процесс прервать, каналы закупориваются без сколько-нибудь значимого усиления конструкции, что предотвращает любые будущие улучшения. Из-за электрификации оружие приходится временно отключать, хотя в это время дополнительную мощность можно направить на двигатели.",Оборонительная,"Восстанавливает до половины потери прочности корпуса с прошлого применения, отключает оружие, но повышает ускорение корабля.",
,,,,,
diableavionics_unlockedFlicker,SHIP_SYSTEM,"Улучшенный фазовый скиммер дает серии коротких прыжков вперед ценой жесткого флюкса. Каждый телепорт выпускает повреждающие ЭМИ-дуги, уничтожая снаряды и повреждая близкие вражеские корабли.",Телепортация,"Мгновенно перемещает корабль на короткую дистанцию по текущему вектору скорости и выпускает ЭМИ-дуги, уничтожающие снаряды. Имеет много быстро восстанавливающихся зарядов.",
diableavionics_citadel,SHIP_SYSTEM,Перенаправляет всю мощность в оружейные компьютеры и эмиттеры щита ценой рассеивания флюкса и мобильности. При отключении оборонительной системы Virtuous получает мощный прирост скорости и активного сброса.,Оборона,Повышает дальность оружия и прочность щита ценой мобильности и рассеивания флюкса. Отключение дает сильный прирост скорости и активного сброса.,
diableavionics_temporalshell,SHIP_SYSTEM,"Лицензированная до Коллапса система темпоральной оболочки с немного более высоким ускорением времени, но на более короткий срок.",Особая,На очень короткое время ускоряет течение времени на борту. Имеет два заряда и создает немного жесткого флюкса.,
diableavionics_circus,SHIP_SYSTEM,Запускает крупный залп микроракет по всем целям в большой области вокруг корабля.,Особая,Запускает крупный залп микроракет по всем целям в большой области вокруг корабля.,
,,,,,
diableavionics_longRange,SHIP_SYSTEM,"Замедляет корабль, поскольку мощность отводится от двигателей к боевым системам. Урон и дальность энергетического и баллистического оружия растут, а истребительные крылья получают данные, временно повышающие скорость и максимальную дальность боя.",,,
#DEPRECATED,,,,,
,,,,,
diableavionics_draftarmor,SHIP_SYSTEM,Броня высокой прочности защищает нос корабля от всех известных атак.,Дроны,Сверхпрочная броня защищает нос от всех известных атак.,
,,,,,
diableavionics_forcedburn,SHIP_SYSTEM,"Принудительно активирует двигательный блок стабилизирующими реагентами, позволяя медленно заряжать форсажный двигатель без ограничения по длительности, пока выдерживают флюкс-конденсаторы.",Маневрирование,"Принудительно активирует двигательный блок стабилизирующими реагентами, позволяя медленно заряжать форсажный двигатель без ограничения по длительности, пока выдерживают флюкс-конденсаторы.",
,,,,,
,,,,,
,,,,,
,,,,,
,,,,,
,,,,,
diableavionics,FACTION,"Сравнительно недавняя сила в Секторе; прямой контакт крайне не рекомендуется. Их цель, похоже, — вернуть Сектор во имя старого Доминиона. Покровители пока не показались, но слухи указывают на хорошо обученную милитаризованную организацию.",,,
,,,,,
#diableavionics_gate,CUSTOM,"Безмолвное кольцо из адамантинового материала, реликт прежней эпохи.",,,
diableavionics_station_eclipse,CUSTOM,"Внушительная станция, хорошо оснащенная как для борьбы с врагами, так и для изъятия кораблей. Эта невероятно массивная структура является центральным узлом всех военных операций корпорации Diable Avionics в Секторе и содержит одну из двух ее автофабрик. Ее строительство началось до Великого Коллапса, но завершилось намного позже. Большинство компонентов уже было доставлено, когда врата отключились, но часть недостающих деталей оказалась критически важной. Даже после каннибализации других запланированных станций ради компонентов станцию не удалось полностью ввести в строй. Потребовались два состояния и целая эпоха, чтобы собрать необходимые ресурсы и чертежи модулей, которые можно было адаптировать под ее проект. Хотя эффективность несколько снижена, Eclipse все еще остается силой, с которой приходится считаться.",,,
diableavionics_station_shadow,CUSTOM,"Передовой пост прослушивания, размещенный на краю центрального скопления систем. Это самая новая станция, собранная корпорацией Diable Avionics. Хотя большинство компонентов было доставлено в Sivie еще до Коллапса, она работает всего пару десятилетий. Многие ее системы не функционируют на полной мощности по сравнению с исходной проектной спецификацией: пока станция молча ждала на складе, множество компонентов использовали как запчасти для массивной станции Eclipse. Из неприступной цитадели, способной по первоначальному плану проецировать в Сектор огромные флоты, станция Shadow была сведена к посту прослушивания и сухому доку для переоснащения.",,,
diableavionics_station_ressource,CUSTOM,"Укрепленная ресурсная станция на краю астероидного пояса, построенная для добычи, защиты от ударов астероидов и отражения вторжений. Формально это не военная станция, но как единственная станция Diable Avionics, построенная до Коллапса, она эффективнее поздних гиперпространственных аванпостов.",,,
diableavionics_prison,CUSTOM,"Планета, на вид похожая на Эдем, превращенная в ад. Полития Diable Avionics сделала из мира, который мог стать одной из самых процветающих планет Сектора, тюрьму и переселила туда всех захваченных рабов для эксплуатации богатых ресурсов. Из-за интенсивности добычи потребовалось всего несколько десятилетий, чтобы мир стал пустошью ценой десятков тысяч жизней.

Как такая планета не попала в общую базу данных пригодных для жизни миров — неизвестно, но это может придать некоторую убедительность претензиям Diable Avionics на владение Сектором. Если лучшие планеты были зарезервированы для их использования и удалены из других баз данных, санкционированных Доменом, это могло бы означать, что они действительно получали привилегированное отношение.

Но следствие из этого наблюдения может быть еще важнее: это единственная система под их полным контролем или где-то существуют другие незадокументированные планеты, которые они сейчас эксплуатируют?",,,
,,,,,
diableavionics_station_tier1,SHIP,"Орбитальная станция проекта Diable Avionics с сильным истребительным контингентом и множеством оружейных точек. На платформе есть верфи, жилые модули, фабрики и крупные запасы оружия и припасов для проекции военной и промышленной мощи в местном орбитальном объеме.",,,
,,,,,
diableavionics_station_tier2,SHIP,"Крупная боевая станция проекта Diable Avionics с тяжелыми оружейными модулями, дополнительными палубами и ракетными установками. Верфи, жилые секции, фабрики и склады позволяют ей проецировать военную и промышленную мощь по местному орбитальному объему.",,,
,,,,,
diableavionics_station_tier3,SHIP,"Огромная звездная крепость Diable Avionics, ощетинившаяся ракетными пусковыми и закрытыми фирменными системами. Она может размещать верфи, жилые модули, фабрики и крупные запасы оружия и припасов, проецируя военную и промышленную мощь вокруг себя.",,,