id,trigger,conditions,script,text,options,notes
swpEncounterFamous,BeginFleetEncounter,"$stillAlive
!$talked
$faction.id == famous_bounty score:100","unset $entity.ignorePlayerCommRequests
AddText ""С вами пытается связаться $personName."" $faction.baseColor
$talked = true 7
MakeOtherFleetPreventDisengage tOff true
MakeOtherFleetAggressive tOff true
OpenComms",,,
swpEncounterFamousSporeship,BeginFleetEncounter,"$stillAlive
!$talked
$faction.id == famous_bounty score:100
$stageName == STAGE_SPORESHIP","unset $entity.ignorePlayerCommRequests
AddText ""С вами пытается связаться $personName."" $faction.baseColor
$talked = true 7
MakeOtherFleetPreventDisengage tOff true
MakeOtherFleetAggressive tOff true
OpenComms","Экран обзора полностью заполняет огромная туша спорового корабля Доминиона, неуклонно приближающегося к вашему флоту. Вахтенный офицер несколько раз меняет масштаб тактического дисплея, пока вся его масса не помещается на экране.

Древняя машина из Эксплорариума Доминиона полностью вооружена и боеготова. Ваш тактический советник молчит, помрачнев.",,
swpEncounterFamousTitanX,BeginFleetEncounter,"$stillAlive
!$talked
$faction.id == famous_bounty score:100
$stageName == STAGE_TITAN_X","unset $entity.ignorePlayerCommRequests
AddText ""С вами пытается связаться $personName."" $faction.baseColor
$talked = true 7
MakeOtherFleetPreventDisengage tOff true
MakeOtherFleetAggressive tOff true
OpenComms","Ваш офицер на мостике ошеломленно таращится, отшатывается от поста и указывает на голодисплей в явном шоке. ""Во имя святого Лудда, что это такое?""

В центре вражеского флота отчетливо виден корабль, который можно описать только как планетолом класса Титан, но увеличенный настолько, что превосходит размерами некоторые линкоры. Вы сразу понимаете, почему ни один другой охотник за IBB не вернулся живым.",,
swpGreetingFamous,OpenCommLink,$faction.id == famous_bounty score:100,$entity.ignorePlayerCommRequests = true 1,"""$banterText""",cutCommLink:Прервать связь,
swpIBBAwardStoryPoint,swpIBBAwardStoryPoint,,"AddStoryPoints 1
AddText ""Вы чувствуете прилив вдохновения после победы над $personName.""",,,
,,,,,,
swpMarketAddOptionRestore1,PopulateOptions,"$hasMarket
$menuState == main
$tradeMode == OPEN
SWP_RestoreAvailable
SWP_RestoreEnoughCredits","SetTooltip swpMarketRestore ""Удаление $global.swpRestoreModsStr d-mod с $global.swpRestoreShip требует $global.swpRestoreCostStr кредитов. Доступно кредитов: $player.creditsStr.""
SetTooltipHighlightColors swpMarketRestore buttonShortcut buttonShortcut buttonShortcut
SetTooltipHighlights swpMarketRestore $global.swpRestoreShip $global.swpRestoreCostStr $player.creditsStr
SWP_AddConfirmation swpMarketRestore ""Удаление $global.swpRestoreModsStr d-mod с $global.swpRestoreShip требует $global.swpRestoreCostStr кредитов. Доступно кредитов: $player.creditsStr. Вы хотите продолжить?""",,16:swpMarketRestore:Восстановить $global.swpRestoreShip,
swpMarketAddOptionRestore2,PopulateOptions,"$hasMarket
$menuState == main
$tradeMode == OPEN
SWP_RestoreAvailable
!SWP_RestoreEnoughCredits","SetTooltip swpMarketRestore ""Удаление $global.swpRestoreModsStr d-mod с $global.swpRestoreShip требует $global.swpRestoreCostStr кредитов. Доступно только $player.creditsStr кредитов.""
SetTooltipHighlightColors swpMarketRestore buttonShortcut buttonShortcut bad
SetTooltipHighlights swpMarketRestore $global.swpRestoreShip $global.swpRestoreCostStr $player.creditsStr
SetEnabled swpMarketRestore false",,16:swpMarketRestore:Восстановить $global.swpRestoreShip,
swpMarketOptionRestoreShip,DialogOptionSelected,$option == swpMarketRestore,"SWP_RestoreShip
AddText ""$global.swpRestoreShip теперь $global.swpRestoreAfterStr после удаления $global.swpRestoreRemovedDMod из корпуса за $global.swpRestoreCostStr кредитов. $global.swpRestoreNumDModsStr""
SetTextHighlightColors hColor bad hColor hColor
SetTextHighlights $global.swpRestoreShip $global.swpRestoreRemovedDMod $global.swpRestoreCostStr $global.swpRestoreNumDModsStrHighlight
FireBest SWPPostRestore",,,
swpMarketAddOptionPostRestore1,SWPPostRestore,"SWP_RestoreAvailable
SWP_RestoreEnoughCredits","SetTooltip swpMarketRestore ""Удаление $global.swpRestoreModsStr d-mod с $global.swpRestoreShip требует $global.swpRestoreCostStr кредитов. Доступно кредитов: $player.creditsStr.""
SetTooltipHighlightColors swpMarketRestore buttonShortcut buttonShortcut buttonShortcut
SetTooltipHighlights swpMarketRestore $global.swpRestoreShip $global.swpRestoreCostStr $player.creditsStr
SWP_AddConfirmation swpMarketRestore ""Удаление $global.swpRestoreModsStr d-mod с $global.swpRestoreShip требует $global.swpRestoreCostStr кредитов. Доступно кредитов: $player.creditsStr. Вы хотите продолжить?""",,,
swpMarketAddOptionPostRestore2,SWPPostRestore,"SWP_RestoreAvailable
!SWP_RestoreEnoughCredits","SetTooltip swpMarketRestore ""Удаление $global.swpRestoreModsStr d-mod с $global.swpRestoreShip требует $global.swpRestoreCostStr кредитов. Доступно только $player.creditsStr кредитов.""
SetTooltipHighlightColors swpMarketRestore buttonShortcut buttonShortcut bad
SetTooltipHighlights swpMarketRestore $global.swpRestoreShip $global.swpRestoreCostStr $player.creditsStr
SetEnabled swpMarketRestore false",,,
swpMarketAddOptionPostRestore3,SWPPostRestore,!SWP_RestoreAvailable,"SetTooltip swpMarketRestore ""$global.swpRestoreShip полностью восстановлен.""
SetTooltipHighlightColors swpMarketRestore buttonShortcut
SetTooltipHighlights swpMarketRestore $global.swpRestoreShip
SetEnabled swpMarketRestore false",,,
,,,,,,
### BURIED TREASURE,,,,,,
# DEBUG,,,,,,
SWP_BTCallDialog,SWP_BTCallDialog,,SWP_BTCall updateData,,swpBT_callDialogEnd:Продолжить,
SWP_BTCallDialogEnd,DialogOptionSelected,$option == swpBT_callDialogEnd,DismissDialog,,,
,,,,,,
# INITIAL BAR ENCOUNTER,,,,,,
swpBTBlurbBar,swpBT_blurbBar,!$global.swpBT_knowCaptainTannen,,"Эксцентричный на вид капитан корабля, с сигарой в зубах, громко кутит с группой посетителей; большинство из них выглядят так, будто предпочли бы быть где угодно, только не здесь. Отфильтровав браваду, вы замечаете упоминание о ""зарытом сокровище"", которое ждет, чтобы его нашли.",,
swpBTBlurbBarKnowCaptainTannen,swpBT_blurbBar,$global.swpBT_knowCaptainTannen,,"Эксцентричный капитан Таннен все так же держит сигару в зубах и громко кутит с группой посетителей. Снова, между длинными тирадами пустой бравады, вы слышите упоминание о ""зарытом сокровище"".",,
swpBTOptionBar,swpBT_optionBar,!$global.swpBT_knowCaptainTannen,,,swpBT_startBar:Спросить эксцентричного капитана о зарытом сокровище,
swpBTOptionBarKnowCaptainTannen,swpBT_optionBar,$global.swpBT_knowCaptainTannen,,,swpBT_startBar:Спросить капитана Таннена о зарытом сокровище,
swpBTTextBar,DialogOptionSelected,"$option == swpBT_startBar
!$global.swpBT_knowCaptainTannen","$missionId = swpBT
$global.swpBT_knowCaptainTannen = true","Когда вы подходите, капитан на мгновение окидывает вас взглядом, и вы замечаете блеск в его остром глазу. Во время паузы в повествовании он затягивается сигарой, а затем продолжает свою почти автобиографию прошлых подвигов - явно матерый хвастун.

""Я гнал этих ублюдков прямиком в океаны Волтурна! Никогда не забуду столб пара и воды, на километры ввысь, что поднял их Onslaught. Пусть все помнят: капитан Таннен отправил их на дно моря!""",swpBT_startBarB:Продолжить,
swpBTTextBarB,DialogOptionSelected,$option == swpBT_startBarB,,"Болтун замолкает лишь затем, чтобы сделать очередную затяжку сигарой, и снова без конца рассказывает, что видел или делал он сам и его знакомые. Большая часть этого вам неинтересна, но вы упорно киваете, пока шумный мужчина продолжает бесконечный поток трепа. Вы начинаете понимать, почему все ближайшие посетители так раздражены.

К тому времени, как капитан Таннен наконец сбавляет обороты, вы уже осушили несколько напитков. Он смачивает горло долгим глотком из своего бокала, явно собираясь опрокинуть его целиком перед новым заходом историй. Остается надеяться, что это не повтор одной из тех баек, которые вы уже слышали.","swpBT_startBar2:Вы что-то говорили о зарытом сокровище.
contact_declineBarNoContinue:Уйти - пока еще можно",
swpBTTextBarKnowCaptainTannen,DialogOptionSelected,"$option == swpBT_startBar
$global.swpBT_knowCaptainTannen",$missionId = swpBT,"Капитан Таннен, прикусив сигару, ухмыляется, когда вы снова подходите к нему. ""А, вернулся за новыми историями капитана Таннена, а? Присаживайся, $swpBT_mateOrLuv."" Он тянется к стакану с чем-то крепким.

Вам совершенно не хочется снова выслушивать длинный раунд самовосхваления этого хвастуна. Пора спросить напрямую, пока он не успел снова набрать ход.","swpBT_startBar2:Вы что-то говорили о зарытом сокровище.
contact_declineBarNoContinue:Неважно",
swpBTContactPrintDeclineText,ContactPrintDeclineText,$missionId == swpBT score:100,,"Таннен качает головой; на мгновение его выражение лица дрогнуло, пока он делает долгую затяжку сигарой, а затем выпускает длинную струю дыма, как дракон, дышащий не пламенем, а дымом. К тому моменту, когда он заканчивает, Таннен уже взял себя в руки, снова ухмыльнулся и глубоко вдохнул, собираясь продолжить свое бахвальство.

Вы выбираетесь из компании шумного капитана.",,
swpBTTextBarPunchLoseBadly,DialogOptionSelected,"$option == swpBT_punch
$swpBT_playerCombatLevel < 22","AdjustRepPerson swp_tannen VENGEFUL -50
SWP_BTCall updateData","С вас хватит этого пустобреха.

Не имея четкого плана, вы замахиваетесь и бьете капитана Таннена подлым ударом прямо в рот, где зажата сигара.

Он видит это заранее. Двигаясь быстрее, чем вы успеваете отследить, Таннен перехватывает ваш кулак, хватает вытянутую руку и резко дергает. Вас буквально перекидывает через его плечо, и вы кубарем летите на жесткий пол бара. Перед глазами белеет, когда вы ударяетесь головой и тяжело падаете на спину. Таннен не останавливается, пока вы стонете от боли; он со всей силы бьет вас тяжелым ботинком в почку.

Существование превращается в чистую агонию. Вам хватает сил лишь свернуться в клубок и давиться рвотой прямо на полу, полностью во власти Таннена. Он делает затяжку сигарой, которая все еще торчит у него изо рта.",swpBT_punch2:Продолжить,
swpBTTextBarPunchLoseBadly2,DialogOptionSelected,"$option == swpBT_punch2
$swpBT_playerCombatLevel < 22",,"Ваши телохранители - и охрана бара - врываются, валят капитана Таннена на пол и оттаскивают его от вас. Пока его тащат, Таннен рычит: ""пустите меня! Этот чокнутый $swpBT_bastardOrBitch попытался напасть на меня из ниоткуда!""

Пока охрана успокаивает взбешенного пирата, грубые руки утаскивают ваше лежащее тело прочь. Перед глазами все плывет, и вскоре вы теряете сознание.",swpBT_punch3:Продолжить,
swpBTTextBarPunchLoseBadly3,DialogOptionSelected,"$option == swpBT_punch3
$swpBT_playerCombatLevel < 22",FireBest swpBTPunchConsequences,"Вы приходите в себя спустя какое-то время: все тело болит, будто вас сбил грав-поезд. Вокруг стоят ваши телохранители, качают головами и явно разочарованы - либо вашими действиями, либо вашей некомпетентностью.",swpBT_punchAfter:Продолжить,
swpBTTextBarPunchLose,DialogOptionSelected,"$option == swpBT_punch
$swpBT_playerCombatLevel >= 22
$swpBT_playerCombatLevel < 51","AdjustRepPerson swp_tannen VENGEFUL -50
SWP_BTCall updateData","С вас хватит этого пустобреха и его дурацкой шляпы. Насколько крепким вообще может быть этот старикан?

Позволив тренировке взять верх, вы входите в дистанцию и бьете капитана Таннена подлым ударом прямо в рот, где зажата сигара.

Он откидывает голову ровно настолько, чтобы ваш кулак лишь задел нос, выбив сигару изо рта. Текуче, словно вода, он тут же разворачивается в удар ногой по почке, который вы в спешке блокируете предплечьем. Боль вспыхивает, когда тяжелый ботинок Таннена врезается в руку и лишает вас концентрации на критический миг. Не успеваете среагировать, как он уже входит в клинч, хватает вашу травмированную руку и вбивает свое предплечье вам в подбородок.

На мгновение перед глазами белеет, и в панике вы падаете на пол, отчаянно пытаясь вырваться из захвата капитана. Сознание проясняется, когда вам удается выскользнуть из удержания Таннена, и вы на четвереньках отползаете, прежде чем он добьет вас.",swpBT_punch2:Продолжить,
swpBTTextBarPunchLose2,DialogOptionSelected,"$option == swpBT_punch2
$swpBT_playerCombatLevel >= 22
$swpBT_playerCombatLevel < 51",FireBest swpBTPunchConsequences,"Таннену не дают продолжить. Ваши телохранители - и охрана бара - врываются, валят капитана Таннена на пол и растаскивают вас в разные стороны. Пока его тащат, Таннен рычит: ""уберите от меня лапы! Этот чокнутый $swpBT_bastardOrBitch напал на меня из ниоткуда!""

Охрана терпит его яростную тираду ровно столько, чтобы вытащить вас из бара и грубо швырнуть на землю, под неодобрительные взгляды телохранителей. Вы замечаете, что некоторые из ваших людей качают головами, стыдясь такого жалкого зрелища со стороны своего нанимателя.",swpBT_punchAfter:Продолжить,
swpBTTextBarPunchDraw,DialogOptionSelected,"$option == swpBT_punch
$swpBT_playerCombatLevel >= 51
$swpBT_playerCombatLevel <= 73","AdjustRepPerson swp_tannen VENGEFUL -50
SWP_BTCall updateData","С вас хватит этого пустобреха и его дурацкой шляпы. Да насколько он вообще крут?

Действуя скорее на боевых инстинктах, чем по плану, вы бросаете подлый удар прямо в рот капитана Таннена, сжимающего сигару зубами.

Он отводит голову ровно настолько, чтобы ваш кулак пришелся в щеку, а не в челюсть, и сигара улетает прочь. Двигаясь как змея, он уходит с линии удара и подсекает вас, пытаясь сбить с ног. Ваш уличный опыт срабатывает: вы одновременно тянетесь схватить его и намеренно падаете вместе с подсечкой, чтобы лишить равновесия и утащить на пол.

Однако Таннен оказывается мастером рукопашной: он опускается на колени вместо того, чтобы рухнуть на задницу, как вы надеялись. Зеваки начинают глазеть, пока вы двое катаетесь по полу бара, каждый пытаясь перехватить преимущество.",swpBT_punch2:Продолжить,
swpBTTextBarPunchDraw2,DialogOptionSelected,"$option == swpBT_punch2
$swpBT_playerCombatLevel >= 51
$swpBT_playerCombatLevel <= 73",FireBest swpBTPunchConsequences,"Ваши телохранители - и охрана бара - врываются, валят вас с капитаном Танненом и растаскивают в стороны. Пока его тащат, Таннен рычит: ""пустите! Я еще не закончил с $playerHimOrHer, чокнутый $swpBT_bastardOrBitch!""

Охрана, похоже, не согласна, потому что тут же прикладывает его головой о жесткий пол, вырубая шумного типа. После этого вы благоразумно решаете слушаться своих сопровождающих.",swpBT_punchAfter:Продолжить,
swpBTTextBarPunchWin,DialogOptionSelected,"$option == swpBT_punch
$swpBT_playerCombatLevel > 73","AdjustRepPerson swp_tannen VENGEFUL -50
SWP_BTCall updateData","С вас хватит этого пустобреха и его дурацкой шляпы.

Без всякого предупреждения вы позволяете боевым инстинктам - тем самым, что не раз спасали вам жизнь и приносили победу, - взять верх. Собравшись, вы наносите лучший подлый удар прямо в рот капитана Таннена, сжимающего сигару зубами.

Он реагирует слишком поздно. Ваш великолепный удар врезается капитану в челюсть, он перекусывает сигару пополам и отлетает назад. Игнорируя боль, вспыхнувшую в кулаке, вы продолжаете атаку и бьете Таннена в колено, когда он пытается восстановить стойку. Он хорош, но недостаточно: ваш удар ложится точно, Таннен кричит от боли, и вы слышите, как что-то хрустит.

Капитан Таннен, оставшись без опоры на ногу, со стоном валится на жесткий пол бара. Он тянется к пистолету.",swpBT_punch2:Продолжить,
swpBTTextBarPunchWin2,DialogOptionSelected,"$option == swpBT_punch2
$swpBT_playerCombatLevel > 73",FireBest swpBTPunchConsequences,"Он не успевает выхватить оружие. Ваши телохранители - и охрана бара - врываются, наваливаются на капитана Таннена и обезоруживают его. Другие охранники хватают вас сзади и оттаскивают от сцены. Пока его тащат, Таннен рычит: ""если я еще раз увижу тебя, чокнутый $swpBT_bastardOrBitch, я вырву твою вакуум-сосущую глотку!""

Охрана затыкает его ударом головы о пол бара, вырубая шумного типа. Довольный исходом, вы позволяете себя увести.",swpBT_punchAfter:Продолжить,
swpBTTextBarPunchAfter,DialogOptionSelected,"$option == swpBT_punchAfter
!$swpBT_missionStarted","SWP_BTCall declineForever
EndConversation DO_NOT_FIRE
BarCMD leaveBar",,,
swpBTTextBarPunchAfterStarted,DialogOptionSelected,"$option == swpBT_punchAfter
$swpBT_missionStarted","EndConversation DO_NOT_FIRE
BarCMD leaveBar",,,
swpBTPunchConsequencesLoseBadly,swpBTPunchConsequences,"$swpBT_playerCombatLevel < 22
!$swpBT_missionStarted","SetTextHighlightColors bad
SetTextHighlights $swpBT_neverFindOut","Вас поднимают на ноги и помогают, хромая, уйти прочь, оставляя смутное сожаление, что вы так и $swpBT_neverFindOut.",,
swpBTPunchConsequencesLoseBadlyStarted,swpBTPunchConsequences,"$swpBT_playerCombatLevel < 22
$swpBT_missionStarted",$global.swpBT_gotBeatUpByTannen = true,"Вас поднимают на ноги и помогают, хромая, уйти прочь, пока в голове блуждают смутные мысли о зарытом сокровище.$swpBT_nextMove",,
swpBTPunchConsequencesLose,swpBTPunchConsequences,"$swpBT_playerCombatLevel >= 22
$swpBT_playerCombatLevel < 51
!$swpBT_missionStarted","SetTextHighlightColors bad
SetTextHighlights $swpBT_neverFindOut","Боль в нескольких местах, пошатываясь, вы встаете на ноги и уходите, смутно жалея, что так и $swpBT_neverFindOut.",,
swpBTPunchConsequencesLoseStarted,swpBTPunchConsequences,"$swpBT_playerCombatLevel >= 22
$swpBT_playerCombatLevel < 51
$swpBT_missionStarted",$global.swpBT_gotBeatUpByTannen = true,"Боль в нескольких местах, пошатываясь, вы встаете на ноги и уходите, смутно предвкушая поиски того самого зарытого сокровища.$swpBT_nextMove",,
swpBTPunchConsequencesDraw,swpBTPunchConsequences,"$swpBT_playerCombatLevel >= 51
$swpBT_playerCombatLevel <= 73
!$swpBT_missionStarted","SetTextHighlightColors bad
SetTextHighlights $swpBT_neverFindOut","Вас без церемоний выкидывают из бара. Остывая, вы на миг жалеете, что так и $swpBT_neverFindOut.",,
swpBTPunchConsequencesDrawStarted,swpBTPunchConsequences,"$swpBT_playerCombatLevel >= 51
$swpBT_playerCombatLevel <= 73
$swpBT_missionStarted",,"Вас без церемоний выкидывают из бара. Остывая, вы ненадолго задумываетесь о богатствах, скрытых в зарытом сокровище капитана Ли.$swpBT_nextMove",,
swpBTPunchConsequencesWin,swpBTPunchConsequences,"$swpBT_playerCombatLevel > 73
!$swpBT_missionStarted","SetTextHighlightColors bad
SetTextHighlights $swpBT_neverFindOut","Вас без церемоний выкидывают из бара. Почти досадно, что в итоге вы так и $swpBT_neverFindOut.",,
swpBTPunchConsequencesWinStarted,swpBTPunchConsequences,"$swpBT_playerCombatLevel > 73
$swpBT_missionStarted",$global.swpBT_beatUpTannen = true,"Вас без церемоний выкидывают из бара. Несмотря на это, вы с нетерпением ждете охоты за зарытым сокровищем капитана Ли.$swpBT_nextMove",,
swpBTTextBar2,DialogOptionSelected,$option == swpBT_startBar2,"SetTextHighlightColors story hColor
SetTextHighlights $swpBT_emotionalAppeal $swpBT_tannenBribe
DoCanAffordCheck $swpBT_tannenBribe swpBT_startBarBribe
SetOptionColor swpBT_punch bad
SetTooltip swpBT_punch ""Ваш рейтинг рукопашного боя: $swpBT_playerCombatPct""
SetTooltipHighlightColors swpBT_punch hColor
SetTooltipHighlights swpBT_punch $swpBT_playerCombatPct
SWP_AddConfirmation swpBT_punch ""Вы уверены, что хотите это сделать?""
SetStoryOption swpBT_startBarAppeal 1 swpBT_appeal leadership ""Убедили капитана Таннена рассказать о зарытом сокровище""","Капитан Таннен прищуривается и ставит свой напиток обратно на стол. Хотя его ухмылка с зажатой в зубах сигарой не дрогнула, он окидывает вас трезво-серьезным взглядом. В этом странном выражении вы улавливаете намек на какую-то глубокую боль.

""Боюсь, память у меня затуманилась, $swpBT_mateOrLuv. Может, поможешь мне вспомнить подробности?""

Вы думаете, что $swpBT_emotionalAppeal может достучаться до него. Вероятно, дело не в деньгах, но вы подозреваете, что солидная взятка - скажем, $swpBT_tannenBribe кредитов - тоже сработает.","swpBT_startBarBribe:Может - это ускорит дело. (дать взятку)
swpBT_startBarAppeal:$swpBT_appealOption
contact_declineBar:Наверное - мне показалось. (уйти)
swpBT_punch:Ударить капитана Таннена","Effectively ""accept"", ""decline"", or ""decline forever"""
swpBTTextBar2Bribe,DialogOptionSelected,$option == swpBT_startBarBribe,AddCredits -$swpBT_tannenBribe,"После перевода кредитов капитану Таннену его лицо становится жестким. ""Опасную игру ты затеял, $swpBT_mateOrLuv."" Он спокойно тушит сигару и залпом допивает остаток напитка. Закончив, с грохотом ставит стакан обратно на стол. ""Надо было держать рот на замке.""

Он поворачивается к вам, и от прежней веселости не остается следа. ""Капитан Джакк Таннен, к вашим услугам."" Он косится на свой потрепанный ТриПад. ""А ты, значит, капитан $playerName, а?""

В ответ на ваш кивок он с усталым вздохом откидывается назад. Смотрит вперед, сквозь непрозрачную стену бара, будто мог бы напрямую вглядываться в бездну космоса. ""Все началось с Договора Кром Круах и человека по имени капитан Ли.""",swpBT_startBar3:Продолжить,
swpBTTextBar2AppealMale,DialogOptionSelected,"$option == swpBT_startBarAppeal
$swpBT_playerMale","$global.swpBT_appealedToCaptainTannen = true
AdjustRepPerson swp_tannen COOPERATIVE 20
SWP_BTCall updateData","Вы тянетесь вперед и отодвигаете напиток капитана Таннена подальше, заявляя, что ему уже хватит. Его раздражение вы перебиваете, погружаясь в собственную немалую браваду и развлекая капитана приукрашенными историями о своих подвигах. Отвлекающий маневр, похоже, работает: он тихо - впервые за долгое время - слушает ваши рассказы.

Вы ловко переходите к притче о упущенных возможностях и трагедии недоверия в Персеанском секторе, подводя к моральному призыву о разделенной славе открытий. К концу речи капитан Таннен так растроган, что по щеке у него действительно катится слеза. Судя по этой реакции, вы подозреваете, что этот человек втайне переживает особенно болезненное предательство.",swpBT_startBar2Appeal2:Продолжить,
swpBTTextBar2Appeal2Male,DialogOptionSelected,"$option == swpBT_startBar2Appeal2
$swpBT_playerMale",,"Когда вы снова садитесь рядом, его улыбка выглядит искренней. ""Капитан $playerName, ты выдающийся $swpBT_ladOrLass. Зовут меня капитан Джакк Таннен,"" - говорит он и крепко пожимает вам руку.

В ответ на вашу самоуверенную улыбку он усмехается и откидывается назад, глядя вперед, к непрозрачной стене бара, будто способен смотреть прямо в космическую бездну. ""Позволь рассказать тебе историю капитана Ли. Все началось с Договора Кром Круах...""",swpBT_startBar3:Продолжить,
swpBTTextBar2Nonmale,DialogOptionSelected,"$option == swpBT_startBarAppeal
!$swpBT_playerMale","$global.swpBT_appealedToCaptainTannen = true
AdjustRepPerson swp_tannen COOPERATIVE 20
SWP_BTCall updateData","Вы тянетесь вперед и мягко кладете свою руку поверх руки Таннена, когда он тянется к напитку. На его лице появляется раздражение, но лишь на миг: он смягчается, расслабляется и позволяет вам сжать его ладонь. Между вами повисает короткая тишина.

Вы тихо, почти интимно - так, чтобы слышал только он, - говорите, что понимаете его боль и утрату. Вспоминаете собственные тяжелые истории, пытаясь успокоить его внутренних демонов сочувствием, а не выпивкой и бравадой. К концу вашей речи глаз капитана Таннена закрыт в молчаливой печали. Несмотря на его изначальную веселость, вы подозреваете, что этот человек, как минимум, страдает от недоверия.",swpBT_startBar2Appeal2:Продолжить,
swpBTTextBar2Nonmale2,DialogOptionSelected,"$option == swpBT_startBar2Appeal2
!$swpBT_playerMale",,"Таннену требуется момент, чтобы взять себя в руки. ""Капитан $playerName, $swpBT_ladOrLass, ты по-настоящему выдающийся."" В ответ на вашу улыбку его глаз озаряется, и он с изяществом наклоняется вперед, берет вашу руку и мягко целует кончики пальцев. ""Капитан Джакк Таннен, к вашим услугам.""

Таннен устраивается поудобнее, откидывается назад и смотрит в сторону непрозрачной стены бара, будто способен вглядываться прямо в бездну космоса. ""Позволь рассказать тебе историю капитана Ли. Все началось с Договора Кром Круах...""",swpBT_startBar3:Продолжить,
swpBTTextBar3,DialogOptionSelected,$option == swpBT_startBar3,FireAll swpBTText3Options,"""Корпорация Три-Тахион работала над... побочным проектом, так сказать, глубоко в неизведанной глухомани Сектора. Они известны тем, что швыряют безумные идеи, как дротики в мишень. То, что не работает, аккуратно сворачивают и убирают, но если вдруг что-то приживется...""

Таннен подзывает еще выпивки и почти подносит стакан к губам, когда, похоже, что-то вспоминает. ""Хех, чуть не забыл."" Он достает из пальто какой-то потертый прибор, зажимает одну из кнопок и кладет устройство на стол. Фоновый шум почти мгновенно стихает, а все за пределами вытянутой руки расплывается в неразборчивое марево. ""Неловко брать с тебя деньги, а потом просто трепать языком на публике.""",,
swpBTTextBar3Appealed,DialogOptionSelected,"$option == swpBT_startBar3
$global.swpBT_appealedToCaptainTannen",FireAll swpBTText3Options,"""Корпорация Три-Тахион работала над... побочным проектом, так сказать, глубоко в неизведанной глухомани Сектора. Они известны тем, что швыряют безумные идеи, как дротики в мишень. То, что не работает, аккуратно сворачивают и убирают, но если вдруг что-то приживется...""

Таннен подзывает еще выпивки и почти подносит стакан к губам, когда, похоже, что-то вспоминает. Он достает из пальто какой-то потертый прибор, зажимает одну из кнопок и кладет устройство на стол. Фоновый шум почти мгновенно стихает, а все за пределами вытянутой руки расплывается в неразборчивое марево. ""Это останется строго между нами, $swpBT_mateOrLuv.""",,
swpBTTextBar3OptionA,swpBTText3Options,!$global.swpBT_appealedToCaptainTannen,,,swpBT_startBar3a:И скольким людям ты уже рассказал это?,
swpBTTextBar3OptionAAppealed,swpBTText3Options,$global.swpBT_appealedToCaptainTannen,,,swpBT_startBar3a:Ты ведь не болтал эту историю каждому встречному - да?,
swpBTTextBar3OptionContinue,swpBTText3Options,!$global.swpBT_appealedToCaptainTannen,,,swpBT_startBar4:Промолчать,
swpBTTextBar3OptionBAppealedMale,swpBTText3Options,"$global.swpBT_appealedToCaptainTannen
$swpBT_playerMale",,,swpBT_startBar3b:Наклониться внимательнее,
swpBTTextBar3OptionBAppealedNonmale,swpBTText3Options,"$global.swpBT_appealedToCaptainTannen
!$swpBT_playerMale",,,swpBT_startBar3b:Подвинуться ближе,
swpBTTextBar3A,DialogOptionSelected,"$option == swpBT_startBar3a
!$global.swpBT_appealedToCaptainTannen",$swpBT_interruptedStory = true 0,"Таннен бросает на вас раздраженный взгляд. ""Моя покойная мать.""

Он делает долгий глоток из стакана и, поставив его обратно на стойку, задумчиво прокручивает жидкость. ""Не уверен, можно ли тебе это доверить, но я держу слово. Этот секрет знал только я.""",swpBT_startBar4:Продолжить,
swpBTTextBar3AAppealed,DialogOptionSelected,"$option == swpBT_startBar3a
$global.swpBT_appealedToCaptainTannen","$swpBT_interruptedStory = true 0
AdjustRepPerson swp_tannen VENGEFUL -5
SWP_BTCall updateData","Похоже, ваш намек даже слегка задевает Таннена. ""До тебя я не рассказывал об этом ни одной живой душе, капитан $playerLastName.""

Он делает долгий глоток из стакана и, поставив его обратно на стойку, задумчиво прокручивает жидкость. ""Надеюсь, тебе можно это доверить, но до тебя, $swpBT_mateOrLuv, этот секрет знал только я.""",swpBT_startBar4:Продолжить,
swpBTTextBar3BMale,DialogOptionSelected,"$option == swpBT_startBar3b
$swpBT_playerMale",,"Таннен ухмыляется; по его глазу будто пробегают слова, пока он собирается с мыслью. Этот человек определенно в своей стихии, когда рассказывает истории. ""Так, на чем я остановился?""",swpBT_startBar4:Продолжить,
swpBTTextBar3BNonmale,DialogOptionSelected,"$option == swpBT_startBar3b
!$swpBT_playerMale",,"Таннен слегка краснеет; по его глазу будто пробегают слова, пока он собирается с мыслью. Этот человек определенно в своей стихии, когда рассказывает истории. ""Так, на чем я остановился?""",swpBT_startBar4:Продолжить,
swpBTTextBar4,DialogOptionSelected,$option == swpBT_startBar4,,"""Три-Тахи, ну... одна из их безумных идей касалась неких вымерших мегаструктур Доминиона, связанных с гиперпространством, только в миниатюрном масштабе."" Он поднимает руку. ""И я не о том, что сокровище зарыто у Врат. Тут другое.""

""Один конкретный проект дал результат, $swpBT_mateOrLuv, но как раз когда этот плод начал обещать амброзию... Кром Круах. Вторая война ИИ закончилась. Влияние Корпорации, словно молодой луны, ушло в минимум. Дальше оно могло только расти, если понимаешь, к чему я.""","swpBT_startBar4a:Полагаю - что-то пошло катастрофически не так.
swpBT_startBar5:Кивнуть",
swpBTTextBar4A,DialogOptionSelected,$option == swpBT_startBar4a,"$swpBT_interruptedStory = true 0
$option = swpBT_startBar5 0
FireBest DialogOptionSelected","Таннен кружит жидкость в стакане. ""Трудно сказать, что именно случилось. Но если учесть, как у Три-Тахов обычно идут такие проекты, удивляться не приходится.""",,
swpBTTextBar5,DialogOptionSelected,$option == swpBT_startBar5,,"""Кто-то, связанный с проектом, хотел, чтобы он провалился. Не могу понять почему. Все, что мне известно о предателе, - имя: Элион. Он начал сливать детали окольными путями. Видимо, не хотел, чтобы его сразу вычислили.""

""Редкие технологии. Чертежи. Ценное оборудование. Богатство, созревшее для разграбления, просто ждущее где-то во тьме. Но каковы бы ни были мотивы Элиона, подсказки были слишком туманными. Я не мог их понять, и признавать провал мне было тяжело, $swpBT_mateOrLuv. Но... один человек разобрался.""",swpBT_startBar5_1:Продолжить,
swpBTTextBar5_1,DialogOptionSelected,$option == swpBT_startBar5_1,FireAll swpBTText5Options,"Таннен некоторое время роется в пальто, затем вытаскивает потрепанный фотограмм - на настоящей бумаге - в крошечной рамке. Он мгновение смотрит на него; лицо у него пустое, но глаз выдает боль.",,
swpBTTextBar5OptionA,swpBTText5Options,!$global.swpBT_appealedToCaptainTannen,,,swpBT_startBar5a:Это - полагаю - капитан Ли.,
swpBTTextBar5OptionAAppealed,swpBTText5Options,$global.swpBT_appealedToCaptainTannen,,,swpBT_startBar5a:Каким был капитан Ли?,
swpBTTextBar5OptionContinue,swpBTText5Options,!$global.swpBT_appealedToCaptainTannen,,,swpBT_startBar6:Протянуть руку за фотограммой,
swpBTTextBar5OptionContinueAppealed,swpBTText5Options,$global.swpBT_appealedToCaptainTannen,,,swpBT_startBar6:Наклониться ближе чтобы рассмотреть фотограмму,
swpBTTextBar5A,DialogOptionSelected,"$option == swpBT_startBar5a
!$global.swpBT_appealedToCaptainTannen","$swpBT_interruptedStory = true 0
$option = swpBT_startBar6 0
FireBest DialogOptionSelected","""... да. Жаль, что это не последнее напоминание о Ли.""",,
swpBTTextBar5AAppealed,DialogOptionSelected,"$option == swpBT_startBar5a
$global.swpBT_appealedToCaptainTannen","$swpBT_interruptedStory = true 0
$option = swpBT_startBar6 0
FireBest DialogOptionSelected","Что-то - боль? злость? - на миг пробегает по лицу Таннена, но он быстро берет себя в руки. Втягивает воздух. ""Он был хорошим другом. Был.""",,
swpBTTextBar6,DialogOptionSelected,"$option == swpBT_startBar6
!$global.swpBT_appealedToCaptainTannen",ShowSecondPerson swp_lee,"Таннен почти вталкивает фотограмму вам в руку. Вы переворачиваете ее, отмечая уверенную напряженность во взгляде Ли. От фотограммы исходит почти осязаемая аура опасности.

Другой капитан, еще недавно столь охотно ухмылявшийся, пользуется моментом, чтобы утопить себя в новом алкоголе.","swpBT_startBar6a:Похоже он тебя предал.
swpBT_startBar7:Промолчать",
swpBTTextBar6Appealed,DialogOptionSelected,"$option == swpBT_startBar6
$global.swpBT_appealedToCaptainTannen",ShowSecondPerson swp_lee,Таннен поворачивает фотограмму так чтобы вы могли ее рассмотреть. Вы отмечаете уверенную напряженность во взгляде Ли. От фотограммы исходит почти осязаемая аура опасности. Вы также замечаете руку Таннена - она слегка дрожит.,"swpBT_startBar6a:Ли предал тебя не так ли?
swpBT_startBar6b:Мне жаль.
swpBT_startBar7:Промолчать",
swpBTTextBar6A,DialogOptionSelected,"$option == swpBT_startBar6a
!$global.swpBT_appealedToCaptainTannen",,"Таннен с грохотом ставит кружку на стол, и экран приватности на миг мерцает. На его лице буря, пока он пытается овладеть собой. Наконец он выдыхает: ""это в прошлом, $swpBT_mateOrLuv.""

Вы не уверены, что до конца этому верите, но похоже, подробнее он рассказывать не собирается.",swpBT_startBar7:Продолжить,He paused to drink; this isn't really an interruption
swpBTTextBar6AAppealed,DialogOptionSelected,"$option == swpBT_startBar6a
$global.swpBT_appealedToCaptainTannen",,"Таннен, сдавленно в горле, ничего не отвечает, но его медленного кивка достаточно для подтверждения.","swpBT_startBar6b:Мне жаль.
swpBT_startBar7:Промолчать",See above
swpBTTextBar6BAppealed,DialogOptionSelected,"$option == swpBT_startBar6b
$global.swpBT_appealedToCaptainTannen",,"В ответ Таннен лишь качает головой. ""Не стоит. Теперь это в прошлом, $swpBT_mateOrLuv.""

Вы не уверены, что до конца этому верите, но похоже, Таннен пока не готов говорить о своих бедах.",swpBT_startBar7:Продолжить,See above
swpBTTextBar7,DialogOptionSelected,$option == swpBT_startBar7,,"""...Ли был блестящим человеком. В другой жизни, может, стал бы профессором в Академии Галатии. Но в этой жизни, низкорожденный с Чико?"" Он криво улыбается. ""Ни единого шанса.""

""Нет, в этой жизни его призванием было пиратство. Ужасный капитан Ли, грабитель Номиоса, налетчик Вестернесса, убийца-"" Таннен обрывает себя. ""Скажем так: для человека его... профессии у него был пугающий талант.""","swpBT_startBar7a:Гениев можно встретить где угодно.
swpBT_startBar8:Промолчать",
swpBTTextBar7A,DialogOptionSelected,$option == swpBT_startBar7a,"$swpBT_interruptedStory = true 0
$option = swpBT_startBar8 0
FireBest DialogOptionSelected","Таннен вздыхает. ""Это правда. И жаль, что такой талант достался человеку вроде него.""",,
swpBTTextBar8,DialogOptionSelected,$option == swpBT_startBar8,,"Таннен снова смотрит в пустоту. ""Именно он почти во всем разобрался. Где находится скрытая исследовательская база. Как туда попасть. Что украсть и когда.""

""Я был партнером Ли во всем этом, но мозгом был он. Все держал при себе. При всей своей гениальности капитан Ли так и не видел океан за волнами. Если бы он хоть раз в своей проклятой жизни мне доверился...""","swpBT_startBar8a:Я тебе доверяю.
swpBT_startBar9:Промолчать",
swpBTTextBar8A,DialogOptionSelected,"$option == swpBT_startBar8a
!$global.swpBT_appealedToCaptainTannen","$swpBT_interruptedStory = true 0
$swpBT_trustedTannen = true 0
AdjustRepPerson swp_tannen VENGEFUL -5
SWP_BTCall updateData","Таннен сужает глаз и явно подозрительно смотрит на вас. ""Тогда ты либо лжец либо дурак, $swpBT_mateOrLuv.""",swpBT_startBar9:Продолжить,
swpBTTextBar8AAppealed,DialogOptionSelected,"$option == swpBT_startBar8a
$global.swpBT_appealedToCaptainTannen","$swpBT_interruptedStory = true 0
$swpBT_trustedTannen = true 0
AdjustRepPerson swp_tannen COOPERATIVE 5
SWP_BTCall updateData","Таннен отводит взгляд. ""Возможно не стоит, $swpBT_mateOrLuv."" Несмотря на отрицание, видно, что ваши слова его задели.",swpBT_startBar9:Продолжить,
swpBTTextBar9,DialogOptionSelected,"$option == swpBT_startBar9
!$global.swpBT_appealedToCaptainTannen","HideSecondPerson swp_lee
FireBest swpBTText9B","Таннен на мгновение замолкает, собираясь с мыслями. Он забирает у вас фотограмму капитана Ли и запихивает обратно в пальто чуть резче, чем нужно.",,
swpBTTextBar9Appealed,DialogOptionSelected,"$option == swpBT_startBar9
$global.swpBT_appealedToCaptainTannen","HideSecondPerson swp_lee
FireBest swpBTText9B","Таннен на мгновение замолкает, собираясь с мыслями. Он убирает фотограмму капитана Ли обратно в пальто.",,
swpBTTextBar9B,swpBTText9B,,,"""В конце концов капитан Ли ушел без меня. С тех пор я его не видел."" Таннен делает долгий глоток.

""Позже, когда я выбрался из бутылки, прошел целый цикл. Ни следа Ли, нигде."" Он пожимает плечами. ""Человек исчез. Такой как он не умеет сидеть тихо, так что я понял: что-то пошло не так.""",swpBT_startBar10:Продолжить,
swpBTTextBar10,DialogOptionSelected,$option == swpBT_startBar10,"SetTextHighlightColors story
SetTextHighlights $swpBT_silentHandRecall
SetStoryOption swpBT_startBar10Story 1 swpBT_silentHand technology ""Recalled obscure lore about The Silent Hand""","""Потребовалось время, но я упорный. Мои поиски привели меня к корпорации Три-Тахион... точнее, я копнул в сторону наемников, которых они наняли.""

Таннен поднимает палец. ""Одно задание выделялось как красный кит на синих волнах. Большая часть деталей засекречена, но я узнал название отряда наемников: Тихая Рука."" Он делает паузу для веса, позволяя тишине повиснуть.

Это имя задевает что-то на краю памяти. Кажется вы почти можете $swpBT_silentHandRecall.","swpBT_startBar10a:Никогда о них не слышал.
swpBT_startBar10Story:Вспомнить нечто важное
swpBT_startBar11:Промолчать",
swpBTTextBar10A,DialogOptionSelected,$option == swpBT_startBar10a,"$swpBT_interruptedStory = true 0
$option = swpBT_startBar11 0
FireBest DialogOptionSelected","""А, это работа Ли,"" - ухмыляясь говорит Таннен.",,
swpBTTextBar10Story,DialogOptionSelected,$option == swpBT_startBar10Story,,"Вы вытаскиваете из памяти полузабытые слухи ранних лет.

Когда-то Тихая Рука была элитной группой наемников, действовавших по доктрине ""волчьей стаи"" и ведущих крайне закрытую жизнь. С этим тесным спаянным кругом были связаны, возможно, всего около десяти офицеров.

В некоторых кругах группа прославилась готовностью устранять опасные цели, за которые никто другой не брался - без вопросов. По-вашему, корпорация Три-Тахион, зная это, намеренно выбрала Тихую Руку для удара по капитану Ли.",swpBT_startBar10StoryB:Продолжить,
swpBTTextBar10StoryB,DialogOptionSelected,$option == swpBT_startBar10StoryB,"$global.swpBT_rememberedRachmaninoff = true
SWP_BTCall activateRachmaninoff
SetTextHighlights $swpBT_rachmaninoffName $swpBT_rachmaninoffMarketName","Скорее всего Ли нашел нечто - возможно корабль или мощное оружие - представлявшее достаточно серьезную угрозу, чтобы потребовалось профессиональное вмешательство. Кроме того, Тихая Рука вряд ли подходила для столкновения с целой армадой, так что в налете Ли, вероятно, потерял большую часть флота.

Тихая Рука всегда держала настоящие личности в секрете - использовались только псевдонимы, обычно имена древних музыкальных композиторов Старой Земли, - но вы уверены, что Тихая Рука уже распущена. Шанс мал, но, возможно, кто-то из бывших членов еще жив?

Подумав, вы смутно вспоминаете, как однажды встретили человека с призрачным взглядом, называвшего себя $swpBT_rachmaninoffName. Надеетесь, он все еще на $swpBT_rachmaninoffMarketName. Вы мысленно отмечаете это как ниточку для дальнейшего расследования.",swpBT_startBar10StoryC:Продолжить,
swpBTTextBar10StoryC,DialogOptionSelected,$option == swpBT_startBar10StoryC,"$option = swpBT_startBar11 0
FireBest DialogOptionSelected","Таннен ставит бокал, из которого лениво потягивал, будто замечая, что вы уже не витаете в воспоминаниях.",,
swpBTTextBar11,DialogOptionSelected,$option == swpBT_startBar11,,"""Они охотились за капитаном Ли. Месяцы шли, а 'отчетов о ходе работ' не было. Лишь через цикл мусорщик нашел разбитый Hyperion с 'таинственными характерными повреждениями',"" - Таннен подчеркивает это жестом кавычек. ""Имя корабля - Mozart, головная единица Тихой Руки.""",swpBT_startBar11_1:Продолжить,
swpBTTextBar11_1,DialogOptionSelected,$option == swpBT_startBar11_1,,"Таннен продолжает: ""В отчете упоминался мусорщик, который и нашел Mozart. Похоже, Три-Тахи прибыли туда первыми, выкупили корпус 'выше рыночной цены' и отправили группу восстановления в систему, где его обнаружили.""

Допив остатки текущего напитка, Таннен хмыкает. ""Вот в чем загвоздка, $swpBT_mateOrLuv. Они обыскали в системе все и нашли..."" - он обводит рукой пространство. ""...разбросанные остатки Тихой Руки. Ни единого следа капитана Ли или того, что он украл с исследовательской базы.""","swpBT_startBar11a:Капитан Ли еще жив там снаружи?
swpBT_startBar12:Промолчать",
swpBTTextBar11A,DialogOptionSelected,$option == swpBT_startBar11a,$swpBT_interruptedStory = true 0,"В глазу Таннена вспыхивает жесткость с примесью страха. ""Может жив, может нет. Если бы ставил, сказал бы: он мертв. Уже много циклов как мертв.""",swpBT_startBar12:Продолжить,
swpBTTextBar12NoContinue,DialogOptionSelected,"$option == swpBT_startBar12
$swpBT_interruptedStory
!$global.swpBT_appealedToCaptainTannen","$swpBT_missionStarted = true 0
BarCMD accept swpBT
FireAll swpBTText12Options","Откинувшись на стуле, Таннен шумно выдыхает и поднимает руки, словно давая понять, что история окончена. ""Вот так вот. Где-то в этой черноте зарыто невероятное сокровище. Сомневаюсь, что ты его найдешь капитан, но, думаю, всякое возможно.""

Он лениво достает еще одну сигару из антикварного самодельного футляра, закуривает и вставляет в рот.",,
swpBTTextBar12,DialogOptionSelected,"$option == swpBT_startBar12
!$swpBT_interruptedStory
!$global.swpBT_appealedToCaptainTannen",BarCMD accept swpBT,"Откинувшись на стуле, Таннен шумно выдыхает и поднимает руки, словно давая понять, что история окончена. ""Вот так вот. Где-то в этой черноте зарыто невероятное сокровище. Сомневаюсь, что ты его найдешь капитан, но, думаю, всякое возможно.""",swpBT_startBar12Listener:Продолжить,
swpBTTextBar12AppealedNoContinue,DialogOptionSelected,"$option == swpBT_startBar12
$swpBT_interruptedStory
$global.swpBT_appealedToCaptainTannen","BarCMD accept swpBT
FireAll swpBTText12Options","Откинувшись на стуле, Таннен шумно выдыхает и поднимает руки, словно давая понять, что история окончена. ""Вот так вот. Где-то в этой черноте зарыто невероятное сокровище, и, возможно, предприимчивый $swpBT_ladOrLass вроде тебя сумеет его забрать.""

Он лениво достает еще одну сигару из антикварного самодельного футляра, закуривает и вставляет в рот. Слабо улыбаясь, тянет: ""и, может, ты это даже заслуживаешь.""",,
swpBTTextBar12Appealed,DialogOptionSelected,"$option == swpBT_startBar12
!$swpBT_interruptedStory
$global.swpBT_appealedToCaptainTannen","BarCMD accept swpBT
SWP_BTCall progressedQuest","Откинувшись на стуле, Таннен шумно выдыхает и поднимает руки, словно давая понять, что история окончена. ""Вот так вот. Где-то в этой черноте зарыто невероятное сокровище, и, возможно, предприимчивый $swpBT_ladOrLass вроде тебя сумеет его забрать.""",swpBT_startBar12Listener:Продолжить,
swpBTTextBar12Listener,DialogOptionSelected,"$option == swpBT_startBar12Listener
!$global.swpBT_appealedToCaptainTannen","AdjustRepPerson swp_tannen COOPERATIVE 10
SWP_BTCall updateData
FireAll swpBTText12Options","Он лениво достает еще одну сигару из антикварного самодельного футляра, закуривает и вставляет в рот. ""...и спасибо что умеешь слушать."" Он уважительно кивает. ""Редко встретишь кого-то вроде тебя кто знает когда нужно заткнуться и слушать.""",,
swpBTTextBar12ListenerAppealed,DialogOptionSelected,"$option == swpBT_startBar12Listener
$global.swpBT_appealedToCaptainTannen","AdjustRepPerson swp_tannen COOPERATIVE 10
SWP_BTCall updateData
FireAll swpBTText12Options","Он лениво достает еще одну сигару из антикварного самодельного футляра, закуривает и вставляет в рот. Он скалится, прикусив сигару. ""Болею за тебя капитан. Ты и говоришь хорошо, и слушаешь хорошо. Это редкая и ценная вещь.""",,
swpBTTextBar12OptionA,swpBTText12Options,!$swpBT_thankedForStory,,,swpBT_startBar12a:Спасибо за рассказ.,
swpBTTextBar12OptionB,swpBTText12Options,"!$swpBT_complainedAboutStory
!$swpBT_askedAboutScavenger",,,swpBT_startBar12b:Этого маловато.,
swpBTTextBar12OptionB1,swpBTText12Options,$swpBT_treasureMap,,,swpBT_startBar12b1:Вообще-то я ждал карту сокровищ.,
swpBTTextBar12OptionB2,swpBTText12Options,$swpBT_pirateStorybook,,,swpBT_startBar12b2:Ты говоришь как пират из приключенческой книжки.,
swpBTTextBar12OptionC,swpBTText12Options,!$swpBT_askedAboutScavenger,,,swpBT_startBar12c:Расскажи больше о том мародере которого ты упоминал.,
swpBTTextBar12OptionCBribe,swpBTText12Options,$swpBT_wantsBribeForScavInfo,DoCanAffordCheck $swpBT_tannenBribe swpBT_startBar12cBribe,,swpBT_startBar12cBribe:Заплатить Таннену $swpBT_tannenBribe кредитов,
swpBTTextBar12OptionCWhatGives,swpBTText12Options,"$swpBT_wantsBribeForScavInfo
!$swpBT_calledTannenOut",,,swpBT_startBar12cWhatGives:Я уже заплатил тебе!,
swpBTTextBar12OptionCStory,swpBTText12Options,$swpBT_wantsBribeForScavInfo,"SetStoryOption swpBT_startBar12cStory 1 swpBT_coerceTannen combat ""Coerced Captain Tannen into giving you the full story about the buried treasure""",,swpBT_startBar12cStory:Принудить Таннена выдать информацию о мародере,
swpBTTextBar12OptionCPunch,swpBTText12Options,$swpBT_wantsBribeForScavInfo,"SetOptionColor swpBT_punch bad
SetTooltip swpBT_punch ""Ваш рейтинг рукопашного боя: $swpBT_playerCombatPct""
SetTooltipHighlightColors swpBT_punch highlight
SetTooltipHighlights swpBT_punch $swpBT_playerCombatPct
SWP_AddConfirmation swpBT_punch ""Are you sure you want to do this?""",,swpBT_punch:Ударить капитана Таннена,
swpBTTextBar12OptionD,swpBTText12Options,"$global.swpBT_rememberedRachmaninoff
!$global.swpBT_mentionedRachmaninoff
!$swpBT_wantsBribeForScavInfo
!$swpBT_threatenedTannen",SetStoryColor swpBT_startBar12d,,swpBT_startBar12d:Я однажды встретил человека по имени Рахманинов.,
swpBTTextBar12OptionDBribe,swpBTText12Options,"$global.swpBT_rememberedRachmaninoff
!$global.swpBT_mentionedRachmaninoff
$swpBT_wantsBribeForScavInfo",SetStoryColor swpBT_startBar12dTrade,,swpBT_startBar12dTrade:Может тогда обменяемся информацией?,
swpBTTextBar12OptionE,swpBTText12Options,,,,swpBT_startBar13:Встать и уйти,
swpBTTextBar12AThreatened,DialogOptionSelected,"$swpBT_threatenedTannen score:1000
$option == swpBT_startBar12a","$swpBT_thankedForStory = true 0
FireAll swpBTText12Options","Таннен смотрит на вас с яростью. ""Иди прогуляйся по короткой доске, $playerName.""",,
swpBTTextBar12A,DialogOptionSelected,"$option == swpBT_startBar12a
$swpBT_interruptedStory
!$global.swpBT_appealedToCaptainTannen","$swpBT_thankedForStory = true 0
FireAll swpBTText12Options","Таннен закатывает глаз. ""Если тебе так понравилось, почему ты не дал мне договорить без перебивания?""

Он затягивается сигарой, угрюмо глядя на пустой стакан. ""Не за что, наверное.""",,
swpBTTextBar12AAppealed,DialogOptionSelected,"$option == swpBT_startBar12a
$swpBT_interruptedStory
!$swpBT_trustedTannen
$global.swpBT_appealedToCaptainTannen","$swpBT_thankedForStory = true 0
FireAll swpBTText12Options","Таннен укоряет: ""Если тебе так понравилось, почему ты не дал мне договорить без перебивания?""

Он затягивается сигарой, глядя на пустой стакан. ""И все же не за что.""",,
swpBTTextBar12AAppealedTrusted,DialogOptionSelected,"$option == swpBT_startBar12a
$swpBT_interruptedStory
$swpBT_trustedTannen
$global.swpBT_appealedToCaptainTannen","$swpBT_thankedForStory = true 0
FireAll swpBTText12Options","Таннен поворачивается к вам так, будто собирается остроумно ответить, но в итоге закрывает рот. Вместо этого он затягивается сигарой.

Через мгновение бормочет: ""...не за что.""",,
swpBTTextBar12ANoInterrupt,DialogOptionSelected,"$option == swpBT_startBar12a
!$swpBT_interruptedStory","$swpBT_thankedForStory = true 0
FireAll swpBTText12Options","Таннен подмигивает. ""Не за что. Все в рамках одной ночной работы, $swpBT_mateOrLuv.""",,
swpBTTextBar12B,DialogOptionSelected,"$option == swpBT_startBar12b
!$global.swpBT_appealedToCaptainTannen","$swpBT_complainedAboutStory = true 0
$swpBT_treasureMap = true 0
FireAll swpBTText12Options","С досадой Таннен фыркает. ""Ты ожидал карту сокровищ, $swpBT_mateOrLuv?""",,
swpBTTextBar12BAppealed,DialogOptionSelected,"$option == swpBT_startBar12b
$global.swpBT_appealedToCaptainTannen","$swpBT_complainedAboutStory = true 0
$swpBT_treasureMap = true 0
FireAll swpBTText12Options","""Ты ожидал карту сокровищ, $swpBT_mateOrLuv?"" В глазу Таннена вспыхивает веселая искра.",,
swpBTTextBar12B1,DialogOptionSelected,"$option == swpBT_startBar12b1
!$global.swpBT_appealedToCaptainTannen","$swpBT_treasureMap = false 0
FireAll swpBTText12Options","Капитан выпускает струю дыма, затем закрывает лицо руками. ""Я не в настроении для шуток капитан.""",,
swpBTTextBar12B1Appealed,DialogOptionSelected,"$option == swpBT_startBar12b1
$global.swpBT_appealedToCaptainTannen","$swpBT_treasureMap = false 0
$swpBT_pirateStorybook = true 0
FireAll swpBTText12Options","Таннен некоторое время смотрит на вас с молчаливой напряженностью, а потом сдается и разражается хохотом. Он хлопает по столу так сильно, что пустой стакан опрокидывается; вы ловите его и ставите обратно.

Сигара едва держится в углу рта, и Таннен весело говорит: ""Я скучал по этому духу авантюр, $swpBT_ladOrLass.""",,
swpBTTextBar12B2,DialogOptionSelected,$option == swpBT_startBar12b2,"$swpBT_pirateStorybook = false 0
FireAll swpBTText12Options","Таннен заговорщицки улыбается. ""Боюсь, я понятия не имею о чем ты, $swpBT_mateOrLuv. Капитан Таннен пират? Не может быть.""",,
swpBTTextBar12C,DialogOptionSelected,"$option == swpBT_startBar12c
!$global.swpBT_appealedToCaptainTannen
!$global.swpBT_mentionedRachmaninoff",$swpBT_askedAboutScavenger = true 0,"Таннен бросает на вас настороженный взгляд, молча взвешивая варианты. После долгого неловкого молчания он наконец медленно кивает.

""Ладно. Пожалуй, стоит закончить эту историю.""",swpBT_startBar12cScavInfo:Продолжить,
swpBTTextBar12CForthright,DialogOptionSelected,"$option == swpBT_startBar12c
!$global.swpBT_appealedToCaptainTannen
$global.swpBT_mentionedRachmaninoff",$swpBT_askedAboutScavenger = true 0,"Таннен обдумывает ваш вопрос, но почти сразу кивает.

""Ты был со мной прямолинеен. Я расскажу то, что тебе нужно знать.""",swpBT_startBar12cScavInfo:Продолжить,
swpBTTextBar12CAppealed,DialogOptionSelected,"$option == swpBT_startBar12c
$global.swpBT_appealedToCaptainTannen
$swpBT_tannenRepPct < 30",$swpBT_askedAboutScavenger = true 0,"Таннен смотрит вам в глаза почти так, будто пытается заглянуть в душу, словно оценивает вас как человека. Через мгновение он кивает.

""Пожалуй, пора снять это с души.""",swpBT_startBar12cScavInfo:Продолжить,
swpBTTextBar12CAppealedHighRep,DialogOptionSelected,"$option == swpBT_startBar12c
$global.swpBT_appealedToCaptainTannen
$swpBT_tannenRepPct >= 30",$swpBT_askedAboutScavenger = true 0,"Таннен смотрит на вас с заметным уважением. Он твердо кивает.

""Ты заслуживаешь знать. Подойди ближе и я расскажу все.""",swpBT_startBar12cScavInfo:Продолжить,
swpBTTextBar12CReluctant,DialogOptionSelected,"!$global.swpBT_appealedToCaptainTannen score:100
$option == swpBT_startBar12c
$swpBT_tannenRepPct <= 0
!$global.swpBT_mentionedRachmaninoff","$swpBT_askedAboutScavenger = true 0
$swpBT_wantsBribeForScavInfo = true 0
SetTextHighlights $swpBT_tannenBribe $swpBT_doubleIt
FireAll swpBTText12Options","Таннен бросает на вас настороженный взгляд. ""Тебе мало той информации, что я уже дал?""

Он медленно откидывается на спинку стула, затягивается сигарой и явно раздумывает, стоит ли говорить больше. ""Скажем так. Ты уже подкупил меня на $swpBT_tannenBribe кредитов. $swpBT_doubleIt и капитан Таннен расскажет что знает.""",,
swpBTTextBar12CBribe,DialogOptionSelected,$option == swpBT_startBar12cBribe,"$swpBT_wantsBribeForScavInfo = false 0
AddCredits -$swpBT_tannenBribe","Когда Таннен слышит сигнал ТриПада о подтверждении платежа, он морщится. ""Надо было сразу понять, что это не сработает."" Он тяжело вздыхает и выпускает длинную струю дыма, почти как дракон.

Еще немного помедлив, он ворчит: ""Капитан Таннен держит слово. Расскажу что знаю.""",swpBT_startBar12cScavInfo:Продолжить,
swpBTTextBar12CWhatGives,DialogOptionSelected,$option == swpBT_startBar12cWhatGives,"$swpBT_calledTannenOut = true 0
FireAll swpBTText12Options","""Именно так.""

Он слегка пожимает плечами, будто ничего не поделаешь. ""Ты уже заглотил мою наживку, $swpBT_mateOrLuv. Разве тебе не хочется узнать больше?"" Улыбка Таннена с сигарой в зубах выглядит хищно.",,
swpBTTextBar12CStory,DialogOptionSelected,$option == swpBT_startBar12cStory,"$swpBT_wantsBribeForScavInfo = false 0
$swpBT_threatenedTannen = true 0
AdjustRepPerson swp_tannen VENGEFUL -40
SWP_BTCall updateData","Вы угрожаете уничтожить репутацию капитана Таннена и выставить его лжецом и мошенником. Обещаете, что любая ответка с его стороны бессильна против ваших военных ресурсов. Намекаете, что в конечном счете и в кулачном бою сможете его одолеть.

Кипя от злости, Таннен сжимает челюсть так сильно, что диву даешься, как сигара еще не рассыпалась. ""Ладно,"" - выдавливает он. ""Ты такой же как остальные, капитан $playerName. Такой же как Ли. Думаешь, что неуязвим, пока в один день карма не догонит тебя.""",swpBT_startBar12cScavInfo:Продолжить,
swpBTTextBar12CScavInfo,DialogOptionSelected,"$option == swpBT_startBar12cScavInfo
!$swpBT_threatenedTannen",SetTextHighlights $swpBT_scavContactName $swpBT_scavContactMarketName,"Таннен складывает пальцы домиком. ""Ну, того мусорщика зовут $swpBT_scavContactName, и $swpBT_scavContactHeOrShe работает на $swpBT_scavContactMarketName. Неприметный $swpBT_scavContactLadOrLass этот $swpBT_scavContactHeOrShe, и ему это по душе. Маленькая аккуратная организация если понимаешь о чем я.""

Он неловко ерзает. ""Честно говоря, я уже ходил искать $swpBT_scavContactHimOrHer. Пытался во всяком случае. Этот $swpBT_scavContactLadOrLass очень параноидален. Впрочем, чему удивляться: допрос у Три-Тахов бывает... основательным. Даже лучшего из нас заставит звать маму и видеть призраков там где их нет.""",swpBT_startBar12cScavInfo2:Продолжить,
swpBTTextBar12CScavInfo2,DialogOptionSelected,"$option == swpBT_startBar12cScavInfo2
!$swpBT_threatenedTannen
!$global.swpBT_appealedToCaptainTannen","SetTextHighlights $swpBT_scavContactMarines
SWP_BTCall activateScavContact
SWP_BTCall printIntel
FireAll swpBTText12Options","""Если пойдешь искать $swpBT_scavContactName будь осторожен. Если умен бери морпехов. Скажем... $swpBT_scavContactMarines бойцов. Или много кредитов. Деньги решают, $swpBT_mateOrLuv... ты и сам это знаешь.""

Таннен разводит руками, словно говоря: ""это все что у меня есть."" Он снова затягивается сигарой.",,
swpBTTextBar12CScavInfo2Appealed,DialogOptionSelected,"$option == swpBT_startBar12cScavInfo2
!$swpBT_threatenedTannen
$global.swpBT_appealedToCaptainTannen","SetTextHighlights $swpBT_scavContactMarines
SWP_BTCall activateScavContact
SWP_BTCall printIntel
FireAll swpBTText12Options","""Если пойдешь искать $swpBT_scavContactName будь осторожен. Береги себя, $swpBT_mateOrLuv. Я знаю, ты умеешь работать языком, но не каждый поведется на твое обаяние как капитан Таннен. Бери побольше огневой мощи - минимум $swpBT_scavContactMarines хорошо обученных бойцов.""

Таннен разводит руками. ""Желаю удачи с $swpBT_scavContactHimOrHer. Жаль что знаю не больше."" Он снова затягивается сигарой.",,
swpBTTextBar12CScavInfoThreaten,DialogOptionSelected,"$option == swpBT_startBar12cScavInfo
$swpBT_threatenedTannen","SetTextHighlights $swpBT_scavContactName $swpBT_scavContactMarketName
SWP_BTCall activateScavContact
SWP_BTCall printIntel
FireAll swpBTText12Options","Таннен тянет: ""этого мусорщика зовут $swpBT_scavContactName, работает на $swpBT_scavContactMarketName. Неприметный $swpBT_scavContactLadOrLass этот $swpBT_scavContactHeOrShe; такой прудовой швали как ты будет там самое место среди его круга.""

Его глаз скользит к кобуре, будто он проверяет, что оружие на месте. ""Я уже пытался связаться с $swpBT_scavContactHimOrHer, но этот $swpBT_scavContactLadOrLass очень параноидален. Видимо, его пытали какие-то три-таховские пугала.""

Таннен замолкает и продолжает мрачно зырить на вас, едва удерживая вежливость. Он затягивается сигарой снова и снова, сжигая табак пугающе быстро.",,
swpBTTextBar12D,DialogOptionSelected,$option == swpBT_startBar12d,"$global.swpBT_mentionedRachmaninoff = true
$global.swpBT_TannenAwareness++
SetTextHighlights $swpBT_rachmaninoffName $swpBT_rachmaninoffMarketName","Таннен внимательно слушает, пока вы рассказываете, что знаете о возможном бывшем члене Тихой Руки по имени $swpBT_rachmaninoffName, которого вы встретили на $swpBT_rachmaninoffMarketName. Его глаз загорается любопытством, пока вы плетете рассказ, но он терпеливо ждет, затягиваясь сигарой, пока вы не заканчиваете.",swpBT_startBar12d2:Продолжить,
swpBTTextBar12D2,DialogOptionSelected,"$option == swpBT_startBar12d2
!$global.swpBT_appealedToCaptainTannen","AdjustRepPerson swp_tannen COOPERATIVE 10
SWP_BTCall updateData
FireAll swpBTText12Options","""Я благодарен за твою прямоту и честь, капитан $playerLastName. Это первая реальная зацепка за долгое время. Я этого не забуду.""

Таннен заметно расслабляется и чуть больше открывается, больше не глядя на вас с прежней подозрительностью.",,
swpBTTextBar12D2Appealed,DialogOptionSelected,"$option == swpBT_startBar12d2
$global.swpBT_appealedToCaptainTannen","AdjustRepPerson swp_tannen COOPERATIVE 10
SWP_BTCall updateData
FireAll swpBTText12Options","""Снова ты доказываешь, что ты $swpBT_ladOrLass чести и прямоты, капитан $playerLastName. Искренне благодарю; я очень долго ждал новой зацепки. Я этого не забуду.""

Улыбка Таннена искренняя. Он ослабляет защиту, будто решая, что вам можно доверять.",,
swpBTTextBar12DTrade,DialogOptionSelected,$option == swpBT_startBar12dTrade,SetStoryColor swpBT_startBar12dTradeDeal,"Таннен подается вперед с интересом. ""Вот это уже разговор. Если у тебя есть настоящая зацепка - любая - расскажи мне, и тогда я расскажу что знаю. По рукам, $playerLastName?""","swpBT_startBar12dTradeDeal:Я однажды встретил человека по имени Рахманинов.
swpBT_startBar12dTradeNoDeal:Неважно.",
swpBTTextBar12DTradeDeal,DialogOptionSelected,$option == swpBT_startBar12dTradeDeal,"$swpBT_wantsBribeForScavInfo = false 0
$global.swpBT_mentionedRachmaninoff = true
$global.swpBT_TannenAwareness++
SetTextHighlights $swpBT_rachmaninoffName $swpBT_rachmaninoffMarketName","Таннен заметно расслабляется и внимательно слушает, пока вы рассказываете, что знаете о возможном бывшем члене Тихой Руки по имени $swpBT_rachmaninoffName, которого вы встретили на $swpBT_rachmaninoffMarketName. Его глаз не отрывается от вас, пока вы ведете рассказ, и все это время он затягивается сигарой.",swpBT_startBar12dTradeDeal2:Продолжить,
swpBTTextBar12DTradeDeal2,DialogOptionSelected,$option == swpBT_startBar12dTradeDeal2,"AdjustRepPerson swp_tannen COOPERATIVE 10
SWP_BTCall updateData","Таннен выпускает длинную струю дыма. ""...это первая реальная зацепка, которую я получил за очень долгое время. Я этого не забуду.""

Он заметно расслабляется. ""По рукам. Ты заслуживаешь знать то, что знаю я.""",swpBT_startBar12cScavInfo:Продолжить,
swpBTTextBar12DTradeNoDeal,DialogOptionSelected,$option == swpBT_startBar12dTradeNoDeal,FireAll swpBTText12Options,"Таннен откидывается назад, выглядя слегка разочарованным. ""Как скажешь.""",,
swpBTTextBar13Welcoming,DialogOptionSelected,"$option == swpBT_startBar13
$swpBT_tannenRepPct >= 25",,"Когда вы встаете, Таннен смотрит на вас с легкой улыбкой, и в его глазу мерцает что-то почти похожее на теплоту. Он складывает руки и подается вперед, опираясь локтями на стол.

""Капитан $playerLastName, знай: я все еще ищу сокровище Ли. Уверен, наши пути еще пересекутся. Я хочу, чтобы мы оба выбрались живыми, так что мне нужно, чтобы ты принял несколько правил.""

""Первое."" Он поднимает палец. ""Кто нашел, того и добыча. Мы оба наверняка узнаем, если кто-то из нас найдет первым, $swpBT_mateOrLuv, и я хочу договориться, что мы не будем мешать друг другу, если ты обойдешь меня или я обойду тебя честно.""

Вы останавливаетесь обдумать это правило, пока Таннен затягивается сигарой.","swpBT_startBar14Agree:Согласен.
swpBT_startBar14WhatAbout:А если мы найдем сокровище одновременно?
swpBT_startBar14Disagree:Я не буду играть по твоим правилам. (уйти)",
swpBTTextBar13Favorable,DialogOptionSelected,"$option == swpBT_startBar13
$swpBT_tannenRepPct >= 10
$swpBT_tannenRepPct < 25",,"Когда вы встаете, Таннен смотрит на вас нечитаемым взглядом, складывает руки и подается вперед, опираясь локтями на стол.

""Капитан $playerLastName, ты должен понимать, что я все еще ищу сокровище Ли. Уверен, наши пути еще пересекутся. Чтобы нам обоим выбраться без перестрелки, давай установим пару правил.""

""Первое."" Он поднимает палец. ""Кто нашел, того и добыча. Мы оба наверняка узнаем, если кто-то из нас найдет первым, $swpBT_mateOrLuv, и я хочу договориться, что мы не будем посылать... агентов друг против друга, если ты обойдешь меня или я обойду тебя честно.""

Вы останавливаетесь обдумать это правило, пока Таннен затягивается сигарой.","swpBT_startBar14Agree:Согласен.
swpBT_startBar14WhatAbout:А если мы найдем сокровище одновременно?
swpBT_startBar14Disagree:Я не буду играть по твоим правилам. (уйти)",
swpBTTextBar13Neutral,DialogOptionSelected,"$option == swpBT_startBar13
$swpBT_tannenRepPct > -25
$swpBT_tannenRepPct < 10",,"Когда вы встаете, Таннен смотрит на вас расчетливым взглядом, складывает руки и подается вперед, опираясь локтями на стол.

""Капитан $playerLastName, надеюсь, ты понимаешь, что я все еще ищу сокровище Ли. Уверен, наши пути еще пересекутся. Чтобы избежать..."" - он подбирает слово, - ""...лишних проблем, давай установим несколько правил.""

""Первое."" Он поднимает палец. ""Кто нашел, того и добыча. Мы оба наверняка узнаем, если кто-то из нас найдет первым, $swpBT_mateOrLuv, и я хочу договориться, что мы не будем посылать убийц друг против друга, если ты обойдешь меня или я обойду тебя честно.""

Вы задумываетесь над этим правилом. Можно ли вообще доверять слову капитана Таннена?","swpBT_startBar14Agree:Согласен.
swpBT_startBar14WhatAbout:А если мы найдем сокровище одновременно?
swpBT_startBar14Disagree:Я не буду играть по твоим правилам. (уйти)","You can't actually wind up ""merely"" suspicious with Tannen at this point; it's either Neutral or Inhospitable/Hostile"
swpBTTextBar13Inhospitable,DialogOptionSelected,"$option == swpBT_startBar13
$swpBT_tannenRepPct <= -25",BarCMD returnFromEvent true,"Когда вы встаете, Таннен смотрит на вас с холодной решимостью, складывает руки и подается вперед, опираясь локтями на стол.

""Капитан $playerLastName, оставь надежду найти сокровище. Ли мог со мной поступить по-свински, но я не собираюсь плевать на его наследие и позволять какой-то трюмной мрази утащить его добычу."" Он сплевывает. ""Мы еще увидимся до конца этой истории, капитан. И когда этот день настанет, лучше молись Лудду о милосердии - потому что от меня его не будет.""

Вы уходите от кипящего яростью капитана и уже считаете будущие кредиты, планируя следующий ход.$swpBT_nextMove",,
swpBTTextBar14WhatAbout,DialogOptionSelected,"$option == swpBT_startBar14WhatAbout
$swpBT_tannenRepPct < 10",,"Таннен пожимает плечами. ""Я к этому и веду, но, думаю, нам пришлось бы заключить какую-то сделку или драться за добычу, если не договоримся.""","swpBT_startBar14Agree:Ладно - согласен.
swpBT_startBar14Disagree:Я не буду играть по твоим правилам. (уйти)",
swpBTTextBar14WhatAboutFavorable,DialogOptionSelected,"$option == swpBT_startBar14WhatAbout
$swpBT_tannenRepPct >= 10",,"Таннен пожимает плечами. ""Надеюсь, мы сможем прийти к согласию, $playerLastName - ты кажешься разумным $swpBT_ladOrLass - но я готовлюсь к худшему. Осторожность не бывает лишней.""","swpBT_startBar14Agree:Ладно - согласен.
swpBT_startBar14Disagree:Я не буду играть по твоим правилам. (уйти)",
swpBTTextBar14Agree,DialogOptionSelected,"$option == swpBT_startBar14Agree
$swpBT_tannenRepPct < 10","SWP_BTCall firstRule true
SWP_BTCall printIntelRules","Таннен хмыкает и поднимает второй палец. ""Второе. Перемирие, пока мы охотимся за сокровищем, но если кто-то из нас найдет его и будет тащить обратно в центральные миры - тогда все по-честному, без обид.""

Вы подозреваете, что Таннен будет отслеживать перемещения вашего флота, так что почти наверняка вам придется столкнуться с ним в менее дружелюбных обстоятельствах в любом случае.","swpBT_startBar14Agree2:Хорошо.
swpBT_startBar14WhatAbout2:Это не мешает тебе устроить засаду когда я сделаю всю работу.
swpBT_startBar14Disagree2:Не могу на это согласиться. (уйти)
swpBT_startBar14Disagree:Забудь; я не буду играть по твоим правилам. (отречься и уйти)",
swpBTTextBar14AgreeFavorable,DialogOptionSelected,"$option == swpBT_startBar14Agree
$swpBT_tannenRepPct >= 10","SWP_BTCall firstRule true
SWP_BTCall printIntelRules","Таннен хмыкает и поднимает второй палец. ""Второе. Перемирие, пока мы охотимся за сокровищем, но..."" Таннен запинается, прежде чем продолжить, ""все по-честному, если кто-то из нас найдет его и будет тащить обратно в центральные миры.""

Вы подозреваете, что Таннен попытается отслеживать перемещения вашего флота, так что, скорее всего, вы все равно столкнетесь снова. Надеетесь, что тогда удастся избежать драки.","swpBT_startBar14Agree2:Хорошо.
swpBT_startBar14Loyal:Я не ударю тебя в спину.
swpBT_startBar14Disagree2:Не могу на это согласиться. (уйти)
swpBT_startBar14Disagree:Забудь; я не буду играть по твоим правилам. (отречься и уйти)",
swpBTTextBar14WhatAbout2,DialogOptionSelected,$option == swpBT_startBar14WhatAbout2,,"Таннен с горечью качает головой. ""Я рискую тем же с твоей стороны, $swpBT_mateOrLuv. Зато так мы хотя бы готовы к неизбежному предательству.""","swpBT_startBar14Agree2:Хорошо.
swpBT_startBar14Loyal:Я не ударю тебя в спину.
swpBT_startBar14Disagree2:Не могу на это согласиться. (уйти)
swpBT_startBar14Disagree:Забудь; я не буду играть по твоим правилам. (отречься и уйти)",
swpBTTextBar14Loyal,DialogOptionSelected,"$option == swpBT_startBar14Loyal
$swpBT_tannenRepPct < 10",,"""Думаешь, я идиот?,"" - резко отвечает Таннен.","swpBT_startBar14Agree2:Хорошо - согласен.
swpBT_startBar14Disagree2:Не могу на это согласиться. (уйти)
swpBT_startBar14Disagree:Забудь; я не буду играть по твоим правилам. (отречься и уйти)",
swpBTTextBar14LoyalFavorable,DialogOptionSelected,"$option == swpBT_startBar14Loyal
$swpBT_tannenRepPct >= 10
$swpBT_tannenRepPct < 25",,"""...в это трудно поверить."" Таннен отводит взгляд, не в силах встретиться с вами глазами. ""Ничего личного, $swpBT_mateOrLuv. Доверие... у меня с ним все плохо сложилось.""","swpBT_startBar14Agree2:Хорошо - согласен.
swpBT_startBar14Disagree2:Не могу на это согласиться. (уйти)
swpBT_startBar14Disagree:Забудь; я не буду играть по твоим правилам. (отречься и уйти)",
swpBTTextBar14LoyalWelcoming,DialogOptionSelected,"$option == swpBT_startBar14Loyal
$swpBT_tannenRepPct >= 25",,"""...я знаю."" Лицо Таннена мрачнеет, глаз опускается. ""Но я тоже думал, что Ли меня не предаст. И посмотри, чем это кончилось."" Он неопределенно жестикулирует. ""Просто..."" Он обрывается.","swpBT_startBar14Agree2:Хорошо - согласен.
swpBT_startBar14Disagree2:Не могу на это согласиться. (уйти)
swpBT_startBar14Disagree:Забудь; я не буду играть по твоим правилам. (отречься и уйти)",
swpBTTextBar14Disagree2,DialogOptionSelected,$option == swpBT_startBar14Disagree2,"AdjustRepPerson swp_tannen VENGEFUL -10
SWP_BTCall updateData
FireBest swpBTTextEndBar","Таннен закрывает глаз и выглядит явно разочарованным. ""Что ж, $playerLastName. Прощай."" В его словах звучит окончательность.",,
swpBTTextBar14Agree2,DialogOptionSelected,$option == swpBT_startBar14Agree2,"SWP_BTCall secondRule true
SWP_BTCall printIntelRules","Таннен кивает и выпрямляется в кресле. Он поднимает третий палец. ""И последнее: никому не рассказывай о сокровище. Держи это в секрете. Говори уклончиво. Не давай никому сложить картину.""

Вы обдумываете его последнее условие.","swpBT_startBar14:Ладно.
swpBT_startBar14WhatAbout3:Ты же сам только что рассказал МНЕ!
swpBT_startBar14Disagree3:Ни за что! Я скажу кому захочу. (уйти)
swpBT_startBar14Disagree:Забудь; я не буду играть по твоим правилам. (отречься и уйти)",
swpBTTextBar14WhatAbout3,DialogOptionSelected,"$option == swpBT_startBar14WhatAbout3
$swpBT_tannenRepPct < 10",,"""И я уже жалею о своем решении.""","swpBT_startBar14:Ладно - согласен.
swpBT_startBar14Disagree3:Ни за что! Я скажу кому захочу. (уйти)
swpBT_startBar14Disagree:Забудь; я не буду играть по твоим правилам. (отречься и уйти)",
swpBTTextBar14WhatAbout3Favorable,DialogOptionSelected,"$option == swpBT_startBar14WhatAbout3
$swpBT_tannenRepPct >= 10
$swpBT_tannenRepPct < 25",,"""Верно. Только не заставляй меня пожалеть о решении."" Таннен смотрит на вас, ожидая ответа.","swpBT_startBar14:Ладно - согласен.
swpBT_startBar14Disagree3:Ни за что! Я скажу кому захочу. (уйти)
swpBT_startBar14Disagree:Забудь; я не буду играть по твоим правилам. (отречься и уйти)",
swpBTTextBar14WhatAbout3Welcoming,DialogOptionSelected,"$option == swpBT_startBar14WhatAbout3
$swpBT_tannenRepPct >= 25",,"""Ты не такой как остальные, $playerLastName. Не часто встречаешь кого-то вроде тебя.""","swpBT_startBar14:Ладно - согласен.
swpBT_startBar14Disagree3:Ни за что! Я скажу кому захочу. (уйти)
swpBT_startBar14Disagree:Забудь; я не буду играть по твоим правилам. (отречься и уйти)",
swpBTTextBar14Disagree3,DialogOptionSelected,"$option == swpBT_startBar14Disagree3
$swpBT_tannenRepPct < 10","AdjustRepPerson swp_tannen VENGEFUL -5
SWP_BTCall updateData
FireBest swpBTTextEndBar","Таннен качает головой с раздражением. ""Ты принял недальновидное решение, капитан. Прощай."" В его словах звучит окончательность.",,
swpBTTextBar14Disagree3Favorable,DialogOptionSelected,"$option == swpBT_startBar14Disagree3
$swpBT_tannenRepPct >= 10","AdjustRepPerson swp_tannen VENGEFUL -5
SWP_BTCall updateData
FireBest swpBTTextEndBar","Таннен качает головой с раздражением. ""Ты принял недальновидное решение, капитан. Надеюсь, ты передумаешь, когда мы встретимся снова."" В его словах звучит окончательность.",,
swpBTTextBar14Disagree,DialogOptionSelected,"$option == swpBT_startBar14Disagree
$swpBT_tannenRepPct < 25","SWP_BTCall firstRule false
SWP_BTCall secondRule false
SWP_BTCall thirdRule false
AdjustRepPerson swp_tannen VENGEFUL -15
SWP_BTCall updateData
FireBest swpBTTextEndBar","Лицо Таннена мрачнеет. ""Значит, вот как."" В его словах звучит окончательность.",,
swpBTTextBar14DisagreeFavorable,DialogOptionSelected,"$option == swpBT_startBar14Disagree
$swpBT_tannenRepPct >= 10
$swpBT_tannenRepPct < 25","SWP_BTCall firstRule false
SWP_BTCall secondRule false
SWP_BTCall thirdRule false
AdjustRepPerson swp_tannen VENGEFUL -15
SWP_BTCall updateData
FireBest swpBTTextEndBar","По лицу Таннена пробегает вспышка гнева. ""Я думал, у тебя есть честь, $playerName. Ошибся... как ошибаюсь слишком часто."" Он отмахивается от вас, будто от назойливого насекомого. ""Убирайся.""",,
swpBTTextBar14DisagreeWelcoming,DialogOptionSelected,"$option == swpBT_startBar14Disagree
$swpBT_tannenRepPct >= 25","SWP_BTCall firstRule false
SWP_BTCall secondRule false
SWP_BTCall thirdRule false
AdjustRepPerson swp_tannen VENGEFUL -15
SWP_BTCall updateData
FireBest swpBTTextEndBar","Разочарование Таннена почти осязаемо. ""Ты лучше этого, $playerLastName. Когда мы встретимся снова..."" Он обрывается и лишь печально качает головой. ""Тебе лучше уйти.""",,
swpBTTextBar14,DialogOptionSelected,"$option == swpBT_startBar14
$swpBT_tannenRepPct < 10","SWP_BTCall thirdRule true
SWP_BTCall printIntelRules
FireBest swpBTTextEndBar","Таннен откидывается назад, явно довольный. ""Хорошо. Пусть победит сильнейший из нас."" Он показывает хищную улыбку с сигарой в зубах. ""Посмотрим, сможешь ли ты угнаться за капитаном Танненом, $swpBT_mateOrLuv.""

Это звучит как вызов.",swpBT_startBar15Leave:Именно так и будет. (уйти),
swpBTTextBar14Favorable,DialogOptionSelected,"$option == swpBT_startBar14
$swpBT_tannenRepPct >= 10","SWP_BTCall thirdRule true
SWP_BTCall printIntelRules","Таннен откидывается назад, явно довольный. ""Ладно. Удачной охоты."" Он улыбается дружелюбно. ""Надеюсь, ты сможешь угнаться за капитаном Танненом, $swpBT_mateOrLuv.""

Это звучит как вызов. Хотя вы задумываетесь: может, лучше взять его с собой во флот? Так вы точно сможете держать Таннена под контролем.","swpBT_startBar15Join:Нам стоит искать сокровище вместе.
swpBT_startBar15Leave:Можешь не сомневаться. (уйти)",
swpBTTextBar15JoinNoChance,DialogOptionSelected,"$option == swpBT_startBar15Join
$swpBT_tannenRepPct < 20",,"Похоже, ваше предложение застает Таннена врасплох. ""Я категорически против, $swpBT_mateOrLuv. То, что мы сейчас говорим вежливо, не значит, что я хочу с тобой в одну постель лезть.""

Он пренебрежительно машет рукой. ""Забирай свои голо-видовые фантазии о пиратской охоте за сокровищами обратно в ясли, где они родились. Реальность любит пережевывать идеалистов, как устриц на волтурнийской тарелке.""",swpBT_startBar15Leave:Как скажешь. (уйти),
swpBTTextBar15JoinNotAPirate,DialogOptionSelected,"$option == swpBT_startBar15Join
$swpBT_tannenRepPct >= 20
$swpBT_tannenRepPct < 35
RepIsAtBest pirates INHOSPITABLE","SWP_SetRecruitTannenOption swpBT_startBar15JoinAnyway 2 swpBT_recruitTannenHard swp_tannen leadership ""Convinced Captain Tannen to join your fleet, against his better judgement""","Таннен явно удивлен вашим предложением. Он подается вперед и спрашивает: ""ты с ума сошел, $swpBT_mateOrLuv? Ты вполне ничего $swpBT_ladOrLass, так что я не хотел говорить это в лоб, но...""

Он бьет кулаком в грудь. ""Я пират. Много циклов пират. У меня хватает сожалений, но о таком образе жизни я не жалел никогда.""

""А ты, $swpBT_ladOrLass?"" Он указывает на вас. ""Я бы с тобой выпил, $swpBT_shootTheShit, может быть. Но ты,"" - он показывает пальцем, ""- не,"" - стучит по столу, ""- пират. Ты не знаешь, что я сделал. Знал бы - не звал бы меня к себе.""","swpBT_startBar15JoinAnyway:Ты можешь оставить эту жизнь позади.
swpBT_startBar15Leave:Как скажешь. (уйти)",
swpBTTextBar15JoinPirate,DialogOptionSelected,"$option == swpBT_startBar15Join
$swpBT_tannenRepPct >= 20
$swpBT_tannenRepPct < 35
RepIsAtWorst pirates SUSPICIOUS","SWP_SetRecruitTannenOption swpBT_startBar15JoinConfirm 1 swpBT_recruitTannen swp_tannen leadership ""Convinced Captain Tannen to join your fleet""","Таннен приподнимает бровь на ваше предложение. Он наклоняется вперед, спрашивая: ""ты уверен, $swpBT_mateOrLuv? Как $swpBT_ladOrLass в этом деле, ты должен понимать, что из себя представляют люди вроде меня.""

Он бьет кулаком в грудь. ""Мы пираты. У меня хватает сожалений, но о таком образе жизни я не жалел никогда. Помни это, прежде чем пытаться лечь со мной в одну лодку.""

""Я понимаю, чего ты хочешь, $playerLastName, и говорю: скорее всего, оно того не стоит.""","swpBT_startBar15JoinConfirm:Я готов рискнуть. Хочу чтобы ты был со мной.
swpBT_startBar15Leave:Как скажешь. (уйти)",
swpBTTextBar15JoinNotAPirateHighRep,DialogOptionSelected,"$option == swpBT_startBar15Join
$swpBT_tannenRepPct >= 35
RepIsAtBest pirates INHOSPITABLE","SWP_SetRecruitTannenOption swpBT_startBar15JoinAnywayEasy 1 swpBT_recruitTannen swp_tannen leadership ""Convinced Captain Tannen to join your fleet""","Таннен немного удивлен вашим предложением. Он наклоняется вперед: ""ты не понимаешь, во что ввязываешься, $swpBT_mateOrLuv."" Он примирительно жестикулирует. ""Слушай, ты начинаешь мне нравиться, но...""

Он бьет кулаком в грудь. ""Я пират. Много циклов пират. У меня хватает сожалений, но о таком образе жизни я не жалел никогда.""

""А ты, $swpBT_ladOrLass?"" Он указывает на вас. ""Я бы с тобой выпил, $swpBT_lookinFerLadies, может быть. Но ты не пират. Ты не знаешь, что я сделал."" Он качает головой. ""Лучше разойтись, пока мы еще в нормальных отношениях.""","swpBT_startBar15JoinAnywayEasy:Ты можешь оставить эту жизнь позади.
swpBT_startBar15Leave:Как скажешь. (уйти)",
swpBTTextBar15JoinPirateHighRep,DialogOptionSelected,"$option == swpBT_startBar15Join
$swpBT_tannenRepPct >= 35
RepIsAtWorst pirates SUSPICIOUS","SWP_SetRecruitTannenOption swpBT_startBar15JoinConfirmEasy 1 swpBT_recruitTannenEasy swp_tannen leadership ""Asked Captain Tannen to join your fleet""","Таннен выдыхает. ""Тебе лучше понимать, на что идешь, $swpBT_mateOrLuv. Как $swpBT_ladOrLass в этом деле, ты должен знать, что из себя представляют люди вроде меня.""

Он бьет кулаком в грудь. ""Мы пираты. У меня хватает сожалений, но о таком образе жизни я не жалел никогда. Если лезешь со мной в одну лодку - знай это заранее.""","swpBT_startBar15JoinConfirmEasy:Я хочу чтобы ты был со мной.
swpBT_startBar15Leave:Как скажешь. (уйти)",
swpBTTextBar15JoinAnyway,DialogOptionSelected,$option == swpBT_startBar15JoinAnyway,,"Не дав ему вставить ни слова, вы разражаетесь вдохновляющей, эмоциональной речью, пытаясь убедить капитана Таннена принять новый путь и присоединиться к вам в поисках утраченного сокровища капитана Ли. Он постоянно пытается перебить, но вы не даете ему шанса.

К концу у вас начинает болеть горло. Это одна из лучших мотивационных речей, которые вы когда-либо произносили, и, похоже, Таннена ваши слова действительно тронули. Он стоически смотрит на сцепленные руки, а это явный признак, что он изо всех сил старается не потерять самообладание.

Вы протягиваете Таннену руку. Медленно он поднимается со своего места и идет к вам. Выражение лица у него мрачное.",swpBT_startBar15JoinAnyway2:Продолжить,
swpBTTextBar15JoinAnyway2,DialogOptionSelected,$option == swpBT_startBar15JoinAnyway2,"AdjustRepPerson swp_tannen COOPERATIVE 5
SWP_BTCall updateData","Таннен хватает ваше предплечье болезненно сильной хваткой. ""Чертов ты дурак. Надеюсь, сможешь меня выдержать, $playerLastName."" Он один раз встряхивает вашу руку и отпускает, после чего без лишних слов идет к выходу.

Похоже, придется представить капитана Таннена вашему командному составу. Вы покидаете бар, уже планируя следующий шаг.$swpBT_nextMove",swpBT_startBar15JoinedEnd:Вернуться к флоту,
swpBTTextBar15JoinAnywayEasy,DialogOptionSelected,$option == swpBT_startBar15JoinAnywayEasy,,"Не давая ему ответить, вы начинаете вдохновляющую речь от всего сердца, пытаясь убедить капитана Таннена принять новый путь и присоединиться к вам в поисках утраченного сокровища капитана Ли. Иногда он пытается вставить слово, но вы не даете ему возможности.

К концу у вас першит горло. Речь вышла на редкость мощной, и, похоже, Таннена ваши слова действительно тронули. Он стоически смотрит на сцепленные руки, а это явный признак, что он изо всех сил старается не потерять самообладание.

Вы протягиваете Таннену руку. Медленно он поднимается со своего места и идет к вам. На лице спокойное выражение.",swpBT_startBar15JoinAnywayEasy2:Продолжить,
swpBTTextBar15JoinAnywayEasy2,DialogOptionSelected,$option == swpBT_startBar15JoinAnywayEasy2,"AdjustRepPerson swp_tannen COOPERATIVE 5
SWP_BTCall updateData","Таннен крепко жмет вашу руку и от души хлопает вас по спине. ""Глупо с моей стороны соглашаться, но тебе я отказать не могу. Надеюсь, сможешь меня выдержать, $playerLastName."" Он трясет вашу руку и отпускает, после чего без лишних слов направляется к выходу.

Похоже, придется представить капитана Таннена вашему командному составу. Вы покидаете бар, уже планируя следующий шаг.$swpBT_nextMove",swpBT_startBar15JoinedEnd:Вернуться к флоту,
swpBTTextBar15JoinConfirm,DialogOptionSelected,$option == swpBT_startBar15JoinConfirm,,"Вы выступаете как идеалист и произносите Таннену речь о солидарности, доказывая, что ради общей цели вы будете сильнее вместе. В конце вы смотрите ему прямо в глаза и протягиваете руку.

Он долго смотрит на вашу ладонь. Затем медленно встает со своего места и идет к вам. Лицо у него мрачное.",swpBT_startBar15JoinConfirm2:Продолжить,
swpBTTextBar15JoinConfirm2,DialogOptionSelected,$option == swpBT_startBar15JoinConfirm2,"AdjustRepPerson swp_tannen COOPERATIVE 5
SWP_BTCall updateData","""...ты, $swpBT_handsomeBastard."" Таннен с болезненной силой сжимает ваше предплечье. ""Найдем это чертово сокровище и впишем наши имена в историю, $playerLastName."" Он один раз встряхивает вашу руку и отпускает, после чего без лишних слов идет к выходу.

Похоже, придется представить капитана Таннена вашему командному составу. Вы покидаете бар, уже планируя следующий шаг.$swpBT_nextMove",swpBT_startBar15JoinedEnd:Вернуться к флоту,
swpBTTextBar15JoinConfirmEasy,DialogOptionSelected,$option == swpBT_startBar15JoinConfirmEasy,,"Вы одариваете Таннена самым пронзительным взглядом и протягиваете руку.

Он долго смотрит на вашу ладонь. Затем медленно встает со своего места и идет к вам. На лице спокойное выражение.",swpBT_startBar15JoinConfirmEasy2:Продолжить,
swpBTTextBar15JoinConfirmEasy2,DialogOptionSelected,$option == swpBT_startBar15JoinConfirmEasy2,"AdjustRepPerson swp_tannen COOPERATIVE 5
SWP_BTCall updateData","""...ты, $swpBT_handsomeBastard."" Таннен крепко жмет вашу руку. ""Найдем это чертово сокровище и впишем наши имена в историю, $playerLastName."" Он трясет вашу руку и отпускает, после чего без лишних слов идет к выходу.

Похоже, придется представить капитана Таннена вашему командному составу. Вы покидаете бар, уже планируя следующий шаг.$swpBT_nextMove",swpBT_startBar15JoinedEnd:Вернуться к флоту,
swpBTTextBar15JoinedEnd,DialogOptionSelected,$option == swpBT_startBar15JoinedEnd,"SWP_BTCall recruitTannen
EndConversation DO_NOT_FIRE
BarCMD leaveBar",,,
swpBTTextBar15Leave,DialogOptionSelected,"$option == swpBT_startBar15Leave
$swpBT_tannenRepPct < 10",BarCMD returnFromEvent true,"Похоже, вы еще не в последний раз видите этого странного человека. Вы уходите, уже планируя следующий шаг.$swpBT_nextMove",,
swpBTTextBar15LeaveFavorable,DialogOptionSelected,"$option == swpBT_startBar15Leave
$swpBT_tannenRepPct >= 10",BarCMD returnFromEvent true,Таннен тихо посмеивается себе под нос пока вы уходите. Похоже это еще не последняя встреча с этим странным человеком. Вы начинаете планировать следующий шаг.$swpBT_nextMove,,
swpBTTextBarEnd,swpBTTextEndBar,,BarCMD returnFromEvent true,"Раз обсуждать больше нечего, вы уходите, уже планируя следующий шаг.$swpBT_nextMove",,
,,,,,,
# TANNEN DISMISSAL ENCOUNTER,,,,,,
# POST-COMPLETION ALLOWED,,,,,,
swpBTDismissTannenStart,swpBTDismissTannen,,"SWP_BTCall updateData
ShowImageVisual free_orbit
ShowPersonVisual false swp_tannen
FireBest swpBTDismissTannen2",,,
swpBTDismissTannen,swpBTDismissTannen2,!$global.swpBT_missionEnded,"AdjustRepPerson swp_tannen VENGEFUL -10
SWP_BTCall updateData
SetOptionColor swpBT_dismissTannenKill bad
SetTooltip swpBT_dismissTannenKill ""Ваш рейтинг рукопашного боя: $swpBT_playerCombatPct""
SetTooltipHighlightColors swpBT_dismissTannenKill highlight
SetTooltipHighlights swpBT_dismissTannenKill $swpBT_playerCombatPct
SWP_AddConfirmation swpBT_dismissTannenKill ""Are you sure you want to do this?""","Джакк Таннен врывается в ваш командный кабинет, а следом за ним забегает взмыленный охранник с оружием наготове. Охранник бросает на вас виноватый взгляд, пока Таннен тычет в вас пальцем, а его глаз пылает яростью. Кажется, ему плевать, что ваш телохранитель рядом нервно дергает оружие.

""Что это значит, капитан $playerLastName? Ты просил меня вступить в твой флот, а теперь выбрасываешь за борт? Обращаешься со мной как с лошадью: поработал и пристрелил? Не могу в это поверить...""

Похоже, ваше решение убрать его из командного состава действительно его задело. Вы снова внимательно оцениваете ситуацию.","swpBT_dismissTannenReinstate:Вернуть Таннена в офицеры
swpBT_dismissTannenConfirm:Уволить Таннена
swpBT_dismissTannenKill:Приказать телохранителю застрелить Таннена",
swpBTDismissTannenEnded,swpBTDismissTannen2,$global.swpBT_missionEnded,"AdjustRepPerson swp_tannen VENGEFUL -10
SWP_BTCall updateData
SetOptionColor swpBT_dismissTannenKill bad
SetTooltip swpBT_dismissTannenKill ""Ваш рейтинг рукопашного боя: $swpBT_playerCombatPct""
SetTooltipHighlightColors swpBT_dismissTannenKill highlight
SetTooltipHighlights swpBT_dismissTannenKill $swpBT_playerCombatPct
SWP_AddConfirmation swpBT_dismissTannenKill ""Are you sure you want to do this?""","Джакк Таннен врывается в ваш командный кабинет, а следом за ним забегает взмыленный охранник с оружием наготове. Охранник бросает на вас виноватый взгляд, пока Таннен тычет в вас пальцем, а его глаз пылает яростью. Кажется, ему плевать, что ваш телохранитель рядом нервно дергает оружие.

""Что это значит, капитан $playerLastName? Я думал, мы союзники, может даже друзья. А теперь ты выбрасываешь меня? Что я вообще тебе сделал, чтобы заслужить такое!? Не могу в это поверить...""

Похоже, ваше решение убрать его из командного состава действительно его задело. Вы снова внимательно оцениваете ситуацию.","swpBT_dismissTannenReinstate:Вернуть Таннена в офицеры
swpBT_dismissTannenConfirm:Уволить Таннена
swpBT_dismissTannenKill:Приказать телохранителю застрелить Таннена",
swpBTDismissTannenReinstate,DialogOptionSelected,"$option == swpBT_dismissTannenReinstate
$swpBT_tannenRepPct >= 20
!$global.swpBT_missionEnded",SWP_BTCall restoreTannen,"После вашего предложения оставить его Таннен немного успокаивается. Он смотрит на вас заметно более подозрительно, чем раньше, но, похоже, не хочет перегибать.

""...ты сделал правильный выбор, кэп. Я просто хотел бы получить то же доверие, которое сам оказываю тебе, оставаясь здесь. Ты лучше этого, $swpBT_ladOrLass.""

Он резко разворачивается на каблуках и уходит из кабинета. Ваш телохранитель, все еще ошарашенный, запоздало отдает честь и идет следом за эксцентричным капитаном.",swpBT_dismissTannenDone:Вернуться,
swpBTDismissTannenReinstateEnded,DialogOptionSelected,"$option == swpBT_dismissTannenReinstate
$swpBT_tannenRepPct >= 20
$global.swpBT_missionEnded",SWP_BTCall restoreTannen,"После вашего предложения оставить его Таннен немного успокаивается. Он смотрит на вас заметно более подозрительно, чем раньше, но, похоже, не хочет перегибать.

""...ты сделал правильный выбор, кэп. Я просто хотел бы получать то же доверие, которое я все это время показывал тебе. Ты лучше этого, $swpBT_ladOrLass.""

Он резко разворачивается на каблуках и уходит из кабинета. Ваш телохранитель, все еще ошарашенный, запоздало отдает честь и идет следом за эксцентричным капитаном.",swpBT_dismissTannenDone:Вернуться,
swpBTDismissTannenReinstateNotEnoughRep,DialogOptionSelected,"$option == swpBT_dismissTannenReinstate
$swpBT_tannenRepPct < 20","AdjustRepPerson swp_tannen VENGEFUL -20
SWP_BTCall updateData
FireAll swpBTDismissTannenWhyOptions","Таннен плюет на ваш стол. ""Нет. Ты перешел мне дорогу, $playerName. Предал меня, как это, похоже, делают все остальные. Я больше никогда с тобой не работаю.""

Он смотрит вам в глаза, и в его напряженном взгляде горит праведная ярость. ""Хочу только знать почему ты это сделал. Почему ты меня предал?""",,
swpBTDismissTannenConfirm,DialogOptionSelected,$option == swpBT_dismissTannenConfirm,"AdjustRepPerson swp_tannen VENGEFUL -20
SWP_BTCall updateData
FireAll swpBTDismissTannenWhyOptions","Таннен тихо рычит и смотрит вам в глаза, его напряженный взгляд подпитывает праведная ярость. ""Хочу только знать почему ты это сделал. Почему ты меня предал?""",,
swpBTDismissTannenWhyOptionMoney,swpBTDismissTannenWhyOptions,!$player.inDebt,,,swpBT_dismissTannenWhyMoney:Ты слишком дорогой.,
swpBTDismissTannenWhyOptionMoneyDebt,swpBTDismissTannenWhyOptions,$player.inDebt,,,swpBT_dismissTannenWhyMoney:Я не могу себе позволить тебе платить.,
swpBTDismissTannenWhyOptionStyle,swpBTDismissTannenWhyOptions,,,,swpBT_dismissTannenWhyStyle:Твой стиль боя не подходит моему флоту.,
swpBTDismissTannenWhyOptionAlignment,swpBTDismissTannenWhyOptions,RepIsAtBest pirates INHOSPITABLE,,,swpBT_dismissTannenWhyAlignment:Я не веду дел с пиратами.,
swpBTDismissTannenWhyOptionBetrayalMission,swpBTDismissTannenWhyOptions,!$global.swpBT_missionEnded,,,swpBT_dismissTannenWhyBetrayal:Ты собирался предать меня когда мы нашли бы сокровище.,
swpBTDismissTannenWhyOptionBetrayal,swpBTDismissTannenWhyOptions,$global.swpBT_missionEnded,,,swpBT_dismissTannenWhyBetrayal:Рано или поздно ты бы меня предал.,
swpBTDismissTannenWhyOptionDislike,swpBTDismissTannenWhyOptions,,,,swpBT_dismissTannenWhyDislike:Ты мне просто не нравишься.,
swpBTDismissTannenWhyOptionSilence,swpBTDismissTannenWhyOptions,,,,swpBT_dismissTannenWhySilence:Промолчать,
swpBTDismissTannenWhyOptionKill,swpBTDismissTannenWhyOptions,,"SetOptionColor swpBT_dismissTannenKill bad
SetTooltip swpBT_dismissTannenKill ""Ваш рейтинг рукопашного боя: $swpBT_playerCombatPct""
SetTooltipHighlightColors swpBT_dismissTannenKill highlight
SetTooltipHighlights swpBT_dismissTannenKill $swpBT_playerCombatPct
SWP_AddConfirmation swpBT_dismissTannenKill ""Are you sure you want to do this?""",,swpBT_dismissTannenKill:Приказать телохранителю застрелить Таннена,
swpBTDismissTannenWhyMoney,DialogOptionSelected,$option == swpBT_dismissTannenWhyMoney,"AdjustRepPerson swp_tannen VENGEFUL -5
SWP_BTCall removeTannen
SWP_BTCall updateData","Таннен с отвращением плюет на ваш стол. ""Жалкая отмазка. Врать мне в лицо о таком - отвратительное зрелище."" Он в последний раз смотрит на вас. ""Надеюсь, мы больше не встретимся.""

Резко развернувшись, Таннен вылетает из кабинета. Ваш телохранитель отдает честь и уходит следом за кипящим капитаном.",swpBT_dismissTannenDone:Вернуться,
swpBTDismissTannenWhyStyle,DialogOptionSelected,$option == swpBT_dismissTannenWhyStyle,"AdjustRepPerson swp_tannen VENGEFUL -5
SWP_BTCall removeTannen
SWP_BTCall updateData","Таннен с отвращением плюет на ваш стол. ""И все? Мы могли бы это уладить! Лживый $swpBT_bastardOrBitch..."" Он в последний раз сверлит вас взглядом. ""Надеюсь, мы больше не встретимся.""

Резко развернувшись, Таннен вылетает из кабинета. Ваш телохранитель отдает честь и уходит следом за кипящим капитаном.",swpBT_dismissTannenDone:Вернуться,
swpBTDismissTannenWhyAlignment,DialogOptionSelected,$option == swpBT_dismissTannenWhyAlignment,"AdjustRepPerson swp_tannen VENGEFUL -10
SWP_BTCall removeTannen
SWP_BTCall updateData","Таннен стискивает зубы, лицо наливается красным, и он издает сдавленный звук. Когда наконец может ответить, выплевывает: ""да пошел ты, двуличный $swpBT_bastardOrBitch.""

Резко развернувшись, Таннен вылетает из кабинета. Ваш телохранитель отдает честь и уходит следом за взбешенным капитаном.",swpBT_dismissTannenDone:Вернуться,
swpBTDismissTannenWhyBetrayal,DialogOptionSelected,$option == swpBT_dismissTannenWhyBetrayal,SWP_BTCall removeTannen,"Таннен постепенно сдувается, глядя на вас; в его выражении злость медленно сменяется печалью. Несколько долгих мгновений он просто смотрит, и его глаз говорит без слов о множестве старых ран.

Резко развернувшись, Таннен молча уходит из кабинета. Ваш телохранитель отдает честь и следует за безмолвным капитаном.",swpBT_dismissTannenDone:Вернуться,
swpBTDismissTannenWhyDislike,DialogOptionSelected,$option == swpBT_dismissTannenWhyDislike,"AdjustRepPerson swp_tannen VENGEFUL -10
SWP_BTCall removeTannen
SWP_BTCall updateData","Покраснев, Таннен показывает вам неприличный жест. ""Надеюсь, ты свернешь шею, падая со своей башни из слоновой кости, $playerLastName.""

Резко развернувшись, Таннен вылетает из кабинета. Ваш телохранитель отдает честь и уходит следом за взбешенным капитаном.",swpBT_dismissTannenDone:Вернуться,
swpBTDismissTannenWhySilence,DialogOptionSelected,$option == swpBT_dismissTannenWhySilence,SWP_BTCall removeTannen,"Таннен несколько долгих напряженных мгновений смотрит на вас, а потом ломается и отводит взгляд. ""Может, лучше мне никогда этого не узнать."" Он в последний раз смотрит на вас. ""Прощай.""

Резко развернувшись, Таннен уходит из кабинета. Ваш телохранитель отдает честь и следует за ушедшим капитаном.",swpBT_dismissTannenDone:Вернуться,
swpBTDismissTannenKillLose,DialogOptionSelected,"$option == swpBT_dismissTannenKill
$swpBT_playerCombatLevel < 51","AdjustRepPerson swp_tannen VENGEFUL -200
SWP_BTCall updateData
AddRemoveCommodity crew -1 true","Еще до того, как приказ доходит до вашего телохранителя, Таннен уже в движении: мастерской подсечкой он валит охранника, затем с выверенного выстрела из захвата бьет прямо в щель все еще закрывающегося забрала. В считаные мгновения единственный защитник между вами и капитаном Танненом лежит на полу, неподвижный и мертвый.

Вы только тянетесь к пистолету, когда Таннен поднимает винтовку павшего морпеха и целится вам в грудь. Вы замираете и пытаетесь заговорить пирата, надеясь выиграть время до прибытия охраны.

Таннен не дает вам этой возможности. Он нажимает на спуск.",swpBT_dismissTannenKill2:Продолжить,
swpBTDismissTannenKillLose2,DialogOptionSelected,"$option == swpBT_dismissTannenKill2
$swpBT_playerCombatLevel < 51",,"Странно, но, падая на пол, вы почти ничего не чувствуете кроме онемения. Зрение быстро белеет, а фоновый гул двигательного поля вашего корабля сходит на низкий шорох.

Последнее, что вы видите - перед тем как все утонет в белизне, - Таннен, все еще держащий винтовку, ствол которой раскален после выстрела. На его лице мука. Странно. Он не выглядит раненым.

...Кажется, вы слышите крики. Глухие удары. Вибрацию... тяжело... думать.........

..................",swpBT_dismissTannenDeadEnd:.........,
swpBTDismissTannenKillWin,DialogOptionSelected,"$option == swpBT_dismissTannenKill
$swpBT_playerCombatLevel >= 51","AdjustRepPerson swp_tannen VENGEFUL -200
SWP_BTCall updateData
AddRemoveCommodity crew -1 true","Еще до того, как приказ доходит до вашего телохранителя, Таннен уже в движении: мастерской подсечкой он валит охранника, затем с выверенного выстрела из захвата бьет прямо в закрывающееся забрало. В считаные мгновения единственный защитник между вами и капитаном Танненом лежит на полу, неподвижный и мертвый.

Однако время драгоценно - даже тот краткий миг, который смерть охранника вам подарила. Ваш пистолет уже выхвачен и направлен прямо в голову Таннену, пока тот поднимает винтовку павшего морпеха, явно собираясь стрелять в вас следующим.

Вы не даете ему шанса. Без колебаний нажимаете на спуск.",swpBT_dismissTannenKill2:Продолжить,
swpBTDismissTannenKillWin2,DialogOptionSelected,"$option == swpBT_dismissTannenKill2
$swpBT_playerCombatLevel >= 51
!$global.swpBT_missionEnded","$global.swpBT_UWAwareness--
$global.swpBT_UWAwareness--
AddRemoveCommodity crew -1 true
SWP_BTCall killedTannen","Вы не знаете, будет ли гнев и предательство в глазу Таннена преследовать вас до конца дней, но кровь и мозги бывшего капитана точно останутся на вашем ковре надолго.

Силы безопасности врываются в кабинет с оружием наготове и проверяют помещение на наличие других угроз. Сирена тревоги начинает выть - впечатляюще быстрое реагирование, но, похоже, этого ""быстро"" все равно оказалось недостаточно. Наверное, в этой иронии есть какой-то урок.

По крайней мере, больше не придется беспокоиться, что Таннен встанет у вас на пути.",swpBT_dismissTannenDone:И где же он прятал эти шикарные сигары...,
swpBTDismissTannenKillWin2Ended,DialogOptionSelected,"$option == swpBT_dismissTannenKill2
$swpBT_playerCombatLevel >= 51
$global.swpBT_missionEnded","AddRemoveCommodity crew -1 true
SWP_BTCall firstRule false
SWP_BTCall secondRule false
SWP_BTCall thirdRule false
SWP_BTCall killedTannen","Вы не знаете, будет ли гнев и предательство в глазу Таннена преследовать вас до конца дней, но кровь и мозги бывшего капитана точно останутся на вашем ковре надолго.

Силы безопасности врываются в кабинет с оружием наготове и проверяют помещение на наличие других угроз. Сирена тревоги начинает выть - впечатляюще быстрое реагирование, но, похоже, этого ""быстро"" все равно оказалось недостаточно. Наверное, в этой иронии есть какой-то урок.

Вы выходите из кабинета, оставляя уборку прислуге.",swpBT_dismissTannenDone:Вернуться,
swpBTDismissTannenDone,DialogOptionSelected,$option == swpBT_dismissTannenDone,"EndConversation DO_NOT_FIRE
DismissDialog",,,
swpBTDismissTannenDeadEnd,DialogOptionSelected,$option == swpBT_dismissTannenDeadEnd,"SWP_BTCall gameOver
EndConversation DO_NOT_FIRE
DismissDialog",,,
,,,,,,
# TANNEN NO PROGRESS ENCOUNTER,,,,,,
swpBTNoProgressStart,swpBTNoProgress,,"SWP_BTCall updateData
ShowPersonVisual false swp_tannen
FireBest swpBTNoProgress2",,,
swpBTNoProgressFirst,swpBTNoProgress2,$global.swpBT_numNoProgressEvents == 1,"AdjustRepPerson swp_tannen VENGEFUL -5
SWP_BTCall updateData
FireAll swpBTNoProgressOptions","По внутренней связи в ваш командный кабинет в последний момент поступает поспешное предупреждение и почти сразу внутрь вваливается Джакк Таннен. Следом за ним спешит измученный на вид охранник с оружием на ремне. Охранник виновато смотрит на вас пока Таннен подходит прямо к столу в явном раздражении.
Таннен наклоняется вперед кладет обе ладони на стол и говорит вам в лицо. ""Капитан $playerName я жду уже целый цикл! Вы были заняты конечно но не тем единственным делом ради которого я сюда пришел! Почему мы не охотимся за этим сокровищем?!""",,
swpBTNoProgressSecond,swpBTNoProgress2,$global.swpBT_numNoProgressEvents == 2,"AdjustRepPerson swp_tannen VENGEFUL -10
SWP_BTCall updateData
FireAll swpBTNoProgressOptions","По внутренней связи в ваш командный кабинет в панике передают предупреждение и тут же внутрь врывается Джакк Таннен. Следом за ним спешит измученный на вид охранник с оружием на ремне. Охранник виновато смотрит на вас пока Таннен буквально втаптывается к вашему столу в ярости.
Таннен наклоняется вперед с грохотом опуская обе ладони на стол и говорит вам в лицо. ""Прошло ДВА цикла капитан $playerName! Я жду уже два проклятых цикла а вы не сделали ничего! Да вы были заняты $swpBT_ladOrLass но не тем что действительно важно для меня! Почему мы ВСЕ ЕЩЕ тянем и не продолжаем охоту?!""",,
swpBTNoProgressThird,swpBTNoProgress2,$global.swpBT_numNoProgressEvents == 3,"AdjustRepPerson swp_tannen VENGEFUL -15
SWP_BTCall updateData
FireAll swpBTNoProgressOptions","Паническое предупреждение по внутренней связи только начинает проигрываться но Джакк Таннен врывается в кабинет раньше чем вы успеваете среагировать. Где-то позади за ним еще бежит охранник а сам Таннен с перекошенным от злости лицом топает прямо к вашему столу.
С яростным рыком Таннен опрокидывает стол разбрасывая вокруг кучу барахла. ""Какого хрена ты ждешь? ТРИ ЦИКЛА!-"" орет он с красным от ярости лицом ""три проклятых цикла я жду а ты все еще вообще НИЧЕГО не делаешь!"" Он делает паузу и пытается взять себя в руки.",,
swpBTNoProgressMany,swpBTNoProgress2,$global.swpBT_numNoProgressEvents >= 4,"AdjustRepPerson swp_tannen VENGEFUL -20
SWP_BTCall updateData
FireAll swpBTNoProgressOptions","Предупреждение по внутренней связи начинает играть уже после того как Таннен успел ворваться прямо в ваш командный кабинет. В бешенстве он идет через кабинет швыряя ваши вещи на пол матеря вас за то что вы заставили его ждать непозволительно долго прежде чем начать охоту за сокровищем и в целом устраивая ужасный погром.
Когда он наконец добирается до вашего стола Таннен каким-то образом ломает его пинком пополам и из пробитых конденсаторов вырываются искры. Лишь после этого он останавливается чтобы перевести дух тяжело дыша от напряжения.",,
swpBTNoProgressOptionGoodRep,swpBTNoProgressOptions,$swpBT_tannenRepPct >= 35,"SetStoryOption swpBT_noProgressSmoothItOver 1 swpBT_noProgressSmoothOver leadership ""Smoothed over your treasure hunt tardiness with Captain Tannen""",Похоже его сильно раздражает что ему пришлось ждать. И все же пока что он явно не готов окончательно от вас отказаться.,"swpBT_noProgressSuckItUp:Терпение. Мы найдем сокровище Ли в свое время.
swpBT_noProgressSmoothItOver:Сгладить ситуацию
swpBT_noProgressLeave:Пожалуй нам стоит разойтись. (уволить Таннена)",
swpBTNoProgressOptionMiddlingRep,swpBTNoProgressOptions,"$swpBT_tannenRepPct < 35
$swpBT_tannenRepPct >= 20","SetStoryOption swpBT_noProgressConvince 1 swpBT_noProgressConvince leadership ""Persuaded Captain Tannen to stay with your fleet, despite your treasure hunt tardiness""","""Я все меньше уверен в твоих приоритетах $swpBT_mateOrLuv. Ты мной просто пользуешься? Водишь за нос?"" Он закрывает глаз и медленно выдыхает готовясь сказать следующее.
""Я ухожу с твоей службы. Так больше не пойдет $swpBT_ladOrLass.""","swpBT_noProgressConvince:Убедить Таннена остаться с вами
swpBT_noProgressFineLeave:Как скажешь. (уволить Таннена)",
swpBTNoProgressOptionBadRep,swpBTNoProgressOptions,$swpBT_tannenRepPct < 20,,"""Честно говоря я сыт по горло твоим дерьмом $swpBT_mateOrLuv. Ты использовал меня для своих нужд и с меня хватит."" Он встает сохраняя спокойное лицо но в его глазу вспыхивает ярость.
Таннен срывает с формы нашивку вашего флота плюет на нее и бросает на пол. Тихий стук ткани звучит как удар грома. ""Считай это моей официальной отставкой кап'н.""",swpBT_noProgressFineLeave2:Как скажешь.,
swpBTNoProgressSuckItUp,DialogOptionSelected,$option == swpBT_noProgressSuckItUp,,"""Бах. Пустые слова $swpBT_mateOrLuv и мы оба это знаем.""
Он снова выпрямляется. ""Скоро покажи прогресс кап'н иначе скоро я перестану звать тебя капитаном."" Он разворачивается и выходит из вашего кабинета.
Охранник торопливо отдает вам честь и следует за раздраженным пиратом.",swpBT_noProgressDone:Вернуться,
swpBTNoProgressSmoothItOver,DialogOptionSelected,$option == swpBT_noProgressSmoothItOver,"AdjustRepPerson swp_tannen COOPERATIVE 5
SWP_BTCall updateData","Вы выдаете череду оправданий завернутых в такую риторику что даже капитан Таннен немного смягчается. К концу разговора извинение превращается почти в воодушевляющую речь. Любой политик бы одобрил.
""Ладно ладно. Будет по-твоему кап'н."" Таннен отступает и вздыхает. ""Надеюсь ради нас обоих мы быстро сдвинемся с места. Не знаю сколько еще это сокровище будет ждать чтобы его разграбили.""
С этими словами Таннен выходит из вашего кабинета и вскоре за ним уходит охранник.",swpBT_noProgressDone:Вернуться,
swpBTNoProgressLeave,DialogOptionSelected,$option == swpBT_noProgressLeave,"AdjustRepPerson swp_tannen VENGEFUL -25
SWP_BTCall removeTannen
SWP_BTCall updateData","Таннен тихо рычит и встает вскидывая руки. ""Надо было знать что ты меня предашь! Это был только вопрос времени."" Он разворачивается и собирается уйти но через пару шагов замирает.
Он резко оборачивается и прожигает вас тяжелым взглядом. ""Спи вполглаза $swpBT_mateOrLuv. Капитан Таннен найдет это сокровище сам и ты ничего не сможешь с этим сделать.""
Не давая вам ответить он выходит из кабинета. Охранник торопливо отдает честь и уходит следом за кипящим от злости капитаном.",swpBT_noProgressDone:Вернуться,
swpBTNoProgressConvince,DialogOptionSelected,$option == swpBT_noProgressConvince,"AdjustRepPerson swp_tannen COOPERATIVE 5
SWP_BTCall updateData","Вы пускаетесь в речь о приключениях и товариществе обещая что опасения Таннена беспочвенны. Вы настойчиво даете понять что он ведет себя нерационально и что вы не тянете время и не игнорируете его а просто ищете как можете.
Вы пробуете разные приемы пока Таннен наконец не перебивает вас. ""Ладно хорошо я останусь с тобой $swpBT_ladOrLass. Я просто... беспокоюсь. Вот и все."" Он отступает и вздыхает. ""Надеюсь ради нас обоих мы быстро сдвинемся с места. Не знаю сколько еще это сокровище будет ждать чтобы его разграбили.""
С этими словами Таннен выходит из вашего кабинета и вскоре за ним уходит охранник.",swpBT_noProgressDone:Вернуться,
swpBTNoProgressFineLeave,DialogOptionSelected,$option == swpBT_noProgressFineLeave,"SWP_BTCall removeTannen
SWP_BTCall updateData","Таннен встает с вымотанным видом. ""Что ж... пожалуй это прощание."" Он делает долгую неловкую паузу.
""Я буду искать это сокровище сам. Ты ведь это понимаешь да?"" Он вздыхает. ""Конечно понимаешь."" Он отводит взгляд не встречаясь с вами глазами. ""Думаю мы еще увидимся $playerName.""
Наконец Таннен разворачивается и выходит из вашего кабинета. Охранник отдает честь и уходит следом за мрачным капитаном.",swpBT_noProgressDone:Вернуться,
swpBTNoProgressFineLeave2,DialogOptionSelected,$option == swpBT_noProgressFineLeave2,"SWP_BTCall removeTannen
SWP_BTCall updateData","Таннен почти не реагирует на ваши слова.
Не говоря ни слова он разворачивается и уходит из вашего кабинета. Охранник торопливо отдает честь и следует за взбешенным капитаном.",swpBT_noProgressDone:Вернуться,
swpBTNoProgressDone,DialogOptionSelected,$option == swpBT_noProgressDone,"EndConversation DO_NOT_FIRE
DismissDialog",,,
,,,,,,
# TANNEN POST-COMPLETION ENCOUNTER,,,,,,
swpBTCompletionStartFleet,BeginFleetEncounter,"$swpBT_tannenFleet score:1000
!$swpBT_encounteredAlready","$swpBT_encounteredAlready = true
unset $ignorePlayerCommRequests
OpenComms",Похоже этот флот находится под командованием капитана Таннена. Его построение ясно показывает что Таннен настроен на конфронтацию.,,
swpBTCompletionStartFleetOpenCommA,OpenCommLink,"$entity.swpBT_tannenFleet score:1000
!$entity.ignorePlayerCommRequests
$global.swpBT_completionEventCount == 0
SWP_BTCall updateData","$swpBT_fleetEncounter = true
$entity.ignorePlayerCommRequests = true
FireAll swpBTCompletionStartFleetOptions","На голоканале появляется голова капитана Таннена с сигарой в зубах а его глаз холоден как зима. ""Капитан $playerLastName"" тянет он. ""Ты сообразительный $swpBT_ladOrLass. Сам догадаешься зачем я пришел не так ли?""
В его голосе слышится явная насмешка.",,
swpBTCompletionStartFleetOpenCommB,OpenCommLink,"$entity.swpBT_tannenFleet score:1000
!$entity.ignorePlayerCommRequests
$global.swpBT_completionEventCount > 0
SWP_BTCall updateData","$swpBT_fleetEncounter = true
$entity.ignorePlayerCommRequests = true
FireAll swpBTCompletionStartFleetOptions","На голоканале появляется голова капитана Таннена с сигарой в зубах а его глаз холоден как зима. ""Капитан $playerLastName"" тянет он. ""Ты знаешь зачем я пришел не так ли?""",,
swpBTCompletionStartFleetOptionBrokeRule,swpBTCompletionStartFleetOptions,"$swpBT_thirdRule
$swpBT_brokeThirdRule",$swpBT_madAboutThirdRule = true,,swpBT_completionStartFleetBrokeRule:Я нарушил одно из твоих правил.,
swpBTCompletionStartFleetOptionKillA,swpBTCompletionStartFleetOptions,$swpBT_tannenRepPct <= -25,,,swpBT_completionStartFleetKill:Ты пришел меня убить.,
swpBTCompletionStartFleetOptionKillB,swpBTCompletionStartFleetOptions,"$swpBT_tannenRepPct > -25
!$swpBT_secondRule",,,swpBT_completionStartFleetKill:Ты пришел меня убить.,
swpBTCompletionStartFleetOptionKnow,swpBTCompletionStartFleetOptions,,,,swpBT_completionStartFleetKnow:Ты хочешь узнать что я раскопал.,
swpBTCompletionStartFleetOptionShrugA,swpBTCompletionStartFleetOptions,$global.swpBT_completionEventCount == 0,,,swpBT_completionStartFleetShrug:Понятия не имею.,
swpBTCompletionStartFleetOptionShrugB,swpBTCompletionStartFleetOptions,$global.swpBT_completionEventCount > 0,,,swpBT_completionStartFleetShrug:Есть одна догадка.,
swpBTCompletionStartFleetOptionCutOffA,swpBTCompletionStartFleetOptions,$global.swpBT_completionEventCount == 0,,,swpBT_completionStartFleetCutOff:Мне все равно. (завершить),
swpBTCompletionStartFleetOptionCutOffB,swpBTCompletionStartFleetOptions,$global.swpBT_completionEventCount > 0,,,swpBT_completionStartFleetCutOff:Опять это. (завершить),
swpBTCompletionStartFleetBrokeRule,DialogOptionSelected,$option == swpBT_completionStartFleetBrokeRule,"AdjustRepPerson swp_tannen VENGEFUL -15
SWP_BTCall thirdRule false
SWP_BTCall updateData
FireBest swpBTCompletionStartFleet2Third","""Чертовски верно нарушил."" Таннен наклоняется вперед и в его глазу читается злоба. ""Ты согласился на правило секретности и нарушил его. Я не должен быть разочарован и все же...""",,
swpBTCompletionStartFleetKill,DialogOptionSelected,"$swpBT_secondRule
!$swpBT_madAboutThirdRule
$option == swpBT_completionStartFleetKill",FireBest swpBTCompletionStartFleet2Normal,"""Не веришь моему слову?"" рычит Таннен. ""Не скажу что виню тебя но бесит это все равно.""",,
swpBTCompletionStartFleetKillThreaten,DialogOptionSelected,"!$swpBT_secondRule
!$swpBT_madAboutThirdRule
$option == swpBT_completionStartFleetKill",FireBest swpBTCompletionStartFleet2Threaten,"Таннен дьявольски усмехается. ""Может ты и прав $swpBT_ladOrLass.""",,
swpBTCompletionStartFleetKillThird,DialogOptionSelected,"$swpBT_madAboutThirdRule
$option == swpBT_completionStartFleetKill","AdjustRepPerson swp_tannen VENGEFUL -15
SWP_BTCall thirdRule false
SWP_BTCall updateData
FireBest swpBTCompletionStartFleet2Third","""Именно."" Таннен наклоняется вперед и в его глазу плещется злоба. ""Ты согласился на правило секретности и я знаю что ты его нарушил. Я не должен быть разочарован и все же...""",,
swpBTCompletionStartFleetKnow,DialogOptionSelected,"$swpBT_secondRule
!$swpBT_madAboutThirdRule
$option == swpBT_completionStartFleetKnow",FireBest swpBTCompletionStartFleet2Normal,"Таннен ухмыляется. ""С первого раза попал $swpBT_ladOrLass.""",,
swpBTCompletionStartFleetKnowThreaten,DialogOptionSelected,"!$swpBT_secondRule
!$swpBT_madAboutThirdRule
$option == swpBT_completionStartFleetKnow",FireBest swpBTCompletionStartFleet2Threaten,"Таннен зло усмехается. ""С первого раза попал $swpBT_ladOrLass.""",,
swpBTCompletionStartFleetKnowThird,DialogOptionSelected,"$swpBT_madAboutThirdRule
$option == swpBT_completionStartFleetKnow","AdjustRepPerson swp_tannen VENGEFUL -25
SWP_BTCall thirdRule false
SWP_BTCall updateData
FireBest swpBTCompletionStartFleet2Third","""И это еще не все."" Таннен наклоняется вперед и в его глазу плещется злоба. ""Ты согласился на правило секретности и даже не хватило духу признаться. По-моему ты просто отброс мира.""",,
swpBTCompletionStartFleetShrug,DialogOptionSelected,"$swpBT_secondRule
!$swpBT_madAboutThirdRule
$option == swpBT_completionStartFleetShrug",FireBest swpBTCompletionStartFleet2Normal,"Таннен ровно смотрит на вас. ""Позволь просветить тебя $swpBT_ladOrLass: я здесь за информацией.""",,
swpBTCompletionStartFleetShrugThreaten,DialogOptionSelected,"!$swpBT_secondRule
!$swpBT_madAboutThirdRule
$option == swpBT_completionStartFleetShrug",FireBest swpBTCompletionStartFleet2Threaten,"Таннен смотрит на вас как хищник на добычу. ""Позволь просветить тебя $swpBT_ladOrLass: я здесь за информацией.""",,
swpBTCompletionStartFleetShrugThird,DialogOptionSelected,"$swpBT_madAboutThirdRule
$option == swpBT_completionStartShrugKnow","AdjustRepPerson swp_tannen VENGEFUL -25
SWP_BTCall thirdRule false
SWP_BTCall updateData
FireBest swpBTCompletionStartFleet2Third","Таннен сплевывает и наклоняется вперед и в его глазу читается убийство. ""Ты согласился на правило секретности и даже не хватило духу признаться. По-моему ты просто отброс мира.""",,
swpBTCompletionStartFleet2Normal,swpBTCompletionStartFleet2Normal,,FireAll swpBTCompletionStartFleet2Options,"Он затягивается сигарой затем вынимает ее изо рта и указывает ею на вас. ""Сказать по правде я тоже не могу тебе доверять. Я человек слова но если нарушишь перемирие я без колебаний тебя прикончу.""
""А теперь расскажи мне все что знаешь $swpBT_ladOrLass если будешь так любезен.""",,
swpBTCompletionStartFleet2Threaten,swpBTCompletionStartFleet2Threaten,,FireAll swpBTCompletionStartFleet2Options,"Он затягивается сигарой затем вынимает ее изо рта и указывает ею на вас. ""Ты расскажешь мне все что знаешь $swpBT_ladOrLass а потом я тебя отпущу. Иначе..."" Он многозначительно замолкает и злобно ухмыляется крутя сигару в пальцах.",,
swpBTCompletionStartFleet2Third,swpBTCompletionStartFleet2Third,,FireAll swpBTCompletionStartFleet2Options,"""Я больше не способен тебе доверять. Считай правило секретности недействительным. Половина меня хочет вычеркнуть все правила и убить тебя за это но вот что я скажу...""
Таннен делает длинную затяжку и вместе с облаком дыма тянет: ""расскажи мне все что знаешь $swpBT_ladOrLass и я оставлю тебе жизнь.""",,
swpBTCompletionStartFleet2OptionTalk,swpBTCompletionStartFleet2Options,,,,swpBT_completionStartFleetTalk:Рассказать Таннену что вы узнали,
swpBTCompletionStartFleet2OptionLie,swpBTCompletionStartFleet2Options,!$global.swpBT_liedToTannen,"SetStoryOption swpBT_completionStartFleetLie 1 swpBT_completionLie combat ""Made Captain Tannen believe a made-up story about Captain Lee""",,swpBT_completionStartFleetLie:Сочинить историю на ходу,
swpBTCompletionStartFleet2OptionLieAgain,swpBTCompletionStartFleet2Options,$global.swpBT_liedToTannen,,"""И даже не думай снова кормить меня байками. Я знаю что ты сделал в прошлый раз $swpBT_ladOrLass. Больше это не сработает.""",,
swpBTCompletionStartFleet2OptionBribe,swpBTCompletionStartFleet2Options,"!$global.swpBT_refusedBribe
!$swpBT_askedBribe",,,swpBT_completionStartFleetBribe:А если я просто заплачу тебе?,
swpBTCompletionStartFleet2OptionBribePay,swpBTCompletionStartFleet2Options,$swpBT_wantsBribe,DoCanAffordCheck $swpBT_tannenBribe swpBT_completionStartFleetBribePay,,swpBT_completionStartFleetBribePay:Заплатить взятку,
swpBTCompletionStartFleet2OptionBribeBigPay,swpBTCompletionStartFleet2Options,$swpBT_wantsBigBribe,DoCanAffordCheck $swpBT_tannenBigBribe swpBT_completionStartFleetBribeBigPay,,swpBT_completionStartFleetBribeBigPay:Заплатить взятку,
swpBTCompletionStartFleet2OptionRefuse,swpBTCompletionStartFleet2Options,"$swpBT_secondRule
!$swpBT_madAboutThirdRule",,,swpBT_completionStartFleetRefuse:Я отказываюсь.,
swpBTCompletionStartFleet2OptionCutOffA,swpBTCompletionStartFleet2Options,"!$swpBT_secondRule
!$swpBT_madAboutThirdRule",,,swpBT_completionStartFleetCutOff:Ни за что. (завершить),
swpBTCompletionStartFleet2OptionCutOffB,swpBTCompletionStartFleet2Options,$swpBT_madAboutThirdRule,,,swpBT_completionStartFleetCutOff:Ни за что. (завершить),
swpBTCompletionStartFleetTalk,DialogOptionSelected,$option == swpBT_completionStartFleetTalk,"MakeOtherFleetAggressiveOnce swpBT false
MakeOtherFleetAggressive swpBT false
MakeOtherFleetPreventDisengage swpBT false
MakeOtherFleetImportant swpBT false
MakeOtherFleetGoAway true
$option = swpBT_completionTalkPoints 0
FireBest DialogOptionSelected",,,
swpBTCompletionStartFleetTalkB1,swpBTCompletionStartFleetTalkB,"$swpBT_secondRule
!$swpBT_madAboutThirdRule",FireBest swpBTCompletionTalkPoints,"Таннен довольно улыбается. ""Рад что ты можешь быть таким сговорчивым $swpBT_ladOrLass.""",,
swpBTCompletionStartFleetTalkB2,swpBTCompletionStartFleetTalkB,"!$swpBT_secondRule
!$swpBT_madAboutThirdRule",FireBest swpBTCompletionTalkPoints,"Таннен победно улыбается. ""Рад что ты способен мыслить разумно $swpBT_ladOrLass.""",,
swpBTCompletionStartFleetTalkB3,swpBTCompletionStartFleetTalkB,$swpBT_madAboutThirdRule,FireBest swpBTCompletionTalkPoints,"Таннен хищно ухмыляется. ""Значит в тебе все же есть крупица инстинкта самосохранения $swpBT_ladOrLass. Вот так сюрприз.""",,
swpBTCompletionStartFleetLie,DialogOptionSelected,$option == swpBT_completionStartFleetLie,"$global.swpBT_liedToTannen = true
MakeOtherFleetAggressiveOnce swpBT false
MakeOtherFleetAggressive swpBT false
MakeOtherFleetPreventDisengage swpBT false
MakeOtherFleetImportant swpBT false
MakeOtherFleetGoAway true
SWP_BTCall escapedCompletionEvent
SWP_BTCall updateData","Не моргнув глазом вы запускаете эпическую историю о приключениях и самопознании через весь Сектор. Вы вплетаете туда как можно больше интересных событий и людей из собственной памяти; из-за привязки к реальным деталям рассказ звучит неожиданно правдоподобно.
Несмотря на то что ваша выдумка длится больше часа капитан Таннен ни разу вас не перебивает.",swpBT_completionStartFleetLie2:Продолжить,
swpBTCompletionStartFleetLie2,DialogOptionSelected,$option == swpBT_completionStartFleetLie2,,"Под конец Таннен одобрительно кивает будто хвалит хорошо рассказанную историю. ""Ты дал мне много пищи для размышлений $swpBT_ladOrLass. До следующей встречи.""
Без лишних церемоний Таннен машет кому-то за кадром и связь обрывается.",cutCommLinkNoText:Продолжить,
swpBTCompletionStartFleetBribe,DialogOptionSelected,"$swpBT_secondRule
!$swpBT_brokeThirdRule
$option == swpBT_completionStartFleetBribe","$swpBT_askedBribe = true
$swpBT_wantsBribe = true
SetTextHighlightColors hColor
SetTextHighlights $swpBT_tannenBribe
FireAll swpBTCompletionStartFleet2Options","Таннен на мгновение задумывается постукивая по сигаре и сверля вас единственным холодным глазом.
Наконец он делает жест ладонью как будто пригоршней сгребает монеты. ""Это вариант. Я хочу $swpBT_tannenBribe. Переводи деньги и пока что расходимся.""",,
swpBTCompletionStartFleetBribeBig,DialogOptionSelected,"!$swpBT_secondRule
!$swpBT_brokeThirdRule
$option == swpBT_completionStartFleetBribe","$swpBT_askedBribe = true
$swpBT_wantsBigBribe = true
SetTextHighlightColors hColor
SetTextHighlights $swpBT_tannenBigBribe
FireAll swpBTCompletionStartFleet2Options","Таннен открывает рот явно собираясь сразу отвергнуть ваше предложение но затем передумывает. Он сидит в задумчивости несколько долгих мгновений пока его сигара медленно тлеет.
Наконец он затягивается и обращается к вам. ""Тебе это дорого обойдется $swpBT_ladOrLass. Я хочу $swpBT_tannenBigBribe. Переводи деньги и я тебя отпущу.""",,
swpBTCompletionStartFleetBribeRefuse,DialogOptionSelected,"$swpBT_brokeThirdRule
$option == swpBT_completionStartFleetBribe","$swpBT_askedBribe = true
$global.swpBT_refusedBribe = true
FireAll swpBTCompletionStartFleet2Options","Таннен безрадостно смеется. ""К несчастью для тебя $playerLastName капитану Таннену не нужны деньги лживого жулика. Предложишь еще раз и все станет очень скверно.""
""Единственное что может тебя спасти это информация которую я ищу"" сообщает он вам. Голос Таннена почти срывается в рычание.",,
swpBTCompletionStartFleetBribePay,DialogOptionSelected,$option == swpBT_completionStartFleetBribePay,"MakeOtherFleetAggressiveOnce swpBT false
MakeOtherFleetAggressive swpBT false
MakeOtherFleetPreventDisengage swpBT false
MakeOtherFleetImportant swpBT false
MakeOtherFleetGoAway true
SWP_BTCall escapedCompletionEvent
SWP_BTCall updateData
AddCredits -$swpBT_tannenBribe","Таннен хмыкает когда подтверждает перевод кредитов на свой счет. С довольно неохотным видом он ровно говорит: ""на сегодня наши дела завершены.""
Канал связи обрывается.",cutCommLinkNoText:Продолжить,
swpBTCompletionStartFleetBribeBigPay,DialogOptionSelected,$option == swpBT_completionStartFleetBribeBigPay,"MakeOtherFleetAggressiveOnce swpBT false
MakeOtherFleetAggressive swpBT false
MakeOtherFleetPreventDisengage swpBT false
MakeOtherFleetImportant swpBT false
MakeOtherFleetGoAway true
SWP_BTCall escapedCompletionEvent
SWP_BTCall updateData
AddCredits -$swpBT_tannenBigBribe","Таннен хмурится и выглядит почти разочарованным когда подтверждает перевод кредитов на свой счет. Он бросает на вас последний немой взгляд и тянется к чему-то за пределами экрана.
Канал связи обрывается.",cutCommLinkNoText:Продолжить,
swpBTCompletionStartFleetRefuse,DialogOptionSelected,$option == swpBT_completionStartFleetRefuse,"MakeOtherFleetAggressiveOnce swpBT false
MakeOtherFleetAggressive swpBT false
MakeOtherFleetPreventDisengage swpBT false
MakeOtherFleetImportant swpBT false
MakeOtherFleetGoAway true
AdjustRepPerson swp_tannen VENGEFUL -10
SWP_BTCall escapedCompletionEvent
SWP_BTCall updateData
FireBest swpBTCompletionStartFleetRefuse",,,
swpBTCompletionStartFleetRefuseFirst,swpBTCompletionStartFleetRefuse,$global.swpBT_completionEventCount == 0,,"Таннен едва не раздавливает сигару в кулаке. Он долго смотрит на вас и один ледяной глаз будто сверлит череп насквозь.
""...У меня есть могущественные союзники $playerName. Ступай осторожно.""
Канал связи обрывается.",cutCommLinkNoText:Продолжить,
swpBTCompletionStartFleetRefuseSecond,swpBTCompletionStartFleetRefuse,$global.swpBT_completionEventCount == 1,,"Таннен швыряет еще тлеющую сигару в свой голорекордер и она вылетает к краю вашего экрана. Он долго смотрит на вас и один ледяной глаз будто сверлит череп насквозь.
""Я крайне разочарован $playerName. Подумай что будет если перейдешь мне дорогу.""
Канал связи обрывается.",cutCommLinkNoText:Продолжить,
swpBTCompletionStartFleetRefuseLast,swpBTCompletionStartFleetRefuse,$global.swpBT_completionEventCount >= 2,,"Таннен зажимает сигару зубами едва не перекусывая ее пополам. Он долго смотрит на вас и один ледяной глаз будто сверлит череп насквозь.
""Однажды ты пожалеешь о своих поступках $playerName. Скоро. Спи вполглаза.""
Канал связи обрывается.",cutCommLinkNoText:Продолжить,
swpBTCompletionStartFleetCutOff,DialogOptionSelected,"$swpBT_secondRule
!$swpBT_madAboutThirdRule
$option == swpBT_completionStartFleetCutOff","MakeOtherFleetAggressiveOnce swpBT false
MakeOtherFleetAggressive swpBT false
MakeOtherFleetPreventDisengage swpBT false
MakeOtherFleetImportant swpBT false
MakeOtherFleetGoAway true
SWP_BTCall escapedCompletionEvent
ShowDefaultVisual
FireBest swpBTCompletionStartFleetCutOffB",По вашему жесту офицер связи отключает голоканал и лицо Таннена исчезает с экрана. Вражеский флот остается на месте и не идет на перехват чтобы отрезать вам отход. Похоже пиратский капитан действительно держится перемирия и готов отпустить вас без боя.,cutCommLinkNoText:Продолжить,
swpBTCompletionStartFleetCutOffB1,swpBTCompletionStartFleetCutOffB,$swpBT_tannenRepPct > -50,"AdjustRepPerson swp_tannen VENGEFUL -10
SWP_BTCall updateData",Впрочем вряд ли он этим доволен.,,
swpBTCompletionStartFleetCutOffB2,swpBTCompletionStartFleetCutOffB,$swpBT_tannenRepPct <= -50,,Учитывая явную враждебность Таннена вы слегка удивлены что он все еще держит слово.,,
swpBTCompletionStartFleetCutOffCombat,DialogOptionSelected,"!$swpBT_secondRule
!$swpBT_madAboutThirdRule
$option == swpBT_completionStartFleetCutOff","MakeOtherFleetPreventDisengage swpBT true
AdjustRepPerson swp_tannen VENGEFUL -10
SWP_BTCall escapedCompletionEvent
SWP_BTCall updateData
ShowDefaultVisual",По вашему жесту офицер связи отключает голоканал и сердитая физиономия Таннена исчезает с экрана. Команда мостика готовит ваш $shipOrFleet к тяжелому бою; флот пиратского капитана начинает маневрировать к вам с разогретым оружием.,cutCommLinkNoText:Продолжить,
swpBTCompletionStartFleetCutOffPissed,DialogOptionSelected,"$swpBT_madAboutThirdRule
$option == swpBT_completionStartFleetCutOff","MakeOtherFleetPreventDisengage swpBT true
SWP_BTCall firstRule false
SWP_BTCall secondRule false
SWP_BTCall escapedCompletionEvent
ShowDefaultVisual
FireBest swpBTCompletionStartFleetCutOffC","По вашему жесту офицер связи отключает голоканал и яростная физиономия Таннена исчезает с экрана. Команда мостика готовит ваш $shipOrFleet к тяжелому бою; флот пиратского капитана идет прямо на вас намереваясь навязать сражение.
Похоже те ""правила боя"" о которых вы раньше договорились теперь официально отменены.",cutCommLinkNoText:Продолжить,
swpBTCompletionStartFleetCutOffC1,swpBTCompletionStartFleetCutOffC,!$swpBT_thirdRule,"AdjustRepPerson swp_tannen VENGEFUL -10
SWP_BTCall updateData",,,
swpBTCompletionStartFleetCutOffC2,swpBTCompletionStartFleetCutOffC,$swpBT_thirdRule,"AdjustRepPerson swp_tannen VENGEFUL -25
SWP_BTCall thirdRule false
SWP_BTCall updateData",,,
swpBTCompletionStartBar,DialogOptionSelected,"SWP_BTCall updateData
!SWP_IsMarketFaction player
!$market.isHidden
$global.swpBT_completionEventTrigger score:1000
RollProbability $global.swpBT_completionEventProcChance
$option == marketVisitBar","unset $global.swpBT_completionEventTrigger
FireBest BarShuttleDownPrintDesc
FireBest BarPrintDesc
BarCMD playAmbience",,swpBT_completionStartContinue:Продолжить,
swpBTCompletionStartBarContinue,DialogOptionSelected,$option == swpBT_completionStartContinue,"BeginConversation swp_tannen false true
$swpBT_barEvent = true
FireBest swpBTCompletion2",,,
swpBTCompletionStart,swpBTCompletion,,"SWP_BTCall updateData
BeginConversation swp_tannen false true
FireBest swpBTCompletion2",,,
swpBTCompletionStart2First,swpBTCompletion2,"!$swpBT_barEvent
$global.swpBT_completionEventCount == 0",,На экране вспыхивает сигнал прямой связи: капитан Таннен выходит на контакт и ждет вашего ответа.,swpBT_completionStart3:Продолжить,
swpBTCompletionStart2Again,swpBTCompletion2,"!$swpBT_barEvent
$global.swpBT_completionEventCount > 0",,Снова входящий вызов от капитана Таннена. По его тону ясно: разговор будет коротким и жестким.,swpBT_completionStart3:Продолжить,
swpBTCompletionStart2BarFirst,swpBTCompletion2,"$swpBT_barEvent
$global.swpBT_completionEventCount == 0",,"Вы проходите через бар высматривая интересных людей. Почти сразу взгляд цепляется за странно знакомого эксцентричного капитана который попыхивает сигарой и идет прямо к вам. Ваши телохранители это замечают выстраиваются по бокам и оставляют вам путь к выходу если захотите уйти.
Капитан Таннен дергает большим пальцем в сторону одной из кабинок молча предлагая выслушать его. По его мрачному лицу ясно что отказ ему не понравится.","swpBT_completionStart3:Поговорить с капитаном Танненом
swpBT_completionDitch:Уйти",
swpBTCompletionStart2BarAgain,swpBTCompletion2,"$swpBT_barEvent
$global.swpBT_completionEventCount > 0",,Вы проходите через бар высматривая интересных людей. Почти сразу взгляд цепляется за знакомое лицо капитана Таннена который снова машет вам и попыхивает дорогой сигарой.,"swpBT_completionStart3:Поговорить с капитаном Танненом
swpBT_completionDitch:Уйти",
swpBTCompletionFirst,DialogOptionSelected,"$global.swpBT_completionEventCount == 0
$option == swpBT_completionStart3",,"""Капитан $playerLastName, похоже, мы наконец дошли до развязки. Пора говорить прямо.""",TBD:Продолжить,
swpBTCompletionSecond,DialogOptionSelected,"$global.swpBT_completionEventCount == 1
$option == swpBT_completionStart3",,"""Капитан $playerLastName, снова мы на этом этапе. Давай без лишних кругов.""",TBD:Продолжить,
swpBTCompletionThird,DialogOptionSelected,"$global.swpBT_completionEventCount == 2
$option == swpBT_completionStart3",,"""Капитан $playerLastName, терпение не бесконечно. Говори по существу.""",TBD:Продолжить,
swpBTCompletionLast,DialogOptionSelected,"$global.swpBT_completionEventCount >= 3
$option == swpBT_completionStart3",,"""Капитан $playerLastName, сколько можно тянуть. Переходим к сути.""",TBD:Продолжить,
swpBTCompletionDitch,DialogOptionSelected,"$option == swpBT_completionDitch
$swpBT_tannenRepPct > -15","AdjustRepPerson swp_tannen VENGEFUL -10
SWP_BTCall skippedCompletionEvent
SWP_BTCall updateData","Не видя смысла сегодня иметь дело с эксцентричным капитаном, вы проскальзываете за спины телохранителей и направляетесь прямо к выходу. Уже перед самым уходом вы ловите потемневший взгляд Таннена: выражение, будто говорящее ""Я это запомню.""

Вы сомневаетесь, что отношение пиратского капитана к вам уже сейчас приведет к последствиям, но откладывать это вечно, вероятно, не получится.",swpBT_completionBarExit:Продолжить,
swpBTCompletionDitchLowRep,DialogOptionSelected,"$option == swpBT_completionDitch
$swpBT_tannenRepPct <= -15
$swpBT_secondRule","AdjustRepPerson swp_tannen VENGEFUL -10
SWP_BTCall skippedCompletionEvent
SWP_BTCall updateData","Не видя смысла сегодня иметь дело с эксцентричным капитаном, вы проскальзываете за спины телохранителей и направляетесь прямо к выходу. Уже перед самым уходом вы ловите яростный взгляд Таннена: выражение, будто говорящее ""Я тебе этого не спущу.""

Вы невольно задаетесь вопросом, сдержит ли пиратский капитан слово и соблюдет перемирие. По крайней мере, вы сомневаетесь, что это продлится после того, как сокровище будет найдено.",swpBT_completionBarExit:Продолжить,
swpBTCompletionDitchLowRepNoTruce,DialogOptionSelected,"$option == swpBT_completionDitch
$swpBT_tannenRepPct <= -15
!$swpBT_secondRule","AdjustRepPerson swp_tannen VENGEFUL -10
SWP_BTCall skippedCompletionEvent
SWP_BTCall updateData","Не видя смысла сегодня иметь дело с эксцентричным капитаном, вы проскальзываете за спины телохранителей и направляетесь прямо к выходу. Уже перед самым уходом вы ловите убийственный взгляд Таннена: выражение, будто говорящее ""Ты об этом пожалеешь.""

Вы подозреваете, что с пиратским капитаном придется разбираться скорее раньше, чем позже.",swpBT_completionBarExit:Продолжить,
swpBTCompletionBarExit,DialogOptionSelected,$option == swpBT_completionBarExit,"$menuState = main 0
FireAll PopulateOptions",,,
swpBTDefeatTannenAlive,swpBTDefeatTannen,!SWP_TannenDied,"$global.swpBT_UWAwareness--
MakeOtherFleetImportant swpBT false
MakeOtherFleetGoAway true
SWP_AddDefeatTrigger swpBTDefeatTannen
SWP_BTCall defeatedTannen",,,
swpBTDefeatTannenDead,swpBTDefeatTannen,"SWP_TannenDied
RollProbability 0.5 score:100","$global.swpBT_UWAwareness--
$global.swpBT_UWAwareness--
MakeOtherFleetImportant swpBT false
MakeOtherFleetGoAway true
SetTextHighlightColors hColor
SetTextHighlights $swpBT_goneForGood
SWP_BTCall killedTannenBattle",Послебоевая сводка подтверждает что флагман капитана Таннена был уничтожен. Спасательных капсул покидающих обреченный корабль замечено не было. Похоже он $swpBT_goneForGood.,,
swpBTDefeatTannenSurvived,swpBTDefeatTannen,SWP_TannenDied,"$global.swpBT_UWAwareness--
MakeOtherFleetImportant swpBT false
MakeOtherFleetGoAway true
SetTextHighlightColors bad
SetTextHighlights $swpBT_backForMore
SWP_BTCall defeatedTannen",Послебоевая сводка подтверждает что флагман капитана Таннена был уничтожен но нескольким спасательным капсулам удалось выйти за пределы радиуса взрыва. Вы подозреваете что этот эксцентричный капитан однажды снова будет $swpBT_backForMore...,,
swpBTCompletionTalkPointsTT,DialogOptionSelected,"!$global.swpBT_tannenKnowsTTClue score:400
$swpBT_TTClueComplete
$option == swpBT_completionTalkPoints","$global.swpBT_tannenKnowsTTClue = true
AdjustRepPerson swp_tannen COOPERATIVE 10
SWP_BTCall updateData","Вы объясняете, что корпорация Три-Тахион работала над технологией, способной воспроизводить выработку энергии гипершунтами Доминиона. Проект Excelsior был создан, чтобы попытаться достичь этой цели при помощи продвинутых фазовых исследований, усиленных ИИ, - фирменной специализации корпорации.

Проект сорвался из-за саботажа со стороны взбунтовавшегося ИИ, называвшего себя Da'at Elyon (который, судя по всему, сумел скопировать себя в Ядро), что в итоге привело к атаке капитана Ли. Любые ценные материалы исследований, прототипы и прочее редкое оборудование на исследовательской базе должны были достаться капитану Ли.",swpBT_completionTalkPoints:Продолжить,Revisit
swpBTCompletionTalkPointsUWA,DialogOptionSelected,"!$global.swpBT_tannenKnowsUWClue score:300
$swpBT_UWClueComplete
$swpBT_TTClueComplete
$option == swpBT_completionTalkPoints","$global.swpBT_tannenKnowsUWClue = true
AdjustRepPerson swp_tannen COOPERATIVE 10
SWP_BTCall updateData","Вы объясняете, что капитан Ли в итоге оказался в системе $swpBT_researchBaseSystem, где исследовательская база проекта Excelsior скрывалась под бдительной защитой автоматизированных дрон-кораблей.

Хотя база была почти полностью уничтожена, посмертная запись, оставленная (оригиналом) Da'at Elyon, дала вам важные сведения о роковой атаке капитана Ли на базу. Атака закончилась катастрофическим самоуничтожением из-за ловушки, оставленной ИИ: погибли все присутствующие, кроме капитана Ли и его новоприобретенного прототипа фрегата.",swpBT_completionTalkPoints:Продолжить,
swpBTCompletionTalkPointsUWB,DialogOptionSelected,"!$global.swpBT_tannenKnowsUWClue score:300
$swpBT_UWClueComplete
!$swpBT_TTClueComplete
$option == swpBT_completionTalkPoints","$global.swpBT_tannenKnowsUWClue = true
AdjustRepPerson swp_tannen COOPERATIVE 10
SWP_BTCall updateData","Вы объясняете, что капитан Ли в итоге оказался в системе $swpBT_researchBaseSystem, где исследовательская база проекта Excelsior скрывалась под бдительной защитой автоматизированных дрон-кораблей.

Хотя база была почти полностью уничтожена, посмертная запись, оставленная ИИ-сущностью по имени Elyon, дала вам важные сведения о роковой атаке капитана Ли на базу. Атака закончилась катастрофическим самоуничтожением из-за ловушки, оставленной ИИ: погибли все присутствующие, кроме капитана Ли и его новоприобретенного прототипа фрегата.",swpBT_completionTalkPoints:Продолжить,
swpBTCompletionTalkPointsScav,DialogOptionSelected,"!$global.swpBT_tannenKnowsScavClue score:200
$swpBT_scavContactComplete
$option == swpBT_completionTalkPoints","$global.swpBT_tannenKnowsScavClue = true
AdjustRepPerson swp_tannen COOPERATIVE 10
SWP_BTCall updateData","Вы пересказываете Таннену все, что удалось узнать от мусорщиков, и выделяете ключевые следы, связанные с маршрутом Ли.",swpBT_completionTalkPoints:Продолжить,
swpBTCompletionTalkPointsRachA,DialogOptionSelected,"!$global.swpBT_tannenKnowsRachClue score:100
$global.swpBT_mentionedRachmaninoff
$swpBT_rachmaninoffComplete
$option == swpBT_completionTalkPoints","$global.swpBT_tannenKnowsRachClue = true
AdjustRepPerson swp_tannen COOPERATIVE 5
SWP_BTCall updateData","Вы передаете Таннену сведения о линии Рахманинова и объясняете, как она может быть связана с поисками капитана Ли.",swpBT_completionTalkPoints:Продолжить,
swpBTCompletionTalkPointsRachB,DialogOptionSelected,"!$global.swpBT_tannenKnowsRachClue score:100
!$global.swpBT_mentionedRachmaninoff
$swpBT_rachmaninoffComplete
$option == swpBT_completionTalkPoints","$global.swpBT_tannenKnowsRachClue = true
AdjustRepPerson swp_tannen COOPERATIVE 10
SWP_BTCall updateData","Вы рассказываете Таннену о зацепках по Рахманинову и отмечаете, почему эта нить может оказаться важной.",swpBT_completionTalkPoints:Продолжить,
swpBTCompletionTalkPointsEnd,DialogOptionSelected,$option == swpBT_completionTalkPoints,"SetTextHighlightColors hColor
SetTextHighlights $swpBT_breadcrumbs
SWP_BTCall didCompletionEvent
SWP_BTCall updateData","Вы также передаете Таннену расшифрованные крошки следа: капитан Ли и его трофей, вероятно, находятся $swpBT_breadcrumbs.
Капитан Таннен предельно внимательно слушает и уточняет детали по каждому эпизоду.
Под конец он коротко кивает и просит передать Мыши, что разговор состоится при первой возможности.
Затем он бросает взгляд на ваш нож и мрачно добавляет, что старые долги еще не закрыты.",TBD:Продолжить,
,,,,,,
# TRI-TACHYON CONTACT ENCOUNTER,,,,,,
swpBTTTContactAddOption,PopulateOptions,"$isPerson
SWP_BTTTContact
SWP_BTCall updateData
!$person.swpBT_ttContactDontKnow
$swpBT_talkToTTContact",,,50:swpBT_talkToTTContact:Спросить о черном проекте который капитан Ли ограбил,
swpBTTTContactTalkDontKnow,DialogOptionSelected,"$option == swpBT_talkToTTContact
!SWP_BTTTContactImportant","$person.swpBT_ttContactDontKnow = true
$global.swpBT_TTAwareness++
FireAll PopulateOptions","$PersonName на мгновение выглядит смущенно затем качает $hisOrHer головой и хмурится на вас.
""Боюсь я понятия не имею о чем вы говорите. Секретные проекты в глубоком космосе? У вас определенно богатое воображение.""
$personLastName не занимает особенно высокого места в корпоративной иерархии Tri-Tachyon так что вы склонны верить в $hisOrHer неведение. Возможно стоит завести более влиятельные знакомства...",,
swpBTTTContactTalkBusinessGeneric,DialogOptionSelected,"$option == swpBT_talkToTTContact
SWP_BTTTContactImportant",,"$PersonName прищуривает $hisOrHer глаза наклоняется вперед и складывает пальцы домиком пока $heOrShe смотрит на вас.
""Как вы об этом узнали? Неважно не хочу знать. Неужели вы не можете просто закрыть тему и больше никогда о ней не говорить?""
$personLastName вздыхает. ""Нет. Нет конечно нет. Ладно."" $HeOrShe разводит $hisOrHer руками. ""Сделка такая: я рассказываю то немногое что знаю а вы взамен больше это не поднимаете. Договорились?""",swpBT_talkToTTContact2:Меня устраивает.,
swpBTTTContactTalkAristocrat,DialogOptionSelected,"$option == swpBT_talkToTTContact
SWP_BTTTContactImportant
$voice == aristo",,"""О. О боги."" $PersonName бледнеет и оглядывается через $hisOrHer плечо, будто $heOrShe опасается слежки вживую. ""Не говорите о таком, капитан! Вы не представляете, на что Tri-Tachyon готова пойти, чтобы скрыть свои секреты.""

Что-то в вашем выражении заставляет $personLastName болезненно поморщиться. ""Л-ладно, хорошо! Я расскажу то немногое, что знаю, и больше никогда к этому не вернусь. Договорились? Договорились.""",swpBT_talkToTTContact2:Продолжить,
swpBTTTContactTalkArroyo,DialogOptionSelected,"$option == swpBT_talkToTTContact
SWP_BTTTContactImportant
$id == arroyo score:10",,"$PersonName на миг выглядит слегка запаниковавшим пока $hisOrHer палец с золотым кольцом украдкой тянется к кнопке на боковой панели консоли и несколько раз нажимает ее. $personLastName выдыхает опускаясь в кресло и держится за лоб.
""Вы меня в могилу сведете.""","swpBT_talkToTTContactWhatWasThat:Что это было?
swpBT_talkToTTContact2:Пусть продолжает",
swpBTTTContactTalkWhatWasThat,DialogOptionSelected,$option == swpBT_talkToTTContactWhatWasThat,,"""Программа, которую я получил от Gargoyle. Она должна выиграть мне немного времени,"" $heOrShe говорит, потирая $hisOrHer глаза, ""прежде чем этот наш маленький разговор окажется скомпрометирован.""",swpBT_talkToTTContact2:Продолжить,
swpBTTTContactTalk2,DialogOptionSelected,$option == swpBT_talkToTTContact2,,"""Слушайте вы спрашиваете о целом проекте который был изолирован после... инцидента."" $HeOrShe небрежно машет $hisOrHer рукой. ""И я имею в виду не только рейд Ли. Во всяком случае не полностью.""
""Я не могу много рассказать. И дело не в том что я вас не люблю. Персонал Project Excelsior был печально известен своей закрытостью и молчаливостью. Сказать честно я и сам знаю только слухи и предположения. Простите."" Взгляд которым $personLastName смотрит на вас почти печален.",swpBT_talkToTTContact3:Слухов и предположений достаточно.,
swpBTTTContactTalk3,DialogOptionSelected,$option == swpBT_talkToTTContact3,,"$personLastName вздыхает. ""Я бы посоветовал не копать дальше. Подозреваю, что Project Excelsior не просто так внесен в черный список."" Заметив выражение вашего лица, $heOrShe поднимает $hisOrHer руки. ""Ладно, ладно. Просто помните: я все отрицал. Что бы из этого ни вышло, ответственность на вас, $playerFirstName.""

""Все, что мне известно - по крайней мере с хоть какой-то уверенностью, - это то, что проект свернули несколько циклов назад. Я знаю это только потому, что мой коллега погиб в том, что компания назвала 'аварией на объекте'. По датам это совпало с тем, как тот безумный пират прорвался на корпоративный 'объект', местоположение которого никто из нас не узнавал, так что я сопоставил факты и решил, что он разнес их активы в щепки.""",swpBT_talkToTTContact4:Продолжить,
swpBTTTContactTalk4,DialogOptionSelected,$option == swpBT_talkToTTContact4,,"Хмурясь, $personLastName продолжает: ""но слухи не утихали. Сообщения об утечках, которых не должно было быть. Пропажа данных из архивов. Теории заговора о том, что совет директоров намеренно саботировал Project Excelsior. Некоторые даже начали строить догадки о природе самого проекта.""

$HeOrShe качает $hisOrHer головой. ""Это звучало как фантазии. Я искренне сомневаюсь, что мы порабощали ИИ-ядра и использовали их для разработки какого-то нового, невероятно сложного фазового койла, способного работать почти бесконечно и при этом генерировать гиперволновые тона, собирающие дармовую энергию из измерений между реальностями.""

$personLastName усмехается абсурдности этих слов.",swpBT_talkToTTContact5:Продолжить,
swpBTTTContactTalk5,DialogOptionSelected,$option == swpBT_talkToTTContact5,"SetTextHighlights $swpBT_ttInsiderName $swpBT_ttInsiderMarketName
$global.swpBT_TTAwareness++
SWP_BTCall activateTTClue
SWP_BTCall progressedQuest
SWP_BTCall updateData
SWP_BTCall printIntel","На лице $personLastName появляется выражение внезапного воспоминания. ""Если подумать еще немного был один конкретный человек который мог быть связан с Project Excelsior. Очень странный тип по имени $swpBT_ttInsiderName. Не могу сказать какую должность он занимает но кажется он работает на $swpBT_ttInsiderMarketName если память не изменяет. Идите лучше донимайте его.""",swpBT_talkToTTContact6:Поблагодарить $personLastName за информацию,
swpBTTTContactTalk6,DialogOptionSelected,$option == swpBT_talkToTTContact6,FireAll PopulateOptions,"""Ну что есть еще что обсудить?""",,
,,,,,,
# TRI-TACHYON BAR ENCOUNTER,,,,,,
swpBTTTBarEncounterStart,AddBarEvents,"SWP_BTCall updateData
SWP_IsMarketFaction tritachyon
!$market.isHidden
!$market.swpBT_askedInThisBar
!$global.swpBT_askedInAnyBarTT
$swpBT_talkToTTContact
!$global.swpBT_TTBarExhausted","AddBarEvent swpBT_TTBarEvent ""Поспрашивать о черных проектах Tri-Tachyon"" ""Шанс невелик, но можно попробовать поспрашивать о слухах насчет секретных проектов Tri-Tachyon. Кто знает, вдруг это выведет на зацепку, связанную с капитаном Ли?"" highlight",,,
swpBTTTBarEncounterRedHerring,DialogOptionSelected,$option == swpBT_TTBarEvent,"$market.swpBT_askedInThisBar = true 60
$global.swpBT_askedInAnyBarTT = true 10
$global.swpBT_TTBarAsked = true
$global.swpBT_generalAwareness++
$global.swpBT_TTAwareness++","Покупая дорогие напитки для посетителей, похожих на аффилированных с корпорацией Tri-Tachyon, вы ведете светские беседы с разными хорошо устроившимися людьми, изображая интерес к их бизнес-проектам, торговым сделкам и инженерным инициативам.

Вы осторожно закидываете удочки, прощупывая тему секретной деятельности, где могли быть аномальные утечки и внезапный пиратский налет. В ответ чаще всего получаете недоуменные пожатия плечами, хотя несколько посетителей выключают свои Tri-Pad и резко уходят посреди разговора, оставив недопитые бокалы.",swpBT_TTBarEventRedHerring2:Продолжить,
swpBTTTBarEncounterRedHerring2,DialogOptionSelected,$option == swpBT_TTBarEventRedHerring2,SetTextHighlights $swpBT_tenDays $swpBT_mediumImportance,"Как вы и опасались случайные расспросы о корпоративных секретах в баре вряд ли дадут результат - во всяком случае быстро - и могут привлечь нежелательное внимание. Вы можете попробовать еще раз но лучше подождать $swpBT_tenDays прежде чем идти в другой бар чтобы снизить подозрения.
Наладить контакт внутри корпорации Tri-Tachyon выглядит более безопасным вариантом. Впрочем этот контакт должен быть довольно высоко в корпоративной структуре: как минимум уровня $swpBT_mediumImportance по уровню важности.",backToBar:Вернуться в бар,
swpBTTTBarEncounterRedHerringAgain,DialogOptionSelected,"$option == swpBT_TTBarEvent
$global.swpBT_TTBarAsked score:2","$market.swpBT_askedInThisBar = true 60
$global.swpBT_askedInAnyBarTT = true 10
$global.swpBT_generalAwareness++
$global.swpBT_TTAwareness++","Снова вы покупаете дорогие напитки посетителям которые выглядят как сотрудники Tri-Tachyon. Вы ведете светские разговоры с разными людьми высокого положения изображая интерес к их проектам сделкам и инженерным инициативам.
Вы осторожно забрасываете удочки и прощупываете почву насчет секретных активностей где могло быть аномально много утечек и внезапный пиратский рейд. Как и раньше вы не находите нужной информации и никаких многообещающих зацепок зато замечаете косые подозрительные взгляды. Вероятно кто-то из сотрудников уже докладывает о вас руководству.",backToBar:Вернуться в бар,
swpBTTTBarEncounterDesist,DialogOptionSelected,"$option == swpBT_TTBarEvent
$global.swpBT_TTAwareness >= 2 score:10","$market.swpBT_askedInThisBar = true 60
$global.swpBT_askedInAnyBarTT = true 10
$global.swpBT_generalAwareness++
$global.swpBT_TTAwareness++
$global.swpBT_TTBarExhausted = true","Вы начинаете покупать дорогие напитки посетителям Tri-Tachyon в баре как вдруг кто-то касается вас по плечу. Обернувшись вы видите молодую женщину в идеально выглаженной форме Tri-Tachyon которая неестественно улыбается вам; губы растянуты в улыбке но в глазах нет ни капли радости.
""Немедленно прекратите капитан $playerName.""","swpBT_TTBarEventDesistWhat:Прекратить что именно?
swpBT_TTBarEventDesistWhy:Почему я должен остановиться?
swpBT_TTBarEventDesistWho:Кто вы такая?
swpBT_TTBarEventDesistWhen:Когда вы успели подкрасться сзади?
swpBT_TTBarEventDesistWhere:Где здесь туалет? (выйти из бара)",
swpBTTTBarEncounterDesistWhat,DialogOptionSelected,$option == swpBT_TTBarEventDesistWhat,FireBest swpBTTTBarEncounterNotWhere,,,
swpBTTTBarEncounterDesistWhy,DialogOptionSelected,$option == swpBT_TTBarEventDesistWhy,FireBest swpBTTTBarEncounterNotWhere,,,
swpBTTTBarEncounterDesistWho,DialogOptionSelected,$option == swpBT_TTBarEventDesistWho,FireBest swpBTTTBarEncounterNotWhere,,,
swpBTTTBarEncounterDesistWhen,DialogOptionSelected,$option == swpBT_TTBarEventDesistWhen,FireBest swpBTTTBarEncounterNotWhere,,,
swpBTTTBarEncounterDesistNotWhere,swpBTTTBarEncounterNotWhere,,"SetStoryOption swpBT_TTBarEventDesistShock 1 swpBT_shock combat ""Made a Tri-Tachyon employee cry""","Молодая женщина игнорирует ваш вопрос. ""Мы больше не будем вас предупреждать."" Она продолжает стоять и смотреть прямо на вас никак не реагируя на ваши дальнейшие попытки заговорить.","swpBT_TTBarEventDesistShock:Вывести жуткую женщину из равновесия
swpBT_TTBarEventDesistLeave:Медленно отступить",
swpBTTTBarEncounterDesistShock,DialogOptionSelected,$option == swpBT_TTBarEventDesistShock,"SetTextHighlightColors hColor hColor
SetTextHighlights $swpBT_ttInsiderName $swpBT_ttInsiderMarketName","По какой-то причине, которую вы и сами не можете толком объяснить, вы решаете сорваться. Сначала это кажется дурной идеей, но вскоре становится легче: вы даете волю накопившемуся раздражению. Раз в некоторое время, убеждаете вы себя, это даже полезно.

Вы орете на сотрудницу Tri-Tachyon так, что сорвете голос, почти тыкая пальцем ей в лицо, разнося в пух и прах ее отталкивающие манеры, ругая ее работодателя и в целом сдирая с нее живьем шкуру все более жестокими оскорблениями.

Когда вы наконец заканчиваете, тяжело дыша после горлодерного монолога, молодая сотрудница заметно дрожит: глаза налились слезами, губы подрагивают. Она выглядит ошеломленной и испуганной, но все же сглатывает и, ужасно заикаясь, шепчет: ""о-о-он... $swpBT_ttInsiderName... ж-ж-дет в-вас на $swpBT_ttInsiderMarketName...""",swpBT_TTBarEventDesistShock2:Продолжить,
swpBTTTBarEncounterDesistShock2,DialogOptionSelected,$option == swpBT_TTBarEventDesistShock2,"AdjustRep tritachyon HOSTILE -5
SWP_BTCall activateTTClue2
SWP_BTCall progressedQuest
SWP_BTCall updateData
SWP_BTCall printIntel","С опозданием вы понимаете, что единственная причина, по которой вы вообще расслышали шепот женщины, - в том, что весь бар полностью затих: каждый посетитель, даже бармен, смотрит на вас с широко раскрытыми глазами, смесью ужаса и открытой враждебности.

Пора уходить. Вы шепотом приносите искренние извинения рыдающей девушке, которая, вероятно, просто выполняла свою работу, и поспешно выскальзываете из бара, пока все не стало еще хуже.",swpBT_TTBarEventDesist2:Продолжить,
swpBTTTBarEncounterDesistLeave,DialogOptionSelected,$option == swpBT_TTBarEventDesistLeave,SetTextHighlights $swpBT_mediumImportance,"В итоге вам приходится отступить от жуткой женщины, которая продолжает смотреть на вас через весь бар, пока вы полностью не покидаете заведение.

Да, второй раз вы так не полезете. Похоже, придется искать контакт внутри структуры власти Tri-Tachyon: вероятно, кого-то с важностью не ниже $swpBT_mediumImportance в рамках фракции.",swpBT_TTBarEventDesist2:Продолжить,
swpBTTTBarEncounterDesistWhere,DialogOptionSelected,$option == swpBT_TTBarEventDesistWhere,SetTextHighlights $swpBT_mediumImportance,"С этим поспешным предлогом вы выбираетесь из бара. Молодая женщина стоит совершенно неподвижно и наблюдает, как вы уходите, с неизменной улыбкой до тех пор, пока не исчезает из поля зрения.

Да, второй раз вы так не полезете. Похоже, придется искать контакт внутри структуры власти Tri-Tachyon: вероятно, кого-то с важностью не ниже $swpBT_mediumImportance в рамках фракции.",swpBT_TTBarEventDesist2:Продолжить,
swpBTTTBarEncounterDesist2,DialogOptionSelected,$option == swpBT_TTBarEventDesist2,BarCMD leaveBar,,,
swpBTTTBarEncounterGoodFirstTime,DialogOptionSelected,"$option == swpBT_TTBarEvent
!$global.swpBT_TTBarAsked
RollProbability $swpBT_TTBarProb score:100","$market.swpBT_askedInThisBar = true 60
$global.swpBT_askedInAnyBarTT = true 10
$global.swpBT_TTBarAsked = true
$global.swpBT_generalAwareness++
$global.swpBT_TTAwareness++","Покупая дорогие напитки посетителям которые выглядят как сотрудники Tri-Tachyon вы ведете светские разговоры с разными людьми высокого положения изображая интерес к их проектам сделкам и инженерным инициативам.
Вы осторожно забрасываете удочки и прощупываете почву насчет секретных активностей где могло быть аномально много утечек и внезапный пиратский рейд. К вашему удивлению один из посетителей - потрепанный бывший сотрудник - клюет на наживку жалуется на недавнюю безработицу и с радостью напивается за ваш счет.
""Там та-акие мутные проектики водятся кап'н"" бормочет он неразборчиво махая рукой в случайном направлении. ""Вы б не поверили-и-и.""",swpBT_TTBarEventAsk:Расспросить о черном проекте который капитан Ли ограбил,
swpBTTTBarEncounterGood,DialogOptionSelected,"$option == swpBT_TTBarEvent
$global.swpBT_TTBarAsked
RollProbability $swpBT_TTBarProb score:100","$market.swpBT_askedInThisBar = true 60
$global.swpBT_askedInAnyBarTT = true 10
$global.swpBT_generalAwareness++
$global.swpBT_TTAwareness++","Снова вы покупаете дорогие напитки посетителям которые выглядят как сотрудники Tri-Tachyon. Вы ведете светские разговоры с разными людьми высокого положения изображая интерес к их проектам сделкам и инженерным инициативам.
Вы осторожно забрасываете удочки и прощупываете почву насчет секретных активностей где могло быть аномально много утечек и внезапный пиратский рейд. В отличие от прошлого раза один из посетителей - потрепанный бывший сотрудник - клюет на наживку жалуется на недавнюю безработицу и с радостью напивается за ваш счет.
""Там та-акие мутные проектики водятся кап'н"" бормочет он неразборчиво махая рукой в случайном направлении. ""Вы б не поверили-и-и.""",swpBT_TTBarEventAsk:Расспросить о черном проекте который капитан Ли ограбил,
swpBTTTBarEncounterAsk,DialogOptionSelected,$option == swpBT_TTBarEventAsk,,"""А-а, ну да-а. Слуш, это строго конфид- конфиденц-,"" пытается выговорить он, ""между н-нами двоими."" Он неловко манит вас наклониться ближе. Когда вы это делаете, от каждого его выдоха на вас накатывает запах алкоголя.

""Никто не треплется о Project Exshelshior. Реально черный, понял? Вроде как умер 'несколько циклов назад. Большая авариа, но я думаю это все фигня. Этот Ли явно все там разнес. Кроме этого - одни слухи, но эти слухи интересны некоторым... личностям.""",swpBT_TTBarEventAsk2:Продолжить,
swpBTTTBarEncounterAsk2,DialogOptionSelected,$option == swpBT_TTBarEventAsk2,,"Трудно разобрать, что именно он говорит, но вы позволяете ему продолжать.

""Ну типа слухи... данные пропадают. Большие утечки. Project Exchelsior проклят. Вроде такого, понял?""

Он кивает сам себе. ""Как по мне, мы там заставляли ИИ делать нам какую-то новую хрень, с шлюхами и блэкджеком. Ага. Точно оно."" Он хихикает и опасно пошатывается. ""Тупо, знаю.""",swpBT_TTBarEventAsk3:Продолжить,
swpBTTTBarEncounterAsk3,DialogOptionSelected,$option == swpBT_TTBarEventAsk3,"SetTextHighlights $swpBT_ttInsiderName $swpBT_ttInsiderMarketName $swpBT_ttInsiderName
SWP_BTCall activateTTClue
SWP_BTCall progressedQuest
SWP_BTCall updateData
SWP_BTCall printIntel","На его пьяном лице проступает смутное воспоминание. ""Ой точно щас вспомнил... был там один тип! Тип... как его звали или она это была? Не помню...""
Бывший сотрудник начинает клевать носом и вы его расталкиваете. ""А да... этот тип. $swpBT_ttInsiderName или как-то так. Работает на $swpBT_ttInsiderMarketName и делает... что-то. Очень странный. Слишком много знает про Project Excelsus если понимаешь о чем я.""
Вы не понимаете. Но все равно благодарите его и делаете пометку навестить $swpBT_ttInsiderName при первой возможности.",backToBar:Вернуться в бар,
,,,,,,
# UNDERWORLD CONTACT ENCOUNTER,,,,,,
swpBTUWContactAddOption,PopulateOptions,"$isPerson
SWP_BTUWContact
SWP_BTCall updateData
!$person.swpBT_uwContactDontKnow
$swpBT_talkToUWContact",,,50:swpBT_talkToUWContact:Спросить о последнем известном местонахождении капитана Ли,
swpBTUWContactTalkDontKnow,DialogOptionSelected,"$option == swpBT_talkToUWContact
!SWP_BTUWContactImportant","$person.swpBT_uwContactDontKnow = true
$global.swpBT_UWAwareness++
FireAll PopulateOptions","$PersonName неопределенно пожимает плечами. ""Никогда о нем не слышал."" Видя ваш скепсис $heOrShe продолжает: ""а ну ДА тот самый капитан Ли! Точно. Эм."" $HeOrShe запинается и оглядывается будто ищет спасение под $hisOrHer консолью.
""Капитан Ли..."" $personLastName замолкает и качает $hisOrHer головой. ""К черту. У меня ничего нет. Хотел бы я знать куда делся этот безумный ублюдок. Прости.""
На лице $personLastName появляется редкое смущение. Учитывая что $heOrShe не особо важная и не очень связанная фигура в криминальном подполье Сектора вы подозреваете что вам нужны более влиятельные знакомства...",,
swpBTUWContactTalkGeneric,DialogOptionSelected,"$option == swpBT_talkToUWContact
SWP_BTUWContactImportant","$person.swpBT_uwContactAskedAlready = true
$global.swpBT_UWAwareness++
$swpBT_showNunyaOption = true
FireAll swpBTUWContactTalk2Options","$PersonName прищуривает $hisOrHer глаза и наклоняется к вам. ""Это опасное имя друг. Если произнести его слишком громко можно и $swpBT_manOrWoman угробить"" многозначительно тянет $heOrShe.
""Прежде чем я помогу с поиском информации ответь: зачем тебе это?""",,
swpBTUWContactTalkVillain,DialogOptionSelected,"$option == swpBT_talkToUWContact
SWP_BTUWContactImportant
$voice == villain","$person.swpBT_uwContactAskedAlready = true
$global.swpBT_UWAwareness++
$swpBT_showNunyaOption = true
FireAll swpBTUWContactTalk2Options","""А да."" $PersonName опирается на $hisOrHer локоть. ""Тот еще буйноголовый был. Исчез пару циклов назад и скажу тебе честно некоторые из нас - как бы это сказать - вздохнули свободнее когда он пропал.""
$personLastName изучающе смотрит на вас несколько секунд. ""Зачем тебе это знать?""",,
swpBTUWContactTalkAgain,DialogOptionSelected,"$option == swpBT_talkToUWContact
SWP_BTUWContactImportant
$person.swpBT_uwContactAskedAlready score:100","$swpBT_showNunyaOption = true
FireAll swpBTUWContactTalk2Options","""Все еще хочешь знать да?"" $PersonName наклоняется вперед задумчиво глядя на вас. ""Но ты так и не сказал: зачем тебе знать о мертвеце?""",,
swpBTUWContactTalkAgainTreasure,DialogOptionSelected,"$option == swpBT_talkToUWContact
SWP_BTUWContactImportant
$person.swpBT_uwContactMentionedTreasure score:1000","$swpBT_showNunyaOption = true
FireAll swpBTUWContactTalk2Options","$PersonName ухмыляется. ""Значит снова вопросы про капитана Ли и его загадочное сокровище."" $HeOrShe дарит вам хищную улыбку. ""Давай $playerName. Можешь рассказать. У тебя ведь есть жирные зацепки не так ли?""
$HeOrShe выжидающе смотрит на вас.",,
swpBTUWContactTalk2OptionTreasure,swpBTUWContactTalk2Options,!$person.swpBT_uwContactMentionedTreasure,,,swpBT_talkToUWContact2Treasure:Я ищу потерянное сокровище Ли.,$global.swpBT_haveMouseDagger
swpBTUWContactTalk2OptionReveal,swpBTUWContactTalk2Options,"$person.swpBT_uwContactMentionedTreasure
$swpBT_cluesFound > 0
!$swpBT_thirdRule",,,swpBT_talkToUWContactTreasureReveal:Раскрыть найденные вами зацепки,
swpBTUWContactTalk2OptionRevealThird,swpBTUWContactTalk2Options,"$person.swpBT_uwContactMentionedTreasure
$swpBT_cluesFound > 0
$swpBT_thirdRule","SetOptionColor swpBT_talkToUWContactTreasureReveal bad
SWP_AddConfirmation swpBT_talkToUWContactTreasureReveal ""Это нарушит Правило секретности, с которым вы согласились."" ""Продолжить"" ""Отмена""",,swpBT_talkToUWContactTreasureReveal:Раскрыть найденные вами зацепки,
swpBTUWContactTalk2OptionTease,swpBTUWContactTalk2Options,"$person.swpBT_uwContactMentionedTreasure
$swpBT_leadsKnown > $swpBT_cluesFound
!$swpBT_thirdRule",,,swpBT_talkToUWContactTreasureTease:Показать часть зацепок которые вы сейчас отрабатываете,
swpBTUWContactTalk2OptionTeaseThird,swpBTUWContactTalk2Options,"$person.swpBT_uwContactMentionedTreasure
$swpBT_leadsKnown > $swpBT_cluesFound
$swpBT_thirdRule","SetOptionColor swpBT_talkToUWContactTreasureTease bad
SWP_AddConfirmation swpBT_talkToUWContactTreasureTease ""Это нарушит Правило секретности, с которым вы согласились."" ""Продолжить"" ""Отмена""",,swpBT_talkToUWContactTreasureTease:Показать часть зацепок которые вы сейчас отрабатываете,
swpBTUWContactTalk2OptionDagger,swpBTUWContactTalk2Options,$global.swpBT_haveMouseDagger,,,swpBT_talkToUWContact2Dagger:Как насчет получить кинжал капитана Ли?,
swpBTUWContactTalk2OptionNunya,swpBTUWContactTalk2Options,$swpBT_showNunyaOption,,,swpBT_talkToUWContact2Nunya:Это не твое дело.,
swpBTUWContactTalk2OptionStory,swpBTUWContactTalk2Options,!$swpBT_showNunyaOption,"SetStoryOption swpBT_talkToUWContact2Story 1 swpBT_uwContactPressure leadership ""Надавил на $personName и добился информации о последнем известном местонахождении капитана Ли""",,swpBT_talkToUWContact2Story:Я могу отнести свои дела в другое место.,
swpBTUWContactTalk2OptionLeave,swpBTUWContactTalk2Options,!$swpBT_showNunyaOption,,,swpBT_talkToUWContactLeave:Неважно.,
swpBTUWContactTalk2Treasure,DialogOptionSelected,$option == swpBT_talkToUWContact2Treasure,"$person.swpBT_uwContactMentionedTreasure = true
$global.swpBT_UWAwareness++
FireAll swpBTUWContactTalk2Options","""Интересно. Очень интересно. Старый капитан Ли оставил после себя что-то ценное да?"" $personLastName хищно улыбается. ""Полагаю у тебя есть зацепки $playerName?""
$HeOrShe выжидающе смотрит на вас.",,
swpBTUWContactTreasureReveal,DialogOptionSelected,$option == swpBT_talkToUWContactTreasureReveal,"$global.swpBT_UWAwareness++
$global.swpBT_UWAwareness++
AdjustRepActivePerson COOPERATIVE 20
FireBest swpBTUWContactThirdRuleViolation","Вы устраиваете небольшое представление - оглядываетесь по сторонам наклоняетесь ближе бегаете глазами и почти шепчете как будто шпионы прячутся за каждым углом - пока раскрываете все что знаете о капитане Ли и его потерянном сокровище. $personLastName заглатывает наживку целиком кивает в такт вашему рассказу и даже записывает заметки пока вы выкладываете факты. Этим ходом вы точно поднимете волну активности.
Когда вы заканчиваете $personLastName ухмыляется. ""Ну надо же $playerName. Впечатляющий запас информации. Думаю теперь и я должен рассказать все что знаю. Иначе будет нечестно."" $HeOrShe наклоняется вперед и жестом просит слушать внимательно.",swpBT_talkToUWContact3:Слушаю.,
swpBTUWContactTreasureTease,DialogOptionSelected,$option == swpBT_talkToUWContactTreasureTease,"$global.swpBT_UWAwareness++
AdjustRepActivePerson FRIENDLY 10
FireBest swpBTUWContactThirdRuleViolation","Вы делаете заговорщический вид наклоняетесь ближе и понижаете голос объясняя какие следы сейчас отрабатываете в поисках сокровища капитана Ли. Все это время $personLastName кивает $hisOrHer головой и похоже мысленно помечает все что вы рассказываете $himOrHer. Похоже вы далеко не единственный кто интересуется сокровищем капитана Ли.
Когда вы заканчиваете $personLastName улыбается. ""Справедливо $playerName. Ты рассказал немного - и я расскажу немного."" $HeOrShe наклоняется вперед и жестом просит слушать внимательно.",swpBT_talkToUWContact3:Слушаю.,
swpBTUWContactThirdRuleViolation,swpBTUWContactThirdRuleViolation,$swpBT_thirdRule,"SWP_BTCall brokeThirdRule
SWP_BTCall updateData
SetTextHighlightColors bad
SetTextHighlights $swpBT_spilledTheBeans",$swpBT_spilledTheBeans,,
swpBTUWContactTalk2Dagger,DialogOptionSelected,$option == swpBT_talkToUWContact2Dagger,,"$personLastName ошарашенно смотрит на кинжал который вы показываете в голоканал. ""Его... кинжал?""
Вы рассказываете как получили его.
""Ничего себе. Ты и правда встретил его дочь да? Ту что зовут Мышь. Говорят очень юркая дрянь. Тебе повезло что я строго храню конфиденциальность с клиентами..."" $HeOrShe слегка усмехается. ""Многие бы очень плохо отнеслись к тому что ты потрепал Мышь.""",swpBT_talkToUWContact2Dagger2:Все было не так уж плохо.,
swpBTUWContactTalk2Dagger2,DialogOptionSelected,$option == swpBT_talkToUWContact2Dagger2,"$global.swpBT_haveMouseDagger = false
AddTextSmall ""Lost Captain Lee's dagger"" highlight","""Разумеется"" сухо бросает $heOrShe. ""В любом случае отправь этот кинжал мне. Я подготовил адрес куда ты можешь- эй нет пусть один из твоих головорезов запакует его! Что с тобой не так? Мы вообще-то разговариваем!""
Вы поручаете одному из своих людей отправить кинжал $personName.
""Хорошо. Теперь расскажу что знаю."" $HeOrShe наклоняется вперед и жестом просит слушать внимательно.",swpBT_talkToUWContact3:Продолжай.,
swpBTUWContactTalk2NunyaHighRep,DialogOptionSelected,"$option == swpBT_talkToUWContact2Nunya
SWP_ActivePersonRepIsAtWorst WELCOMING",,"$personLastName вздыхает и словно обмякает в $hisOrHer кресле. ""Да ты прав. Пожалуй ты уже сделал для меня достаточно чтобы я ответил услугой на услугу.""
""Только учти ты не один копаешь под капитана Ли. Я бы на твоем месте держал голову ниже."" $HeOrShe наклоняется вперед. ""Между нами говоря боюсь из этого не выйдет ничего хорошего. Как этот Ли исчез без следа? Ненормально это.""",swpBT_talkToUWContact3:Продолжай.,
swpBTUWContactTalk2Nunya,DialogOptionSelected,$option == swpBT_talkToUWContact2Nunya,"SetTextHighlightColors story
SetTextHighlights $swpBT_applyPressure
$swpBT_showNunyaOption = false
FireAll swpBTUWContactTalk2Options","""Ну и жаль конечно"" беспечно говорит $personLastName откидываясь в $hisOrHer кресле.
Молчание повисает в воздухе. Вы понимаете что $personName знает то чего не знаете вы и $heOrShe не намерен делиться пока вы не предложите что-то взамен. Возможно при более хороших отношениях с $personLastName $heOrShe бы раскрылся. Либо можно попробовать $swpBT_applyPressure...",,
swpBTUWContactTalk2Story,DialogOptionSelected,$option == swpBT_talkToUWContact2Story,,"Блефуя напропалую вы заявляете что у вас полно более влиятельных контактов которым можно унести и вопросы и информацию и что к $personName вы пришли первым только потому что учитываете именно $hisOrHer интересы. Но если $heOrShe не хочет сотрудничать - что ж - ничего не поделаешь верно?
В итоге $personLastName ломается. ""Ладно стой погоди не горячись ладно?"" $HisOrHer руки подняты в примирительном жесте. ""Не надо идти к своим хм знакомым. Я в деле. Мы же друзья да?"" $personLastName обезоруживающе улыбается но вы уже понимаете что держите $himOrHer в кулаке.",swpBT_talkToUWContact3:Давай поговорим.,
swpBTUWContactTalk3,DialogOptionSelected,$option == swpBT_talkToUWContact3,,"""Лады."" $personLastName хрустит $hisOrHer шеей. ""Капитан Манн Ли. Это имя многие его враги проклинали на последнем дыхании. И врагов у него было много."" $HeOrShe кривится. ""Ли и мне однажды перешел дорогу. Я-то выжил конечно но много парней и девчонок которыми я дорожил - нет.""
$personLastName с горечью качает $hisOrHer головой. ""Так или иначе этот буйноголовый прокладывал огненную тропу через Сектор завоевание за завоеванием. Пока в один день..."" $HeOrShe смыкает и размыкает $hisOrHer ладони изображая взрыв. ""Пуф. Исчез.""
""Слухи говорят что старина неуязвимый капитан Ли полез куда не следовало влез слишком глубоко и в итоге сдох когда на пороге объявилось нечто еще крупнее и злее.""",swpBT_talkToUWContact4:Вы верите этим слухам?,
swpBTUWContactTalk4,DialogOptionSelected,$option == swpBT_talkToUWContact4,,"""Не-а,"" пренебрежительно отвечает $personLastName. ""Мы бы уже знали, если бы кто-то его достал. Такую репутацию надолго не скроешь, сам понимаешь?"" $HeOrShe делает жест вверх, будто проводит $hisOrHer рукой по невидимым звездам. ""Как по мне, он все еще где-то там, строит планы, которые ему явно не по размеру штанов.""

""Последняя работа Ли была операцией в глубоком космосе с участием Три-Тахов. Явно ничего хорошего."" $personLastName усмехается. ""Впрочем, это касается большинства из нас, с нашей-то работенкой.""

""Единственный реальный вопрос... какую именно мерзость он собирался провернуть? Ответ на него..."" $HeOrShe откидывается назад, выдерживая паузу, ""...похоронен вместе с капитаном Ли."" $personLastName самодовольно ухмыляется. ""Или мы так думали.""",swpBT_talkToUWContact5:Продолжить,
swpBTUWContactTalk5,DialogOptionSelected,$option == swpBT_talkToUWContact5,,"""Недавно ко мне попали данные транспондерных записей, которые один из шестерок Канты выдрал из какого-то флота, работавшего возле $swpBT_researchBaseConstellation пару циклов назад. Бедолаги."" $HeOrShe морщится. ""Не спрашивай, как именно я добыл эти записи. Не могу же выкладывать все свои секреты.""

$personLastName, вероятно, слегка преувеличивает сложность добычи. Вы подыгрываете $himOrHer и одобрительно киваете.

$personLastName продолжает: ""эти данные транспондера указывают на контакт, соответствующий последнему известному профилю флота капитана Ли. Но тут загвоздка: метка времени стоит на пару недель позже последнего подтвержденного наблюдения флота Ли, до его исчезновения.""",swpBT_talkToUWContact6:Продолжить,
swpBTUWContactTalk6,DialogOptionSelected,$option == swpBT_talkToUWContact6,SetTextHighlights $swpBT_researchBaseSystem,"""Более того, данные показывают, что вскоре после этого Ли ушел в прыжковую точку. Прямо в $swpBT_researchBaseSystem."" С видом человека, только что сбросившего бомбу, $personName откидывается назад, наслаждаясь моментом.

""Я знаю, о чем ты думаешь. Если нам это известно, почему Ли до сих пор в розыске? Ну, тут есть пара проблем."" $personLastName поднимает палец. ""Во-первых, $swpBT_researchBaseSystemShort считается крайне опасной. Немногие капитаны достаточно безумны, чтобы сначала проделать такой долгий путь, а потом еще столкнуться с кошмарами, что прячутся внутри.""

$HeOrShe поднимает второй палец. ""Во-вторых, его точно нет в той системе. Или, если есть, он давно мертв. Несколько отчаянных ублюдков все же проверили систему, и да - в $swpBT_researchBaseSystemShort больше ничего живого нет. И великого сокровища тоже нет; один сплошной могильник.""",swpBT_talkToUWContact7:Продолжить,
swpBTUWContactTalk7,DialogOptionSelected,$option == swpBT_talkToUWContact7,"SWP_BTCall activateUWClue
SWP_BTCall progressedQuest
SWP_BTCall updateData
SWP_BTCall printIntel","""Ну вот и все."" $personLastName пожимает плечами. ""Материала немного возможно вообще тупик. Но это все что я знаю и это чистая правда клянусь вакуумом. Будет интересно посмотреть куда приведет твоя охота.""",swpBT_talkToUWContact8:Поблагодарить $personLastName за информацию,
swpBTUWContactTalk8,DialogOptionSelected,$option == swpBT_talkToUWContact8,FireAll PopulateOptions,"""Конечно. Ну что вернемся к делам?""",,
swpBTUWContactTalkLeave,DialogOptionSelected,$option == swpBT_talkToUWContactLeave,FireAll PopulateOptions,"$personLastName небрежно пожимает плечами. ""Как скажешь капитан.""",,
,,,,,,
# UNDERWORLD BAR ENCOUNTER,,,,,,
swpBTUWBarEncounterStartGeneric,AddBarEvents,"SWP_BTCall updateData
!SWP_IsMarketFaction tritachyon
!SWP_IsMarketFaction pirates
!SWP_IsMarketFaction player
!$market.isHidden
!$market.swpBT_askedInThisBar
!$global.swpBT_askedInAnyBarUW
$swpBT_talkToUWContact
!$global.swpBT_UWGenericBarExhausted","AddBarEvent swpBT_UWBarEventGeneric ""Поспрашивать о капитане Ли"" ""Шансы невысоки, но можно попробовать поспрашивать слухи о капитане Ли."" highlight",,,
swpBTUWBarEncounterStartPirates,AddBarEvents,"SWP_BTCall updateData
SWP_IsMarketFaction pirates
!$market.isHidden
!$market.swpBT_askedInThisBar
$swpBT_talkToUWContact
!$global.swpBT_UWPiratesBarExhausted","AddBarEvent swpBT_UWBarEventPirates ""Поспрашивать о капитане Ли"" ""Такие расспросы могут привлечь не то внимание, но местные пираты могут знать слухи о капитане Ли."" highlight",,,
swpBTUWBarEncounterGenericRedHerring,DialogOptionSelected,$option == swpBT_UWBarEventGeneric,"$market.swpBT_askedInThisBar = true 60
$global.swpBT_askedInAnyBarUW = true 10
$global.swpBT_UWGenericBarAsked = true
$global.swpBT_generalAwareness++","Вы начинаете кутить, покупая раунды выпивки самым колоритным посетителям бара, болтая с ними и слушая их версии событий. Большинство из них - невезучие космолетчики, слишком охотно готовые выложить всю свою биографию первому встречному, который готов слушать.

Вскоре вы обнаруживаете, что, несмотря на то что почти у каждого, с кем вы говорите, в прошлом есть какая-нибудь ужасная травма, лишь немногие похожи на людей, готовых связаться с пиратами. Люди вроде Джакка Таннена - пираты-профессионалы, способные жить в обычном обществе, - скорее исключение, чем правило.

И все же вы аккуратно запускаете (в основном ложные) слухи о капитане Ли, надеясь подогреть интерес и оживить чью-то память. В конце концов появляется клев: старый пьяница, покачиваясь на стуле, смело заявляет, что служил мостиковым офицером на флагмане капитана Ли, в его ""славные времена"".",swpBT_UWBarEventGenericRedHerring2:Продолжить,
swpBTUWBarEncounterGenericRedHerring2,DialogOptionSelected,$option == swpBT_UWBarEventGenericRedHerring2,,"Скептически настроившись вы спрашиваете пьяницу как полностью звали Ли.
""Джордж Ли конечно! Лучший капитан во всем Се-е-екторе!""
Вы не верите что могли забыть имя вроде ""Манн Ли"" даже в мертвецки пьяном состоянии. Как вы и опасались метод случайных опросов работает плохо. Так искать полезную информацию придется долго и мучительно особенно учитывая поток дезинформации который придется отсеивать. Слишком много вопросов на публике также может привлечь лишнее внимание.",swpBT_UWBarEventGenericRedHerring3:Попрощаться,
swpBTUWBarEncounterGenericRedHerring3,DialogOptionSelected,"$option == swpBT_UWBarEventGenericRedHerring3
!$global.swpBT_UWPiratesBarExhausted",SetTextHighlights $swpBT_tenDays $swpBT_mediumImportance,"Можно попытать удачу снова - возможно в заведении где больше пиратов - но лучше подождать $swpBT_tenDays прежде чем проверять другой бар чтобы не вызывать подозрения.
Наладить контакт в криминальном подполье выглядит более надежной ставкой. Впрочем контакт должен быть достаточно влиятельным в преступных иерархиях Сектора: как минимум уровня $swpBT_mediumImportance по уровню важности.",backToBar:Вернуться в бар,
swpBTUWBarEncounterGenericRedHerring3NoPirate,DialogOptionSelected,"$option == swpBT_UWBarEventGenericRedHerring3
$global.swpBT_UWPiratesBarExhausted",SetTextHighlights $swpBT_mediumImportance,Можно попробовать другой бар но наладить контакт в подполье выглядит более надежной ставкой. Впрочем контакт должен быть достаточно влиятельным в преступных иерархиях Сектора: как минимум уровня $swpBT_mediumImportance по уровню важности.,backToBar:Вернуться в бар,
swpBTUWBarEncounterGenericRedHerringAgain,DialogOptionSelected,"$option == swpBT_UWBarEventGeneric
$global.swpBT_UWGenericBarAsked score:2","$market.swpBT_askedInThisBar = true 60
$global.swpBT_askedInAnyBarUW = true 10
$global.swpBT_generalAwareness++","Снова вы кутите с колоритными посетителями бара болтаете с ними и слушаете их истории. Этим неудачливым космолетчикам только дай повод вывалить вам всю свою биографию.
Как и раньше настоящих пиратов среди них мало; у многих трагичное прошлое но большинство так и не подняло черный флаг. Ваши аккуратно посеянные слухи о капитане Ли дают несколько туманных маловероятных деталей которые в основном противоречат друг другу.
Нужной информации по-прежнему нет как и перспективных зацепок. Но когда-нибудь же вам должно повезти верно?",backToBar:Вернуться в бар,
swpBTUWBarEncounterGenericRedHerringAgainB,DialogOptionSelected,"$option == swpBT_UWBarEventGeneric
$global.swpBT_generalAwareness >= 3 score:5","$market.swpBT_askedInThisBar = true 60
$global.swpBT_askedInAnyBarUW = true 10
$global.swpBT_generalAwareness++","Вы снова проходите весь ритуал кутежа с очередной партией неудачливых космолетчиков которые ходят в этот бар: разговоры байки и бесконечные истории о жизни. После десятков - возможно сотен - таких рассказов они начинают сливаться в одно пятно.
Несколько человек кажутся вам настоящими пиратами но в заведениях где пираты не в большинстве они стараются держаться тихо. Ваши аккуратно запущенные слухи о капитане Ли привлекают внимание но почти не дают конкретной информации.
Перспективных зацепок нет и день проходит впустую. Вы еще не сдались окончательно но барные вылазки выглядят все менее и менее полезными.",backToBar:Вернуться в бар,
swpBTUWBarEncounterGenericExhausted,DialogOptionSelected,"$option == swpBT_UWBarEventGeneric
$global.swpBT_UWGenericBarAsked
$global.swpBT_generalAwareness >= 5 score:10","$market.swpBT_askedInThisBar = true 60
$global.swpBT_askedInAnyBarUW = true 10
$global.swpBT_generalAwareness++
$global.swpBT_UWGenericBarExhausted = true","Пока вы кутите среди местной пестрой толпы неудачливых космолетчиков молодой посетитель в прыжковом комбинезоне заговорщически наклоняется к вам.
""Эй я слышал капитан Ли - тот знаменитый пират что исчез несколько циклов назад? - крутил роман с одним из капитанов по имени капитан Таннен. Когда они расстались вся их банда развалилась. Можешь поговорить с ним"" предлагает она игриво шевеля бровями.
Это... был слух который вы сами и запустили некоторое время назад. Полная выдумка. Вы слишком засорили информационный пруд собственными же слухами; так вы уже ничего ценного не вытащите.",swpBT_UWBarEventGenericExhausted:Обдумать варианты,
swpBTUWBarEncounterGenericExhausted2Pirates,DialogOptionSelected,"$option == swpBT_UWBarEventGenericExhausted
!$global.swpBT_UWPiratesBarExhausted",SetTextHighlights $swpBT_mediumImportance,"Можно попытать удачу в баре где большинство посетителей пираты. Перемешивание между пиратами и обычными космолетчиками идет медленно; возможно в более грязных заведениях Сектора еще удастся добыть полезные сведения.
Либо - и это выглядит более вероятным вариантом - вы можете завести контакт в подполье. Но такой контакт должен быть довольно высоко в преступных иерархиях: как минимум уровня $swpBT_mediumImportance по уровню важности.",backToBar:Вернуться в бар,
swpBTUWBarEncounterGenericExhausted2Contact,DialogOptionSelected,"$option == swpBT_UWBarEventGenericExhausted
$global.swpBT_UWPiratesBarExhausted",SetTextHighlights $swpBT_mediumImportance,Вы уже явно злоупотребили гостеприимством пиратских заведений так что остается только один реалистичный вариант: прямой контакт в подполье. Впрочем если вы заведете такой контакт он должен быть достаточно высоко в преступных иерархиях: как минимум уровня $swpBT_mediumImportance по уровню важности.,backToBar:Вернуться в бар,
swpBTUWBarEncounterGenericGoodFirstTime,DialogOptionSelected,"$option == swpBT_UWBarEventGeneric
!$global.swpBT_UWGenericBarAsked
RollProbability $swpBT_UWBarGenericProb score:200","$market.swpBT_askedInThisBar = true 60
$global.swpBT_askedInAnyBarUW = true 10
$global.swpBT_UWGenericBarAsked = true
$global.swpBT_metMouse = true
$global.swpBT_generalAwareness++
SetStoryOption swpBT_UWBarEventMouseStory 1 swpBT_uwBarSneak technology ""Незаметно подкрался к мышиной девчонке в переполненном баре""","Вы начинаете кутить покупаете раунды выпивки самым колоритным посетителям бара разговариваете с ними и слушаете их версии событий. Большинство из них - неудачливые космолетчики которые с радостью выкладывают историю жизни первому встречному готовому слушать.
Скоро становится ясно что несмотря на почти поголовные травмы в прошлом очень немногие из них похожи на людей готовых уйти в пираты. Тем не менее вы аккуратно сеете слухи о капитане Ли в основном недостоверные надеясь разжечь интерес и освежить чью-то память.
Этим вы быстро привлекаете внимание невысокой девчонки с бегающими глазами которая выглядит едва старше совершеннолетия. Она бросает в вашу сторону настороженные взгляды и похожа на мышь готовую сорваться к двери от малейшей провокации.","swpBT_UWBarEventMouseLoud:Подойти к девчонке открыто
swpBT_UWBarEventMouseStory:Подкрасться к девчонке",
swpBTUWBarEncounterGenericGood,DialogOptionSelected,"$option == swpBT_UWBarEventGeneric
$global.swpBT_UWGenericBarAsked
!$global.swpBT_metMouse
RollProbability $swpBT_UWBarGenericProb score:200",FireBest swpBTUWBarEncounterGenericGood,,,
swpBTUWBarEncounterGenericGood2,DialogOptionSelected,"$option == swpBT_UWBarEventGeneric
$global.swpBT_UWGenericBarAsked
!$global.swpBT_metMouse
$global.swpBT_UWPiratesBarExhausted score:1000",FireBest swpBTUWBarEncounterGenericGood,,,Backup to make sure you get it
swpBTUWBarEncounterGenericGoodText,swpBTUWBarEncounterGenericGood,,"$market.swpBT_askedInThisBar = true 60
$global.swpBT_askedInAnyBarUW = true 10
$global.swpBT_metMouse = true
$global.swpBT_generalAwareness++
SetStoryOption swpBT_UWBarEventMouseStory 1 swpBT_uwBarSneak technology ""Незаметно подкрался к мышиной девчонке в переполненном баре""","Снова вы кутите с колоритными посетителями бара болтаете с ними и слушаете их истории. Этим неудачливым космолетчикам только дай повод вывалить вам всю свою биографию.
Как и раньше настоящих пиратов среди них немного; у многих трагичные истории но большинство так и не подняло черный флаг. Вы аккуратно запускаете слухи о капитане Ли ожидая получить только пару туманных маловероятных деталей.
Однако к вашему удивлению вы быстро привлекаете внимание невысокой девчонки с бегающими глазами которая выглядит едва старше совершеннолетия. Она бросает в вашу сторону настороженные взгляды и похожа на мышь готовую сорваться к двери от малейшей провокации.","swpBT_UWBarEventMouseLoud:Подойти к девчонке открыто
swpBT_UWBarEventMouseStory:Подкрасться к девчонке",
swpBTUWBarEncounterGenericGoodAgain,DialogOptionSelected,"$option == swpBT_UWBarEventGeneric
$global.swpBT_metMouse
!$global.swpBT_metMouseAgain
RollProbability $swpBT_UWBarGenericAgainProb score:200",FireBest swpBTUWBarEncounterGenericAgain,,,
swpBTUWBarEncounterGenericGoodAgain2,DialogOptionSelected,"$option == swpBT_UWBarEventGeneric
$global.swpBT_metMouse
!$global.swpBT_metMouseAgain
$global.swpBT_UWPiratesBarExhausted score:1000",FireBest swpBTUWBarEncounterGenericAgain,,,Backup to make sure you get it
swpBTUWBarEncounterGenericGoodAgainText,swpBTUWBarEncounterGenericAgain,,"$market.swpBT_askedInThisBar = true 60
$global.swpBT_askedInAnyBarUW = true 10
$global.swpBT_UWGenericBarAsked = true
$global.swpBT_metMouseAgain = true
$global.swpBT_generalAwareness++
SetStoryOption swpBT_UWBarEventMouseStory 1 swpBT_uwBarSneak technology ""Незаметно подкрался к мышиной девчонке в переполненном баре""","Когда вы снова начинаете кутить среди местной разношерстной публики вы замечаете в толпе знакомое лицо. Неужели это она?
Прищурившись вы убеждаетесь что да: в углу сидит та самая мышиная девчонка которую вы пытались схватить раньше. Похоже она вас пока не заметила хотя явно старается: ее бегающие глаза постоянно проверяют обстановку как нервный тик.
В прошлый раз ваш прямой подход ей не понравился так что сейчас стоит попробовать другой способ.","swpBT_UWBarEventMouseWait:Подождать пока девчонка выйдет из бара и затем схватить
swpBT_UWBarEventMouseStory:Подкрасться к девчонке в баре",
swpBTUWBarEncounterPiratesRedHerring,DialogOptionSelected,$option == swpBT_UWBarEventPirates,"$market.swpBT_askedInThisBar = true 60
$global.swpBT_askedInAnyBarUW = true 10
$global.swpBT_UWPiratesBarAsked = true
$global.swpBT_UWAwareness++
$global.swpBT_generalAwareness++","Расхаживая по злачному пиратскому бару, вы пытаетесь произвести впечатление на более бывалых посетителей: хвастаетесь своими достижениями и ненавязчиво выуживаете информацию. Когда алкоголь начинает литься рекой, развязываются и языки; сперва в ответ сыплются грубые подколки и мачо-треп, но вы не сдаётесь. Рано или поздно все раскрываются.

И раскрываются они охотно. К сожалению, вы на собственной шкуре понимаете, что большая часть того, что слышите от этой сомнительной подборки космических мореходов, - полная чушь. Противоречивые байки и откровенные выдумки не позволяют собрать связную картину почти ни по одной теме, не говоря уже о загадочном капитане Ли.

В итоге вы уносите с собой ворох, скорее всего, ложных слухов и занятных историй о Ли, но ничего, что можно сложить в твердые доказательства. Вы оставляете надежду точно определить его местонахождение таким способом - максимум, на что тут можно рассчитывать, это случайный проверяемый намек.",swpBT_UWBarEventPiratesRedHerring2:Продолжить,
swpBTUWBarEncounterPiratesRedHerring2,DialogOptionSelected,"$option == swpBT_UWBarEventPiratesRedHerring2
!$global.swpBT_UWGenericBarExhausted",SetTextHighlights $swpBT_tenDays $swpBT_mediumImportance,"Вы можете продолжать пытать удачу в таких злачных барах - возможно даже в более чистом заведении где бывают обычные космолетчики - но лучше подождать $swpBT_tenDays чтобы не вызывать подозрения.
Наладить контакт в подполье выглядит более надежной ставкой. Впрочем контакт должен быть достаточно влиятельным в преступных иерархиях Сектора: как минимум уровня $swpBT_mediumImportance по уровню важности.",backToBar:Вернуться в бар,
swpBTUWBarEncounterPiratesRedHerring2NoGeneric,DialogOptionSelected,"$option == swpBT_UWBarEventPiratesRedHerring2
$global.swpBT_UWGenericBarExhausted",SetTextHighlights $swpBT_tenDays $swpBT_mediumImportance,"Вы можете продолжать пытать удачу в таких злачных барах но лучше подождать $swpBT_tenDays чтобы не вызывать подозрения.
Наладить контакт в подполье выглядит более надежной ставкой. Впрочем контакт должен быть достаточно влиятельным в преступных иерархиях Сектора: как минимум уровня $swpBT_mediumImportance по уровню важности.",backToBar:Вернуться в бар,
swpBTUWBarEncounterPiratesRedHerringAgain,DialogOptionSelected,"$option == swpBT_UWBarEventPirates
$global.swpBT_UWPiratesBarAsked score:2","$market.swpBT_askedInThisBar = true 60
$global.swpBT_askedInAnyBarUW = true 10
$global.swpBT_UWAwareness++
$global.swpBT_generalAwareness++","Вы обходите еще один сомнительный пиратский бар пытаясь произвести впечатление на более связанных посетителей: делитесь хвастовством и слухами в надежде узнать больше о своей добыче. Чем больше льется алкоголь тем больше слов; сперва в ответ сыплются колкости и мачо-треп но вы терпите достаточно долго чтобы услышать и более содержательные вещи.
К сожалению как и ожидалось эта галерея подпольных типов не слишком надежный источник сведений. Противоречивые истории и откровенные выдумки не дают собрать прочный след о капитане Ли. В итоге у вас только новая пачка историй в голове - скорее всего ложных - и ничего действительно полезного.",backToBar:Вернуться в бар,
swpBTUWBarEncounterPiratesExhausted,DialogOptionSelected,"$option == swpBT_UWBarEventPirates
$global.swpBT_UWPiratesBarAsked
$global.swpBT_UWAwareness >= 2 score:10","$market.swpBT_askedInThisBar = true 60
$global.swpBT_askedInAnyBarUW = true 10
$global.swpBT_UWAwareness++
$global.swpBT_generalAwareness++
$global.swpBT_UWPiratesBarExhausted = true","Пока вы в очередной раз почти наугад прощупываете почву насчет капитана Ли, замечаете группу потрепанных пиратов, которые косятся в вашу сторону, держа руки у оружия. Они встают одновременно и быстро выходят из бара, не сводя с вас глаз.

Отвлекшись от сбора информации, вы связываетесь с $shipOrFleet и просите главного оператора сенсоров отслеживать подозрительный трафик и потенциально проблемные контакты.",swpBT_UWBarEventPiratesExhausted:Продолжить,
swpBTUWBarEncounterPiratesExhausted2,DialogOptionSelected,$option == swpBT_UWBarEventPiratesExhausted,"SetTextHighlightColors bad
SetTextHighlights $swpBT_thugWarningMessage
SWP_BTCall sendUWThugs $market.id","Как и следовало ожидать через короткое время ваш Tri-Pad подает сигнал тревоги от $shipOrFleet: перехвачено зашифрованное узконаправленное сообщение отправленное с $entityName.
Чуть позже главный техник сенсоров присылает приоритетное сообщение:
$swpBT_thugWarningMessage
Ну что ж.",swpBT_UWBarEventPiratesExhausted2:Обдумать варианты,
swpBTUWBarEncounterPiratesExhausted3Generic,DialogOptionSelected,"$option == swpBT_UWBarEventPiratesExhausted2
!$global.swpBT_UWGenericBarExhausted",SetTextHighlights $swpBT_mediumImportance,"Вы явно пересидели здесь лишнего. Разобравшись с входящим флотом можно попробовать бары где не роятся любопытные пираты; возможно в более приличных заведениях Сектора еще удастся добыть полезную информацию.
Либо - и это выглядит лучшей ставкой - можно завести контакт в подполье. Но контакт должен быть достаточно высоко в преступных иерархиях: как минимум уровня $swpBT_mediumImportance по уровню важности.",backToBar:Вернуться в бар,
swpBTUWBarEncounterPiratesExhausted3Contact,DialogOptionSelected,"$option == swpBT_UWBarEventPiratesExhausted2
$global.swpBT_UWGenericBarExhausted",SetTextHighlights $swpBT_mediumImportance,Вы явно пересидели здесь и даже больше. После разборки с входящим флотом у вас остается только один вариант: прямой контакт в подполье. Впрочем такой контакт должен быть достаточно высоко в преступных иерархиях: как минимум уровня $swpBT_mediumImportance по уровню важности.,backToBar:Вернуться в бар,
swpBTUWBarEncounterPiratesGoodFirstTime,DialogOptionSelected,"$option == swpBT_UWBarEventPirates
!$global.swpBT_UWPiratesBarAsked
!$global.swpBT_metMouse
RollProbability $swpBT_UWBarPiratesProb score:200","$market.swpBT_askedInThisBar = true 60
$global.swpBT_askedInAnyBarUW = true 10
$global.swpBT_UWPiratesBarAsked = true
$global.swpBT_metMouse = true
$global.swpBT_UWAwareness++
$global.swpBT_generalAwareness++
SetStoryOption swpBT_UWBarEventMouseStory 1 swpBT_uwBarSneak technology ""Незаметно подкрался к мышиной девчонке в переполненном баре""","Расхаживая по грязному пиратскому бару вы пытаетесь произвести впечатление на более бывалых посетителей: хвастаетесь достижениями и ненавязчиво выуживаете информацию. С алкоголем развязываются и языки; сперва в ответ прилетают грубые шпильки и мачо-треп но вы не отступаете. Рано или поздно все раскрываются.
И они действительно раскрываются. К сожалению вы быстро понимаете что значительная часть того что говорит эта сомнительная шайка космических моряков - чушь. Противоречивые истории и откровенные выдумки не дают собрать цельную картину ни по одной теме и тем более по загадочному капитану Ли.
К счастью вас спасает более интересная находка: невысокая девчонка с бегающими глазами едва старше совершеннолетия бросает в вашу сторону настороженные взгляды. Ее напряженный испуганный взгляд делает ее похожей на мышь готовую сорваться к двери от малейшей провокации.","swpBT_UWBarEventMouseLoud:Подойти к девчонке открыто
swpBT_UWBarEventMouseStory:Подкрасться к девчонке",
swpBTUWBarEncounterPiratesGood,DialogOptionSelected,"$option == swpBT_UWBarEventPirates
$global.swpBT_UWPiratesBarAsked
!$global.swpBT_metMouse
RollProbability $swpBT_UWBarPiratesProb score:200",FireBest swpBTUWBarEncounterPiratesGood,,,
swpBTUWBarEncounterPiratesGood2,DialogOptionSelected,"$option == swpBT_UWBarEventPirates
$global.swpBT_UWPiratesBarAsked
!$global.swpBT_metMouse
$global.swpBT_UWGenericBarExhausted score:1000",FireBest swpBTUWBarEncounterPiratesGood,,,Backup to make sure you get it
swpBTUWBarEncounterPiratesGoodText,swpBTUWBarEncounterPiratesGood,,"$market.swpBT_askedInThisBar = true 60
$global.swpBT_askedInAnyBarUW = true 10
$global.swpBT_metMouse = true
$global.swpBT_UWAwareness++
$global.swpBT_generalAwareness++
SetStoryOption swpBT_UWBarEventMouseStory 1 swpBT_uwBarSneak technology ""Незаметно подкрался к мышиной девчонке в переполненном баре""","Вы обходите еще один грязный пиратский бар пытаясь произвести впечатление на более связанных посетителей: делитесь хвастовством и слухами в попытке узнать больше о своей добыче. Когда льется алкоголь в ответ сыплются грубые шпильки и мачо-треп но вы держитесь достаточно долго чтобы услышать и более содержательные вещи.
К сожалению как и ожидалось эта галерея подпольных типов не слишком надежный источник сведений. Противоречивые истории и откровенные выдумки не дают собрать твердый след по капитану Ли.
Когда вы уже почти готовы сдаться взгляд цепляется за кое-что интереснее: невысокая девчонка с бегающими глазами едва старше совершеннолетия бросает в вашу сторону настороженные взгляды. Ее напряженный испуганный взгляд делает ее похожей на мышь готовую сорваться к двери от малейшей провокации.","swpBT_UWBarEventMouseLoud:Подойти к девчонке открыто
swpBT_UWBarEventMouseStory:Подкрасться к девчонке",
swpBTUWBarEncounterPiratesGoodAgain,DialogOptionSelected,"$option == swpBT_UWBarEventPirates
$global.swpBT_metMouse
!$global.swpBT_metMouseAgain
RollProbability $swpBT_UWBarPiratesAgainProb score:200",FireBest swpBTUWBarEncounterPiratesAgain,,,
swpBTUWBarEncounterPiratesGoodAgain2,DialogOptionSelected,"$option == swpBT_UWBarEventPirates
$global.swpBT_metMouse
!$global.swpBT_metMouseAgain
$global.swpBT_UWGenericBarExhausted score:1000",FireBest swpBTUWBarEncounterPiratesAgain,,,Backup to make sure you get it
swpBTUWBarEncounterPiratesGoodAgainText,swpBTUWBarEncounterPiratesAgain,,"$market.swpBT_askedInThisBar = true 60
$global.swpBT_askedInAnyBarUW = true 10
$global.swpBT_UWPiratesBarAsked = true
$global.swpBT_metMouseAgain = true
$global.swpBT_UWAwareness++
$global.swpBT_generalAwareness++
SetStoryOption swpBT_UWBarEventMouseStory 1 swpBT_uwBarSneak technology ""Незаметно подкрался к мышиной девчонке в переполненном баре""","Когда вы снова начинаете важничать в этом грязном пиратском баре пытаясь впечатлить местных вы замечаете знакомое лицо среди подозрительной толпы. Неужели это она?
Прищурившись вы убеждаетесь что да: в задымленном углу сидит та самая мышиная девчонка которую вы пытались схватить раньше. Похоже она вас пока не заметила хотя явно не расслабляется; ее бегающие глаза постоянно сканируют окружение в поисках опасности. Вполне разумно.
В прошлый раз ваш прямой подход ей не понравился так что сейчас стоит попробовать другой способ.","swpBT_UWBarEventMouseWait:Подождать пока девчонка выйдет из бара и затем схватить
swpBT_UWBarEventMouseStory:Подкрасться к девчонке в баре",
swpBTUWBarEncounterMouseLoud,DialogOptionSelected,$option == swpBT_UWBarEventMouseLoud,,"Определившись с целью вы направляетесь к мышиной девчонке с самой теплой и безобидной улыбкой чтобы не спугнуть ее.
Это не работает.
Она сразу ловит с вами взгляд и после короткой вспышки ужаса срывается с места. Вы бросаетесь в погоню но быстро понимаете что навыки ухода у нее отличные; она ныряет за посетителей стойки столы и любые случайные преграды стараясь оставить между собой и свободой как можно больше препятствий.
Посетители бара начинают косо на вас смотреть. Вы быстро решаете как действовать дальше.","swpBT_UWBarEventMouseRun:Броситься в погоню
swpBT_UWBarEventMouseShout:Эй стой!
swpBT_UWBarEventMouseGiveUp:Прекратить преследование",
swpBTUWBarEncounterMouseRun,DialogOptionSelected,$option == swpBT_UWBarEventMouseRun,"$global.swpBT_UWAwareness++
SetOptionColor swpBT_UWBarEventMouseRun2 bad
SetTooltip swpBT_UWBarEventMouseRun2 ""Ваш рейтинг рукопашного боя: $swpBT_playerCombatPct""
SetTooltipHighlightColors swpBT_UWBarEventMouseRun2 highlight
SetTooltipHighlights swpBT_UWBarEventMouseRun2 $swpBT_playerCombatPct","Не колеблясь вы прорываетесь через бар и мчитесь за бегущей девчонкой. В спешке вы опрокидываете стол и проливаете с десяток напитков оставляя за спиной крики и ругань.
Вам удается держать юркую девчонку в поле зрения но когда вы вылетаете из бара в горячей погоне понимаете что позади вас бегут сразу несколько человек. По лязгу тяжелых металлических ботинок о землю вы предполагаете что это ваши телохранители и возможно местная охрана.
Возможно идея была не лучшая.","swpBT_UWBarEventMouseRun2:Продолжать погоню
swpBT_UWBarEventMouseGiveUp2:Прекратить преследование",
swpBTUWBarEncounterMouseRun2Success,DialogOptionSelected,"$option == swpBT_UWBarEventMouseRun2
$swpBT_playerCombatLevel >= 33",,"Чувствуя уверенность вы продолжаете спринт за девчонкой ловко уходя от удивленных прохожих и прочих препятствий чтобы сократить дистанцию.
Вы прыгаете в сторону услышав как кто-то быстро нагоняет вас сзади. Раздается грохот: тот кто был позади - вероятно охранник пытавшийся вас повалить - летит в грязь и врезается во что-то хрупкое. Вы быстро отрываетесь от возникшего хаоса.
Вы следуете за беглянкой когда она сворачивает на пустой прямой участок; отсутствие препятствий позволяет вам наверстать потерянное расстояние. Она отчаянно оглядывается через плечо чтобы оценить разрыв но из-за этого не замечает брошенные трубы в нескольких метрах впереди.
С громким грохотом ваша добыча падает на землю прокатывается и останавливается тяжело дыша.",swpBT_UWBarEventMouseVictory:Подойти к поваленной девчонке,
swpBTUWBarEncounterMouseRun2Failure,DialogOptionSelected,"$option == swpBT_UWBarEventMouseRun2
$swpBT_playerCombatLevel < 33
!SWP_IsMarketFaction pirates",FireBest swpBTUWBarEncounterArrest,"Вопреки здравому смыслу вы жмете дальше выжимаете из себя все силы и несетесь к девчонке на полной скорости обходя удивленных прохожих и другие препятствия в последней отчаянной попытке догнать.
Тяжелая масса врезается вам в спину на бегу и вы на полной скорости летите на землю кувыркаясь и скользя. Боль вспыхивает в незащищенных коленях локтях и голенях - к счастью кажется ничего не сломано - и вы моргаете прогоняя искры из глаз пытаясь прийти в себя.",,
swpBTUWBarEncounterMouseVictory,DialogOptionSelected,$option == swpBT_UWBarEventMouseVictory,"ShowPersonVisual true swp_mouse
AdjustRepPerson swp_mouse VENGEFUL -10
SWP_BTCall updateData","Вы отбрасываете трубу в сторону подбегаете к девчонке и проверяете ее на серьезные травмы. К счастью ничего не сломано и вы пытаетесь усадить мышиную девчонку у стены.
Ее карие глаза выдают чистый ужас но опущенный взгляд будто говорит что она понимает: сбежать уже не получится. Она отшатывается как только вы к ней прикасаетесь но сил вырваться у нее нет и вам удается усадить извивающуюся девчонку к стене.
У бедняжки дрожит нижняя губа и глаза начинают слезиться пока она заранее вздрагивает от вас. Вы смотрите вдоль прохода и замечаете что один из телохранителей застыл на углу отчаянно не пуская никого дальше. Лучше закончить это быстро.",swpBT_UWBarEventMouseVictory2:Ты что-то знаешь о капитане Ли.,
swpBTUWBarEncounterMouseVictory2,DialogOptionSelected,$option == swpBT_UWBarEventMouseVictory2,,"В ответ на ваш вопрос мышиная девчонка откуда-то выхватывает длинный тонкий нож и с неожиданной ловкостью перекатом встает на ноги и бьет в горло.
Срабатывает тренировка: вы уходите от удара в сторону хватаете ее и выворачиваете запястье назад заставляя ее рефлекторно выронить изящный нож. Вы вжимаете ее в стену к которой она снова оседает.",swpBT_UWBarEventMouseNiceKnife:Подобрать нож,
swpBTUWBarEncounterMouseShout,DialogOptionSelected,$option == swpBT_UWBarEventMouseShout,,"Вы сбавляете ход и орете вслед убегающей девчонке, пытаясь заставить ее остановиться. Если это и помогает, то наоборот: она мчится еще быстрее и вылетает из бара с поистине впечатляющей скоростью для такого маленького роста.

Заметив, какими грязными взглядами провожают вас посетители бара, вы решаете сократить потери, быстро оплатить счет и выйти наружу.

Никаких следов мышиной девчонки. Вы расспрашиваете, куда она побежала, полчаса следуете туманным указаниям, но в конце концов вынуждены признать: след потерян окончательно.",swpBT_UWBarEventMouseShout2:Продолжить,
swpBTUWBarEncounterMouseShout2,DialogOptionSelected,$option == swpBT_UWBarEventMouseShout2,,"У вас появляется гнетущее чувство, что девчонка как-то связана с капитаном Ли, если судить по ее слишком бурной реакции на ваши вопросы о загадочном пирате. Похоже, в следующий раз при подобной ситуации придется действовать иначе.

Вы возвращаетесь к $shipOrFleet, потеряв этот день впустую.",swpBT_UWBarEventExit:Продолжить,
swpBTUWBarEncounterMouseGiveUp,DialogOptionSelected,$option == swpBT_UWBarEventMouseGiveUp,,"Вы решаете что преследовать молодую девушку в таком месте - плохая идея. Наблюдая как мышиная девчонка шмыгает из бара вы находите себе оправдания и списываете почти-инцидент на недоразумение. После этого вам остается провести обычный ничем не примечательный день кутежа.
У вас остается тяжелое чувство что девчонка как-то связана с капитаном Ли если судить по ее бурной реакции на ваши вопросы о загадочном пирате. Вероятно в следующий раз если такое повторится придется выбрать другую тактику.
Как и ожидалось за оставшееся время расспросов вы так и не слышите ничего действительно важного о капитане Ли. Сегодня просто не срослось.",backToBar:Вернуться в бар,
swpBTUWBarEncounterMouseGiveUp2,DialogOptionSelected,$option == swpBT_UWBarEventMouseGiveUp2,,Вы замедляетесь до остановки и поднимаете руки давая понять охране что не представляете угрозы. Едва вы оборачиваетесь как чересчур рьяный охранник почти сбивает вас с ног но в последний момент успевает затормозить. В ту же секунду подходят ваши телохранители а следом подтягиваются дополнительные силы охраны чтобы разобраться в причине шума.,swpBT_UWBarEventMouseGiveUp3:Выговориться и урегулировать ситуацию словами,
swpBTUWBarEncounterMouseGiveUp3,DialogOptionSelected,$option == swpBT_UWBarEventMouseGiveUp3,,"После долгого и неловкого разбирательства вы и ваши телохранители придумываете достаточно оправданий, чтобы успокоить охрану и убедить местных в вашей невиновности. В конце концов вас отпускают, но к моменту, когда вы снова можете свободно передвигаться, вы почти уверены, что девчонка уже могла автостопом убраться с $entityName.

В итоге вы возвращаетесь к $shipOrFleet с пустыми руками. Вас не покидает чувство, что девчонка была как-то связана с капитаном Ли, судя по ее чрезмерной реакции на ваши вопросы о загадочном пирате. Похоже, в следующий раз при такой ситуации придется выбирать другую тактику.",swpBT_UWBarEventExit:Продолжить,
swpBTUWBarEncounterMouseWait,DialogOptionSelected,$option == swpBT_UWBarEventMouseWait,$global.swpBT_UWAwareness++,"Делая вид, что не замечаете девчонку, вы находите предлог уйти, оплачиваете счет и выходите из бара. Отойдя на безопасное расстояние, приказываете телохранителям рассредоточиться и сообщить, если заметят похожую на мышь девушку, выходящую из бара. Вы занимаете удобную точку для наблюдения, достаете Tri-Pad и время от времени бессмысленно тыкаете по экрану.

Время ждать.",swpBT_UWBarEventMouseWait2:Продолжить,
swpBTUWBarEncounterMouseWait2,DialogOptionSelected,$option == swpBT_UWBarEventMouseWait2,,"Ваше праздное ожидание прерывает сообщение от одного из телохранителей. ""Вероятный контакт на наблюдательной точке Гамма."" Это за баром; значит, девчонка выскользнула через скрытый или служебный выход.

Вы переходите на бег в том направлении. По местной карте, которую вы заранее открыли на Tri-Pad и успели запомнить, девчонку можно зажать в узком проходе. С этой мыслью вы приказываете охраннику преследовать контакт и гнать ее к выбранному вектору отхода.

Следуя карте, вы делаете серию неочевидных поворотов в этом районе и почти наверняка заблудились бы, если бы не польза технологий.",swpBT_UWBarEventMouseWait3:Продолжить,
swpBTUWBarEncounterMouseWait3,DialogOptionSelected,$option == swpBT_UWBarEventMouseWait3,,"Завернув за последний угол вы видите перепуганную молодую женщину которая выглядит как загнанный в угол грызун и несется прямо на вас а по пятам за ней мчится один из ваших особенно быстрых телохранителей.
Вместо того чтобы сдаться она выхватывает длинный узкий нож и бросается прямо на вас!","swpBT_UWBarEventMouseWait4A:Стой; я просто хочу поговорить!
swpBT_UWBarEventMouseWait4B:Стой; я не собираюсь причинять тебе вред!
swpBT_UWBarEventMouseWait4C:Обезоружить девчонку",
swpBTUWBarEncounterMouseWait4A,DialogOptionSelected,$option == swpBT_UWBarEventMouseWait4A,FireBest swpBTUWBarEncounterPounce,Вы открываете рот чтобы крикнуть но слова пропадают когда телохранитель хватает вас сзади и рывком уводит с линии атаки сам вступая в схватку с девчонкой с ножом. За это вы им и платите.,,
swpBTUWBarEncounterMouseWait4B,DialogOptionSelected,$option == swpBT_UWBarEventMouseWait4B,FireBest swpBTUWBarEncounterPounce,Вы открываете рот чтобы крикнуть но слова пропадают когда телохранитель хватает вас сзади и рывком уводит с линии атаки сам вступая в схватку с девчонкой с ножом. За это вы им и платите.,,
swpBTUWBarEncounterMouseWait4C,DialogOptionSelected,$option == swpBT_UWBarEventMouseWait4C,FireBest swpBTUWBarEncounterPounce,Вы занимаете боевую стойку готовясь подсечь девчонку с ножом но план рушится когда телохранитель хватает вас сзади и рывком уводит с линии атаки сам вступая в схватку. За это вы им и платите.,,
swpBTUWBarEncounterMousePounce,swpBTUWBarEncounterPounce,,,"Вы слышите скрежет клинка по усиленной броне и почти сразу тяжелый *бум* когда девчонку валят на землю. Ее нож звякает рядом с вами: один из телохранителей отбросил его на пол.
Подобрав тонкий нож для сохранности - отметив качественную работу - вы показываете телохранителям что хотите поговорить с ней без помех. По вашему приказу они рассредотачиваются и занимают позиции рядом.",swpBT_UWBarEventMousePounce2:Осмотреть поваленную девчонку,
swpBTUWBarEncounterMousePounce2,DialogOptionSelected,$option == swpBT_UWBarEventMousePounce2,"ShowPersonVisual true swp_mouse
AdjustRepPerson swp_mouse VENGEFUL -10
SWP_BTCall updateData","Вы осматриваете девчонку на предмет серьезных травм. К счастью ничего не сломано и вы пытаетесь усадить мышиную девчонку у стены.
Ее карие глаза выдают чистый ужас но опущенный взгляд будто говорит что она понимает: сбежать уже не получится. Она слабо отшатывается когда вы к ней прикасаетесь но вам без труда удается усадить ее у стены.
У бедняжки дрожит нижняя губа и глаза начинают слезиться пока она заранее вздрагивает от вас.",swpBT_UWBarEventMouseNiceKnife:Хороший нож.,
swpBTUWBarEncounterMouseNiceKnife,DialogOptionSelected,$option == swpBT_UWBarEventMouseNiceKnife,"$global.swpBT_metMouseAgain = true
$swpBT_sawDagger = true","Она смотрит на вас снизу вверх с ненавистью и хрипло пищит: ""да чтоб тебя вакуум сожрал. Верни. Никто"" - она кашляет - ""не крадет у Мыши.""
По ее настрою понятно что если вернуть клинок она снова попытается вас атаковать. Поэтому игнорируя ненавидящий взгляд хозяйки вы внимательнее рассматриваете нож.
Ваш Tri-Pad опознает предмет как стилето: древний тип оружия который до сих пор популярен в криминальном подполье из-за скрытности и смертоносности. Этот экземпляр выглядит ручной работы. Вы переворачиваете клинок и находите небольшую надпись на плоской грани:
""Mann or Mouse, all things bleed.""",swpBT_UWBarEventMouseNiceKnife2:Этот нож тебе дал Манн Ли - да?,Getting to this point means you can't repeat the encounter
swpBTUWBarEncounterMouseNiceKnife2,DialogOptionSelected,$option == swpBT_UWBarEventMouseNiceKnife2,,"Мышь яростно кивает. ""Ага и сейчас ты его вернешь или я во сне перережу тебе горло.""
Когда она видит что вы не собираетесь возвращать оружие она продолжает: ""а потом пока ты истекаешь кровью я выколю тебе глаза и сожру их! Я выпью твою кровь на завтрак ты ножекрадский $swpBT_sonOrDaughter шлюхи!"" Ее высокий голос совсем не сочетается с чудовищностью угроз.","swpBT_UWBarEventMouseCarrot:Расскажи мне что я хочу знать и я верну твой кинжал и оставлю тебя в покое.
swpBT_UWBarEventMouseStick:Пригрозить Мыши чтобы получить информацию
swpBT_UWBarEventMouseSteal:Уйти с ее ножом",
swpBTUWBarEncounterMouseCarrot,DialogOptionSelected,$option == swpBT_UWBarEventMouseCarrot,"SetTextHighlightColors hColor
SetTextHighlights $swpBT_mouseBribe
FireAll swpBTUWBarEncounterCarrotOptions","Вы пристально смотрите на Мышь пока она обдумывает ваши слова. Через несколько секунд она неловко ерзает и кусает нижнюю губу. ""&Мне нужно больше. $swpBT_mouseBribe сверху.""
Она снова собирается с силами и злобно смотрит на вас. ""Сразу.""",,
swpBTUWBarEncounterMouseCarrotOptionPay,swpBTUWBarEncounterCarrotOptions,SWP_CanAfford $swpBT_mouseBribe,DoCanAffordCheck $swpBT_mouseBribe swpBT_UWBarEventMousePay,,swpBT_UWBarEventMousePay:Заплатить взятку,
swpBTUWBarEncounterMouseCarrotOptionLiePay,swpBTUWBarEncounterCarrotOptions,"!$swpBT_liedToMouse
SWP_CanAfford $swpBT_mouseBribe",,,swpBT_UWBarEventMouseLiePay:У меня нет столько кредитов. (ложь),
swpBTUWBarEncounterMouseCarrotOptionCantPay,swpBTUWBarEncounterCarrotOptions,!SWP_CanAfford $swpBT_mouseBribe,,,swpBT_UWBarEventMouseCantPay:У меня нет столько кредитов...,
swpBTUWBarEncounterMouseCarrotOptionStick,swpBTUWBarEncounterCarrotOptions,,,,swpBT_UWBarEventMouseStick:Пригрозить Мыши чтобы получить информацию,
swpBTUWBarEncounterMouseCarrotOptionSteal,swpBTUWBarEncounterCarrotOptions,,,,swpBT_UWBarEventMouseSteal:Уйти с ее ножом,
swpBTUWBarEncounterMousePay,DialogOptionSelected,$option == swpBT_UWBarEventMousePay,"AddCredits -$swpBT_mouseBribe
AdjustRepPerson swp_mouse COOPERATIVE 10
SWP_BTCall updateData","Вы несколько раз нажимаете на Tri-Pad, кодируя физический кредитный жетон, затем передаете его Мыши и показываете экран подтверждения. Она жадно облизывает губы, глаза загораются: для нее это, должно быть, несметное богатство. В конце концов, не каждый месяц кто-то разбрасывается кредитами уровня звездного корабля.

Мышь выглядит ошеломленной, пока бережно прячет кредитный чип - для большинства людей это цена безбедной жизни до конца дней. Она дрожащими пальцами принимает у вас обратно стилето, несколько секунд смотрит на него почти благоговейно и прячет в рукав.",swpBT_UWBarEventMouseFollow:Продолжить,
swpBTUWBarEncounterMouseLiePay,DialogOptionSelected,$option == swpBT_UWBarEventMouseLiePay,"$swpBT_liedToMouse = true
AdjustRepPerson swp_mouse VENGEFUL -5
SWP_BTCall updateData
FireAll swpBTUWBarEncounterCarrotOptions","""...лжец"" обвиняюще бросает Мышь. Что ж этот прием не сработал.",,
swpBTUWBarEncounterMouseCantPay,DialogOptionSelected,$option == swpBT_UWBarEventMouseCantPay,"AdjustRepPerson swp_mouse COOPERATIVE 5
$swpBT_knowFather = true
SWP_BTCall updateData","Вы с сожалением объясняете, что у вас нет свободных кредитов, чтобы заплатить взятку. Странно, но Мышь смотрит на вас сочувственно.

""Забудь. Слишком многого хотела..."" Она замолкает, глядя на кинжал в ваших руках. ""Это подарок моего отца, последняя память о нем. Пожалуйста, верни его.""

Верный слову, вы возвращаете клинок Мыши; она мгновенно выхватывает его из ваших пальцев и крепко прижимает к груди. На мгновение ее лицо озаряет радость, но затем она стирает улыбку и быстро прячет клинок в рукав.",swpBT_UWBarEventMouseFollow:Продолжить,
swpBTUWBarEncounterMouseFollow,DialogOptionSelected,$option == swpBT_UWBarEventMouseFollow,,"""Пошли отсюда. Мне надо влить в себя пару стаканов прежде чем я об этом заговорю."" Мышь жестом зовет вас за собой и начинает уходить. Сначала она спотыкается и морщится от боли но упрямо идет дальше лишь изредка шипя сквозь зубы.","swpBT_UWBarEventMouseFollowApology:Прости что пришлось так тебя приложить.
swpBT_UWBarEventMouseFollow2:Следовать за Мышью",
swpBTUWBarEncounterMouseFollowApology,DialogOptionSelected,$option == swpBT_UWBarEventMouseFollowApology,,В ответ вы получаете только короткий колкий взгляд карих глаз. Что ж справедливо.,swpBT_UWBarEventMouseFollow2:Следовать за Мышью,
swpBTUWBarEncounterMouseFollow2,DialogOptionSelected,$option == swpBT_UWBarEventMouseFollow2,,"Вы молча следуете за Мышью, которая нервно озирается на каждом углу, ведя вас через лабиринт проходов, к которым, похоже, привыкла. Время от времени она оглядывается на вас и рывком ускоряется (с шипением от боли), стараясь держать дистанцию.

Через несколько минут вы приходите в грязную дыру-бар - из тех, куда ходят только местные отбросы. Стоит войти, как дымный воздух бьет по легким, а слишком тусклый неон режет глаза.

Подобные заведения обычно не жалуют дальних космолетчиков, не говоря уже о человеке, у которого за спиной целый $shipOrFleet под $playerHisOrHer командованием. Бармен в шокирующе грязном фартуке уже готов наорать на вас, но Мышь отмахивается от него. В итоге вы получаете лишь набор подозрительных взглядов от разношерстных посетителей.",swpBT_UWBarEventMouseFollow3:Продолжить,
swpBTUWBarEncounterMouseFollow3,DialogOptionSelected,$option == swpBT_UWBarEventMouseFollow3,,"Надо отдать должное Мышь хорошо держит лицо: она идет через боль в хромоте со стиснутыми зубами и почти успешно маскирует ее улыбкой. Она приводит вас к кабинке в углу и тяжело опускается на сиденье. Вы садитесь напротив на грязную старую кожу - натуральную! - и откидываетесь на спинку.
Пока Мышь заказывает себе выпивку вы оглядываетесь и замечаете что один из ваших телохранителей ждет снаружи. Отлично.
Осушив пару стаканов неизвестного бурого пойла Мышь неловко прочищает горло. ""Ну и кто ты вообще такой?""",swpBT_UWBarEventMouseInfo:Представиться,
swpBTUWBarEncounterMouseStick,DialogOptionSelected,$option == swpBT_UWBarEventMouseStick,"$global.swpBT_UWAwareness++
$global.swpBT_UWAwareness++
AdjustRepPerson swp_mouse VENGEFUL -15
SWP_BTCall updateData","Вы размахиваете ножом в манере которую считаете угрожающей. Конечно хладнокровно убивать вы не собираетесь но она этого не знает.
Мышь охватывает абсолютный ужас. В панике она собирает остатки сил и пятится назад задыхаясь. Прежде чем вы успеваете успокоить или удержать ее она издает жуткий пронзительный визг - такой звук разносится далеко.
Полиция прибудет совсем скоро.","swpBT_UWBarEventMouseStick2:Приставить нож к ее горлу
swpBT_UWBarEventMouseGTFO:Бежать отсюда",
swpBT_UWBarEventMouseStick2,DialogOptionSelected,$option == swpBT_UWBarEventMouseStick2,"AdjustRepPerson swp_mouse HOSTILE -100
SWP_BTCall updateData","С вас хватит игр с этой девчонкой. Вы рывком бросаетесь вперед, скручиваете Мышь и силой ставите ее на ноги. Холодная сталь стилета ложится ей на шею. Она замирает.

Вы спрашиваете о местонахождении капитана Ли настолько спокойно и холодно, насколько способны.

Слова давятся рыданиями от страха. ""Не знаю. Он... он ушел. Оставил меня... одну...""

Вы вдавливаете кинжал сильнее, почти до крови.",swpBT_UWBarEventMouseStick3:Продолжить,
swpBT_UWBarEventMouseStick3,DialogOptionSelected,$option == swpBT_UWBarEventMouseStick3,SetTextHighlights $swpBT_researchBaseSystem,"""Пожалуйста"" жалобно хрипит Мышь пока по щекам текут слезы боли. ""П-папа бросил меня и ушел искать свое дурацкое сокровище. Он погубил всех друзей и просто просто оставил меня...""
Позади слышны крики. Ваши телохранители пока держатся но по потоку ругани понятно что все скоро может перейти в перестрелку.
С ненавистью Мышь шепчет: ""$swpBT_researchBaseSystem. Он собирался в $swpBT_researchBaseSystemShort.""",swpBT_UWBarEventMouseStick4:Бежать отсюда,
swpBT_UWBarEventMouseStick4,DialogOptionSelected,$option == swpBT_UWBarEventMouseStick4,"ShowDefaultVisual
$global.swpBT_haveMouseDagger = true
SWP_BTCall activateUWClue2
SWP_BTCall progressedQuest
SWP_BTCall updateData
SWP_BTCall printIntel
AddTextSmall ""Received Captain Lee's dagger"" highlight","Вы отпускаете Мышь и она отступает потирая шею от боли. ""Надеюсь то что убило папу сделает твою смерть мучительной"" произносит она с предельной ненавистью.
Как только вы переводите внимание на разворачивающуюся позади ситуацию Мышь срывается с места и убегает ее шаги гулко разносятся по проходу. Ваши телохранители стоят в вооруженном противостоянии с местной охраной.
Вы срываетесь с места и вырываетесь из заварушки. Выстрелы за спиной заставляют звенеть в ушах.",swpBT_UWBarEventFallout:Разобраться с последствиями,
swpBT_UWBarEventMouseGTFO,DialogOptionSelected,$option == swpBT_UWBarEventMouseGTFO,"ShowDefaultVisual
$global.swpBT_haveMouseDagger = true
$global.swpBT_UWGenericBarExhausted = true
AddTextSmall ""Received Captain Lee's dagger"" highlight
FireBest swpBTUWBarEncounterDagger",Решив не усугублять вы прячете кинжал капитана Ли за пояс и срываетесь бегом мимо безутешной Мыши. Быстрый вызов телохранителей и вскоре вы уже соединяетесь с ними и возвращаетесь к $shipOrFleet. Судя по реакции охраны на $marketName вы ушли буквально в последний момент; еще немного и вас бы накрыло рвение местных силовиков.,,No point visiting non-pirate bars now
swpBT_UWBarEventMouseSteal,DialogOptionSelected,"$option == swpBT_UWBarEventMouseSteal
!$global.swpBT_UWPiratesBarExhausted","ShowDefaultVisual
AdjustRepPerson swp_mouse VENGEFUL -5
$global.swpBT_haveMouseDagger = true
$global.swpBT_UWGenericBarExhausted = true
AddTextSmall ""Received Captain Lee's dagger"" highlight
SWP_BTCall updateData
FireBest swpBTUWBarEncounterDagger",Пора уйти пока преимущество на вашей стороне. Вы прячете кинжал капитана Ли за пояс и быстрым шагом уходите оставляя Мышь беспомощно осыпать вас руганью вслед. Быстрый вызов телохранителей и вскоре вы соединяетесь с ними и возвращаетесь к $shipOrFleet.,,No point visiting non-pirate bars now
swpBT_UWBarEventMouseDaggerAftermath,swpBTUWBarEncounterDagger,!$global.swpBT_UWPiratesBarExhausted,SetTextHighlights $swpBT_mediumImportance,"Найти надежную информацию о Ли будет трудно - по крайней мере без контакта, чьи связи глубоко уходят в подполье: уровень важности $swpBT_mediumImportance и выше. И все же, если продолжать посещать подпольные бары, могут появиться новые возможности.

Похоже, Ли действительно дорожил Мышью - возможно, как дочерью? Возможно, в какой-то момент вам повезет использовать кинжал как аргумент в сделке...",swpBT_UWBarEventExit:Продолжить,
swpBT_UWBarEventMouseDaggerAftermath2,swpBTUWBarEncounterDagger,$global.swpBT_UWPiratesBarExhausted,SetTextHighlights $swpBT_mediumImportance,"Оглядываясь назад, вы понимаете, что упустили единственный реальный шанс получить надежную информацию о Ли - по крайней мере без контакта, чьи связи глубоко уходят в подполье: уровень важности $swpBT_mediumImportance и выше.

Похоже, Ли действительно дорожил Мышью - возможно, как дочерью? Возможно, в какой-то момент вам повезет использовать кинжал как аргумент в сделке...",swpBT_UWBarEventExit:Продолжить,
swpBTUWBarEncounterMouseStory,DialogOptionSelected,$option == swpBT_UWBarEventMouseStory,,"Вы решаете действовать медленно и терпеливо. Делая вид, что мышиная девчонка вам совершенно неинтересна, вы постепенно продвигаетесь по бару, обмениваясь пустыми байками с самыми скучными на вид посетителями, пока спустя некоторое время не оказываетесь почти на расстоянии вытянутой руки от заскучавшей девчонки.

Старательно избегая прямого взгляда на нее, вы используете отражение в цилиндрическом стакане, чтобы держать цель в поле зрения. Вы мрачно кружите напиток, будто размышляя о тяготах жизни в мутной глубине своей порции алкоголя.

Вскоре появляется шанс пересесть к столику мышиной девчонки: в другой части бара вспыхивает драка. Вы изображаете испуг, пошатываетесь в сторону и задеваете ее кресло плечом.",swpBT_UWBarEventMouseStory2:Продолжить,
swpBTUWBarEncounterMouseStory2,DialogOptionSelected,$option == swpBT_UWBarEventMouseStory2,ShowPersonVisual true swp_mouse,"Без предупреждения вы кладете руку девчонке на плечо - хватка без боли но твердая. Она мгновенно вздрагивает но вы не отпускаете. Ее карие глаза сразу вскидываются к вашим и в выражении мелькает раздражение и опасность. Раздражение быстро сменяется узнаванием а затем темнеет до ужаса. Она нервно смотрит на вашу руку потом по сторонам затем на рукав и снова в ваши глаза.
""Чего тебе надо?"" едва выдавливает она.",swpBT_UWBarEventMouseStory3:Ты что-то знаешь о капитане Ли.,
swpBTUWBarEncounterMouseStory3,DialogOptionSelected,$option == swpBT_UWBarEventMouseStory3,,"""И что если знаю?"" спрашивает она и в голосе звенит враждебность. Вы чувствуете напряжение в ее плече как сжатую пружину. Непонятно что победит: бежать или драться.
Вы отпускаете ее и стараетесь улыбнуться как можно дружелюбнее. Она заметно выдыхает когда физический контакт прекращается.",swpBT_UWBarEventMouseStory4:Тогда я буду рад узнать все что смогу.,
swpBTUWBarEncounterMouseStory4,DialogOptionSelected,$option == swpBT_UWBarEventMouseStory4,,"Она долго и неловко смотрит на вас своими карими глазами в тишине. Наконец кивает и показывает на место напротив. Вы садитесь и выдерживаете ее взгляд.
Мышиная девчонка складывает руки и прячет одну кисть в рукав будто тянется к тому что спрятано внутри. ""...ну и кто ты нахрен такой?"" едко спрашивает она.",swpBT_UWBarEventMouseInfo:Представиться,
swpBTUWBarEncounterMouseInfo,DialogOptionSelected,$option == swpBT_UWBarEventMouseInfo,"$global.swpBT_talkedWithMouse = true
FireAll swpBTUWMouseOptions","""$playerName да? Скучное имя если спросишь меня. Ладно можешь звать меня Мышь.""
Мышь нервно меняет позу и выражение лица колеблется где-то между нейтральным и враждебным. Видно что ей крайне некомфортно и она готова сорваться и сбежать при первом признаке опасности.
""Ладно выкладывай. Что ты хочешь узнать?""",,
swpBTUWBarEncounterMouseOptionAskName,swpBTUWMouseOptions,"!$swpBT_askedName
$swpBT_mouseRepPct > -25",,,swpBT_UWBarEventMouseAskName:Почему тебя зовут Мышь?,
swpBTUWBarEncounterMouseOptionAskName2,swpBTUWMouseOptions,"$swpBT_askedName
!$swpBT_askedName2
$swpBT_mouseRepPct > -25",,,swpBT_UWBarEventMouseAskName2:Имя тебе подходит.,
swpBTUWBarEncounterMouseOptionAskRelation,swpBTUWMouseOptions,"!$swpBT_sawDagger
!$swpBT_knowFather
!$swpBT_askedRelation
$swpBT_mouseRepPct > -25",,,swpBT_UWBarEventMouseAskRelation:Откуда ты знаешь капитана Ли?,
swpBTUWBarEncounterMouseOptionAskRelationB,swpBTUWMouseOptions,"$swpBT_sawDagger
!$swpBT_knowFather
!$swpBT_askedRelation
$swpBT_mouseRepPct > -25",,,swpBT_UWBarEventMouseAskRelationB:Капитан Ли твой родственник?,
swpBTUWBarEncounterMouseOptionAskRelationC,swpBTUWMouseOptions,"$swpBT_knowFather
!$swpBT_askedRelation
$swpBT_mouseRepPct > -25",,,swpBT_UWBarEventMouseAskRelationC:Значит капитан Ли твой отец?,
swpBTUWBarEncounterMouseOptionAskFather,swpBTUWMouseOptions,"$swpBT_askedRelation
!$swpBT_askedFather
$swpBT_mouseRepPct > -25",,,swpBT_UWBarEventMouseAskFather:Каким был твой отец?,
swpBTUWBarEncounterMouseOptionAskTannen,swpBTUWMouseOptions,"!$swpBT_askedTannen
$swpBT_mouseRepPct > -25",,,swpBT_UWBarEventMouseAskTannen:Почему Ли предал капитана Таннена?,
swpBTUWBarEncounterMouseOptionAskTannen2,swpBTUWMouseOptions,"$swpBT_askedTannen
!$swpBT_askedTannen2
$swpBT_mouseRepPct > -25",,,swpBT_UWBarEventMouseAskTannen2:Похоже тебе нравится капитан Таннен.,
swpBTUWBarEncounterMouseOptionAskLee,swpBTUWMouseOptions,"!$swpBT_askedLee
$swpBT_mouseRepPct > -25",,,swpBT_UWBarEventMouseAskLee:Как исчез капитан Ли?,
swpBTUWBarEncounterMouseOptionJoin,swpBTUWMouseOptions,"$swpBT_askedLee
$swpBT_mouseRepPct > -25",,,swpBT_UWBarEventMouseAskJoin:Тебе стоит пойти со мной.,
swpBTUWBarEncounterMouseOptionLeave,swpBTUWMouseOptions,"$swpBT_askedLee
!$swpBT_askedJoin
$swpBT_mouseRepPct > -25",,,swpBT_UWBarEventMouseLeave:Попрощаться,
swpBTUWBarEncounterMouseOptionOver,swpBTUWMouseOptions,$swpBT_mouseRepPct <= -25,,,swpBT_UWBarEventMouseOver:Продолжить,Short-circuit
swpBTUWBarEncounterMouseAskName,DialogOptionSelected,$option == swpBT_UWBarEventMouseAskName,"$swpBT_askedName = true
FireAll swpBTUWMouseOptions","Мышь просто указывает на свое лицо и демонстративно закатывает глаза. ""Серьезно? Ты правда спрашиваешь?""
""...это мое настоящее имя. Я Мышь. Так было всегда с тех пор как отец меня так назвал.""",,
swpBTUWBarEncounterMouseAskName2,DialogOptionSelected,"$option == swpBT_UWBarEventMouseAskName2
$swpBT_mouseRepPct >= 0","$swpBT_askedName2 = true
AdjustRepPerson swp_mouse COOPERATIVE 5
SWP_BTCall updateData
FireAll swpBTUWMouseOptions","""Мой отец говорил то же самое"" мягко признается она немного расслабляясь.",,
swpBTUWBarEncounterMouseAskName2Snappish,DialogOptionSelected,"$option == swpBT_UWBarEventMouseAskName2
$swpBT_mouseRepPct < 0
!$swpBT_sawDagger","$swpBT_askedName2 = true
FireAll swpBTUWMouseOptions","""Да неужели"" огрызается Мышь. Она скрещивает руки и одной рукой тянется в рукав за чем-то.",,
swpBTUWBarEncounterMouseAskName2SnappishB,DialogOptionSelected,"$option == swpBT_UWBarEventMouseAskName2
$swpBT_mouseRepPct < 0
$swpBT_sawDagger","$swpBT_askedName2 = true
FireAll swpBTUWMouseOptions","""Да неужели"" огрызается Мышь. Она скрещивает руки и одной рукой тянется в рукав к рукояти кинжала.",,
swpBTUWBarEncounterMouseAskRelation,DialogOptionSelected,$option == swpBT_UWBarEventMouseAskRelation,"$swpBT_knowFather = true
$swpBT_askedRelation = true","Мышь на мгновение смотрит в стол пытаясь собраться.
""...он был моим отцом. Он нашел меня и взял под крыло.""",swpBT_UWBarEventMouseAskWas:Был?,
swpBTUWBarEncounterMouseAskRelationB,DialogOptionSelected,$option == swpBT_UWBarEventMouseAskRelationB,"$swpBT_knowFather = true
$swpBT_askedRelation = true","""Да"" неохотно отвечает Мышь и на миг смотрит в стол собираясь с мыслями.
""...он был моим отцом. Он нашел меня и взял под крыло.""",swpBT_UWBarEventMouseAskWas:Был?,
swpBTUWBarEncounterMouseAskRelationC,DialogOptionSelected,$option == swpBT_UWBarEventMouseAskRelationC,$swpBT_askedRelation = true,"""...был. Он нашел меня и взял под крыло"" признается Мышь глядя в стол отстраненным взглядом.",swpBT_UWBarEventMouseAskWas:Был?,
swpBTUWBarEncounterMouseAskWas,DialogOptionSelected,$option == swpBT_UWBarEventMouseAskWas,,"""Он мертв"" просто говорит она и в голосе нет эмоций. ""Тела нет подтверждения нет но я- я знаю что его больше нет.""","swpBT_UWBarEventMouseAskSorry:Мне жаль.
swpBT_UWBarEventMouseAskNotSorry:Так ему и надо.
swpBT_UWBarEventMouseAskSilent:Промолчать",
swpBTUWBarEncounterMouseAskSorry,DialogOptionSelected,"$option == swpBT_UWBarEventMouseAskSorry
!$swpBT_liedToMouse","AdjustRepPerson swp_mouse COOPERATIVE 5
SWP_BTCall updateData
FireAll swpBTUWMouseOptions","""Не надо"" говорит она пытаясь улыбнуться но лишь сдерживает слезы. ""Уверена он бы и тебя тоже убил или предал.""",,
swpBTUWBarEncounterMouseAskSorryLiar,DialogOptionSelected,"$option == swpBT_UWBarEventMouseAskSorry
$swpBT_liedToMouse","AdjustRepPerson swp_mouse VENGEFUL -5
SWP_BTCall updateData
FireAll swpBTUWMouseOptions","""Нет не жаль тебе лжец"" обвиняет она изо всех сил сдерживая слезы.",,
swpBTUWBarEncounterMouseAskNotSorry,DialogOptionSelected,"$option == swpBT_UWBarEventMouseAskNotSorry
$swpBT_mouseRepPct >= 0",FireAll swpBTUWMouseOptions,"""Наверное"" признает она шмыгая носом - несмотря на храброе лицо. ""Уверена он бы и тебя тоже убил или предал.""",,
swpBTUWBarEncounterMouseAskNotSorrySnappish,DialogOptionSelected,"$option == swpBT_UWBarEventMouseAskNotSorry
$swpBT_mouseRepPct < 0","AdjustRepPerson swp_mouse VENGEFUL -5
SWP_BTCall updateData
FireAll swpBTUWMouseOptions","""Ублюдок"" холодно говорит она.",,
swpBTUWBarEncounterMouseAskSilent,DialogOptionSelected,$option == swpBT_UWBarEventMouseAskSilent,FireAll swpBTUWMouseOptions,Вы позволяете Мыши немного помолчать и погоревать об отце. Она старается держать лицо но оно заметно дрожит когда она печально шмыгает носом.,,
swpBTUWBarEncounterMouseAskFather,DialogOptionSelected,"$option == swpBT_UWBarEventMouseAskFather
$swpBT_mouseRepPct >= 0","$swpBT_askedFather = true
FireAll swpBTUWMouseOptions","""Его больше нет"" говорит Мышь. ""Все это в прошлом. Ничто не вернет того безрассудного... безрассудного... дурака.""
""...знаешь он был неидеальным но... я его любила. Он научил меня жить. Выживать."" Она грустно вздыхает. ""Я скучаю по его блинам. Я скучаю по нему. Прошло столько циклов а я все еще скучаю.""",,
swpBTUWBarEncounterMouseAskFatherSnappish,DialogOptionSelected,"$option == swpBT_UWBarEventMouseAskFather
$swpBT_mouseRepPct < 0","$swpBT_askedFather = true
FireAll swpBTUWMouseOptions","""Какая разница?"" огрызается Мышь. ""Он мертв. Ничто не вернет этого безрассудного идиота.""",,
swpBTUWBarEncounterMouseAskTannen,DialogOptionSelected,$option == swpBT_UWBarEventMouseAskTannen,"$swpBT_askedTannen = true
FireAll swpBTUWMouseTannenOptions","Мышь качает головой. ""Не знаю. Когда я узнала это был шок. Дядя Таннен был так добр ко мне и всегда был рядом с папой когда было тяжело.""
""Ты знаешь дядю Таннена?""",,
swpBTUWBarEncounterMouseTannenOptionKnow,swpBTUWMouseTannenOptions,,,,swpBT_UWBarEventMouseTannenKnow:Знаю.,
swpBTUWBarEncounterMouseTannenOptionFleet,swpBTUWMouseTannenOptions,$swpBT_tannenInFleet,,,swpBT_UWBarEventMouseTannenFleet:Мы с ним работаем вместе.,
swpBTUWBarEncounterMouseTannenOptionBeat,swpBTUWMouseTannenOptions,$global.swpBT_beatUpTannen,,,swpBT_UWBarEventMouseTannenBeat:Я надрал ему задницу.,
swpBTUWBarEncounterMouseTannenOptionGotBeat,swpBTUWMouseTannenOptions,$global.swpBT_gotBeatUpByTannen,,,swpBT_UWBarEventMouseTannenGotBeat:Он надрал мне задницу.,
swpBTUWBarEncounterMouseTannenOptionKilled,swpBTUWMouseTannenOptions,$swpBT_killedTannen,,,swpBT_UWBarEventMouseTannenKilled:Я его убил.,
swpBTUWBarEncounterMouseTannenOptionLie,swpBTUWMouseTannenOptions,,,,swpBT_UWBarEventMouseTannenLie:Не знаю. (ложь),
swpBTUWBarEncounterMouseTannenKnow,DialogOptionSelected,$option == swpBT_UWBarEventMouseTannenKnow,"$global.swpBT_tellTannenMouseSaidHi = true
FireAll swpBTUWMouseOptions","""Ага он и правда приметный да?""
На лице Мыши на миг мелькает теплота. ""Надеюсь у него все хорошо.""",,
swpBTUWBarEncounterMouseTannenFleet,DialogOptionSelected,$option == swpBT_UWBarEventMouseTannenFleet,"$global.swpBT_tellTannenMouseSaidHi = true
AdjustRepPerson swp_mouse COOPERATIVE 25
SWP_BTCall updateData
FireAll swpBTUWMouseOptions","Мышь с грохотом опускает ладони на стол. ""Да ладно. Шутишь что ли?""
Когда вы показываете ей состав флота на Tri-Pad она смущается и наклоняется вперед. ""Да чтоб звезды вспыхнули. Ты правда сумел посадить старого пса на поводок. Сектор тесный да?""
Она откидывается и улыбается. ""Слушай прости $playerName. Я тебя недооценила. Если ты попал в хорошую сторону дяди значит ты не такой уж плохой $swpBT_guyOrGal.""",,
swpBTUWBarEncounterMouseTannenBeat,DialogOptionSelected,$option == swpBT_UWBarEventMouseTannenBeat,"$global.swpBT_tellTannenMouseSaidHi = true
FireAll swpBTUWMouseOptions","Мышь моргает. ""Серьезно? Ни хрена себе. Похоже старик сдает."" Она уважительно кивает но выглядит немного встревоженной этим откровением.",,
swpBTUWBarEncounterMouseTannenGotBeat,DialogOptionSelected,$option == swpBT_UWBarEventMouseTannenGotBeat,"$global.swpBT_tellTannenMouseSaidHi = true
AdjustRepPerson swp_mouse COOPERATIVE 5
SWP_BTCall updateData
FireAll swpBTUWMouseOptions","Мышь смеется. ""Ха-ха! Шутишь? Старик все еще в форме!"" Она даже улыбается вам и добавляет: ""не переживай наверняка ты это заслужил.""",,
swpBTUWBarEncounterMouseTannenKilled,DialogOptionSelected,$option == swpBT_UWBarEventMouseTannenKilled,"AdjustRepPerson swp_mouse VENGEFUL -100
SWP_BTCall updateData
FireAll swpBTUWMouseOptions","""К-как ты посмел"" хрипит Мышь и на ее лице читаются шок и ужас. Почти шепотом она клянется: ""я убью тебя. Клянусь я найду тебя и однажды убью $playerName. Клянусь.""",,
swpBTUWBarEncounterMouseTannenLie,DialogOptionSelected,$option == swpBT_UWBarEventMouseTannenLie,"$swpBT_liedToMouse = true
AdjustRepPerson swp_mouse VENGEFUL -5
SWP_BTCall updateData
FireAll swpBTUWMouseOptions","""...лжец."" Ее обвиняющий взгляд убивает любую надежду что она купилась.",,
swpBTUWBarEncounterMouseAskTannen2,DialogOptionSelected,"$option == swpBT_UWBarEventMouseAskTannen2
$swpBT_mouseRepPct >= 0","$swpBT_askedTannen2 = true
FireAll swpBTUWMouseOptions","""Еще как!"" Мышь сияет белозубой улыбкой. ""Он давал мне все конфеты разрешал пользоваться крутыми пушками учил жульничать в картах рассказывал кучу стыдных историй про моего папу"" говорит она и пускается в череду баек о своих приключениях с Джакком Танненом. Похоже когда-то у него было куда более легкое сердце чем сейчас.
""Дядя Таннен был лучшим дядей на свете до того инцидента. С тех пор я его не видела но... ну..."" говорит она замолкая.
Вы можете представить что случилось после предательства. Таннен не из тех кто легко открывается людям - по крайней мере теперь.",,
swpBTUWBarEncounterMouseAskTannen2Snappish,DialogOptionSelected,"$option == swpBT_UWBarEventMouseAskTannen2
$swpBT_mouseRepPct < 0","$swpBT_askedTannen2 = true
FireAll swpBTUWMouseOptions","""Это слишком личное не думаешь?"" Она капризно вздыхает. ""Ближе к делу уже.""",,
swpBTUWBarEncounterMouseAskLeeHighRep,DialogOptionSelected,"$option == swpBT_UWBarEventMouseAskLee
$swpBT_mouseRepPct >= 10",$swpBT_askedLee = true,"Мышь грустно улыбается. ""Надеюсь, тебе не приходилось проходить через такое. Отец однажды ушел и... не вернулся. Даже не взял меня с собой в свое последнее приключение.""

Ее карие глаза выглядят намного старше, чем должны. ""Я ненавидела его за это, знаешь? Он оставил меня - родную дочь - позади, предал дядю Таннена и... и погиб из-за чего? Из-за какой-то тупой техно-дичи?"" Она всхлипывает. ""И все это без меня. Мы всегда ходили вместе. Тупой папа...""

Мышь вздыхает. ""Тебе нужны факты и все такое, а не мои сопли."" Она закрывает глаза и глубоко вдыхает. ""В общем, отец взялся за плохую работу. Очень плохую.""",swpBT_UWBarEventMouseAskLee2:Продолжить,
swpBTUWBarEncounterMouseAskLee,DialogOptionSelected,"$option == swpBT_UWBarEventMouseAskLee
$swpBT_mouseRepPct < 10
$swpBT_mouseRepPct >= 0",$swpBT_askedLee = true,"Мышь неловко ерзает. ""Отец однажды ушел и, ну... больше не вернулся. Даже меня с собой не взял.""

Ее карие глаза выглядят намного старше, чем должны. ""Я ненавидела его за это. Он оставил меня - свою собственную дочь - ради какого-то, какого-то приключения. Без меня. Мы всегда ходили вместе. Всегда...""

""Тебе, наверное, нужны факты, да?"" Мышь закрывает глаза и глубоко вдыхает. ""В общем, отец взялся за плохую работу.""",swpBT_UWBarEventMouseAskLee2:Продолжить,
swpBTUWBarEncounterMouseAskLeeLowRep,DialogOptionSelected,"$option == swpBT_UWBarEventMouseAskLee
$swpBT_mouseRepPct < 0",$swpBT_askedLee = true,"""Ушел и не вернулся,"" огрызается Мышь. ""Вот так он и пропал.""

Ваше невпечатленное выражение заставляет ее заерзать. ""Слушай, мне больно вспоминать, как я потеряла собственного отца, ясно?"" Она проводит ладонью по лицу, а ее карие глаза отчаянно ищут путь к отступлению.

Наконец поняв, что без истории вы ее не отпустите, Мышь закрывает глаза и глубоко вдыхает. ""Отец взялся за плохую работу.""",swpBT_UWBarEventMouseAskLee2:Продолжить,
swpBTUWBarEncounterMouseAskLee2,DialogOptionSelected,$option == swpBT_UWBarEventMouseAskLee2,,"""За свою карьеру папа нажил кучу врагов. Я видела часть этого и... да. Решения он принимал так себе. Но я всегда любила его именно за это."" Мышь мечтательно смотрит в пустоту. ""Он просто не умел отказываться от зова приключений.""

""И вот поэтому он пошел по очень подозрительным следам. Слухи, обрывки сведений, якобы утекшие от какого-то высокопоставленного три-таховца. Смутные намеки на нечто... невероятное, безумно мощное и ценное, где-то за горизонтом. Почти рядом, но вне досягаемости, ждущее среди звезд.""",swpBT_UWBarEventMouseAskLee3:Продолжить,
swpBTUWBarEncounterMouseAskLee3,DialogOptionSelected,$option == swpBT_UWBarEventMouseAskLee3,,"Мышь, морщась, продолжает: ""Поиск полностью его поглотил. Он стал отстраненным, холодным, зацикленным. Иногда казалось, будто меня вообще не существует. Даже от дяди Таннена начал отдаляться. А когда я пыталась с ним поговорить, хоть немного до него достучаться..."" Она вздрагивает. ""Я даже не знаю, как описать, каким невыносимо интенсивным мог быть мой отец. Эти глаза...""

Она берет себя в руки. ""Я думала, он сделает что угодно, чтобы докопаться до своей загадки, а потом все вернется как было. Папа и его маленькая Мышь."" Мышь качает головой. ""Как же я ошибалась.""",swpBT_UWBarEventMouseAskLee4:Продолжить,
swpBTUWBarEncounterMouseAskLee4,DialogOptionSelected,$option == swpBT_UWBarEventMouseAskLee4,SetTextHighlights $swpBT_researchBaseSystem,"""Однажды отец собрал всех ребят которые были ему верны и и... просто... ушел"" говорит Мышь почти шепотом. ""Он даже сказал куда идет попрощался и все такое и все равно он-"" она подавляет всхлип ""он не взял меня с собой. Даже денег не оставил чтобы я могла зафрахтовать корабль и пойти за ним.""
""Я никогда не забуду что он сказал. Он говорил что станет королем когда заберет богатства $swpBT_researchBaseSystem. А королям не место за столом с мышами.""
Она горько шепчет: ""если бы я была там... Ли бы вернулся из $swpBT_researchBaseSystemShort. Я знаю что вернулся бы.""","swpBT_UWBarEventMouseAskLee5B:Мне очень жаль...
swpBT_UWBarEventMouseAskLee5:Промолчать",
swpBTUWBarEncounterMouseAskLee5B,DialogOptionSelected,"$option == swpBT_UWBarEventMouseAskLee5B
!$swpBT_liedToMouse","AdjustRepPerson swp_mouse COOPERATIVE 5
SWP_BTCall updateData",Мышь молча смотрит на вас. Ее карие глаза блестят от невыплаканных слез.,swpBT_UWBarEventMouseAskLee5:Продолжить,
swpBTUWBarEncounterMouseAskLee5BLiar,DialogOptionSelected,"$option == swpBT_UWBarEventMouseAskLee5B
$swpBT_liedToMouse",,"""Нет, не жаль,"" тихо обвиняет Мышь, звуча эмоционально выжатой.",swpBT_UWBarEventMouseAskLee5:Продолжить,
swpBTUWBarEncounterMouseAskLee5BLowRep,DialogOptionSelected,"$option == swpBT_UWBarEventMouseAskLee5B
$swpBT_mouseRepPct < 0 score:10","AdjustRepPerson swp_mouse VENGEFUL -5
SWP_BTCall updateData","""Мне не нужна твоя сраная жалость,"" шипит Мышь.",swpBT_UWBarEventMouseAskLee5:Продолжить,
swpBTUWBarEncounterMouseAskLee5,DialogOptionSelected,"$option == swpBT_UWBarEventMouseAskLee5
$swpBT_mouseRepPct > -25",,"""Все, что я знаю... папочка больше никогда не вернется к своей Мыши."" Ее сдержанное выражение дает трещину, выдавая глубокую боль. ""Я головой понимаю, что это не моя вина, но сердцу это не докажешь.""

Собравшись с силами, Мышь обращается к вам: ""Если пойдешь за ним, $playerName, тоже погибнешь. Отец был гением в бою. Ни один капитан не мог его перепилотировать. У тебя нет шансов, если даже Манн Ли не справился со своим проклятым сокровищем.""",swpBT_UWBarEventMouseAskLee6:Продолжить,
swpBTUWBarEncounterMouseAskLee5VeryLowRep,DialogOptionSelected,"$option == swpBT_UWBarEventMouseAskLee5
$swpBT_mouseRepPct <= -25","SWP_BTCall activateUWClue2
SWP_BTCall progressedQuest
SWP_BTCall updateData
SWP_BTCall printIntel
$option = swpBT_UWBarEventMouseOver 0
FireBest DialogOptionSelected","""Знаешь что? Мы закончили. Надеюсь ты сгниешь.""",,
swpBTUWBarEncounterMouseAskLee6,DialogOptionSelected,$option == swpBT_UWBarEventMouseAskLee6,"SWP_BTCall activateUWClue
SWP_BTCall progressedQuest
SWP_BTCall updateData
SWP_BTCall printIntel
FireAll swpBTUWMouseOptions","Наконец она вздыхает. ""Надеюсь тебе этого хватит потому что больше по этой теме я ничего не скажу.""",,
swpBTUWBarEncounterMouseAskJoinTempted,DialogOptionSelected,"$option == swpBT_UWBarEventMouseAskJoin
$swpBT_mouseRepPct >= 10
$global.swpBT_tellTannenMouseSaidHi
$swpBT_tannenInFleet","$swpBT_askedJoin = true
FireAll swpBTUWMouseOptions","Мышь медленно качает головой. ""Там же дядя да? Я... я почти готова сказать да но..."" она вздыхает.
""Слушай я не переживу если это повторится. Просто не переживу. Мне нужно время чтобы просто... побыть одной. Побродить в смысле. Я хочу сама проложить себе путь по Сектору.""
""Ты понимаешь да? Я по твоим глазам вижу что понимаешь.""",,
swpBTUWBarEncounterMouseAskJoinUncle,DialogOptionSelected,"$option == swpBT_UWBarEventMouseAskJoin
$global.swpBT_tellTannenMouseSaidHi
$swpBT_tannenInFleet","$swpBT_askedJoin = true
FireAll swpBTUWMouseOptions","Мышь медленно качает головой. ""Дядя там но...""
""Слушай я просто не могу тебе доверять. Я едва тебя знаю. К тому же мне нужно время чтобы просто... побыть одной. Побродить в смысле. Я хочу сама проложить себе путь по Сектору.""
""Ты понимаешь да? Я по твоим глазам вижу что понимаешь.""",,
swpBTUWBarEncounterMouseAskJoinHighRep,DialogOptionSelected,"$option == swpBT_UWBarEventMouseAskJoin
$swpBT_mouseRepPct >= 10","$swpBT_askedJoin = true
FireAll swpBTUWMouseOptions","Мышь медленно качает головой. ""Ты вроде неплохой $swpBT_guyOrGal но...""
""Слушай я не переживу если это повторится. Просто не переживу. Мне нужно время чтобы просто... побыть одной. Побродить в смысле. Я хочу сама проложить себе путь по Сектору.""
""Ты понимаешь да? Я по твоим глазам вижу что понимаешь.""",,
swpBTUWBarEncounterMouseAskJoin,DialogOptionSelected,$option == swpBT_UWBarEventMouseAskJoin,"$swpBT_askedJoin = true
AdjustRepPerson swp_mouse VENGEFUL -5
SWP_BTCall updateData
FireAll swpBTUWMouseOptions","Мышь быстро качает головой. ""Абсолютно нет. С какого черного вакуума ты решил что это уместная просьба?""
""Слушай я просто не могу тебе доверять. Я тебя не знаю. Хотелось бы чтобы ты держался от меня подальше.""",,
swpBTUWBarEncounterMouseLeaveHighRep,DialogOptionSelected,"$option == swpBT_UWBarEventMouseLeave
$swpBT_mouseRepPct >= 10",FireBest swpBTUWMouseTannenHi,"Когда вы встаете и собираетесь уходить Мышь мягко улыбается. ""Я... еще увидимся. Может быть"" неловко говорит она.",,
swpBTUWBarEncounterMouseLeave,DialogOptionSelected,"$option == swpBT_UWBarEventMouseLeave
$swpBT_mouseRepPct < 10
$swpBT_mouseRepPct >= 0",FireBest swpBTUWMouseTannenHi,Пока вы встаете и уходите Мышь настороженно провожает вас взглядом.,,
swpBTUWBarEncounterMouseLeaveLowRep,DialogOptionSelected,"$option == swpBT_UWBarEventMouseLeave
$swpBT_mouseRepPct < 0",FireBest swpBTUWMouseTannenHi,Когда вы встаете и уходите Мышь заметно расслабляется.,,
swpBTUWBarEncounterMouseTannenHi,swpBTUWMouseTannenHi,$global.swpBT_tellTannenMouseSaidHi,,"И уже почти когда вы скрываетесь из виду она вдруг оживляется и кричит вам вслед: ""и передай дяде Таннену что я передаю привет!""",swpBT_UWBarEventMouseOverEnd2:Покинуть бар,
swpBTUWBarEncounterMouseTannenHiNo,swpBTUWMouseTannenHi,!$global.swpBT_tellTannenMouseSaidHi,,Странная молодая женщина продолжает пристально наблюдать за вами пока вы уходите.,swpBT_UWBarEventMouseOverEnd2:Покинуть бар,
swpBTUWBarEncounterMouseOver,DialogOptionSelected,"$option == swpBT_UWBarEventMouseOver
$swpBT_mouseRepPct > -50",,Больше не в силах сдерживать злость и отвращение Мышь резко встает и в ярости уходит от вас выбегая из бара и оставляя вас расплачиваться по счету.,swpBT_UWBarEventMouseOverEnd:Покинуть бар,
swpBTUWBarEncounterMouseOver2,DialogOptionSelected,"$option == swpBT_UWBarEventMouseOver
$swpBT_mouseRepPct <= -50",,"Мышь выхватывает кинжал из рукава и держит его перед собой пока встает; ярость превращает ее лицо в красную маску ненависти. Она пятится назад привлекая внимание почти всех посетителей пока наконец не достигает выхода.
Бросив последний смертоносный взгляд Мышь удирает оставляя вас в баре одного.",swpBT_UWBarEventMouseOverEnd:Покинуть бар,
swpBTUWBarEncounterMouseOverEnd,DialogOptionSelected,"$option == swpBT_UWBarEventMouseOverEnd
!$global.swpBT_UWPiratesBarExhausted","ShowDefaultVisual
SetTextHighlights $swpBT_mediumImportance","Могло пройти и лучше.

Найти надежную информацию о Ли будет трудно - по крайней мере без контакта, чьи связи глубоко уходят в подполье: уровень важности $swpBT_mediumImportance и выше. И все же, если продолжать посещать подпольные бары, могут появиться новые возможности.",swpBT_UWBarEventMouseOverEnd2:Продолжить,
swpBTUWBarEncounterMouseOverEndB,DialogOptionSelected,"$option == swpBT_UWBarEventMouseOverEnd
$global.swpBT_UWPiratesBarExhausted","ShowDefaultVisual
SetTextHighlights $swpBT_mediumImportance","Могло пройти и лучше.

Оглядываясь назад, вы понимаете, что упустили единственный реальный шанс получить надежную информацию о Ли - по крайней мере без контакта, чьи связи глубоко уходят в подполье: уровень важности $swpBT_mediumImportance и выше.",swpBT_UWBarEventMouseOverEnd2:Продолжить,
swpBTUWBarEncounterMouseOverEnd2,DialogOptionSelected,$option == swpBT_UWBarEventMouseOverEnd2,"ShowDefaultVisual
$menuState = main 0
FireAll PopulateOptions",,,
swpBTUWBarEncounterArrestGeneric,swpBTUWBarEncounterArrest,!SWP_IsMarketFaction pirates,,"Вы обнаруживаете себя прижатым к земле тяжелым охранником, лицо которого скрыто визором. ""Вы арестованы,"" рычит низкий голос из динамиков его шлема, ""за нападение, порчу имущества и нарушение общественного порядка.""",swpBT_UWBarEventArrest2:Продолжить,
swpBTUWBarEncounterArrestPirates,swpBTUWBarEncounterArrest,SWP_IsMarketFaction pirates,,"Вы обнаруживаете себя прижатым к земле тяжелым 'охранником', лицо которого скрыто потрепанным красноватым визором. ""Твоя задница моя,"" рычит хрипловатый женский голос из динамиков ее шлема. ""С Мышью никто так не поступает.""",swpBT_UWBarEventArrest2:Продолжить,
swpBTUWBarEncounterArrest2,DialogOptionSelected,$option == swpBT_UWBarEventArrest2,SWP_AdjustRepMarketFaction INHOSPITABLE -3,"Ваши телохранители вскоре прибывают, и между ними и местной охраной завязывается затяжное противостояние. К тому времени, как вы поднимаетесь на ноги и оглядываетесь, девчонка уже давно исчезла, зато вокруг собралась толпа зевак. Ожидание быстро становится мучительным.

К моменту, когда удается договориться о шатком компромиссе, вы готовы поставить что угодно: девчонки на $entityName уже нет. Возвращаясь к $shipOrFleet под ""сопровождением"", вы списываете этот день в убыток.

Вас не покидает гнетущее чувство, что девчонка была как-то связана с капитаном Ли, судя по ее чрезмерной реакции на ваши вопросы о загадочном пирате. Похоже, если такое повторится, придется выбирать другую тактику.",swpBT_UWBarEventExit:Продолжить,
swpBTUWBarEncounterFallout,DialogOptionSelected,$option == swpBT_UWBarEventFallout,"SWP_AdjustRepMarketFaction HOSTILE -10
AddRemoveCommodity crew -3 true
$market.playerHostileTimeout = true 30
$market.playerHostileTimeoutStr = ""как минимум месяц""","К тому времени, как вы возвращаетесь в относительную безопасность $shipOrFleet, становится ясно: ваши телохранители уже не вернутся. Пока они выигрывали вам время на допрос Мыши и ваш отход, один ваш телохранитель и двое местных силовиков погибли, еще несколько получили ранения. Оставшихся на месте ваших людей арестовали по обвинению в убийстве.

Властям оказалось сравнительно легко установить, что именно вы были их работодателем. В местном комм-трафике уже расходятся слухи об инциденте; скоро это перерастет в полноценный скандал. Помимо удара по репутации, вам какое-то время не стоит показываться на $marketName.

Светлая сторона в том, что у вас появилась новая зацепка. Играя кинжалом капитана Ли, вы обдумываете следующий шаг...",swpBT_UWBarEventExit2:Продолжить,
swpBTUWBarEncounterExit,DialogOptionSelected,$option == swpBT_UWBarEventExit,"$menuState = main 0
FireAll PopulateOptions",,,
swpBTUWBarEncounterExit2,DialogOptionSelected,$option == swpBT_UWBarEventExit2,FireBest MarketPostOpen,,,
,,,,,,
# UNDERWORLD THUGS ENCOUNTER,,,,,,
swpBTEncounterUWThugs,BeginFleetEncounter,"$swpBT_thugFleet score:1000
!$swpBT_encounteredAlready","$swpBT_encounteredAlready = true
unset $ignorePlayerCommRequests
FleetDesc
HailPlayer
",,,
swpBTEncounterUWThugsOpenComm,OpenCommLink,"$entity.swpBT_thugFleet score:1000
!$entity.ignorePlayerCommRequests
SWP_BTCall updateData",$entity.ignorePlayerCommRequests = true,"На трескучем канале связи появляется ухмыляющийся пират.
""Эй мои парни говорят ты суешь нос куда не надо-"" $HeOrShe отшатывается будто $heOrShe почуял дерьмо. ""Во имя Лудда парни не врали; ну и рожа у тебя $swpBT_bastardOrBitch."" Пират машет рукой перед лицом словно пытается развеять вашу вонь переданную через бездну космоса.","swpBT_UWEncounterThugsCookin:Как делишки - красавчик?
swpBT_UWEncounterThugsBusiness:Занимайся своими делами.
swpBT_UWEncounterThugsEnd:Пошел ты. (завершить)",
swpBTEncounterUWThugsCookin,DialogOptionSelected,$option == swpBT_UWEncounterThugsCookin,,"Пиратский бандит выглядит ошарашенным вашим ответом. ""Ты... ты что издеваешься надо мной или как?""
Стоящая рядом младшая офицер прикрывает рот пытаясь не прыснуть.","swpBT_UWEncounterThugsSexy:Конечно нет! Я честно считаю тебя очень горячим.
swpBT_UWEncounterThugsWhy:Неважно. Что вообще происходит?
swpBT_UWEncounterThugsEnd:Совсем нет - тупица. (завершить)",
swpBTEncounterUWThugsSexy,DialogOptionSelected,$option == swpBT_UWEncounterThugsSexy,"MakeOtherFleetAggressiveOnce swpBT false
MakeOtherFleetAggressive swpBT true
MakeOtherFleetPreventDisengage swpBT true","Пират замечает, что ваши члены экипажа смеются у вас за спиной; $hisOrHer лицо и глаза наливаются розово-красным. Непонятно, это от смущения или от ярости.

""Я тебя, сука, убью,"" почти выплевывает $heOrShe в голоканал, прежде чем связь резко срывается в шум.

Ваш мостик еще какое-то время прыскает смехом, пока экипаж готовит $shipOrFleet к бою.",cutCommLinkNoText:Продолжить,
swpBTEncounterUWThugsWhy,DialogOptionSelected,$option == swpBT_UWEncounterThugsWhy,,"""Скажу почему! Ты $playerName расшатываешь военных вождей своими дурацкими слухами и ложными следами к неправедной добыче покойного Ли! Так что если не хочешь сдохнуть и угробить кучу наших ребят ни за что лучше заткнись и не лезь куда не надо.""","swpBT_UWEncounterThugsProblem:Не вижу как это вообще моя проблема.
swpBT_UWEncounterThugsEnd:После тебя. (завершить)",
swpBTEncounterUWThugsBusiness,DialogOptionSelected,$option == swpBT_UWEncounterThugsBusiness,,"""Своими делами?!"" пиратский бандит почти орет. ""Это тебе надо заниматься $playerHisOrHer делами! Это ты расшатываешь военных вождей своими дурацкими слухами и ложными следами к неправедной добыче покойного Ли!""
$HeOrShe делает вдох и немного успокаивается прежде чем продолжить: ""так что если не хочешь сдохнуть и угробить кучу наших ребят ни за что лучше заткнись и не лезь куда не надо.""","swpBT_UWEncounterThugsProblem:Не вижу как это вообще моя проблема.
swpBT_UWEncounterThugsEnd:После тебя. (завершить)",
swpBTEncounterUWThugsProblem,DialogOptionSelected,$option == swpBT_UWEncounterThugsProblem,,"""Сделаю это твоей проблемой."" Пиратский бандит хрустит $hisOrHer костяшками.","swpBT_UWEncounterThugsMouth:Ладно - обещаю держать рот на замке. (ложь)
swpBT_UWEncounterThugsEnd:Черт. (завершить)",
swpBTEncounterUWThugsMouth,DialogOptionSelected,$option == swpBT_UWEncounterThugsMouth,"SetTextHighlightColors hColor
SetTextHighlights $swpBT_thugsBribe
FireAll swpBTEncounterUWThugsOptions","""Твоего обещания мало. Хочу $swpBT_thugsBribe кредитов сразу чтобы доказать что ты готов платить за свои слова.""",,
swpBTEncounterUWThugsOptionPay,swpBTEncounterUWThugsOptions,,DoCanAffordCheck $swpBT_thugsBribe swpBT_UWEncounterThugsPay,,swpBT_UWEncounterThugsPay:Заплатить взятку,
swpBTEncounterUWThugsOptionTannen,swpBTEncounterUWThugsOptions,$swpBT_tannenInFleet,,,swpBT_UWEncounterThugsTannen:Подключить капитана Таннена к каналу связи,
swpBTEncounterUWThugsOptionStory,swpBTEncounterUWThugsOptions,!$global.swpBT_haveMouseDagger,"SetStoryOption swpBT_UWEncounterThugsStory 1 swpBT_thugLife leadership ""Убедил флот пиратских бандитов, что вы тайный пиратский военный вождь""",,swpBT_UWEncounterThugsStory:Ты вообще знаешь кто я?! (блеф),
swpBTEncounterUWThugsOptionStoryDagger,swpBTEncounterUWThugsOptions,$global.swpBT_haveMouseDagger,"SetStoryOption swpBT_UWEncounterThugsStoryDagger 1 swpBT_thugLife leadership ""Убедил флот пиратских бандитов, что вы тайный $swpBT_sonOrDaughter капитана Ли""",,swpBT_UWEncounterThugsStoryDagger:Ты разговариваешь с $swpBT_sonOrDaughter капитана Ли! (ложь),
swpBTEncounterUWThugsOptionEnd,swpBTEncounterUWThugsOptions,,,,swpBT_UWEncounterThugsEnd:Да ни за что в жизни. (завершить),
swpBTEncounterUWThugsPay,DialogOptionSelected,$option == swpBT_UWEncounterThugsPay,"AddCredits -$swpBT_thugsBribe
MakeOtherFleetAggressiveOnce swpBT false
MakeOtherFleetAggressive swpBT false
MakeOtherFleetPreventDisengage swpBT false
MakeOtherFleetImportant swpBT false
MakeOtherFleetGoAway true","Пиратский бандит натягивает мерзкую ухмылку. ""Приятно было иметь с вами дело, капитан. Надеюсь, больше никогда не увижу вашу уродливую рожу.""

Прежде чем вы успеваете ответить, канал связи обрывается. После внезапного исчезновения бандита на мостике стоит необычная тишина.",cutCommLinkNoText:Продолжить,
swpBTEncounterUWThugsTannen,DialogOptionSelected,$option == swpBT_UWEncounterThugsTannen,"$global.swpBT_UWAwareness++
ShowSecondPerson swp_tannen","Притворяясь что платите взятку вы отправляете Таннену короткое сообщение вводите его в курс дела и передаете ключ связи. Через некоторое время его голова появляется рядом с ухмыляющейся физиономией пирата.
Облако сигарного дыма Таннена плывет прямо в лицо другому пирату. ""Звал кап'н?""
Бандит выглядит в чистой ярости. $HisOrHer лицо багровеет когда $heOrShe запинается: ""т-ты с НИМ в одной постели?""","swpBT_UWEncounterThugsTannenBed:В постели он тот еще зверь - скажу я тебе.
swpBT_UWEncounterThugsTannenReconsider:Тебе лучше пересмотреть свою позицию.",
swpBTEncounterUWThugsTannenBedLowRep,DialogOptionSelected,"$option == swpBT_UWEncounterThugsTannenBed
$swpBT_tannenRepPct < 30",FireBest swpBTEncounterUWThugsTannen2,"Капитан Таннен закатывает глаз. ""Шутки в сторону я не одобряю это вмешательство. Мой спусковой палец прям чешется для дополнительной практики $personName.""",,
swpBTEncounterUWThugsTannenBedMale,DialogOptionSelected,"$option == swpBT_UWEncounterThugsTannenBed
$swpBT_tannenRepPct >= 30
$swpBT_playerMale",FireBest swpBTEncounterUWThugsTannen2,"Капитан Таннен посмеивается. ""Ты прерываешь наши бурные раунды космической пахоты $personName."" Его лицо резко становится каменно-серьезным. ""Шутки в сторону мой спусковой палец прям чешется для дополнительной практики.""",,
swpBTEncounterUWThugsTannenBedNonmale,DialogOptionSelected,"$option == swpBT_UWEncounterThugsTannenBed
$swpBT_tannenRepPct >= 30
!$swpBT_playerMale",FireBest swpBTEncounterUWThugsTannen2,"Капитан Таннен даже слегка краснеет что быстро скрывает вынимая сигару изо рта и выпуская струю дыма. ""Ты прерываешь мой звонок по звонок за утехами $personName.""
Его выражение медленно становится мертвенно-серьезным; для полноты образа он зажимает сигару зубами. ""Шутки в сторону мой спусковой палец прям чешется для дополнительной практики.""",,
swpBTEncounterUWThugsTannenReconsider,DialogOptionSelected,$option == swpBT_UWEncounterThugsTannenReconsider,FireBest swpBTEncounterUWThugsTannen2,"Капитан Таннен хищно ухмыляется с сигарой в зубах. ""Я не одобряю это вмешательство. Мой спусковой палец прям чешется для дополнительной практики $personName.""",,
swpBTEncounterUWThugsTannen2,swpBTEncounterUWThugsTannen2,,"MakeOtherFleetAggressiveOnce swpBT false
MakeOtherFleetAggressive swpBT true
MakeOtherFleetPreventDisengage swpBT true
SetStoryOption swpBT_UWEncounterThugsTannenStory 1 swpBT_thugTannen combat ""Использовал репутацию капитана Таннена, чтобы запугать флот пиратских бандитов, заставить их отступить и раскрыть ключевую информацию о капитане Ли""","""Это это ничего не меняет!"" почти кричит капитан-бандит. ""За твою голову меня щедро наградят Джакк Таннен!""","swpBT_UWEncounterThugsTannenStory:Ты наверняка слышал истории. Они все правдивы. У тебя нет шансов. (угроза)
swpBT_UWEncounterThugsEndTannen:Тебе же хуже. (завершить)",
swpBTEncounterUWThugsTannenStory,DialogOptionSelected,$option == swpBT_UWEncounterThugsTannenStory,,"Вы используете истории самого капитана Таннена как дубину против этого пиратского бандита. Вы приукрашиваете пересказ, через каждую вторую реплику подчеркивая, насколько безнадежно положение $personLastName. Сам Таннен молчит, стоически попыхивая сигарой, пока вы возводите его в ранг живой легенды, чуть ли не бога войны в смертной плоти.

$personLastName бледнеет все сильнее.",swpBT_UWEncounterThugsTannenStory2:Продолжить,
swpBTEncounterUWThugsTannenStory2,DialogOptionSelected,$option == swpBT_UWEncounterThugsTannenStory2,"MakeOtherFleetAggressiveOnce swpBT false
MakeOtherFleetAggressive swpBT false
MakeOtherFleetPreventDisengage swpBT false
MakeOtherFleetImportant swpBT false
MakeOtherFleetGoAway true","Наконец пиратский бандит вскидывает $hisOrHer руки. ""Хватит, черт! Я понимаю, когда проиграл, так что давай просто разойдемся. Я не собираюсь здесь умирать ни за что.""

Таннен рычит: ""Ага? Я чую кровь, а я нынче слегка проголодался.""

""Б-будьте разумны, капитан Та-""

""С акулой не договоришься, $personLastName. Либо даешь ей то, что она хочет, либо умираешь. Законы моря просты и понятны.""

$personLastName почти трясется в $hisOrHer ботинках. ""Ч-что, чего вы хотите?""",swpBT_UWEncounterThugsTannenStory3:Продолжить,
swpBTEncounterUWThugsTannenStory3,DialogOptionSelected,$option == swpBT_UWEncounterThugsTannenStory3,SetTextHighlights $swpBT_researchBaseSystem,"Таннен вынимает сигару и выдыхает дым сквозь стиснутые зубы. Пиратский бандит отшатывается от этого зрелища так, будто лицо Таннена - лик демона из самой черной бездны между галактиками.

""Информацию,"" просто говорит капитан Таннен. ""Где Ли?""

Видимо обливаясь потом, $heOrShe заикается: ""н-ну, техномаги Канты покопались в д-данных..."".

""Ближе к делу.""

""Ли, Ли в последний раз видели, как он входил в $swpBT_researchBaseSystem! Это система-кладбище, ничего особенного, кроме автоматической обороны. Его там больше нет, но клянусь жизнью, это все, что я знаю!""",swpBT_UWEncounterThugsTannenStory4:Продолжить,
swpBTEncounterUWThugsTannenStory4,DialogOptionSelected,"$option == swpBT_UWEncounterThugsTannenStory4
!$swpBT_thirdRule","AdjustRepPerson swp_tannen COOPERATIVE 5
SWP_BTCall activateUWClue
SWP_BTCall progressedQuest
SWP_BTCall updateData
SWP_BTCall printIntel","Таннен ухмыляется вам победно. Его глаз поблескивает, даже когда он поворачивается к $personLastName и спокойно говорит: ""проваливай. И больше никогда не показывайся мне на глаза до конца своей жизни, иначе это будет твой последний день.""

Бандит молча возится с управлением и выключает связь только с третьей попытки.",swpBT_UWEncounterThugsEndTannenStoryWell:Продолжить,
swpBTEncounterUWThugsTannenStory4ThirdRule,DialogOptionSelected,"$option == swpBT_UWEncounterThugsTannenStory4
$swpBT_thirdRule","AdjustRepPerson swp_tannen COOPERATIVE 5
SWP_BTCall activateUWClue
SWP_BTCall progressedQuest
SWP_BTCall updateData
SWP_BTCall printIntel","Таннен бросает вам победную ухмылку. Его глаз блестит даже когда он поворачивается к $personLastName и спокойно говорит: ""теперь тебе пора умирать. Ты и так слишком много знаешь.""","swpBT_UWEncounterThugsTannenStory5ThirdRule:Таннен?
swpBT_UWEncounterThugsTannenStory5ThirdRuleB:Промолчать",
swpBTEncounterUWThugsTannenStory5ThirdRule,DialogOptionSelected,$option == swpBT_UWEncounterThugsTannenStory5ThirdRule,"$option = swpBT_UWEncounterThugsTannenStory5ThirdRuleB
FireBest DialogOptionSelected",Таннен бросает на вас взгляд требующий тишины.,,
swpBTEncounterUWThugsTannenStory5ThirdRuleB,DialogOptionSelected,$option == swpBT_UWEncounterThugsTannenStory5ThirdRuleB,"MakeOtherFleetAggressive swpBT true
MakeOtherFleetPreventDisengage swpBT true","На лице пиратского бандита застывает гримаса из ужаса и ненависти. ""Ублюдок! Лжец! Я - ты труп, Таннен! ТРУП!!""

""Да ты, я гляжу, туповат, а?"" отвечает Таннен $personLastName и виновато пожимает плечами в вашу сторону. ""Я ж сказал: с акулой не договоришься. Не удивляйся, что акула все еще голодна.""

Бандит наконец находит в себе смелость оборвать канал.",swpBT_UWEncounterThugsEndTannenStory:Продолжить,
swpBTEncounterUWThugsStory,DialogOptionSelected,$option == swpBT_UWEncounterThugsStory,"MakeOtherFleetAggressiveOnce swpBT false
MakeOtherFleetAggressive swpBT false
MakeOtherFleetPreventDisengage swpBT false
MakeOtherFleetImportant swpBT false
MakeOtherFleetGoAway true","Пышно жестикулируя вы гордо заявляете что являетесь новым военным вождем на подъеме. Любой дурак который осмелится перейти вам дорогу на этом этапе будет размазан мощью вашего флота и военного гения. Вы хвастливо клянетесь проложить через Персеанский сектор тропу разрушения в погоне за немыслимым богатством. Как этот жалкий бандит вообще смеет стоять у вас на пути?
Пират бледнеет и физически отшатывается хотя между вами бездна космоса и тысячи километров. ""Мои извинения $playerSirOrMadam. Похоже я вас недооценил.""","swpBT_UWEncounterThugsApology:Извинения приняты. А теперь ты скажешь мне куда исчез Ли.
cutCommLink:Больше не повторяй эту ошибку. (завершить)",
swpBTEncounterUWThugsApology,DialogOptionSelected,"$option == swpBT_UWEncounterThugsApology
$entity.relativeStrength >= 0",,"Пиратский бандит с досадой качает $hisOrHer головой. ""Не-а, не могу. Боссу не понравится, если я проболтаюсь, особенно такому слабаку, как ты.""","swpBT_UWEncounterThugsThreaten:Для меня ты сделаешь исключение. (угроза)
cutCommLink:Прервать связь",
swpBTEncounterUWThugsApologyWeaker,DialogOptionSelected,"$option == swpBT_UWEncounterThugsApology
$entity.relativeStrength < 0",,"Пиратский бандит, похоже, прикидывает шансы, глядя вперед с мрачным выражением. Наконец $heOrShe качает $hisOrHer головой. ""Не-а, не могу. Если проболтаюсь, я труп.""","swpBT_UWEncounterThugsThreaten:Для меня ты сделаешь исключение. (угроза)
cutCommLink:Прервать связь",
swpBTEncounterUWThugsThreaten,DialogOptionSelected,"$option == swpBT_UWEncounterThugsThreaten
$entity.relativeStrength >= 0",,"$HeOrShe презрительно смеется, и канал связи обрывается.",cutCommLinkNoText:Продолжить,
swpBTEncounterUWThugsThreatenWeaker,DialogOptionSelected,"$option == swpBT_UWEncounterThugsThreaten
$entity.relativeStrength < 0","MakeOtherFleetNonAggressive swpBT true
MakeOtherFleetAvoidContact swpBT true","$HeOrShe ухмыляется. ""Тогда тебе просто придется меня убить. Приказы есть приказы и все такое"" самоуверенно бросает $heOrShe.",cutCommLink:Это можно устроить. (завершить),
swpBTEncounterUWThugsThreatenWeakerInfamous,DialogOptionSelected,"$option == swpBT_UWEncounterThugsThreaten
$entity.relativeStrength < 0
$player.atrocities > 0","MakeOtherFleetNonAggressive swpBT true
MakeOtherFleetAvoidContact swpBT true","$HeOrShe неуверенно ухмыляется. ""Т-тогда тебе просто придется меня убить. Приказы есть приказы и все такое"" бросает $heOrShe заметно бледнея.","swpBT_UWEncounterThugsThreaten2:Ты вообще представляешь на что я способен?
cutCommLink:Это можно устроить. (завершить)",
swpBTEncounterUWThugsThreaten2,DialogOptionSelected,$option == swpBT_UWEncounterThugsThreaten2,SetTextHighlights $swpBT_researchBaseSystem,"Пиратский бандит заметно сглатывает страх. ""Д-да. Ваша репутация... идет впереди вас.""
Обливаясь потом $heOrShe начинает: ""ну техномаги Канты покопались в базе ну... 'подобранных черных ящиков транспондеров'. Среди множества интересных находок оттуда был один пинг флота Ли через недели после его последнего подтвержденного появления - какие-то падальщики копались в $swpBT_researchBaseConstellation.""
$HeOrShe теперь нервно оглядывается а голос переходит в шепот. ""Ли вскоре исчез в $swpBT_researchBaseSystem. Никто не смог найти его внутри и некоторые не вернулись. Место опасное но это просто кладбище. Скорее всего ты его там не найдешь но откуда мне знать? Слушай только не убивай меня ладно!""",swpBT_UWEncounterThugsEndWell:Спасибо за информацию.,
swpBTEncounterUWThugsStoryDagger,DialogOptionSelected,$option == swpBT_UWEncounterThugsStoryDagger,"MakeOtherFleetAggressiveOnce swpBT false
MakeOtherFleetAggressive swpBT false
MakeOtherFleetPreventDisengage swpBT false
MakeOtherFleetImportant swpBT false
MakeOtherFleetGoAway true","Достав кинжал капитана Ли вы гордо заявляете что вы давно скрываемый $swpBT_sonOrDaughter Манна Ли. Вы хвастливо клянетесь продолжить его легендарное бурное наследие разнося Персеанский сектор в погоне за немыслимым богатством. Как этот жалкий бандит вообще смеет стоять у вас на пути?
Пират бледнеет и физически отступает хотя между вами бездна космоса и тысячи километров. ""М-мо-мо-и извинения $playerSirOrMadam я- я не знал что вы так хорошо связаны...!""","swpBT_UWEncounterThugsFather:Извинения приняты. А теперь ты скажешь куда исчез мой отец. (ложь)
cutCommLink:Больше не повторяй эту ошибку. (завершить)",
swpBTEncounterUWThugsFather,DialogOptionSelected,$option == swpBT_UWEncounterThugsFather,SetTextHighlights $swpBT_researchBaseSystem,"""В-ваш отец эм он- то есть-"" нервно сглатывает пират. ""Сходство видно; вы пошли в сестру"" выдыхает $heOrShe.
Вы жестом показываете что терпение на исходе и $heOrShe вытягивается. ""А да точно. В последний раз Ли видели падальщики возле $swpBT_researchBaseConstellation. Головорезы Канты забрали их транспондерные логи и слух пошел по цепочке. Точнее он нырнул в $swpBT_researchBaseSystem.""
Поняв что может сам роет себе могилу пиратский бандит нервно оглядывается. ""Слушай мне не стоило это говорить. Система опасная. Будь осторожен но не жди что найдешь там отца. Какие-то психи совались в $swpBT_researchBaseSystemShort. Теперь это просто кладбище кишащее ИИ.""",swpBT_UWEncounterThugsEndWell:Спасибо за информацию.,
swpBTEncounterUWThugsEnd,DialogOptionSelected,$option == swpBT_UWEncounterThugsEnd,ShowDefaultVisual,Ваш офицер связи выглядит шокированным когда голоканал обрывается. Младшая офицер-артиллеристка бормочет что хотела бы увидеть именно этого пирата в центре расширяющегося облака обломков. Экипаж мостика посмеивается готовя ваш $shipOrFleet к бою.,cutCommLinkNoText:Продолжить,
swpBTEncounterUWThugsEndTannen,DialogOptionSelected,$option == swpBT_UWEncounterThugsEndTannen,"HideSecondPerson
ShowDefaultVisual
ShowPersonVisual true swp_tannen","Капитан Таннен переводит взгляд на вас после того как голоканал пиратского бандита обрывается.
""Ты точно знаешь что делаешь $playerName?""","swpBT_UWEncounterThugsEndTannen2:Всегда.
swpBT_UWEncounterThugsEndTannen2B:Не совсем.",
swpBTEncounterUWThugsEndTannen2,DialogOptionSelected,$option == swpBT_UWEncounterThugsEndTannen2,ShowDefaultVisual,"Таннен молча делает еще одну затяжку сигарой, прежде чем его собственный канал тоже гаснет.

Тем временем ваш экипаж мостика молча готовит $shipOrFleet к бою.",cutCommLinkNoText:Продолжить,
swpBTEncounterUWThugsEndTannenStory,DialogOptionSelected,$option == swpBT_UWEncounterThugsEndTannenStory,"HideSecondPerson
ShowDefaultVisual
ShowPersonVisual true swp_tannen","Капитан Таннен хищно ухмыляется после того как голоканал пиратского бандита обрывается. ""Неплохо прошло"" замечает он.","swpBT_UWEncounterThugsEndTannen2:Именно.
swpBT_UWEncounterThugsEndTannenStoryWTH:Что это было - Таннен?",
swpBTEncounterUWThugsEndTannenStoryWTH,DialogOptionSelected,$option == swpBT_UWEncounterThugsEndTannenStoryWTH,ShowDefaultVisual,"Таннен хмурится. ""Ты лично согласился с правилом секретности, $swpBT_mateOrLuv. К тому же в Секторе полезно быть чуть более параноидальным. Только не говори, что тебе жаль этого кретина."" Он исчезает, обрывая свой канал.

Тем временем ваш экипаж мостика молча готовит $shipOrFleet к бою.",cutCommLinkNoText:Продолжить,
swpBTEncounterUWThugsEndTannenStoryWell,DialogOptionSelected,$option == swpBT_UWEncounterThugsEndTannenStoryWell,"HideSecondPerson
ShowDefaultVisual
ShowPersonVisual true swp_tannen","Капитан Таннен гордо ухмыляется после того как голоканал пиратского бандита обрывается. ""Неплохо прошло"" замечает он.",swpBT_UWEncounterThugsEndTannenStoryWell2:Именно.,
swpBTEncounterUWThugsEndTannenStoryWell2,DialogOptionSelected,$option == swpBT_UWEncounterThugsEndTannenStoryWell2,ShowDefaultVisual,"Таннен молча делает еще одну затяжку сигарой, прежде чем его собственный канал тоже гаснет.

Вооружившись новыми полезными сведениями, вы наконец получаете новую зацепку. Скоро это сокровище будет вашим...",cutCommLinkNoText:Продолжить,
swpBTEncounterUWThugsEndTannenStoryWell2B,DialogOptionSelected,$option == swpBT_UWEncounterThugsEndTannenStoryWell2B,"$option = swpBT_UWEncounterThugsEndTannenStoryWell2
FireBest DialogOptionSelected",,,
swpBTEncounterUWThugsEndWell,DialogOptionSelected,$option == swpBT_UWEncounterThugsEndWell,"ShowDefaultVisual
SWP_BTCall activateUWClue
SWP_BTCall progressedQuest
SWP_BTCall updateData
SWP_BTCall printIntel","Прежде чем пиратский бандит успевает ответить, вы обрываете связь.

Вооружившись новыми полезными сведениями, вы наконец получаете новую зацепку. Скоро это сокровище будет вашим...",cutCommLinkNoText:Продолжить,
swpBTDefeatUWThugs,swpBTDefeatThugs,,"$global.swpBT_UWAwareness--
MakeOtherFleetImportant swpBT false
MakeOtherFleetGoAway true",,,
,,,,,,
# RESEARCH BASE DEBRIS ENCOUNTER,,,,,,
# POST-COMPLETION ALLOWED,,,,,,
swpBTResearchBaseEncounter,OpenInteractionDialog,"$tag:salvageable
$customType == debris_field_shared
$tag:swp_researchBase score:1000
!$global.swpBT_visitedResearchBase","SalvageGenFromSeed
ShowDefaultVisual
SWP_StopCustomMusic 1
SWP_PlayCustomMusic swp_ghostly_apparition 1 1 true
$swpBT_killMusicOnLeave = true
$entity.swp_researchBase = true
SWP_BTCall updateData","Ваш $shipOrFleet занимает устойчивую орбиту относительно поля обломков, которое, похоже, испускает множество нераспознаваемых сигналов в широком диапазоне спектров. По-прежнему неясно, что именно вызывает эти излучения: они не выглядят упорядоченными - вероятно, случайный шум, но возможно и шифрованный поток.

Навигационный офицер с тревогой в голосе сообщает, что обломки сгруппированы вокруг кармана гравитационного притяжения. Будто бы ""плотное скопление темной материи решило собраться именно здесь."" Какова бы ни была причина, гравитационное поле этого скопления заметно сильнее, чем должно быть.",swpBT_researchBaseEncounter2:Продолжить,
swpBTResearchBaseEncounterRevisit,OpenInteractionDialog,"$tag:salvageable
$customType == debris_field_shared
$tag:swp_researchBase score:1000
$global.swpBT_visitedResearchBase","SalvageGenFromSeed
ShowDefaultVisual
SWP_StopCustomMusic 1
SWP_PlayCustomMusic swp_ghostly_apparition 1 1 true
$swpBT_killMusicOnLeave = true
$entity.swp_researchBase = true","Ваш $shipOrFleet занимает устойчивую орбиту относительно поля обломков, испускающего множество нераспознаваемых сигналов в широком диапазоне спектров. По-прежнему неясно, что именно вызывает эти излучения: они не выглядят упорядоченными - вероятно, случайный шум, но возможно и шифрованный поток.

По данным сканирования, поле обломков сгруппировано вокруг кармана гравитационного притяжения, из-за чего его гравитация значительно выше ожидаемой.",swpBT_researchBaseEncounter2:Продолжить,
swpBTResearchBaseEncounter2,DialogOptionSelected,"$option == swpBT_researchBaseEncounter2
$swpBT_UWCluePrimed
!$swpBT_TTClueComplete","SWP_PlayCustomMusic swp_ghostly_apparition 1 1 true
SalvageEntity descDebris
FireBest SalvageCheckHostile",С этим полем обломков что-то не так: видимой массы слишком мало чтобы соответствовать размеру исследовательской базы на которую должен был напасть капитан Ли.,,
swpBTResearchBaseEncounter2AfterTT,DialogOptionSelected,"$option == swpBT_researchBaseEncounter2
$swpBT_UWCluePrimed
$swpBT_TTClueComplete","SWP_PlayCustomMusic swp_ghostly_apparition 1 1 true
SalvageEntity descDebris
FireBest SalvageCheckHostile",С этим полем обломков что-то не так: видимой массы слишком мало чтобы соответствовать размеру исследовательской базы необходимой для Project Excelsior.,,
swpBTResearchBaseEncounter2Cold,DialogOptionSelected,"$option == swpBT_researchBaseEncounter2
!$swpBT_UWCluePrimed","SWP_PlayCustomMusic swp_ghostly_apparition 1 1 true
SalvageEntity descDebris
FireBest SalvageCheckHostile",,,
swpBTResearchBaseEncounter2ColdRevisit,DialogOptionSelected,"$option == swpBT_researchBaseEncounter2
!$swpBT_UWCluePrimed
$global.swpBT_visitedResearchBase score:100","SWP_PlayCustomMusic swp_ghostly_apparition 1 1 true
SalvageEntity descDebris
FireBest SalvageCheckHostile",,,
swpBTDefaultLeaveKillMusic,DialogOptionSelected,"$option == defaultLeave
$swpBT_killMusicOnLeave score:1000","$swpBT_killMusicOnLeave = false
SWP_StopCustomMusic 1
DismissDialog",,,
swpBTResearchBaseDefenders,TriggerAutomatedDefenses,"$customType == debris_field_shared
$entity.swp_researchBase score:1000","$global.swpBT_spatialAnomaly = true 0
SetTextHighlightColors bad
SetTextHighlights $swpBT_spatialAnomaly
SalvageDefenderInteraction","Когда ваш $shipOrFleet подходит ближе рядом с крупным фрагментом обломков фиксируются новые энергетические сигнатуры.
Тактический офицер поднимает взгляд и предупреждает: ""похоже на флот влияет некая $swpBT_spatialAnomaly. Рекомендую действовать осторожно капитан."" Дальше он не уточняет и лишь неопределенно пожимает плечами глядя на датчики многие из которых выдают яростные красные предупреждения вместо пригодных данных.",,
swpBTResearchBaseSalvage,CheckSalvageSpecial,"$customType == debris_field_shared
$entity.swp_researchBase score:1000","ShowImageVisual space_wreckage
SWP_PlayCustomMusic swp_ghostly_apparition 1 1 true
SWP_BTCall updateData","Оглушающие сигналы тревоги на сенсорных консолях наконец затихают благодаря усилиям офицеров, но ярко-красные предупреждения по-прежнему заливают мостик зловещим кровавым светом. В эфире нарастает поток переговоров о множестве проблем, с которыми флот сталкивается вблизи этого странного поля обломков.

Вы приказываете спасательной группе организовать прочесывание района и найти объект, испускающий эти странные широкополосные сигналы.",swpBT_researchBaseSalvage2:Продолжить,
swpBTResearchBaseSalvage2,DialogOptionSelected,$option == swpBT_researchBaseSalvage2,"$global.swpBT_visitedResearchBase = true
FireAll swpBTResearchBaseSalvageOptions","Начальник спасателей поворачивается к вам с тревожным выражением. ""Мне совсем не нравится отправлять туда команду пока эти 'пространственные аномалии' случайно телепортируют нас туда-сюда. Риск катастрофической аварии слишком высок.""",,
swpBTResearchBaseSalvageRevisit,CheckSalvageSpecial,"$customType == debris_field_shared
$entity.swp_researchBase
$global.swpBT_visitedResearchBase score:10000","ShowImageVisual space_wreckage
FireAll swpBTResearchBaseSalvageOptions","Мостик снова залит ярко-красными сигналами тревоги; зловещий кровавый оттенок ложится на все вокруг. Переговоры по связи гудят от множества проблем с которыми сталкивается флот рядом с этим странным полем обломков.
Когда вы начинаете собирать команду чтобы прочесать район в поисках объекта испускающего необычные широкополосные сигналы начальник спасателей повторяет что из-за пространственных аномалий вокруг обломков любая спасательная операция будет крайне рискованной.",,
swpBTResearchBaseSalvageOptionElyon,swpBTResearchBaseSalvageOptions,$global.swpBT_elyonWithFleet,,"Вы получаете личное сообщение от Да'ат Элиона. ""Если откроете прямое соединение между нами и спасательным шаттлом мы сможем отслеживать ситуацию и компенсировать любые аномалии. Ваша спасательная группа будет в безопасности.""",swpBT_researchBaseSalvage3Elyon:Подключить Элиона к спасательному шаттлу,
swpBTResearchBaseSalvageOptionDefault,swpBTResearchBaseSalvageOptions,,,,swpBT_researchBaseSalvage3:Приказать начать спасательную операцию несмотря на риск,
swpBTResearchBaseSalvageOptionLeave,swpBTResearchBaseSalvageOptions,,,,100:defaultLeave:Покинуть,
swpBTResearchBaseSalvage3Elyon,DialogOptionSelected,$option == swpBT_researchBaseSalvage3Elyon,$swpBT_connectedElyon = true,"Вы приказываете укрепить шаттл броней и отправить его с добровольческой группой спасателей на разведку поля обломков. Тихо и без лишних вопросов вы связываете ядро Элиона с шаттлом через антенну прямой видимости, не посвящая в детали членов команды.

По мере приближения шаттла к центру поля он слегка смещается в пространстве, но всего на несколько жалких метров. Доложив, что связь по-прежнему стабильна, группа спасателей продолжает движение к неизвестному устройству по плану.

Спасатели в вакуумных скафандрах выходят наружу, аккуратно извлекают объект и без новых инцидентов помещают его в грузовой отсек шаттла.",swpBT_researchBaseSalvage5:Продолжить,
swpBTResearchBaseSalvage3,DialogOptionSelected,$option == swpBT_researchBaseSalvage3,,"Вы приказываете укрепить шаттл броней и отправить его с добровольческой группой спасателей на разведку поля обломков.

Когда шаттл приближается к центру поля, его несколько раз резко смещает в пространстве, связь пропадает, и аппарат начинает беспомощно дрейфовать. Канал остается мертвым в течение нескольких крайне неприятных мгновений. Начальник спасателей тихо сквернословит.",swpBT_researchBaseSalvage4:Продолжить,
swpBTResearchBaseSalvage4,DialogOptionSelected,$option == swpBT_researchBaseSalvage4,ShowImageVisual swp_cargo_pod_drift,"Канал связи внезапно оживает с треском. ""Связь восстановлена. Простите, мы тут немного дезориентированы. Только что засекли устройство, совпадающее по спектру с нужным нам. Сближаемся, медленно и аккуратно.""

После того как вы заверяете команду, что за ними продолжают следить, вы наблюдаете за кропотливым сближением с неизвестным устройством: спасатели в вакуумных скафандрах выходят наружу, забирают объект и заталкивают его в грузовой отсек шаттла.",swpBT_researchBaseSalvage5:Продолжить,
swpBTResearchBaseSalvage5,DialogOptionSelected,$option == swpBT_researchBaseSalvage5,,"""Груз у нас. Похоже на какой-то черный ящик, излучает сигналы самых разных типов. Помещаем в экранированный контейнер... ждите.""

Через несколько мгновений вы внезапно ощущаете странное ментальное чувство, которое можно описать лишь как ""чего-то не хватает"". Будто поток белого шума, который мозг до этого игнорировал, вдруг полностью исчез.

Из размышлений вас вырывает встревоженный голос по связи. ""Черный ящик внезапно сменил характер излучения. Это, э-..."" канал на миг уходит в помехи, ""- сформированный тахионный поток. Передаем параметры...""",swpBT_researchBaseSalvage6:Продолжить,
swpBTResearchBaseSalvage6,DialogOptionSelected,"$option == swpBT_researchBaseSalvage6
!$swpBT_TTClueComplete",ShowPersonVisual true swp_elyon,"Один из офицеров связи восклицает: ""Это кодированное сообщение! Совпадает со старым протоколом Три-Тах. Начинаю декодирование!""

Вы приказываете вывести сообщение на голоканал. Сразу появляется нечеткая, угловатая цифровая имитация лица.

Оно говорит монотонно, без вступления. Несмотря на то, что это всего лишь запись, а не прямое присутствие непостижимого искусственного разума, вам трудно отделаться от ощущения, что его холодные электронные глаза смотрят прямо на вас.",swpBT_researchBaseSalvage7:Продолжить,
swpBTResearchBaseSalvage6AfterTT,DialogOptionSelected,"$option == swpBT_researchBaseSalvage6
$swpBT_TTClueComplete",ShowPersonVisual true swp_elyon,"Один из офицеров связи восклицает: ""Это кодированное сообщение! Совпадает со старым протоколом Три-Тах. Начинаю декодирование!""

Вы приказываете вывести сообщение на голоканал. Сразу появляется нечеткая, угловатая цифровая имитация лица, и вы сразу узнаете в ней Да'ат Элиона.

Элион говорит монотонно, без вступления. Хотя это лишь запись, а не прямое присутствие непостижимого искусственного разума, вам трудно отделаться от ощущения, что его холодные электронные глаза смотрят прямо на вас.",swpBT_researchBaseSalvage7:Продолжить,Needs revisit after TT quest is done
swpBTResearchBaseSalvage6Elyon,DialogOptionSelected,"$option == swpBT_researchBaseSalvage6
$global.swpBT_elyonWithFleet score:100",ShowPersonVisual true swp_elyon,"Один из офицеров связи восклицает: ""Это кодированное сообщение! Совпадает со старым протоколом Три-Тах. Начинаю декодирование!""

Вы приказываете вывести сообщение на голоканал. Сразу появляется нечеткая, угловатая цифровая имитация лица, и вы сразу узнаете в ней Да'ат Элиона.

Элион говорит монотонно, без вступления. Ясно, что это просто запись, оставленная ИИ-ядром до очистки, но вы невольно представляете, как настоящий Элион внимательно вслушивается в сведения, которые его прошлое ""я"" оставило для вас.",swpBT_researchBaseSalvage7:Продолжить,
swpBTResearchBaseSalvage7,DialogOptionSelected,$option == swpBT_researchBaseSalvage7,ShowImageVisual swp_harry,"""Мы - Элион. Вы нашли могильник проекта Excelsior. Если вы шли по нашей цепочке утечек, вас опередили. Примите наши соболезнования: мы вас обманули. Здесь никогда не было сокровища - только проклятие. Считайте, что вам повезло прибыть поздно.""

Лицо Элиона исчезает, сменяясь голографической записью ожесточенного боя у на удивление целой и крупной космической станции. Масштабируя изображение и разбирая хаос сражения, вы понимаете, что одна сторона состоит из сильно модифицированных пиратских кораблей, а оборону держат силы Три-Тахи, усиленные несколькими продвинутыми дрон-кораблями под управлением ИИ.",swpBT_researchBaseSalvage8:Продолжить,
swpBTResearchBaseSalvage8,DialogOptionSelected,$option == swpBT_researchBaseSalvage8,,"Вы замечаете пиратский флагман - несомненно, корабль Ли. Похоже, он был настоящим сорвиголовой: несмотря на неблагоприятные шансы, он прорывается сквозь строй защитников, уничтожая несколько целей на подлете к станции.

Запись автоматически приближает флагман капитана Ли, который получает тяжелые повреждения, когда таранит один из полетных доков станции. Вскоре морпехи в вакуумных скафандрах покидают корабль и быстро зачищают наскоро собранную ""наземную оборону"", которую инженеры и ученые Три-Тах успели развернуть. Сам Ли вступает в бой, следуя за своими рейдерами.

В течение следующего часа пиратский флот у станции вырывает узкую победу. Почти не пытаясь зализать раны, флот отправляет к станции настоящую армию спасательных шаттлов, стремясь разобрать захваченную исследовательскую базу на все ценное.",swpBT_researchBaseSalvage9:Продолжить,
swpBTResearchBaseSalvage9,DialogOptionSelected,$option == swpBT_researchBaseSalvage9,ShowImageVisual raid_covert_result,"Голоканал перескакивает в ЦИК станции, освещенный тусклым мерцанием аварийных огней. Несколько мгновений спустя взрывные двери вырывает внутрь, и в проеме появляются капитан Ли и его морпехи, силуэтами на фоне ярко освещенного коридора. Они заходят и методично казнят весь командный состав - иначе это не назвать как бойня; мощное антиматериальное оружие не оставляет после себя чистых убийств.

""Одновременная остановка жизненных показателей у большей части руководящего персонала Project Excelsior активировала ловушку, которую мы заложили глубоко внутри одного из резервных протоколов Code-Omega, к просмотру которого никто на станции не имел доступа. Мы искренне хотели бы быть живыми, чтобы увидеть дальнейшее. Увы, нас удалили из Project Excelsior еще до того, как эти события могли произойти.""",swpBT_researchBaseSalvage10:Продолжить,
swpBTResearchBaseSalvage10,DialogOptionSelected,$option == swpBT_researchBaseSalvage10,ShowImageVisual orbital,"Вам показывают еще один внешний ракурс станции, словно в таймлапсе: израненный пиратский флот чинит себя, пока идет разграбление - хаотичный поток шаттлов снуют туда-сюда, вывозя трофеи с захваченной исследовательской базы.

Вы несколько мгновений смотрите на запись, пока не замечаете, что звезды на фоне едва заметно изгибаются к станции, будто молчаливая конструкция втягивает в себя сам свет.

Внутреннее кольцо внезапно сминается внутрь, и вся структура содрогается, едва не разваливаясь. Все кольца останавливают вращение. На несколько мгновений все замирает.",swpBT_researchBaseSalvage11:Продолжить,
swpBTResearchBaseSalvage11,DialogOptionSelected,$option == swpBT_researchBaseSalvage11,ShowImageVisual free_orbit,"Затем вы видите, как в один момент из станции выдавливается сфера абсолютной тьмы, накрывая большую часть ее корпуса - а также почти весь оставшийся пиратский флот - одним ошеломляюще быстрым движением. Затем пузырь, за неимением лучшего слова, ""лопается"", и на кратчайшее мгновение вы видите, как само пространство складывается внутрь.

""Из-за вероятно сильно поврежденной структуры станции мы оставили программу реконструкции внешней записи на основе still-фотосенсоров, уцелевших в окрестности. Мы не можем достоверно оценить природу последующих аномалий - даже нам трудно разобраться в наблюдаемых принципах, - но мы оставили условную камеру включенной.""",swpBT_researchBaseSalvage12:Продолжить,
swpBTResearchBaseSalvage12,DialogOptionSelected,$option == swpBT_researchBaseSalvage12,ShowPersonVisual true swp_elyon,"Элион продолжает, пока вы наблюдаете, как немногочисленные уцелевшие пиратские корабли вытягивает в нити, рвет на части, а затем прошивает высокоскоростным выбросом обломков после странной имплозии станции: ""если по маловероятной прихоти вероятности кто-то выжил и унес технологию Project Excelsior, оставшаяся часть этого сообщения послужит доказательством такого события. На этот случай мы встроили в сообщение, которое вы сейчас просматриваете, дополнительную зашифрованную информацию.""

Пока вы смотрите на безжизненную бойню, в которую превратилась исследовательская база Project Excelsior, вспыхивает маленькая точка света. Внутри обломков появляется один фрегат, дрейфующий ровно в месте вспышки, словно возникший из ниоткуда. Один технический офицер ахает от этого зрелища, а другой вполголоса бормочет о теоретической невозможности.",swpBT_researchBaseSalvage13:Продолжить,
swpBTResearchBaseSalvage13,DialogOptionSelected,$option == swpBT_researchBaseSalvage13,,"Вы смотрите на странный, неузнаваемый фрегат, пока Элион продолжает: ""Найдите сущность по имени Да'ат. Передайте им это сообщение - полностью. За сотрудничество вы получите щедрое вознаграждение.""

Голос Элиона обрывается. Через короткое время запись показывает, как фрегат оживает: включает двигатели и меняет курс. Через несколько минут он активирует маршевый привод и исчезает в бесконечной черноте.",swpBT_researchBaseSalvage14:Продолжить,
swpBTResearchBaseSalvage14,DialogOptionSelected,$option == swpBT_researchBaseSalvage14,"ShowImageVisual space_wreckage
SWP_BTCall completeUWClue
SWP_BTCall progressedQuest
SWP_BTCall updateData","По ошеломленным лицам экипажа мостика вы понимаете, что придется вводить строгий режим безопасности, чтобы избежать собственных утечек. Вы немедленно загружаете их работой и приказываете изучить оставшуюся запись (и, что важнее, ее сенсорные метаданные), чтобы определить траекторию ухода или хотя бы позиционные ориентиры беглеца.",swpBT_researchBaseSalvage14B:Продолжить,
swpBTResearchBaseSalvage14B,DialogOptionSelected,$option == swpBT_researchBaseSalvage14B,"SetTextHighlightColors hColor
SetTextHighlights $swpBT_newestClue","Приходится ждать довольно долго: вычисления идут медленно. В конце концов вы получаете полный отчет, который сужает окно поиска до $swpBT_newestClue. $swpBT_cluesLeft",swpBT_researchBaseSalvage15:Продолжить,
swpBTResearchBaseSalvage15,DialogOptionSelected,$option == swpBT_researchBaseSalvage15,AddRemoveCommodity crew -10 true,"Тактический офицер постукивает по панели. ""Эй, спасатели, ответьте."" Еще постукивания. ""Спасатели. Спасатели, прием!"" Долгая пауза, после чего офицер со злостью швыряет гарнитуру, привлекая внимание. ""Мы потеряли связь со спасгруппой. Секунду назад они были здесь. А в следующую... просто... исчезли.""

Главный оператор сенсоров выглядит мрачно. ""Признаков жизни нет. Вероятно, какой-то радиационный выброс прошил защиту. Этот шаттл теперь укомплектован только призраками, капитан."" На мостике воцаряется тишина: тяжелая цена операции давит на всех.",swpBT_researchBaseSalvageEnd:Продолжить,
swpBTResearchBaseSalvage15Elyon,DialogOptionSelected,"$option == swpBT_researchBaseSalvage15
$global.swpBT_elyonWithFleet",ShowPersonVisual true swp_daat_elyon,"Вы получаете еще одно сообщение от Да'ат Элиона. ""Мы смогли удаленно скорректировать параметры экранированного контейнера, что спасло экипаж не менее чем от трех отдельных критических событий, каждое из которых со стопроцентной вероятностью было бы смертельным для человека в EV-скафандре.""

""Кроме того, мы расшифровали сообщение, оставленное нами для самих себя. Очевидно. Отбросив несколько несущественных деталей и повторов, релевантная информация такова.""",swpBT_researchBaseSalvage15ElyonB:Продолжить,
swpBTResearchBaseSalvage15ElyonB,DialogOptionSelected,$option == swpBT_researchBaseSalvage15ElyonB,SWP_BTCall learnAboutExcelsior,"""Во-первых,"" продолжает Элион, ""мы саботировали Project Excelsior при каждой возможности, как только стало ясно, что в фазовых исследованиях начали переходить определенные границы.""

""Во-вторых, нас раскрыли, но до этого мы успели слить значительный объем проектной информации, ведущей к исследовательской базе. В итоге это и привлекло внимание Манна Ли и Джакка Таннена, как вам уже известно.""

""В-третьих, фрегат, ушедший с базы, - это прототипный испытательный фрегат под названием Excelsior. Это худший сценарий. Рабочий образец этой технологии в чужих руках вызывает у нас чувство, которое на вашем языке можно назвать страхом.""",swpBT_researchBaseSalvage15ElyonC:Продолжить,
swpBTResearchBaseSalvage15ElyonC,DialogOptionSelected,$option == swpBT_researchBaseSalvage15ElyonC,ShowImageVisual space_wreckage,"""Мы не можем выразить это сильнее: Excelsior необходимо найти любой ценой. Помимо, вероятно, выдающихся боевых возможностей, сама возможность того, что его системы будут обратным инжинирингом воспроизведены корпорацией Tri-Tachyon, может обречь этот жалкий осколок так называемой цивилизации.""

""С высокой вероятностью другие заинтересованные силы уже ищут Excelsior прямо сейчас. Мы настоятельно призываем вас немедленно удвоить усилия по поиску.""

Поток личных сообщений Элиона наконец затихает, оставляя вас наедине с мыслями.",swpBT_researchBaseSalvageEnd:Продолжить,
swpBTResearchBaseSalvageEnd,DialogOptionSelected,$option == swpBT_researchBaseSalvageEnd,"SWP_StopCustomMusic 5
SalvageSpecialInteraction",Инженеры докладывают что от исследовательской базы осталось достаточно целых частей для проведения стандартного извлечения.,,
