id,type,text1,text2,text3,notes
,,,,,
,,,,,
# WEAPONS WEAPONS WEAPONS
,,,,,
,,,,,
,,,,,
SCY_Fhammer,WEAPON,"Промышленный инструмент, предназначенный для дробления астероидов и манипуляции обломками для извлечения ресурсов.",роль,,
SCY_Frotary,WEAPON," Роторный вариант вулкана, способный выдерживать продолжительные очереди без громоздкой системы охлаждения корабельной версии оружия.",Универсальное,,
SCY_Fcluster,WEAPON," Запускает МИРВ-торпеду, содержащую десять небольших неуправляемых боевых частей, предназначенных для рассеивания в смертоносное облако, которое трудно избежать или перехватить.",Ударное,,
SCY_Fbeam,WEAPON," Маломасштабный лучевой излучатель с ограниченным пробитием брони, но хорошо подходящий для борьбы с другими истребителями или лёгкими фрегатами.",Против истребителей,,
SCY_Fswarmer,WEAPON, Крошечные и проворные противоистребительные ракеты с ограниченной боевой частью.,Против истребителей,,
SCY_Fgrenade,WEAPON," Космическая масштабированная гранатомётная установка, способная насыщать защиту цели мелкими, трудно перехватываемыми бомбочками.",Ударное,,
SCY_Fseb,WEAPON," Лёгкий бластер, слегка недостаточно мощный для корабельного использования, который был облегчён для установки на корпус ударного корабля. Высокий урон за выстрел и скорость снаряда, но низкая скорострельность.",Универсальное,,
SCY_Frocket,WEAPON," Кинетические лёгкие противощитовые ракеты, предназначенные для быстрого создания преимущества для ударных кораблей Скиан при борьбе с сильно защищёнными целями.",,,
,,,,,
,,,,,
,,,,,
#SCPB
,,,,,
,,,,,
,,,,,
SCY_scpb,WEAPON," Сверхзаряженный импульсный луч максимизирует потенциал взрывного урона в ущерб постоянной мощности. Созданный специально для носовой батареи Немейского льва, он предназначен для выведения цели из строя одним ударом, давая оружию передышку для безопасной перезарядки накопителей. Невероятное количество энергии, необходимое для выстрела из этого оружия, ограничивает его использование лишь несколькими моделями кораблей, но очень немногие другие системы вооружения могут похвастаться такой разрушительной мощью в сочетании с идеальной точностью и большой дальностью.

 Изначально целью было создать импульсную версию хорошо известного, хотя и не совсем обычного, высокоинтенсивного лазера. Но инженеры не до конца понимали надёжность ВИЛ, пока не начали экспериментировать со всё более мощными и короткими импульсами. Финальная итерация этого оружия едва ли напоминает ВИЛ по принципу действия, но всё ещё использует тот же самый генератор в качестве ядра, что является свидетельством инженерного мастерства Домена. Таким образом, это одно из наиболее эффективных по расходу флюкса оружий в арсенале Скиан.

 Сдвиг частоты излучателя имел неприятное последствие в виде заметного увеличения выделения рентгеновских и гамма-лучей при выстреле. Этот побочный эффект был несколько смягчён установкой противорадиационных полей, но из-за геометрических ограничений генерации поля и необходимости оставлять отверстие для луча, рассеивание радиации удалось направить только в виде плоского конуса вперёд. Чтобы ограничить облучение экипажа, этот конус ориентирован вдоль плоскости поверхности корпуса корабля, а две дополнительные противорадиационные пластины закрывают дуло оружия, заботясь об остаточных утечках.

 Внешний дизайн намеренно далёк от вдохновителя, чтобы избежать внимания военных исследователей и производителей Три-Тахиона: Инженерный колледж Скиан желает помешать другим переделывать ВИЛы в полноценное штурмовое оружие!",Штурмовое,,
,,,,,
,,,,,
,,,,,
#UHEB
,,,,,
,,,,,
,,,,,
SCY_uheb,WEAPON," Крупное энергетическое оружие, рождённое в результате переработки стандартного тяжёлого бластера. Отличается повышенной скорострельностью, ЭМИ-заряженными болтами, увеличенной скоростью, а также немного большей дальностью и лучшей эффективностью по флюксу. Однако оно крупнее, поворотная часть вращается гораздо медленнее и менее точна. Высоко ценится офицерами Скиан за свой «универсальный» профиль.

 Внутренне было сделано немного модификаций по сравнению с оригинальным тяжёлым бластером, кроме перекомпоновки компонентов в более узкую и длинную форму. Основным дополнением стала специальная апертура с особыми фокусирующими полями, настроенными под удлинённую камеру. Эта конфигурация позволяет добиться значительно более высокой скорости снаряда, сохраняющего когерентность на больших дистанциях.

 Хотя это оружие изначально предназначалось как простая в использовании альтернатива плазменной пушке с лучшим подавлением щитов, оно довольно успешно применялось в боях, где не требовался высокий взрывной урон. У.Т.Э.Б. обычно считается эффективным универсальным оружием: приличное в любой ситуации как против мелких, так и против крупных целей, и не требует работы в тандеме с другой моделью оружия.",Штурмовое,,
,,,,,
,,,,,
,,,,,
#TEB
,,,,,
,,,,,
,,,,,
SCY_teb,WEAPON," Этот тройной энергетический бластер родился в результате возрождения снятого с производства энергетического бластера, который давно был заменён его тяжёлым вариантом в качестве стандарта Домена. Хотя по сырой мощности он уступает, прогресс в материаловедении с момента его снятия позволил провести обширную миниатюризацию, достаточную, чтобы разместить три таких бластера в одном корпусе среднего оружия.

 В первые дни существования флота Скиан старый энергетический бластер был единственным доступным им универсальным штурмовым оружием. Им ещё не удалось заполучить Тяжёлый бластер УАК, марк два ХЕМора неэффективен против мощных щитов, а их кинетическое оружие было ещё в зачаточном состоянии. Иггдрасиль получил чертежи энергетического бластера от одного из независимых миров, которым они помогали до вынужденного изгнания, но оружие явно уступало любому современному оборудованию и пробивало только самую лёгкую броню. Однако то, что оно было настолько устаревшим, также означало, что есть много возможностей для улучшений с использованием современных материалов и инженерии.

 Первоначальное волнение от возможности умножить мощность их энергетических бластеров было несколько омрачено зрелищным провалом стендового прототипа. Как оказалось, даже с использованием модернизированных сплавов, якобы «завышенные» системы охлаждения и параллельные шины питания не могли быть минимизированы без серьёзных последствий как для оружия, так и для любого находящегося поблизости персонала. То, что могло бы стать прямым улучшением тяжёлого бластера, потребовало ограничителей для снижения энергии, высвобождаемой при каждом выстреле, чтобы сохранить компоненты и дать время на рассеивание тепла. Тем не менее, это оружие прочно занимает место жизнеспособной альтернативы тяжёлому бластеру в категории короткодистанционного высокоуронного энергетического оружия.",Штурмовое,,
,,,,,
,,,,,
,,,,,
#SEB
,,,,,
,,,,,
,,,,,
SCY_seb,WEAPON," Изначально давно снятый с производства среднеразмерный предшественник тяжёлого бластера. Благодаря опыту Скиан в области современных лёгких материалов, он был миниатюризирован до размеров малого слота. Обладая схожими характеристиками со своим более крупным собратом, включая высокий урон за выстрел и скорость снаряда, это оружие сдерживается довольно низкой скорострельностью.

 Побочный продукт разработки тройного энергетического бластера: когда инженеры Скиан смогли разместить три миниатюрных энергетических бластера в корпусе оружия, подходящем для среднего слота, они почти случайно осознали, что один такой легко может быть использован на фрегатах и других малых кораблях. Хотя скорострельность пришлось сохранить низкой для охлаждения, полученное устройство бьёт намного сильнее обычного оружия такого размера, за исключением редкого аннигиляторного бластера.",Штурмовое,,
,,,,,
,,,,,
,,,,,
#SCATTER BEAM
,,,,,
,,,,,
,,,,,
SCY_scatter,WEAPON," Объединение семи излучателей тактического лазерного класса в быстрый разрядный накопитель вместо постоянного источника питания дало это мощное штурмовое оружие, сравнимое с фазовым копьём.

 После успеха конструкции сверхзаряженного импульсного луча адмиралтейство запросило оружие среднего размера, способное выдавать аналогичную высокую скорострельность в сочетании с мощными взрывными очередями, но с длительными паузами между ними. В то время у инженеров не было рабочего примера фазового копья для работы, но они понимали теорию его функционирования. Они естественным образом обратились к вездесущему тактическому лазеру и попытались улучшить его, используя те же методы, которые превратили смирный высокоинтенсивный лазер в яростное штурмовое оружие С.З.И.Л. К сожалению, результаты были, мягко говоря, неудовлетворительными. Первые прототипы были несколько мощнее исходного излучателя, но резко возросли проблемы с флюксом, а также резко сократился срок службы компонентов. Фокусирующая аппаратура также с трудом справлялась с повышенной мощностью, что имело побочный эффект значительного снижения эффективной дальности. В попытке снизить нагрузку на наиболее чувствительные компоненты несколько излучателей были установлены параллельно. Однако такое расположение потребовало бы гораздо более крупного корпуса башни для размещения всех их быстрых разрядных накопителей. Определённо слишком большого для среднего слота.

 Остроумное решение, которое нашли, заключалось в подключении всех семи излучателей к одному большому накопителю с более высокой эффективностью. Недостатком было то, что полный заряд должен был расходоваться одной очередью вместо нескольких последовательных. Кроме того, апертуры расположены так близко друг к другу, что тепловые деформации имеют тенденцию слегка рассеивать лучи, снижая эффективность против брони. Тем не менее, урон за короткий импульс ошеломляет по сравнению с тем, что девять тактических лазеров могли бы сделать за то же время. Эта конфигурация удивила многих капитанов в пылу битвы, поскольку энергетическая сигнатура оружия всё ещё регистрируется как несколько «тактических лазеров» в большинстве баз данных угроз, а энергоэффективность остаётся схожей, что высоко ценится капитанами Скиан. Однако, несмотря на все усилия инженеров, это оружие всё ещё необычно велико: оно требует специальных усиленных креплений для установки в средний слот, что значительно снижает его номинальную скорость поворота.",Штурмовое,,
,,,,,
,,,,,
,,,,,
#LVDS
,,,,,
,,,,,
,,,,,
SCY_lvds,WEAPON," Промежуточное решение противовоздушной обороны для защиты всего флота. Л.В.Д.С., вскоре прозванный «Лютиками», обеспечивает адекватные результаты перехвата ракет на большой дальности, приличный урон по истребителям, превосходное сопровождение и энергоэффективность — всё в простом для установки пакете.

 Хотя флот Скиан уже имел несколько малых решений ПРО, необходимость борьбы с защищёнными истребителями создала спрос на оружие среднего размера. Получив задание экспериментировать с увеличенным лазером ПРО дальнего действия, инженеры Скиан обнаружили, что стандартный излучатель имеет ограничитель, предотвращающий чрезмерный износ компонентов и перегрев. Просто добавив массивную модернизированную систему охлаждения, им удалось значительно повысить эффективность преобразования энергии оружия, почти утроив мощность при аналогичных требованиях к энергии.

 Усиленная башня также оснащена гироскопом третьего класса, позволяющим оружию вращаться почти так же быстро, как его меньший аналог, несмотря на дополнительную массу. В дополнение к простой конструкции силовых каналов, оружие исключительно хорошо сбалансировано, оказывая минимальное напряжение на стандартное модульное крепление. Эти характеристики определили новый стандарт сертификации «Подключай и работай» для лёгкости установки будущих конструкций оружия Скиан.",ПКО,,
,,,,,
,,,,,
,,,,,
#HACKING COMMLINK
,,,,,
,,,,,
,,,,,
SCY_hack,WEAPON," Оснащённое коммуникационными антеннами прямой видимости и быстрыми компьютерами, это оружие быстро взаимодействует с внутренней сетью цели, чтобы отключить её системы и вызвать разрушительные локальные электрические перегрузки. Щиты снижают скорость передачи данных, но не могут полностью её нейтрализовать.

 Самое первое оружие, созданное для флота Скиан, датируемое временами Первой Великой Экспедиции Александра Грана. Первоначальная конструкция представляла собой простой набор коммуникационных лазеров и антенн, установленных на поворотном механизме, но с тех пор она была улучшена путём бронирования корпуса оружия и оснащения резервными системами для функционирования даже в гуще битвы. Хотя принцип его работы остался прежним: поиск всех сетей ближней связи, которые корабль транслирует между собой и своими союзниками/дронами/ракетами, и попытка взломать соединение методом грубой силы. Затем операторы оружия атакуют наиболее уязвимые системы и пытаются вывести из строя оружие и двигатели корабля или перегрузить устройства, вызывая небольшие внутренние взрывы. Если целью является ракета, они попытаются вызвать детонацию боеголовки или отключить её двигатели.

 Несмотря на то, что изначально это было импровизированное не боевое оружие, оно всё ещё может оказаться чрезвычайно мощным, так как его эффективность резко возрастает при массированном применении. Несколько таких могут заставить замолчать пылающий крейсер за считанные секунды, но если связь по какой-либо причине прервётся, вражеский экипаж быстро вернёт контроль над своим кораблём. Исключением из этого правила является их несколько ограниченная эффективность против ракет: поскольку одновременно можно взломать лишь ограниченное количество систем, эффект не накапливается против более мелких целей. Тем не менее, смертоносный Атропос может быть отключен примерно за то же время, что и хлипкий Свармер.",ПКО,,
,,,,,
,,,,,
,,,,,
#OSCILLATING BEAM
,,,,,
,,,,,
,,,,,
SCY_oscillating,WEAPON," Как следует из названия, это лучевое оружие стреляет стандартным тактическим лазером, перегруженным далеко за пределы его нормальных рабочих параметров. Повышенная рабочая температура вызывает искажение фокусирующей линзы во время работы.

 Изначально задуманное как среднеразмерный дальнобойный/среднемощный луч, оно было лишено тяжёлой системы охлаждения, чтобы поместиться в малый модульный слот. Благодаря некоторым уступкам в максимальной дальности и мощности, луч можно использовать надёжно. Тем не менее, выделяемого тепла достаточно, чтобы деформировать корпус и линзы, вызывая характерную вибрацию луча при продолжительных очередях. Была установлена компенсирующая система, которая перенаправляет луч и удерживает его на цели, несмотря на большинство мелких отклонений, но она не может полностью нейтрализовать самые серьёзные. Однако она более эффективна в сочетании с модернизированными гироскопами башни.

 Поскольку он не может постоянно фокусироваться на маленькой точке, это оружие не очень эффективно для прожигания тяжёлой брони или уничтожения небольших укреплённых целей, таких как тяжёлые истребители. Но для своего размера и требований по флюксу мощность необычайно высока, что делает его интересным вариантом в качестве вторичного оружия.",Ближняя поддержка,,
,,,,,
,,,,,
,,,,,
#ORION ARTILLERY
,,,,,
,,,,,
,,,,,
SCY_orion,WEAPON," Орион-артиллерия стреляет тяжёлым снарядом с многоступенчатым маломощным термоядерным зарядом на корме и плотным бронебойным наконечником. Каждые несколько мгновений детонирует самая нижняя ступень, придавая снаряду импульс ускорения, позволяя ограниченно корректировать траекторию.

 Ядерная двигательная установка Ориона — это тысячелетней давности конструкция, которая никогда не использовалась эффективно в прошлом из-за огромных сопутствующих разрушений, вызываемых как в атмосфере, так и на близлежащих звездолётах. Однако при миниатюризации в двигательную установку для боеприпаса и использовании модернизированной «чистой» термоядерной реакции в качестве топлива, это эффективное решение для ускорения снаряда после того, как он пролетит безопасное расстояние от стреляющего корабля. Несмотря на короткий ствол, оружие необычно громоздко по двум причинам. Была необходимость разместить небольшой рентгеновский излучатель для управления детонациями, хотя это увеличило объём только на 13 процентов. Более проблематичным было то, что процесс детонации не позволяет бронировать лазерно-детонируемые термоядерные заряды. Концепция транспортировки сотен таких очень чувствительных снарядов в корпусе, который должен выдерживать вражеский огонь, не понравилась адмиралтейству. Вопреки тысячелетним проверенным школам мысли в проектировании оружия, инженеры решили не использовать бронированные погреба корабля, а хранить ограниченное количество боеприпасов непосредственно в самой башне оружия. Хотя это увеличивало риск взрыва боеприпасов, было сочтено предпочтительным потерять башню, а не весь корабль. В качестве небольшой компенсации, сокращённый путь от магазина к казённой части снизил требования к флюксу и позволил добиться несколько более высокой скорострельности, чем предполагалось изначально.",Огневая поддержка,,
,,,,,
,,,,,
,,,,,
#ZONE SCORCHER
,,,,,
,,,,,
,,,,,
SCY_scorcher,WEAPON," Зонный испепелитель — это крупная артиллерийская батарея, предназначенная для борьбы с целыми ракетными залпами одним выстрелом. Каждый снаряд выпускает несколько небольших боевых частей, взрывающихся быстрой последовательностью, насыщая цель смертоносным широким градом шрапнели. Большая площадь поражения может повредить целое крыло истребителей, уничтожить любой выпущенный ими боеприпас и нарушить работу систем наведения.

 Механически идентичный вездесущей зенитной пушке, Испепелитель имеет пониженную скорострельность по сравнению со своим собратом из-за массивных картечных боеприпасов. Эта потеря была в значительной степени компенсирована трёхствольной конфигурацией, которая меньше нагружает системы охлаждения и автоматический заряжатель. Оружие также имеет быстрый поворот благодаря сверхлёгкой раме, хотя обслуживающий персонал часто жалуется на чрезмерный износ опор башни и постоянные боевые повреждения.

 С этим оружием флот Скиан наконец получил эффективный ответ на угрозу истребителей. При использовании против военных кораблей вторичные взрывы иногда могут даже поражать их позади щита, а непрерывный обстрел удобно снижает точность огня противника. Типичная доктрина его использования заключается в нацеливании непосредственно на корабли, а не на отдельные ракеты, которые они могут запустить; это повышает надёжность попадания и наносит урон как кораблю, так и любой запускаемой с него ракете прямо у источника. Главный недостаток этой пушки — размер: установка одной в большой слот означает жертвование значительной степенью реальной противокорабельной способности. Капитанам рекомендуется использовать это оружие с осторожностью, так как оно имеет несколько печально известную репутацию по дружественному огню.",ПКО,,
,,,,,
,,,,,
,,,,,
#RICOCHET
,,,,,
,,,,,
,,,,,
SCY_ricochet,WEAPON," Печально известная рикошетная пушка стреляет уникальным снарядом, способным перенаправлять себя к ближайшему врагу по достижении максимальной дальности. Разработанная по аналогии с успешной артиллерией Ориона, это оружие обменивает сырую огневую мощь на повышенную вероятность попадания вместо дальности.

 Поскольку каждый снаряд содержит миниатюрную линию связи и гироскоп для перенаправления по координатам, переданным стреляющим кораблём, боевая часть несколько ограничена. Конструкция компенсирует это повышенной скорострельностью. Опытный артиллерийский офицер может даже поразить корабль сзади, намеренно промахнувшись. Сниженный урон вторичного снаряда делает эту тактику более разумной против лёгких целей, в то время как прямое попадание может пробить дыру даже в самой толстой броне.

 Конструкция разделяет большинство компонентов с более обычным ХЕМором мк.3, а коммуникационные системы, установленные поверх башни, являются стандартным флотским оборудованием. Только ствол является гладкоствольным, поскольку стабилизация вращением препятствовала бы перенаправлению боеприпаса. Небольшая потеря точности несущественна, поскольку точное перенаправление и есть вся причина создания нового типа снаряда.

 Разработка этого оружия была омрачена драматическим несчастным случаем: чтобы позволить заряду снаряда перенаправляться, он оснащён миниатюрным гироскопом высокого насыщения. Кроме того, он раскручивается непосредственно перед выстрелом, так как установка дополнительных конденсаторов для этого в полёте ещё больше уменьшила бы боевую нагрузку. Однако даже с использованием лучших материалов Домена придание такого массивного ускорения устройству, уже вращающемуся со скоростью пятьдесят тысяч оборотов в минуту, опасно близко к пределам физически возможного. Во время испытательного огня в вакууме космоса дефект высотой в миллиметр вошёл в контакт с маховиком на пике его отклонения, мгновенно разнеся его вдребезги. Весь снаряд немедленно развалился, распоров ствол прототипа прямо за пределами бронированного полигона станции. Противовзрывная защита сдержала взрыв боевой части, но осколки вольфрама от гироскопа на высокой скорости рикошетом полетели в небронированные секции станции, убив сотни человек, пока гермодвери тщетно пытались запечатать пробитые отсеки.",Штурмовое,,
,,,,,
,,,,,
,,,,,
#HEMOR
,,,,,
,,,,,
,,,,,
SCY_hemor1,WEAPON," Эта высокоэффективная взрывная мортира, возможно, является одним из самых грубых видов оружия в текущем обращении: она выбрасывает контейнер с взрывчаткой на малой скорости с помощью низкоэнергетической экзотермической химической реакции через гладкоствольный ствол. Эта простота делает оружие очень надёжным, пусть и короткобойным, не требующим особого обслуживания и лёгким в установке, при этом оно всё ещё наносит довольно мощный удар.

 Изначально это был горнодобывающий инструмент, используемый для запуска гарпунов-тросов в опасных средах, где использование обычных взрывчатых топлив считалось небезопасным. Устройство было превращено в оружие во время восстания шахтёров на Алете VI, до Великого Коллапса. Как этот чертёж попал на автофабрику Иггдрасиля, до сих пор остаётся загадкой, но это не помешало Ски развернуть его как универсальное противокорабельное оружие.",Штурмовое,,
,,,,,
,,,,,
,,,,,
SCY_hemor2,WEAPON," Вариант высокоэффективной взрывной мортиры, представляющий собой увеличенную версию МК I. МК II имеет гораздо больший калибр и немного большую дальность благодаря нарезному стволу, сохраняя при этом схожие характеристики в других областях.

 Почти точная копия своего меньшего собрата, только в большем масштабе, с улучшениями механизма автоматического заряжания для работы со снарядами на 150% более массивными. Вероятно, самый быстрый проект, когда-либо завершённый Инженерным колледжем. Изменения были настолько незначительными, что первый прототип был собран уже через неделю после утверждения программы и с блеском прошёл испытания. Было сделано лишь несколько незначительных настроек для точной настройки системы загрузки, и первые серийные орудия были установлены на корабли в течение того же месяца. Только после того, как некоторые капитаны пожаловались на ненадёжную точность, была выпущена нарезная версия.",Штурмовое,,
,,,,,
,,,,,
,,,,,
SCY_hemor3,WEAPON," Мортира высокой эффективности Mark III является самой крупной моделью в этой линейке оружия. МК III представляет собой лишённое воображения сочетание двух синхронизированных орудий ХЕМор МК II, прикреплённых к более прочному корпусу, что позволяет использовать ещё больший метательный заряд для увеличения дальности.

 Низкоскоростные снаряды часто застают капитанов врасплох: содержащаяся в них мощная взрывчатка делает это оружие одним из самых разрушительных по урону за выстрел среди баллистического оружия в Секторе. Почти наравне с чудовищно мощной адской пушкой, но стреляющей двумя снарядами за раз! Хотя капитаны Скиан гордятся своей изощрённой тактикой и оригинальным вооружением, в грубой простоте и подавляющей разрушительной мощи тяжёлого ХЕМора есть что-то, что привлекает каждого из них.

 По сравнению с почтенной Адской пушкой, ХЕМор мк.3 имеет более компактную конструкцию, обеспечивающую более высокую скорость поворота башни при схожих требованиях к установке. Из-за более коротких стволов в сочетании с большим метательным зарядом точность на максимальной дальности несколько ограничена, но более быстрый снаряд также оставляет меньше времени для попыток уклонения.",Штурмовое,,
,,,,,
,,,,,
,,,,,
#KACC
,,,,,
,,,,,
,,,,,
SCY_kacc1,WEAPON," Принадлежа к семейству рельсовых пушек, кинетические ускорители обменивают дальность на более плотные, более мощные боеприпасы. Компенсируя низкую эффективность по флюксу необычно высоким уроном за выстрел и точностью для такого небольшого устройства.

 Рельсовые пушки использовались тысячелетиями, будь то мощное оружие или инструменты науки. Кинетический ускоритель произошёл от второй группы: инструмент, из которого он был разработан, использовался для дешёвого запуска высокоскоростных ударных зондов и для испытаний новых материалов в помещении без загрязнения замкнутой атмосферы Иггдрасиля. Ограниченная дальность, но более крупный профиль боеприпаса являются частью его гражданского наследия; несмотря на эти недостатки, он был с пользой применён в милитаризованной версии.

 Хотя может быть сложно подойти на эффективную дальность, несколько хорошо поставленных выстрелов могут быстро перегрузить любой щит. Благодаря своей точности, он также может использоваться как вторичное оружие для борьбы с истребителями.",Ближняя поддержка,,
,,,,,
,,,,,
,,,,,
SCY_kacc2,WEAPON," Это среднеразмерный вариант линейки кинетических ускорителей. МК II использует быстрые разрядные накопители, непосредственно подверженные воздействию вакуума, для разгона ещё более плотного снаряда. Более длинные рельсы также значительно увеличивают начальную скорость.

 Оружие, занимающее особое место в сердце каждого капитана Скиан. Почти идеальная точность и высокая начальная скорость часто позволяют наносить точные удары чуть вне дуги щитов, которые другое оружие грубо бы промахнулось. Большое количество переданной кинетической энергии обеспечивает значительный урон даже военной броне.",Ближняя поддержка,,
,,,,,
,,,,,
,,,,,
SCY_kacc3,WEAPON," Чрезвычайно эффективный для подавления щитов, кинетический ускоритель Mark III несколько неповоротлив: скорострельность настолько низкая, что промах на близкой дистанции оставляет корабль неспособным стрелять снова какое-то время, подвергаясь полному ответному огню.

 Это оружие часто является предметом жарких споров между тактиками: должен ли капитан пытаться отражать выстрелы щитом, рискуя перегрузить энергосеть, или принять удар на броню? Обычно в случае кинетического оружия предпочитают второе, но снаряд КУск МКIII обладает такой энергией, что даже тяжёлая броня получает значительный урон. Пока конденсаторы стреляющего корабля могут выдержать производимый флюкс, это, безусловно, одно из самых эффективных доступных оружий для принудительного опускания щита вражеского корабля.

 Кинетическое оружие Скиан в целом было довольно посредственным до недавнего времени. Только во время Великой Экспедиции 201 года абордажная команда сумела захватить несколько УАК на удалённой автофабрике, пока её оборонительный флот был отвлечён. Такая изолированная фабрика производила только запчасти для местных аванпостов и их символического флота, поэтому не удалось заполучить высококачественные чертежи оружия или кораблей. Однако несколько из этих заменяемых систем были гораздо более производительными, чем стандартное оборудование Ски. Включая военные конденсаторы с большей эффективностью и более высокой скоростью разряда. Это наконец позволило Инженерному колледжу Скиан модернизировать свои конструкции рельсовых пушек далеко за пределы ограничений их гражданских конденсаторов.",Ближняя поддержка,,
,,,,,
,,,,,
,,,,,
#MINIGUN
,,,,,
,,,,,
,,,,,
SCY_minigun1,WEAPON," Баллистическое оружие, способное поразить что угодно с хирургической точностью, но с умеренным уроном. Предназначено для разрыва истребителей и небронированных целей градом микроигл, разогнанных до значительной доли скорости света.

 В противоречие с тем, что считалось «правильным» способом улучшения рельсотронов, был проведён эксперимент по резкому уменьшению массы снаряда кинетического ускорителя до такой степени, что его можно было разогнать до релятивистских скоростей. Полученное разработанное оружие стирает грань между баллистическим и лучевым оружием: хирургическая точность и почти бесконечная скорость полёта — не обычные характеристики снарядного оружия. Ствол сильно страдал от нагрева и проблем с деформацией, серьёзно ограничивающих срок его службы при непрерывной стрельбе, отсюда и роторная конструкция. Она решила проблему охлаждения, позволяя каждому стволу стрелять реже и помогая циркулировать охлаждающей жидкости. Однако следует отметить два основных ограничения.

 - Хотя снаряд получает огромное количество кинетической энергии, его масса составляет всего несколько нанограмм. Наносимый урон поэтому крайне мал, особенно когда поражаемый материал мгновенно превращается в плазму, что ещё больше снижает передачу энергии. Это несколько смягчается тем фактом, что эти вспышки плазмы имеют тенденцию срезать куски брони и разбрасывать их во всех направлениях, часто нанося гораздо больше урона, чем сам исходный снаряд.
 - Его точность настолько велика, что требует чрезвычайно тщательного прицеливания, иногда превышающего возможности сопровождения самого оружия при нацеливании на маленькие объекты, такие как ракеты. Фактически, эта линейка баллистического оружия больше выигрывает от улучшений оптики, чем от обычных баллистических усовершенствований.

 Одно непредвиденное преимущество использования таких малых боеприпасов заключается в том, что их можно эффективно хранить в неограниченных количествах.",Ближняя поддержка,,
,,,,,
,,,,,
,,,,,
SCY_minigun2,WEAPON," Следуя по стопам своего меньшего собрата, тяжёлый миниган по профилю использования подобен лучу. Более крупные боеприпасы, которые он стреляет, давят на щиты и разрывают легкобронированные цели.

 Он чрезвычайно эффективен против незащищённых ударных кораблей, так как их лёгкая броня не может эффективно остановить наноиглы, но в отличие от лёгкой версии, его более тяжёлая рама слишком медленна для использования в качестве оружия ПРО против ракет.

 Хотя по эффективности против боевых кораблей он лишь средний, это оружие также оказывает психологическое воздействие на экипаж обеих сторон. Угрожающий вид, впечатляющая скорострельность и похожий на вой сирены визг ударяющихся о корпус игл влияют на исход битвы тонкими, ещё не задокументированными способами.",Ближняя поддержка,,
,,,,,
,,,,,
,,,,,
SCY_minigun3,WEAPON," Сдвоенный тяжёлый миниган, удваивающий сильные стороны своего среднего собрата. В оригинальное оружие были внесены лишь незначительные изменения, помимо зеркального дублирования сборки, но конечный результат — ужасающий инструмент для борьбы с целями, лишёнными брони, и чрезвычайная угроза для любых ударных кораблей независимо от брони или щитов.

 Отчасти рождённый из простого любопытства, а не в ответ на конкретную потребность, первый прототип был собран «чтобы посмотреть, сработает ли это». В результате сдвоенный тяжёлый миниган занимает неловкое место в арсенале Скиан как хорошее оружие поддержки, которое немногие корабли могут позволить себе установить. Тем не менее, несмотря на свою редкость, он видел некоторую активную службу с неплохими результатами при столкновении с тяжёлыми силами истребителей, с которыми не мог справиться Зонный испепелитель, или с небольшими патрулями пиратов.

 Несмотря на дороговизну производства, он очень прост в установке и не нагружает конструкцию корабля из-за постоянной плавной отдачи при стрельбе.",Ближняя поддержка,,
,,,,,
,,,,,
,,,,,
#BURST
,,,,,
,,,,,
,,,,,
SCY_burst,WEAPON," Пчелиный улей-забиватель стреляет дюжиной флешетт из вольфрамового сплава, заключённых в поддон; после отделения поддона они разлетаются смертоносным облаком. Он особенно эффективен против роя ракет, так как один выстрел может повредить несколько приближающихся угроз.

 Разработан для противодействия недавним улучшениям ракет, наблюдаемым по всему Сектору, поскольку рассеивающий эффект часто противодействует переменным траекториям, с которых могут подходить ракеты. Это оружие высоко ценится капитанами из-за простоты использования, позволяющей даже новичкам управлять оружием ПРО с приличной эффективностью. Прочный корпус снарядов также имеет несколько функций безопасности, чтобы предотвратить разрушительный взрыв боеприпасов в случае пробития магазина вражеским огнём, что всегда следует учитывать на легкобронированных кораблях. В ближнем бою это оружие можно использовать для уничтожения кораблей с повреждённой бронёй с ошеломляющей эффективностью.",ПКО,,
,,,,,
,,,,,
,,,,,
#FLAK
,,,,,
,,,,,
,,,,,
SCY_flak,WEAPON," Малая зенитка была разработана для работы в тандеме с более обычными средствами ПРО. Быстрая модификация малокалиберного ХЕМора для стрельбы снарядом с радиовзрывателем, начинённым шрапнелью: грубо, но эффективно.

 Будучи чрезвычайно малой, она превосходно перехватывает ракеты на поперечных траекториях, с которыми автоматические забиватели имеют проблемы с надёжным попаданием. Хотя её площадь поражения и мощность взрыва несколько невелики, она всё же способна одним выстрелом ослабить целый ракетный залп. Однако ей не хватает мощи для борьбы с бронированными торпедами или защищёнными истребителями. Рекомендуется использовать её в тандеме со стандартной ПРО, чтобы ракеты не могли воспользоваться её низкой циклической скорострельностью.",ПКО,,
,,,,,
,,,,,
,,,,,
#INTERCEPTION
,,,,,
,,,,,
,,,,,
SCY_intercept,WEAPON," Быстродействующее точное орудие, модифицированное для выполнения задач ПРО, а также для сдерживания истребителей. Четырёхзарядный револьверный магазин позволяет проводить быстрые комбинации ударов по истребителям или мгновенный повторный выстрел по ускользающим ракетам. Однако перерывы между ними делают это оружие непригодным для защиты от роя мелких ракет и других ковровых бомбометаний. Требуемые калибровки также затрудняют его установку по сравнению с другими решениями ПРО.",ПКО,,
,,,,,
,,,,,
,,,,,
#NAILER
,,,,,
,,,,,
,,,,,
SCY_nailer,WEAPON," Система ПРО уровня крупнокалиберного пулемёта, автоматический забиватель представляет собой слегка модифицированную копию широко распространённого пулемёта Вулкан ПРО, использующего удлинённые патроны для увеличения дальности и начальной скорости. Однако эти более тяжёлые патроны несколько замедлили систему автоматического заряжания, которая теперь не может питать оружие в течение длительного времени при непрерывной стрельбе на максимальной скорострельности.

 Снаряды забивателя почти бесполезны против тяжёлой брони и щитов из-за низкой массы, так как имеют тенденцию фрагментироваться при ударе, а не пробивать. Однако их можно безопасно хранить в больших количествах в относительно небольших пространствах. Стволы стреляют синхронно, так как это более эффективно для насыщения заданного объёма пространства за короткие промежутки времени, доступные для перехвата приближающихся боеприпасов. Однако это также удваивает отдачу, делая оружие менее точным при длинных очередях, чем его стандартные аналоги.",ПКО,,
,,,,,
,,,,,
,,,,,
# MISSILES MISSILES MISSILES
,,,,,
,,,,,
,,,,,
#GRENADE
,,,,,
,,,,,
,,,,,
SCY_grenade,WEAPON," Космическая масштабированная гранатомётная установка, способная насыщать защиту цели мелкими, трудно перехватываемыми бомбочками. Хотя это не самое мощное ударное оружие в секторе, оно даёт желанный средний вариант между высокозапасными ракетами и мощными ракетами.",Штурмовое,,
,,,,,
,,,,,
,,,,,
#ROCKET
,,,,,
,,,,,
,,,,,
SCY_rocket1,WEAPON," Ракетная установка, стреляющая боеприпасами с сильным ускорением и мощной боеголовкой, но низкокачественными системами наведения. Эта однорядная установка выпускает четыре ракеты быстрой последовательностью и питается из магазина на три залпа. Как и все ракеты Скиан, они много выигрывают от улучшений РЭБ.

 Ракеты Скиан были разработаны после простого наблюдения: поскольку их корабли часто устраивают засады на врага на короткой дистанции и на высоких скоростях, ракеты с высокой живучестью и точными системами наведения часто не требуются, но неуправляемые ракеты также не являются адекватным решением. Инженерный колледж Скиан получил заказ на создание этого гибрида: при запуске боеприпас дистанционно наводится на цель, затем зажигает свои кратковременные двигатели по запрограммированной траектории. Системы наведения, сведённые к минимуму, позволяют получить впечатляющую боевую часть для такой маленькой и быстрой ракеты.",Штурмовое,,
,,,,,
,,,,,
,,,,,
SCY_rocket2,WEAPON," Ракетная установка среднего размера, стреляющая боеприпасами с сильным ускорением и мощной боеголовкой, но низкокачественными системами наведения. Сдвоенная рельсовая установка является несколько скучным результатом сварки вместе двух простых ракетных систем, но тем не менее смертоносна. Как и все ракеты Скиан, они много выигрывают от улучшений РЭБ.

 Ракеты Скиан были разработаны после простого наблюдения: поскольку их корабли часто устраивают засады на врага на короткой дистанции и на высоких скоростях, ракеты с высокой живучестью и точными системами наведения часто не требуются, но неуправляемые ракеты также не являются адекватным решением. Инженерный колледж Скиан получил заказ на создание этого гибрида: при запуске боеприпас дистанционно наводится на цель, затем зажигает свои кратковременные двигатели по запрограммированной траектории. Системы наведения, сведённые к минимуму, позволяют получить впечатляющую боевую часть для такой маленькой и быстрой ракеты.",Штурмовое,,
,,,,,
,,,,,
,,,,,
SCY_rocket3,WEAPON," Массивная ракетная установка, стреляющая боеприпасами с сильным ускорением и мощной боеголовкой, но низкокачественными системами наведения. Большой ракетный блок способен выпустить залп ракет, хотя ему не хватает живучести для затяжного боя. Как и все ракеты Скиан, они много выигрывают от улучшений РЭБ.

 Ракеты Скиан были разработаны после простого наблюдения: поскольку их корабли часто устраивают засады на врага на короткой дистанции и на высоких скоростях, ракеты с высокой живучестью и точными системами наведения часто не требуются, но неуправляемые ракеты также не являются адекватным решением. Инженерный колледж Скиан получил заказ на создание этого гибрида: при запуске боеприпас дистанционно наводится на цель, затем зажигает свои кратковременные двигатели по запрограммированной траектории. Системы наведения, сведённые к минимуму, позволяют получить впечатляющую боевую часть для такой маленькой и быстрой ракеты.",Штурмовое,,
,,,,,
,,,,,
,,,,,
#COASTING
,,,,,
,,,,,
,,,,,
SCY_coasting1,WEAPON," Дрейфующая ракета — это лёгкая РСД, способная поражать удалённые цели благодаря гибридному двигателю и системе дистанционного управления. Стандартная малая однорядная установка содержит четыре ракеты с боевой частью уровня «Гарпун» и живучестью уровня «Пилум». Как и все ракеты Скиан, они много выигрывают от улучшений РЭБ.

 Большинство ракет используют ракетный двигатель, который нельзя остановить после запуска. Хотя это решение дёшево в производстве и применении, оно очень неэффективно: для увеличения дальности ракеты должны быть больше, что ограничивает количество, которое можно хранить в магазинах, или увеличивает размер пусковой установки. Инженеры Скиан попробовали другой подход. Они создали гибридный двигатель, который можно выключать и перезапускать несколько раз: оказавшись на правильном векторе к цели, система дистанционного управления отключает двигатель, и ракета дрейфует, не сжигая топливо, пока не достигнет зоны поражения. Постоянная связь прямой видимости с бортовыми компьютерами управления огнём позволяет одновременно находиться в полёте только одному залпу, но это второстепенная проблема, когда вы можете поразить цель на практически бесконечной дальности.",Огневая поддержка,,
,,,,,
,,,,,
,,,,,
SCY_coasting2,WEAPON," Дрейфующая ракета — это лёгкая РСД, способная поражать удалённые цели благодаря гибридному двигателю и системе дистанционного управления. Обычно используемая средняя установка запускает по две ракеты через регулярные промежутки. Как и все ракеты Скиан, они много выигрывают от улучшений РЭБ.

 Большинство ракет используют ракетный двигатель, который нельзя остановить после запуска. Хотя это решение дёшево в производстве и применении, оно очень неэффективно: для увеличения дальности ракеты должны быть больше, что ограничивает количество, которое можно хранить в магазинах, или увеличивает размер пусковой установки. Инженеры Скиан попробовали другой подход. Они создали гибридный двигатель, который можно выключать и перезапускать несколько раз: оказавшись на правильном векторе к цели, система дистанционного управления отключает двигатель, и ракета дрейфует, не сжигая топливо, пока не достигнет зоны поражения. Постоянная связь прямой видимости с бортовыми компьютерами управления огнём позволяет одновременно находиться в полёте только одному залпу, но это второстепенная проблема, когда вы можете поразить цель на практически бесконечной дальности.",Огневая поддержка,,
,,,,,
,,,,,
,,,,,
#CLUSTER
,,,,,
,,,,,
,,,,,
SCY_cluster1,WEAPON," Эти торпеды с РГЧ содержат десять небольших неуправляемых боевых частей, предназначенных для рассеивания в смертоносное облако, которое трудно избежать или перехватить. Они предназначены для использования как средство нарушения строя флота и как противокорабельное оружие. Ракета-носитель имеет лишь средние характеристики, но запрограммирована рассеивать боевые части за пределами дальности ПРО, чтобы затруднить полный перехват. Как и все ракеты Скиан, они много выигрывают от улучшений РЭБ.",Огневая поддержка,,
,,,,,
,,,,,
,,,,,
SCY_cluster2,WEAPON," Эти торпеды с РГЧ содержат десять небольших неуправляемых боевых частей, предназначенных для рассеивания в смертоносное облако, которое трудно избежать или перехватить. Они предназначены для использования как средство нарушения строя флота и как противокорабельное оружие. Ракета-носитель имеет лишь средние характеристики, но запрограммирована рассеивать боевые части за пределами дальности ПРО, чтобы затруднить полный перехват. Как и все ракеты Скиан, они много выигрывают от улучшений РЭБ.",Огневая поддержка,,
,,,,,
,,,,,
,,,,,
#LASER
,,,,,
,,,,,
,,,,,
SCY_laser2,WEAPON," Боеголовки этих торпед используют энергию рентгеновского излучения, создаваемого направленным ядерным взрывом, для генерации тонких лучей радиации, способных поражать цели без необходимости прямого попадания. Средняя версия содержит четыре торпеды, запускаемые с умеренной начальной скоростью. Как и все ракеты Скиан, они много выигрывают от улучшений РЭБ.

 Хотя можно направить лишь часть энергии ядерного взрыва, отсутствие необходимости бороться с ПРО в последние моменты подхода даёт этому оружию огромное преимущество по сравнению с традиционными торпедами. Однако пришлось пойти на некоторые компромиссы. Чтобы избежать риска полного промаха, лучи производятся в расходящемся шаблоне: поэтому они редко доставляют всю свою мощность одному кораблю, но даже реже не доставляют никакой. Кроме того, система наведения должна быть более точной для наведения лучей перед детонацией, в ущерб общей скорости.",Ударное,,
,,,,,
,,,,,
,,,,,
SCY_laser3,WEAPON," Боеголовки этих торпед используют энергию рентгеновского излучения, создаваемого направленным ядерным взрывом, для генерации тонких лучей радиации, способных поражать цели без необходимости прямого попадания. Эта версия содержит 15 торпед, запускаемых на максимальной скорости. Как и все ракеты Скиан, они много выигрывают от улучшений РЭБ.

 Хотя можно направить лишь часть энергии ядерного взрыва, отсутствие необходимости бороться с ПРО в последние моменты подхода даёт этому оружию огромное преимущество по сравнению с традиционными торпедами. Однако пришлось пойти на некоторые компромиссы. Чтобы избежать риска полного промаха, лучи производятся в расходящемся шаблоне: поэтому они редко доставляют всю свою мощность одному кораблю, но даже реже не доставляют никакой. Кроме того, система наведения должна быть более точной для наведения лучей перед детонацией, в ущерб общей скорости.",Ударное,,
,,,,,
,,,,,
,,,,,
#ARC
,,,,,
,,,,,
,,,,,
SCY_arc,WEAPON," Отдавая предпочтение отвлечению и созданию возможностей, эти ракеты доставляют к цели маломасштабный ЭМИ-излучатель вместо противокорабельной боевой части. Их компьютер наведения запрограммирован облетать вражеские корабли по кругу, вместо попытки прямого попадания, что позволяет им уклоняться от ПРО ближнего действия и преодолевать фронтальные щиты. Как и все ракеты Скиан, они много выигрывают от улучшений РЭБ.

 В попытке打破 боевые тупики доктрина флота Скиан была очень восприимчива, когда адмиралтейство поручило Инженерному колледжу исследовать идею портативных ЭМИ-излучателей, установленных на платформе дрона. Сверхпроводящие магнитные катушки были одними из самых распространённых вещей в лабораториях и мастерских Скиан, но дрон, который поместился бы в что-то меньшее, чем стартовая палуба авианосца, был чем-то совершенно иным. Пока команда, разрабатывающая излучатель, сумела создать работающий прототип даже до истечения срока, команда, ответственная за проектирование самого дрона, всё ещё спорила о типах топлива, источниках питания и о том, на какой УАК основывать модификацию. Вместо того чтобы тратить дополнительные ресурсы на проект, вряд ли способный дать приемлемый результат, флот отменил программу и обратился к другим потенциальным применениям такого разрушительного устройства.

 Учитывая размер и дальность ЭМИ-излучателя, только два носителя были признаны подходящими: он мог использоваться либо на истребителе как оружие ближнего боя, либо на ракете. Разработка истребителя быстро привела к созданию корабельной системы бомбардировщика класса Кер, но снова возникли небольшие проблемы с конструкцией ракеты. Как и для Кера, снаряд предназначался как система перехвата, запускаемая по приближающимся ракетным залпам и отключающая их двигатели. Но масса излучателя ограничивала ускорение ракеты, и перехват происходил уже после того, как вражеский боеприпас скорректировал курс для удара, сводя на нет эффект отключения двигателей. К счастью, второй путь разработки привёл к созданию наступательной ракеты, которая будет облетать цель на разумном безопасном расстоянии, выжигая её открытые компоненты. В несколько запутанном процессе проектирования инженеры наконец выполнили первоначальные требования первоначально заброшенного проекта.

 Эти ракеты довольно велики и громоздки из-за своей сложности, поэтому скорострельность низкая, а характеристики двигателя ограничены. Командирам флота Скиан рекомендуется использовать их только против ценных целей, чтобы открыть окно возможностей для решительной победы.",Ближняя поддержка,,
,,,,,
SCY_arcSmall,WEAPON," Отдавая предпочтение отвлечению и созданию возможностей, эти ракеты доставляют к цели маломасштабный ЭМИ-излучатель вместо противокорабельной боевой части. Их компьютер наведения запрограммирован облетать вражеские корабли по кругу, вместо попытки прямого попадания, что позволяет им уклоняться от ПРО ближнего действия и преодолевать фронтальные щиты. Как и все ракеты Скиан, они много выигрывают от улучшений РЭБ.

 В попытке打破 боевые тупики доктрина флота Скиан была очень восприимчива, когда адмиралтейство поручило Инженерному колледжу исследовать идею портативных ЭМИ-излучателей, установленных на платформе дрона. Сверхпроводящие магнитные катушки были одними из самых распространённых вещей в лабораториях и мастерских Скиан, но дрон, который поместился бы в что-то меньшее, чем стартовая палуба авианосца, был чем-то совершенно иным. Пока команда, разрабатывающая излучатель, сумела создать работающий прототип даже до истечения срока, команда, ответственная за проектирование самого дрона, всё ещё спорила о типах топлива, источниках питания и о том, на какой УАК основывать модификацию. Вместо того чтобы тратить дополнительные ресурсы на проект, вряд ли способный дать приемлемый результат, флот отменил программу и обратился к другим потенциальным применениям такого разрушительного устройства.

 Учитывая размер и дальность ЭМИ-излучателя, только два носителя были признаны подходящими: он мог использоваться либо на истребителе как оружие ближнего боя, либо на ракете. Разработка истребителя быстро привела к созданию корабельной системы бомбардировщика класса Кер, но снова возникли небольшие проблемы с конструкцией ракеты. Как и для Кера, снаряд предназначался как система перехвата, запускаемая по приближающимся ракетным залпам и отключающая их двигатели. Но масса излучателя ограничивала ускорение ракеты, и перехват происходил уже после того, как вражеский боеприпас скорректировал курс для удара, сводя на нет эффект отключения двигателей. К счастью, второй путь разработки привёл к созданию наступательной ракеты, которая будет облетать цель на разумном безопасном расстоянии, выжигая её открытые компоненты. В несколько запутанном процессе проектирования инженеры наконец выполнили первоначальные требования первоначально заброшенного проекта.

 Эти ракеты довольно велики и громоздки из-за своей сложности, поэтому скорострельность низкая, а характеристики двигателя ограничены. Командирам флота Скиан рекомендуется использовать их только против ценных целей, чтобы открыть окно возможностей для решительной победы.",Ближняя поддержка,,
,,,,,
,,,,,
,,,,,
#SWARMER
,,,,,
,,,,,
,,,,,
SCY_swarmer,WEAPON," Тяжёлый модульный роевик запускает 60 микроракет почти одновременно, которые могут случайным образом поражать все ближайшие вражеские корабли, что делает это оружие полезным против большого количества истребителей. Просто за счёт численности они насыщают ПРО и могут создать защитный экран для более мощных боеприпасов. Как и все ракеты Скиан, они много выигрывают от улучшений РЭБ.

 Миниатюрная ракета-рой является дальнейшим развитием противоракеты: максимально лёгкая рама, достаточно быстрый и живучий двигатель, пакет наведения низшего уровня и более или менее никакой боевой части, кроме топлива и массы. Конечный результат настолько мал, что их можно хранить сотнями. Конечно, одна ракета сама по себе едва ли представляет угрозу, но когда 60 из них запускаются сразу, их нельзя игнорировать.",Штурмовое,,
,,,,,
,,,,,
,,,,,
#SINGULARITY
,,,,,
,,,,,
,,,,,
SCY_singularity,WEAPON," Хотя как обычное оружие она не очень эффективна, торпеда сингулярности при попадании в цель генерирует микросингулярность, «засасывающую» все ближайшие ракеты, истребители и даже корабли меньшего размера. ВНИМАНИЕ! Капитанам Элизе напоминают, что все объекты подвержены гравитационному притяжению, возможен дружественный огонь. Как и все ракеты Скиан, они много выигрывают от улучшений РЭБ.

 Сам по себе генератор сингулярности (построенный на хорошо известном принципе искусственной гравитации) не может значительно повлиять на многокилотонные космические корабли. Однако если он соединяется с корпусом достаточной массы, то затем использует его как гравитационный якорь, многократно увеличивая свою массу на краткий миг, притягивая всё поблизости в эту недолговечную гравитационную яму. Эффект пропорционален массе поражённого корабля: с фрегатом только ближайшие ударные корабли будут сдвинуты, но если это капитальный корабль, то всё пространство вокруг будет очищено от ракет, истребителей и фрегатов.

 У этой системы оружия мрачная история происхождения. Хотя многие корабли в Секторе достаточно стары, чтобы быть extensively модифицированными и настроенными под нужды капитана, если есть одна система, с которой никогда не экспериментируют, так это генераторы искусственной гравитации. Большинство моделей оснащены плиточными панелями пола, каждая из которых содержит свой загадочный гравитационный генератор, зажатый между керамическими пластинами и подключённый к энергосети. Когда панель выходит из строя, её заменяют без вопросов и обычно отправляют на ближайшую автофабрику для переработки. Для нации, столь бедной ресурсами, как Ски в эпоху корсарства, утилизация этих систем, полных редких элементов, была приоритетом. Тем более после кризиса 197 года, когда была уничтожена почти треть флота Скиан. Именно во время операции по демонтажу в невесомости рабочий не заметил, что только что откреплённая им панель пола всё ещё сохраняла остаточную энергию. Точные обстоятельства до сих пор туманны, но считается, что этот рабочий закрепил стопку свободных плит на то, что, скорее всего, было каналом, контактирующим с повреждённой линией электропередачи. Далее внутри остова команда, занимавшаяся спасением центральной электростанции, разрядила накопители в мёртвую энергосеть. Изнутри резкая активация стопки гравитационных устройств, контактирующих с корпусом, не оказала заметного эффекта, но семьдесят три члена экипажа, работавшие на поверхности корпуса, мгновенно превратились в брызги тонкой красной жижи, включая жену рабочего.

 Любая другая организация в Секторе, вероятно, квалифицировала бы это событие как странную аварию и подала отчёт, но инженеры Скиан — любители мастерить: они хотели узнать не только почему, но хотя бы как такое событие могло произойти. Четырнадцать месяцев спустя, и ещё несколько аварий, они представили адмиралтейству новые боевые напольные плиты, устанавливаемые на ракеты. После короткой демонстрации офицеры перестали смеяться над этой фразой.",Ближняя поддержка,,
,,,,,
,,,,,
,,,,,
#PHASE
,,,,,
,,,,,
,,,,,
SCY_phased,WEAPON," С недавним прогрессом в миниатюризации фазовых катушек и конденсаторов Инженерный колледж Скиан смог разработать торпеды, способные к фазовому переходу. Оставаясь вне опасности на протяжении большей части полёта, ракеты не имеют брони, чтобы позволить двигательной установке иметь большую живучесть. Как и все ракеты Скиан, они много выигрывают от улучшений РЭБ.

 Изготовление системы фазовых катушек достаточно малой для установки в ракету не было особенно сложной задачей; спасённые дроны-терминаторы дали исследовательской группе отличную основу для обратного проектирования. Заставить её работать от источника питания, достаточно малого для установки в ракету, однако, было гораздо сложнее. Только после того, как данные по сверхпроводящим катушкам и высокоэффективным миниатюрным конденсаторам удалось купить у бывших инженеров Три-Тахиона, система смогла поддерживать фазовое состояние более нескольких секунд. Но даже тогда просто активация фазовых катушек потребляла бы большую часть накопленной энергии. Проект оставался в тупике, пока один из инженеров не опробовал гениальную технику: фазирование ракеты с помощью вторичной внешней системы за мгновение до запуска. Используя этот блестящий метод, активация миниатюрной фазовой системы требует лишь 7% энергии, обычно требуемой стандартными фазовыми системами, что делает это оружие наконец жизнеспособным в бою.",Огневая поддержка,,
,,,,,
,,,,,
,,,,,
#ANTIMISSILE
,,,,,
,,,,,
,,,,,
SCY_anti1,WEAPON," Полностью облегчённая противоракетная установка, позволяющая устанавливать её даже на самые лёгкие рамы. В отличие от своего модульного собрата, эта версия имеет очень ограниченный боезапас и не может поддерживать такую же скорострельность. Тем не менее, это очень мощная система ПРО, которая вряд ли не сможет перехватить любую опасную приближающуюся угрозу, при условии, что успеет запустить ракету вовремя. Как и все ракеты Скиан, они много выигрывают от улучшений РЭБ.",ПКО,,
,,,,,
,,,,,
,,,,,
SCY_anti2,WEAPON," Ракетные системы ПРО не полностью неизвестны в Секторе, но большинство таких систем вооружения были утеряны на протяжении веков, так как ни один УАК Домена не уцелел, чтобы восстановить их. Самым большим преимуществом такого метода перехвата является возможность поражать ракеты на большой дальности над союзными кораблями без риска дружественного огня. Основными недостатками являются гораздо большее время до цели и трудности с отражением массированных ракетных обстрелов. Как и все ракеты Скиан, они много выигрывают от улучшений РЭБ.

 По своей сути эти ракеты сильно напоминают Роевик, на основе которого они были созданы. Корпус был умеренно облегчён, а боевая часть значительно уменьшена, чтобы разместить дополнительные маневровые двигатели и ещё больше повысить общие характеристики двигателя. В то время как разработка самого снаряда шла гладко, как мог надеяться инженер, система наведения имела больше проблем. Против изолированных угроз оружие работало превосходно, но при столкновении с множественными приближающимися угрозами с разных направлений атаки его эффективность резко падала, особенно при использовании нескольких таких орудий в батарее. Операторы, очевидно, нацеливались на самую насущную опасность, но затем только эта конкретная угроза перехватывалась многократно, оставляя открытым путь для других снарядов, пока оружие перезаряжалось. Полурандомизированная система распределения целей была признана недостаточной, поскольку она статистически иногда не могла адекватно распределить ракеты ПРО, а если есть что-то, на что не хочется полагаться в бою, так это на случайность.

 Установка отдельной внутренней коммуникационной сети в каждой ракетной пусковой установке корабля для распределения приоритетов целей была простой. Внезапно оружие стало способным выполнять адекватные перехваты... Пока не были проведены крупномасштабные симуляции. Та же проблема возникла снова, когда несколько кораблей нацеливались на одни и те же угрозы. Флотская сеть распределения целей была необходима, но установка такой системы в оружие значительно увеличила его размер и стоимость производства. После того как версия размером со средний слот была успешно испытана, освободившись от стеснённых ограничений малого слота, инженеры добавили несколько улучшений: лучшие консоли для операторов, утолщённые бронеплиты и дополнительный боезапас, который можно хранить в готовой стойке внутри башни, что позволяет повысить эффективность против внезапных всплесков угроз, пока внутренние магазины подвозят боеприпасы. Независимость от внутренней коммуникационной системы корабля означала, что даже в случае перегрузки оружие могло поддерживать актуальный список угроз, позволяя возобновить перехват, как только системы снова заработают, с максимальной эффективностью.",ПКО,,
,,,,,
,,,,,
,,,,,
# SPECIAL SPECIAL SPECIAL
,,,,,
,,,,,
,,,,,
SCY_stymphalianMain,WEAPON," Лёгкая, но мощная рельсовая пушка, которая обменивает дальность и скорострельность на повышенную разрушительную силу. Поскольку основной целью Стимфалийских птиц являются капитальные корабли, оружие полагается на корабельную систему фрегата для перезарядки и пробития тяжёлой брони. Будучи очень точной, низкая скорострельность делает её плохо приспособленной против лёгких и манёвренных кораблей. Однако когда она попадает, цель часто серьёзно повреждается или даже полностью уничтожается в случае заряженного выстрела.",Штурмовое,,
,,,,,
,,,,,
,,,,,
SCY_sirenMain,WEAPON," Дальнобойная артиллерия, стреляющая стандартным противощитовым ЭМИ-боеприпасом или специальным миниатюрным одноразовым фазовым телепортатором, покрытым сверхпроводящей магнитной пастой. Если последний попадает в корпус, телепортатор активируется, перемещая корабль ближе к Сирене.

 Масса снаряда недостаточна для эффективного пробития брони большинства крупных кораблей, так как это оружие предназначено для захватнических операций. Крейсера класса «Сирена» построены вокруг этого массивного оружия, и их обычная огневая мощь довольно ограничена. Из-за необходимости сохранять тесный контроль над таким меняющим ход битвы оружием, только Сирены, находящиеся под прямым контролем Командующего, уполномочены использовать телепортирующие боеприпасы. При отсутствии прямого наблюдения орудие заряжается мощным кинетическим/ЭМИ-зарядом.",Ближняя поддержка,,
,,,,,
,,,,,
,,,,,
SCY_khalkotauroiMain,WEAPON," Главное вооружение крейсеров класса «Халкотаври». Это оружие простирается почти на всю длину корабля и может создавать смертоносный луч в течение длительных периодов времени. Такой размер делает его довольно уязвимым, поэтому оно было разделено на шесть независимых модулей, чтобы избежать полного отказа при получении боевых повреждений. Эти модули могут быть уничтожены по отдельности, снижая мощность оружия.

 Главный реактор производит поток высокоэнергетических экзотических частиц. Затем этот поток ускоряется несколькими независимыми сверхпроводящими электромагнитами. После этого ускорения частицы настолько быстры и сильно заряжены, что при ударе о материю испускают гамма-излучение, отсюда и название оружия.

 Все ускорительные блоки вносят вклад в его энерговыделение, но ни один из них не является обязательным: он останется работоспособным после потери нескольких или даже всех. Однако в последнем случае оружие едва ли сможет сделать больше, чем поцарапать броню фрегата, и вместо этого было бы предпочтительнее вывести корабль из боя.",Штурмовое,,
,,,,,
,,,,,
,,,,,
SCY_mrm,WEAPON," Пусковая установка Эриманфского вепря стреляет двенадцатью надёжными ракетами средней дальности, оснащёнными бронебойным наконечником высокой плотности. Это обеспечивает 360-градусное покрытие роем лёгких ракет, которые неразумно игнорировать.",Штурмовое,,
SCY_mrm2,WEAPON," Боковая пусковая установка Эриманфского вепря стреляет шестью надёжными ракетами средней дальности, оснащёнными бронебойным наконечником высокой плотности. Это обеспечивает 360-градусное покрытие роем лёгких ракет, которые неразумно игнорировать.",Штурмовое,,
,,,,,
,,,,,
,,,,,
SCY_smallMrm,WEAPON," Пусковая установка Аргуса стреляет четырьмя надёжными ракетами средней дальности, оснащёнными бронебойным наконечником высокой плотности. Это обеспечивает 360-градусное покрытие роем лёгких ракет, которые неразумно игнорировать.",Штурмовое,,
,,,,,
,,,,,
,,,,,
SCY_telchineMain,WEAPON," Основной инструмент корабля-шахтёра класса «Тельхина», этот луч может использоваться в бою для снижения целостности корпуса цели с постоянной, хотя и медленной, скоростью при прямом попадании. Однако это горнодобывающее устройство, и из-за мер безопасности оно спроектировано так, чтобы быть совершенно бесполезным против щитов.

 Сочетая низкоинтенсивный энергетический луч с осциллирующим тяговым лучом, этот инструмент используется для дробления астероидов и последующего извлечения полезной руды из обломков. Только случайно была недавно обнаружена его боевая эффективность. Хотя луч наносит лишь незначительный урон броне, переменное тянущее усилие и направленная энергия вызывают огромные нагрузки на структуру корабля, быстро снижая его целостность.

 Однако эффект почти нулевой по целям под щитами, а механизмы настолько громоздки, что их невозможно установить в модульный слот. По этим причинам боевая версия луча деконструкции не разрабатывалась, но он всё же даёт кораблям-шахтёрам возможность защищаться от мелких пиратов.",Штурмовое,,
,,,,,
,,,,,
,,,,,
SCY_ketoMain,WEAPON," Эта колоссальная артиллерийская система является фирменным оружием осадного авианосца класса «Кето». С экстремальной дальностью и ЭМИ-подавлением на большой площади при ударе, Кето способен поддерживать свои крылья, не подвергая себя риску.

 По своей сути Кето — это компактный синхротрон, способный разгонять тяжёлые ионные частицы до релятивистских скоростей за считанные секунды. Затем поток конденсируется и направляется на цель с помощью сверхпроводящих электромагнитов, размещённых в Астрапиосе. При ударе составляющие заряженного плазменного болта нарушают работу щитов и отключают электронные системы.

 Масса оружия доставила хлопот инженерам, ответственным за конструкцию надстройки. Несмотря на все их усилия, всё ещё есть некоторые структурные слабости возле основания ствола. Обычно это не проблема, так как Кето не предназначен для участия в прямом бою.",Огневая поддержка,,
,,,,,
,,,,,
,,,,,
# SHIPS SHIPS SHIPS
,,,,,
,,,,,
,,,,,
# FIGHTERS FIGHTERS FIGHTERS
,,,,,
,,,,,
,,,,,
SCY_eris,SHIP," Лёгкий перехватчик класса «Эрида» получил своё обозначение только недавно из-за постепенного характера изменений, внесённых в его предшественника класса «Талон». Талон почти всегда использовался флотом Скиан, либо на станциях как аварийная оборонительная сила (учитывая, как легко хранить их сотнями), либо во время Великих Экспедиций для ближней разведки и операций по приманке. Это не мешало палубным механикам возиться с ними: их врождённая простота позволяла легко настраивать их под пилота или миссию. Но когда адмиралтейство решило создать новую серию с другим вооружением, смена названия стала необходимой. Теперь, оснащённый парой высокоскоростных роторных вулканов и улучшенными двигателями, перехватчик класса «Эрида» является новым стандартным лёгким истребителем флота Скиан.

 Будучи едва ли сильно отличающимся от своей оригинальной модели, первоначальное обозначение перевооружённого корабля было Талон (+), но оно не прижилось, так как было внедрено больше модификаций. Поскольку многозарядное оружие было немного больше, сдвоенные роторные пушки были размещены по бокам кабины, в отличие от оригинального размещения вулкана сбоку от кабины. Броню пришлось совсем немного срезать вокруг, чтобы разместить модификацию, что оставило немного места сзади для более отзывчивых двигателей. Несмотря на снижение защиты, симуляции показали схожую уязвимость Эрид и Талонов к зенитному огню и оружию ПРО благодаря меньшему времени воздействия и повышенной скорости поворота. Это не значит, что эскадрильи Эрид не понесут ужасных потерь против хорошо подготовленного врага, но по крайней мере они могут нанести некоторый урон, прежде чем будут выведены из боя.",,,
,,,,,
,,,,,
,,,,,
SCY_akhlys,SHIP," Истребитель поддержки класса «Ахлис» был экстренной разработкой для решения проблемы уязвимости кораблей Скиан перед бомбардировочными атаками. Не имея в своей библиотеке УАК специальных оборонительных лёгких кораблей, Инженерный колледж должен был построить их на базе дрона. Единственная модель, которая у них была, была огромна для беспилотного аппарата, предназначенного для дальней разведки и забора образцов. У неё было достаточно массы и тяги, так что добавление кабины и места для оружия было возможным без особого ущерба для производительности. Модификация была грубой и нехитрой: черновой первый набросок, который можно было быстро производить массово, пока не будет создана лучшая замена.

 Настолько грубой, что адмиралтейство начало распространять печально известные «комплекты для переделки», позволяющие смешивать стандартные дроны ПРО и грузовые контейнеры в крылья едва пригодных к полётам истребителей. Они делали свою работу, но импровизированная конструкция приводила к отказам конструкции почти в 25% вылетов. Смертность была настолько высокой, что назначение на них использовалось как разменная монета, когда члены экипажа сталкивались с дисциплинарными взысканиями. С тех мрачных времён конструкция многократно улучшалась и теперь оснащена приличным бронированием, модернизированной авионикой, полностью усиленными кабинами и самыми современными доступными системами наведения. Безусловно, это больше не летающие гробы, которыми они когда-то были, даже если это прозвище прилипло. С такой добавленной массой их максимальная скорость была значительно снижена, низведя их до эскортных обязанностей, но эту роль они могут выполнять превосходно.",,,
,,,,,
,,,,,
,,,,,
SCY_panotti,SHIP," Гранатомёт класса «Панотти» — это очень лёгкий бомбардировщик, полагающийся на насыщение обороны, чтобы нанести несколько ударов по цели. Во времена их появления во флотах Великой Экспедиции они застали многих капитанов врасплох своей сырой скоростью, более характерной для лёгких перехватчиков, чем для обычных противокорабельных ударных кораблей. Однако их защита смехотворна, и они плохо подходят для атаки хорошо подготовленных сил.

 Разработанные в тёмные дни ранних Великих Экспедиций, Панотти для бомбардировщиков — это то же, что Талон для перехватчиков: простейшая, дешёвая рама, способная выполнить работу, даже если это ценой нелепых потерь. Большинство улучшений с тех пор были сосредоточены на повышении выживаемости катапультировавшихся пилотов, а не самого истребителя, чтобы сохранить его хрупкий баланс экономической эффективности и тяговооружённости.",,,
,,,,,
,,,,,
,,,,,
SCY_nosos,SHIP," Перехватчик класса «Носос» представляет собой глубоко модифицированную копию спасённого УАК истребителя Бродсворд. Перевооружённый короткоствольными импульсными лучами и одноразовым кинетическим подкалиберным снарядом для пробития лёгких щитов, этот вариант хорошо подходит для отражения приближающихся крыльев бомбардировщиков.

 Флот Скиан фактически использовал стандартные Бродсворды некоторое время, прежде чем представить список модификаций Инженерному колледжу. Многие запросы касались взаимозаменяемых стандартизированных компонентов для снижения нагрузки на обслуживание, но некоторые другие были направлены на то, чтобы сфокусировать его роль больше на перехвате вражеских истребителей. Чтобы лучше соответствовать этой задаче, новая конструкция была оснащена сдвоенными импульсными лучевыми орудиями, идеально подходящими для борьбы с мелкими целями. Однако ранние испытания показали некоторые недостатки при столкновении с защищёнными бомбардировщиками: лучи не могли перегрузить генераторы до того, как враг успевал запустить свой боезапас. Последующая редакция включала добавление одноразового носового высокоскоростного кинетического пробивающего оружия.",,,
,,,,,
,,,,,
,,,,,
SCY_stygere,SHIP," Тяжёлый истребитель класса «Стигера» действительно и велик, и тяжёл, но это не столько признак мощи, сколько следствие установки генератора щита в тесный корпус Гладиуса. Вооружение также было модифицировано для использования простых в производстве лёгких энергетических бластеров и двух внутренних ракет для подавления щитов вместо пулемётов.

 Добавление генератора щита сначала не было проблемой, но когда вооружение было модернизировано до тройных энергетических бластеров, энергоустановку также пришлось увеличить, и вся конструкция вышла из-под контроля. Потребовались месяцы дебатов между адмиралтейством и Инженерным колледжем Скиан, чтобы найти разумный компромисс между манёвренностью, защитой и огневой мощью. В итоге новый корабль оснащён только двумя лёгкими энергетическими бластерами и двумя ракетными трубами. Небольшое улучшение вооружения по сравнению с оригинальным корпусом, но броню пришлось значительно уменьшить, чтобы сохранить приемлемое отношение тяги к массе. К счастью, щит более чем компенсирует это, и единственным явным отличием от оригинальной конструкции является отсутствие какой-либо ПРО.",,,
,,,,,
,,,,,
,,,,,
SCY_ker,SHIP," Специально разработанный в то же время, что и кассетные торпеды, как средство их дешёвой доставки; бомбардировщик класса «Кер» является основной тяжёлой ударной платформой флота Скиан.

 Прототип напоминал кошмарную химеру, с деталями, снятыми с множества источников. Основная рама была разрезанным пополам корпусом перехватчика Носос, щит — от шахтёрского дрона, система обороны — побочный продукт создания дуговой ракеты, и всё это было приварено к пусковой установке торпед, облегчённой удалением масс-драйвера. Только двигатели были слегка изменённой конструкции, хотя и довольно примитивной на тот момент. Производительность концепта была оценена как достаточная для дальнейшей доработки. Второй, гораздо более продвинутый прототип прошёл испытания, нагруженный тяжёлой торпедой, обычно используемой в пусковых установках размера капитальных кораблей. Хотя корабль показывал отличные результаты при атаке пассивных целей, движущихся или нет, он был недостаточно манёвренным, чтобы уклоняться от ракет, и слишком медленным, чтобы запускать свой боезапас с достаточной скоростью, чтобы избежать оборонительного огня.

 Инженерам пришлось уменьшить количество боевых частей и мощность двигательной установки торпеды, чтобы сделать её достаточно лёгкой для выживания корабля. Конечный результат — бомбардировщик с приличной скоростью и выживаемостью, который может атаковать из-за пределов дальности оружия ПРО. Атака издалека снижает процент попаданий, но также обычно предотвращает получение Кером каких-либо повреждений и сокращает продолжительность каждого вылета с авианосца.",,,
,,,,,
,,,,,
,,,,,
# FRIGATES FRIGATES FRIGATES
,,,,,
,,,,,
,,,,,
SCY_centaur,SHIP," В попытке расширить операционную дальность лёгких разведывательных миссий флот Скиан заказал быстрый транспортёр размером с фрегат. Быстрый, надёжный, относительно незаметный для гражданского корпуса, с приличной грузоподъёмностью и запасом топлива, при этом не беззащитный в случае перехвата. С тех пор как Нация Ски раскрыла своё существование остальному Сектору, эта модель корабля быстро стала фаворитом контрабандистов, несмотря на то, что она не дешева и несколько труднодоступна за пределами Тартара.

 От назначения контракта до поставки первого прототипа и утверждения к производству прошло всего 34 дня. Этот рекорд держится до сих пор и вряд ли когда-либо будет побит. Это можно объяснить прочной и простой конструкцией и исключительным использованием стандартизированных компонентов. Конечный результат — эффективный корабль с удивительно малой потребностью в экипаже, хотя в бою он показывает плохие результаты при минимальном экипаже. Использование внешнего прикреплённого модуля в качестве грузового отсека обеспечивает чрезвычайную универсальность в использовании флотом, где командир может приказать загрузить миссию пополнения запасов для одного из своих вторичных флотов и наблюдать, как корабль отбывает, не допив кофе.",,,
,,,,,
,,,,,
,,,,,
SCY_tisiphone,SHIP," Тисифона — стандартный штурмовой фрегат во флотах Скиан. Они довольно проворны и обладают впечатляющей мощью носового огня для своего размера, что делает их угрозой вплоть до крейсеров, если те пойманы в одиночку. Эта способность доставлять огневую мощь уровня лёгкого эсминца на дистанцию прямого выстрела к любой цели — впечатляющее достижение, но для достижения такого уровня производительности инженерам пришлось пойти на резкие компромиссы в нескольких ключевых областях.

 Схему можно грубо упрощённо объяснить как огромную двигательную установку с едва достаточным количеством рабочего тела на один бой, два средних орудийных узла, прикреплённых непосредственно к ней, приличный массив конденсаторов и крошечный мостик спереди. Чтобы уменьшить массу, корабль защищён лишь бронёй истребительного класса, грузовой отсек отсутствует, как и топливные баки, а корпус лишён какой-либо системы жизнеобеспечения: экипаж должен носить скафандры на протяжении всего задания.

 Более того, внимательный наблюдатель заметит полное отсутствие оборонительных турелей. Действительно, ПРО обеспечивается противоракетной системой, специально модифицированной для установки в тесный корпус. Эти крошечные ракеты по сути прикреплены непосредственно к внешнему корпусу и очень эффективны для перехвата других ракет, но совершенно бесполезны против истребителей и также страдают от малого боезапаса. Когда он иссякает, фрегат может оказаться в очень невыгодном положении против кораблей, оснащённых ракетами.

 Единственной «настоящей» оборонительной уступкой является система двойного слоя щита. Технология щитов Скиан никогда не развивалась далеко за пределы своего гражданского происхождения: их излучатели обычно имеют высокие энергозатраты и ужасное поглощение урона даже при узкой 90-градусной защитной дуге. Но при атаке одиночной цели эту дугу можно несколько безопасно уменьшить, что значительно повышает «толщину» щита, а значит, и его эффективность. Это позволяет Тисифоне достичь своей зоны атаки, всё ещё имея достаточный запас флюкса для эффективной стрельбы.

 С узким щитом отказ двигателя обычно является смертным приговором, если бы не стандартный пускатель двигателя. Тем не менее, экстремальная скорость и манёвренность позволяют опытным пилотам бить намного выше весовой категории фрегата, особенно при преследовании убегающих кораблей. Обычно они развёртываются парами: один отвлекает огонь и заставляет врага поднять щит, другой атакует фланги.",,,
,,,,,
,,,,,
,,,,,
SCY_megaera,SHIP," Жёсткая конструкция, использующая все инженерные преимущества Ски для максимизации эффективности на поле боя. Разделяя многие базовые черты с Талосом, Мегера оснащается необычно мощной носовой батареей из четырёх узлов, размещённых прямо на главной энергетической магистрали от реактора. Одним щелчком тумблера капитан может отключить все предохранители оружия и перевести их в режим перегрузки для интенсивной вспышки огневой мощи. В попытке избежать повреждения этого оружия, его дальность искусственно ограничивается, пока система активна, однако они всё равно часто вызывают срабатывание аварийных выключателей при таком обращении в течение любого промежутка времени.

 Мегера и Талос были частью инициативы поздней корсарской эры по повышению выживаемости фрегатов Скиан, поскольку Великие Экспедиции встречали всё более сильное сопротивление. Предназначенные для эффективного самостоятельного боя, но оптимизированные для работы в тандеме: Талос обстреливает врага, привлекая его внимание, а его напарник Мегера готов наброситься в любое удобное окно.

 Несмотря на то, что он на треть больше (и почти вдвое массивнее) других фрегатов Скиан, Мегера лишь немного медленнее благодаря своей oversized двигательной установке, даже по стандартам Скиан. Хотя двухдвигательная конструкция не совсем распространена во флоте, базовая платформа фактически очень похожа на старую конструкцию гражданского шаттла, от которой произошли все их фрегаты... С перевёрнутой и слегка увеличенной компоновкой корпуса. По мере того как флоты продвигались всё дальше на вражеские территории в поисках менее защищённых «безопасных» торговых путей, грузоподъёмность и запас топлива получили особое внимание, позволяя этим конструкциям участвовать в дальних разведывательных миссиях. Эти особенности сделали их более подходящими для действий в качестве независимых единиц, в отличие от других, более боевых корпусов, таких как Тисифона, требующих постоянной флотской поддержки для обслуживания.",,,
,,,,,
,,,,,
,,,,,
SCY_talos,SHIP," Недавняя конструкция, предназначенная для того, чтобы выдерживать больше наказания, чем другие фрегаты Скиан, сохраняя при этом хорошую скорость и среднюю огневую мощь. Созданный одновременно с фрегатом класса «Мегера», инженеры попытались сохранить лучшее из других классов фрегатов и объединили эти черты в более крупном корпусе. Имея почти вдвое больший размер и массу, чем их собратья, эти корабли тяжелы для своей классификации, но всё ещё способны не отставать от других фрегатов благодаря необычным сдвоенным двигателям. В отличие от Мегеры, сделавшей ставку на огневую мощь, конструкция Талоса делает упор на щиты и броню.

 Первые испытания этой новой конструкции были довольно неудачными не из-за каких-либо конструктивных недостатков, а из-за очень другого профиля полёта: он управляется больше как лёгкий эсминец, чем фрегат, и любой манёвр должен быть более тщательно спланирован. Его уязвимая корма, изначально усугублённая пониженной скоростью поворота, была почти сведена на нет добавлением системы стазис-щита. Это позволяет почти мгновенно развернуть щит в неуязвимый пузырь. Хотя эта система не может поддерживаться долго, она позволяет пилотам поглощать урон, который в противном случае перегрузил бы реактор или уничтожил корабль.

 И Талос, и Мегера также способны действовать более независимо от флота благодаря своим более щедрым грузовым отсекам и запасам топлива. Хотя это было нетрудно превзойти поистине анемичную автономность специализированных боевых конструкций, таких как Лелапс. К большому удовлетворению адмиралтейства, эта повышенная свобода действий привела к появлению новой породы более агрессивных капитанов, готовых уходить дальше от своего флота. Они предпочитают использовать тактику рейдов, чтобы вывести обороняющиеся флоты из равновесия перед ударом основных сил.",,,
,,,,,
,,,,,
,,,,,
SCY_alecto,SHIP," Фрегат класса «Алекто» — это специализированное разведывательное судно, рождённое из-за недостатка дальности у большинства старых фрегатов Скиан. С четырьмя турелями, охватывающими широкие дуги, этот класс превосходно защищает себя от всего, что достаточно быстро, чтобы его догнать. Однако Алекто плохо показывает себя против более тяжёлых противников, поэтому доктрина относительно этого класса довольно ясна: если вы можете обогнать, делайте это (и, если возможно, заманите их в ловушку)! В более крупных сражениях этот класс также может быть оснащён как очень компетентные корабли ПРО с разумным потреблением ресурсов.

 Эта конструкция довольно напоминает исходный гражданский десантный шаттл, на котором она была основана, с несколько защищённой передней частью для входа в атмосферу и большими боковыми отсеками, теперь разделяющими пространство с магазинами боеприпасов. Однако это воплощение является чисто космическим, как и практически все другие изменённые конструкции Скиан. Для флота, столь зависимого от скорости и манёвренности, посадочные шасси, тепловая защита, убирающиеся крылья и т.д. — это совершенно бесполезная масса и потеря ускорения.

 Флот Скиан дебютировал с переоборудованными грузовиками размером с эсминец, но это была их самая первая конструкция фрегата, увидевшая реальный бой. Адмиралтейство было настолько довольно его производительностью, что он не получил почти никаких последующих изменений.",,,
,,,,,
,,,,,
,,,,,
SCY_lealaps,SHIP," Фрегат класса «Лелапс» легкобронирован, но чрезвычайно проворен, и с тремя ракетными узлами он может нанести значительный урон, пока хватает боезапаса. Их несколько узкая область применения компенсируется их экстремальной эффективностью в её выполнении. Как дальнобойная ракетная поддержка, их вряд ли когда-либо поймают, а как ближний ракетный удар, немногие корабли такого размера могут приблизиться к всплеску урона, который они могут нанести.

 Спроектированные сразу после фрегатов класса «Тисифона», эти корабли следовали тем же общим принципам конструкции: мощные двигатели, приличная ёмкость флюкса, впечатляющее вооружение, но минимальная броня и полное отсутствие груза. Некоторые критики утверждали, что если бы эта конструкция была всего на 25% меньше, её считали бы исключительным истребителем, а не дорогим и хрупким фрегатом. Но, конечно, этим же критикам никогда не приходилось испытывать три торпеды, запущенные одновременно по их судну.

 Тем не менее, в одном они правы: Лелапс предназначен для доставки подавляющей огневой мощи в короткое окно, будь то на большой дистанции или вблизи. Интегрированная система автофабрики позволяет ему несколько перезаряжать свои пусковые установки, обеспечивая как раз достаточно ресурса для нескольких дополнительных выстрелов, когда наступает подходящий момент. Хотя этого не хватит, чтобы продлить его живучесть на большинство крупных сражений, это даёт кораблю более острое преимущество в быстрых стычках, в которых он уже преуспевает. Редко встретишь командира Скиан, у которого нет одного-двух Лелапсов во флоте, чтобы преследовать и уничтожать даже самые быстрые убегающие корабли.",,,
,,,,,
,,,,,
,,,,,
SCY_stymphalianbird,SHIP," Чрезвычайно высококлассный фрегат, специально разработанный для дуэлей с кораблями в несколько раз больше его и выхода победителем. Редкое зрелище и плохое предзнаменование по мнению суеверных людей. Неясно, как инженерам Скиан удалось построить такое судно. Главной особенностью этого корабля является экспериментальный фазовый телепортатор. Помимо удивительно быстрого рабочего цикла, он может достигать «более глубоких» уровней фазового пространства и использовать присутствующие там высокоэнергетические частицы для кратковременного улучшения функций корабля.

 Во время этой фазы перегрузки двигатели становятся более отзывчивыми, щит может развернуться мгновенно и с лучшим поглощением урона, главное оружие может стрелять гораздо более мощными выстрелами, или телепортатор может быть использован повторно без задержки.

 Ещё одна любопытная особенность — чрезвычайно малая численность экипажа: требуется только один пилот. Ходят слухи, что это отвлекающий манёвр и корабль на самом деле пилотируется полноценным ИИ Альфа+, другие утверждают, что воздействие экспериментального телепортатора на человеческую психику гораздо хуже, чем у обычных, сводя экипаж с ума после пары вылетов. Ещё один любопытный факт: нет известных пилотов Стимфалийской птицы, что порождает ещё больше слухов о неестественном слиянии плоти и металла или о человеческих мозгах, полностью выращенных для управления этими кораблями. Эти слухи неоднократно опровергались военными, но необычная степень секретности и засекреченные данные вокруг этого корабля не дают им умереть. Количество построенных Стимфалийских птиц засекречено, но некоторые оценки предполагают всего семь моделей в настоящее время на службе.

 Между невероятными инженерными достижениями и приглушёнными кровавыми сплетнями, окружающими его, этот класс достиг почти легендарного статуса в Секторе. В одном ряду с разговорами о чудовищных кораблях, поглощающих входящие снаряды для регенерации, инопланетном оружии, украденном религиозными фанатиками, удлинённых корпусах из био-металла, оседлавших чёрные дыры, или даже более странных спящих артефактах, разбросанных по Сектору...",,,
,,,,,
,,,,,
,,,,,
# DESTROYERS DESTROYERS DESTROYERS
,,,,,
,,,,,
,,,,,
SCY_telchine,SHIP," Хотя большинство базовых руд добывается на шахтёрской колонии, вечно голодная верфь также требует более экзотических материалов, которые можно найти только в поясах астероидов. Для их добычи Инженерный колледж Скиан создал корабли-шахтёры класса «Тельхина». Конструкция едва ли заслуживает названия «корабль», так как это скорее грубая сборка вакуумного оборудования, напрямую приваренная к корпусу грузовика. Размером с большой эсминец, эти корабли дробят астероиды своим основным лучевым оружием и извлекают все полезные материалы с помощью своих шахтёрских дронов.

 Поскольку переработка собранных материалов может производиться только непосредственно на верфи, иначе корабли были бы слишком велики для безопасной навигации в полях астероидов, бортовое металлообрабатывающее оборудование отделяет руду от бесполезной породы и перерабатывает её только в легко транспортируемую форму.",,,
,,,,,
,,,,,
,,,,,
SCY_baliusF,SHIP," В отличие от большинства транспортов в Секторе, грузовые корабли Скиан должны не отставать от быстрых военных кораблей, за которыми они следуют. Таким образом, и несмотря на гражданскую природу, грузовики класса «Балий» оснащены последними военными двигателями, стелс-обшивкой и экранированными соплами. Хотя они вооружены лишь символическим оружием, в большинстве случаев они могут вообще избежать боя.

 Балий является дальнейшим развитием одного из очень немногих коммерческих предприятий доколлапсной научной колонии Иггдрасиль. С помощью производителя кораблей Fabrique Orbitale они попытались создать грузовое судно, более подходящее для дальних быстрых доставок на окраинные миры и за их пределы. Такое судно было бы очень полезно колонии, так как они проводили большую часть времени вдали от любого обитаемого мира, вдали от какой-либо помощи в случае беды. Fabrique Orbitale поставила корпус класса «Буффало» с более модульной конструкцией креплений, в то время как С.К.о.И. использовала свои знания в материалах и передовое понимание полевого удержания для создания своей фирменной магнитогидродинамической конструкции двигателя Aerospike. В то время как отличительной чертой Буффало была его низкая цена, этот новый грузовик мог конкурировать в эксплуатационных расходах только за счёт своей скорости. А различные специализированные контейнеры были предназначены для привлечения изолированных миров, которые не могли позволить себе содержать флот из нескольких кораблей для каждой задачи.

 Конструкция ждала окончательного одобрения Домена для начала массового производства, когда произошёл Великий Коллапс.

 Когда создавался флот Скиан, они могли полагаться только на свои немногие гражданские корабли, всё ещё в рабочем состоянии, с наспех приделанными горнодобывающими инструментами. Единственным приличным корпусом, который они могли построить, была эта непроверенная конструкция. Со временем, благодаря глубокому знанию чертежей, Инженерный колледж смог преобразовать его во многие типы и классы кораблей, но в своей основе все они имеют одну и ту же спинную структуру и схожую двигательную установку.",,,
,,,,,
,,,,,
,,,,,
SCY_baliusT,SHIP," В отличие от большинства транспортов в Секторе, грузовые корабли Скиан должны не отставать от быстрых военных кораблей, за которыми они следуют. Таким образом, и несмотря на гражданскую природу, танкеры класса «Балий» оснащены последними военными двигателями, стелс-обшивкой и экранированными соплами. Хотя они вооружены лишь символическим оружием, в большинстве случаев они могут вообще избежать боя.

 Балий является дальнейшим развитием одного из очень немногих коммерческих предприятий доколлапсной научной колонии Иггдрасиль. С помощью производителя кораблей Fabrique Orbitale они попытались создать грузовое судно, более подходящее для дальних быстрых доставок на окраинные миры и за их пределы. Такое судно было бы очень полезно колонии, так как они проводили большую часть времени вдали от любого обитаемого мира, вдали от какой-либо помощи в случае беды. Fabrique Orbitale поставила корпус класса «Буффало» с более модульной конструкцией креплений, в то время как С.К.о.И. использовала свои знания в материалах и передовое понимание полевого удержания для создания своей фирменной магнитогидродинамической конструкции двигателя Aerospike. В то время как отличительной чертой Буффало была его низкая цена, этот новый грузовик мог конкурировать в эксплуатационных расходах только за счёт своей скорости. А различные специализированные контейнеры были предназначены для привлечения изолированных миров, которые не могли позволить себе содержать флот из нескольких кораблей для каждой задачи.

 Конструкция ждала окончательного одобрения Домена для начала массового производства, когда произошёл Великий Коллапс.

 Когда создавался флот Скиан, они могли полагаться только на свои немногие гражданские корабли, всё ещё в рабочем состоянии, с наспех приделанными горнодобывающими инструментами. Единственным приличным корпусом, который они могли построить, была эта непроверенная конструкция. Со временем, благодаря глубокому знанию чертежей, Инженерный колледж смог преобразовать его во многие типы и классы кораблей, но в своей основе все они имеют одну и ту же спинную структуру и схожую двигательную установку.",,,
,,,,,
,,,,,
,,,,,
SCY_hydra,SHIP," Изначально одноразовый испытательный стенд, построенный во время создания прототипов первых крейсерских двигателей Скиан. Затем он использовался как интеграционный тест для различных систем до такой степени, что его можно было почти считать боеспособным кораблём. Многие сочли бы его непрактичным, недостаточно вооружённым боевым кораблём с увеличенной энергоустановкой и двигателем, но, тем не менее, потенциально эффективным. Импровизированный демонстратор достаточно впечатлил адмиралтейство, чтобы они выделили больше времени на исследования и разработку для доведения прототипа до готовой к производству конструкции.

 Конечным результатом стал эсминец, способный поглощать своим щитом столько же огневой мощи, сколько многие крейсера, при этом обладая скоростью и манёвренностью уровня фрегата. Чертеж включает систему шунтирования предохранителей оружия, чтобы максимально использовать его обманчиво слабое вооружение. Надстройка унаследовала прочность своего предшественника-стенда и может подвергаться extensive боевым модификациям. С другой стороны, оригинальная версия никогда не предназначалась для дальних путешествий от Элизе, и эта следующая итерация сохранила ограниченную грузоподъёмность и запас топлива, а также тесные кубрики экипажа. Также по сравнению с другими стелс-эсминцами Скиан, он светится на сканерах, как пульсар. Необычная характеристика, которая с тех пор искусно использовалась для обмана вражеских капитанов.

 Как бы странно это ни выглядело на бумаге, эта конструкция эсминца успешно использовалась практически в любой боевой ситуации благодаря своей универсальности, широким дугам турелей и непревзойдённой производительности двигателя.",,,
,,,,,
,,,,,
,,,,,
SCY_geryon,SHIP," Иногда изображаемый как увеличенный Лелапс, тяжёлый ракетный эсминец класса «Герион» действительно является охотником-убийцей. Способный доставить три тяжёлые пусковые установки на дистанцию прямого выстрела к любому крейсеру, а затем стереть его с лица Сектора, и оснащённый дополнительными двигателями, чтобы избежать возмездия. Эти корабли являются одними из самых почитаемых боевых машин в Секторе. Для размещения внутренних ракетных магазинов конструкция свела большинство своих внебоевых возможностей к минимуму, включая тесные кубрики и очень ограниченную грузоподъёмность.

 Воплощение доктрины Скиан «Бей быстро и сильно», Герион лучше проявляет себя в коротких боях и преследованиях из-за ограниченного боезапаса. Ему также может значительно противостоять сильная ПРО. Это приводит к более стратегическим решениям по развёртыванию. В отличие от своего универсального кузена Ламии, Герионы должны быть специализированы и отправлены в бой с конкретной целью, но при использовании в нужный момент это мощный инструмент, способный переломить ход битвы. Адмиралы Скиан обучены воздерживаться от преждевременного ввода их в бой и траты их потенциала на свежие цели с готовой ПРО. При правильной экипировке они также могут быть довольно эффективны в боях на большой дальности, пока хватает боезапаса.

 Очень эффективный состав дивизиона — Герион вместе с эсминцем Ламия и парой фрегатов Алекто для прикрытия.",,,
,,,,,
,,,,,
,,,,,
SCY_geryonH,SHIP," Иногда изображаемый как увеличенная Тисифона, стандартный Герион обладает необычно большим количеством огневой мощи для корабля Скиан ценой очень ограниченной живучести, чтобы не отставать от других кораблей Скиан. Внутренне очень близкий к своему предшественнику класса Ламия, конструкция широко использовала то же модульное наследие для облегчения постройки и обслуживания. Несмотря на то, что он был разработан сразу после своего ракетного кузена, именно этот вариант считается основным, поскольку он менее специализирован. Хотя удаление ракетных магазинов оставило много внутреннего пространства, необходимость в большем количестве конденсаторов и большей броне быстро заполнила пустоту, не сильно улучшив грузоподъёмность или кубрики.

 Первоначальные чертежи как для обычного Гериона, так и для варианта (H) имели гораздо лучшую активную оборону, но симуляции показали неспособность приблизиться к врагу до того, как конденсаторы будут перегружены дальнобойным кинетическим обстрелом. Удаление некоторых оборонительных турелей и добавление вспомогательных двигателей решило проблему, дав кораблям их впечатляющие способности к удару-и-бегству. Однако отсутствие приличной обороны означает, что они также очень подвержены чрезмерному выдвижению и окружению.

 Герионы обычно дают опытным капитанам, которые проявили хорошее чувство наблюдения за окружающей обстановкой корабля и сильное понимание ограничений конструкции. В таких руках эти корабли способны эффективно игнорировать эти недостатки и бить намного выше своей весовой категории.",,,
,,,,,
,,,,,
,,,,,
SCY_lamia,SHIP," Первая чисто военная конструкция корабля, созданная после основания флота Скиан. Она предназначалась как испытательный стенд для доктрин, разработанных зарождающимся Командованием флота. Таким образом, этот класс является несколько средним во всех отношениях, но и без явных слабостей. Благодаря своей очень универсальной компоновке вооружения, эсминец Ламия часто оснащается для уничтожения фрегатов и истребителей, но также способен атаковать более крупные цели. Широкоугольные турели дают ему как почти 360-градусное покрытие, так и сильную концентрацию носового огня.

 По своей сути Ламия не сильно отличается от гражданского грузовика, модификацией которого она является. Под лёгкой броневой оболочкой спинная надстройка практически та же, что и раньше, только теперь она содержит орудийные узлы и магазины боеприпасов вместо контейнеров. Только материал корпуса был изменён для снижения заметности и выдерживания больших нагрузок. Возможно, самым большим изменением было перемещение мостика назад в гораздо более защищённое место. Все внутренние компоненты и структуру пришлось развернуть задом наперёд, но модульная конструкция оригинального грузовика позволила провести такое изменение без особых проблем.

 Очень эффективный состав дивизиона — Герион вместе с эсминцем Ламия и парой фрегатов Алекто для прикрытия.",,,
,,,,,
,,,,,
,,,,,
SCY_lamiaA,SHIP," Следуя успешной линии конструкции, заложенной бронированным Корокоттой, инженеры Скиан попытались создать класс эсминцев, способный сражаться с обычными тяжёлыми эсминцами напрямую. Ламия с её простой и компактной конструкцией оказалась довольно лёгкой в модификации для установки модульных бронеплит, и полученное судно превзошло ожидания адмиралтейства. Добавленная защита, хотя и довольно лёгкая, достаточно существенна для значительного повышения выживаемости в бою, при этом не нагружая двигатель настолько, чтобы помешать ему преследовать корабли аналогичного класса. Оснащённый двумя противоракетными установками, броневые модули также добавляют умеренную защиту к оригинальной конструкции.

 Первая чисто военная конструкция корабля, созданная после основания флота Скиан. Она предназначалась как испытательный стенд для доктрин, разработанных зарождающимся Командованием флота. Таким образом, этот класс является несколько средним во всех отношениях, но и без явных слабостей. Благодаря своей очень универсальной компоновке вооружения, эсминец Ламия часто оснащается для уничтожения фрегатов и истребителей, но также способен атаковать более крупные цели. Широкоугольные турели дают ему как почти 360-градусное покрытие, так и сильную концентрацию носового огня.

 По своей сути Ламия не сильно отличается от гражданского грузовика, модификацией которого она является. Под лёгкой броневой оболочкой спинная надстройка практически та же, что и раньше, только теперь она содержит орудийные узлы и магазины боеприпасов вместо контейнеров. Только материал корпуса был изменён для снижения заметности и выдерживания больших нагрузок. Возможно, самым большим изменением было перемещение мостика назад в гораздо более защищённое место. Все внутренние компоненты и структуру пришлось развернуть задом наперёд, но модульная конструкция оригинального грузовика позволила провести такое изменение без особых проблем.",,,
,,,,,
,,,,,
,,,,,
SCY_argus,SHIP," Обычный малый авианосец, разработанный на базе неудачного прототипа тяжёлой орудийной платформы. Конструкция была слишком хрупкой, чтобы выдерживать отдачу от своих турелей при использовании полной тяги массивного двигателя. Однако большая плоская орудийная платформа идеально подходила для размещения лёгкой автофабрики и посадочной палубы. Структурная слабость была дополнительно смягчена установкой ограничителя на двигатель.

 Оснащённый ракетной установкой среднего размера, Аргус может быть оборудован как приличный корабль поддержки в дополнение к преимуществам полётной палубы. Для самозащиты он может даже запустить пару крупных оборонительных дронов, построенных из стандартных компонентов истребителей, непосредственно произведённых его ремонтной мастерской.",,,
,,,,,
,,,,,
,,,,,
SCY_pyraemon,SHIP," Убийца крейсеров флота Скиан и самый лёгкий корабль их флота, способный устанавливать крупное оружие. Пирэмон не является сложным кораблём по любым меркам: тот же корпус, что и у большинства других эсминцев Скиан, один главный наступательный узел, несколько оборонительных турелей, средние характеристики в целом... Только система стазис-щита может считаться несколько необычной. Хотя единственный узел серьёзно ограничивает тактическую гибкость конструкции, количество огневой мощи, которое она приносит флоту, заметно.",,,
,,,,,
,,,,,
,,,,,
# CRUISERS CRUISERS CRUISERS
,,,,,
,,,,,
,,,,,
SCY_dracanae,SHIP," Очень универсальный крейсер благодаря большому количеству орудийных узлов с широкими дугами. Хотя чертёж пришлось несколько раз модифицировать, пока адмиралтейство не сочло его боеспособным, эта последняя итерация использовалась флотом Скиан чрезвычайно эффективно.

 Самая первая конструкция крейсера, созданная Инженерным колледжем Скиан, до того, как было разработано какое-либо крупное оружие и пока тяжёлый вариант их двигателя Aerospike всё ещё находился в стадии планирования. Корабль был непрактичен: несмотря на недостаток скорости, его высокая манёвренность, полученная от сдвоенных двигателей, быстро приводила к усталости конструкции. В сочетании с общим отсутствием доступного дальнобойного оружия, этот корабль было легко перехитрить и игнорировать. Адмиралтейство видело потенциал прототипа, но также признавало тогдашнее отсутствие опыта в нескольких ключевых областях крупного кораблестроения. Находясь под строгими временными рамками для создания нескольких крейсеров до следующей Великой Экспедиции, прототип был законсервирован, конструкция отложена, а команда переключилась на помощь в разработке emerging дизайна Корокотты.

 Именно во время кризиса с пиратами в цикле 197 этот класс кораблей совершил триумфальное возвращение. Реактивированный в экстренном порядке для противостояния флоту мятежных наёмников в домашней системе, пока основные силы флота были в отъезде, именно этот же прототип нанёс большую часть урона, полученного крейсером класса «Доминатор». После такого подвига вся программа была быстро возрождена. До сих пор не было никакого серьёзного прорыва в двигательных установках, который мог бы устранить все проблемы оригинальной конструкции, но двигатели третьего поколения класса два были достаточным улучшением, чтобы новый Дракана мог не отставать от всех обычных кораблей, присутствующих в остальной части Сектора.",,,
,,,,,
,,,,,
,,,,,
SCY_corocotta,SHIP," Рабочая лошадка флота Скиан, крейсер класса «Корокотта» — это всесторонне надёжный корабль для их доктрины: хорошая манёвренность и скорость, немного орудийных узлов, но с впечатляющим покрытием и лёгкая броня.

 Самой заметной особенностью конструкции является необычный одиночный асимметричный узел для крупной турели. Это было позднее изменение во время производства первых прототипов. Первоначальный план размещал турель сверху на спинной надстройке, с мостиком сразу позади. С одной стороны, это серьёзно снижало обзор с капитанского кресла, но с другой, поскольку большая часть визуализации поля боя осуществляется через общую сеть датчиков и камер со всех кораблей, это было не так уж важно. Кроме того, размещение одной из важнейших зон корабля за большим куском металла было не такой уж плохой идеей. Но критическая проблема возникла во время полномасштабных испытаний стрельбой: после пары дней непрерывного использования новенького ХЕМора марк три главный панорамный иллюминатор внезапно треснул по всей ширине.

 Как оказалось, постоянные мигрени, о которых сообщали некоторые члены экипажа, были не случайны, и непрерывные нагрузки отдачи от главного орудия имели серьёзные и далеко идущие последствия. Семиметровая трещина, пропускающая воздух, появившаяся прямо перед несколькими офицерами, наблюдающими за испытанием, вызвала, как и следовало ожидать, серьёзную озабоченность в отчёте, и инженерной команде пришлось попотеть несколько дней, чтобы придумать решение. Оно пришло в виде смещения большой турели на правый борт, в то время как мостик расположился на другой стороне позвоночника напротив неё. Поскольку оба эти элемента имели свои собственные наборы инерционных демпферов, нагрузка больше не могла передаваться от одного к другому. После нескольких других настроек двигательной системы и грузовых зон для поддержания центра масс на оси тяги, второй прототип успешно прошёл все испытания на нагрузку без каких-либо проблем.

 С тех пор чертёж бесчисленное количество раз пересматривался в попытках улучшить его; но единственным значительным изменением было перемещение системы утилизации отходов назад, чтобы избежать засорения санитарной системы во время резких ускорений с использованием системы вспомогательных двигателей.",,,
,,,,,
,,,,,
,,,,,
SCY_corocottaA,SHIP," Когда разработка боевой крепости класса «Немейский лев» достигла стадии испытаний, стало очевидно, что она не сможет действовать в одиночку. Вместо проектирования новых классов кораблей, что ещё больше увеличило бы стоимость содержания флота, инженеры Скиан предложили применить свои недавно полученные знания в области модульного тяжёлого бронирования к стандартному крейсеру. Стандартный чертёж был скорректирован, чтобы позволить им устанавливать дополнительные внешние бронеплиты. Добавленная масса значительно снижает эффективную манёвренность судна, но корабль гораздо более способен выживать в бою на передовой. Поскольку эти корабли не предназначены для покидания Тартара, потеря скорости была сочтена приемлемой.

 Инженеры удвоили этот оборонительный фокус, заменив вспомогательные двигатели на массив двуслойного щита, ранее применявшийся на Тисифоне и Ламии. В то время как добавленная броня поглощает скользящий огонь и незначительные попадания, узкий, но усиленный щит может выдерживать более тяжёлые удары, не перегружая флюкс-систему корабля. Вместе эти улучшения позволяют модифицированному Корокотте выдерживать сосредоточенный огонь гораздо лучше, чем его предшественник.",,,
,,,,,
,,,,,
,,,,,
SCY_manticore,SHIP," Началось как план по преобразованию корпуса Корокотты в корабль-боеприпас. Оснащённый автоматической ракетной фабрикой, он должен был увеличить автономность рейдовых отрядов, но в итоге превратился в совершенно новый класс крейсера-авианосца.

 Поскольку истребители намного больше ракет, пришлось внести некоторые изменения как в сборочную линию, так и в основную секцию корпуса. Основным изменением по сравнению с оригинальным чертежом является значительное уменьшение внутренней складской площади для размещения стыковочных отсеков и удлинённой полётной палубы. Помимо этих модификаций, общий полётный профиль авианосной версии аналогичен оригинальному крейсеру.",,,
,,,,,
,,,,,
,,,,,
SCY_khalkotauroi,WEAPON," Несмотря на массу чуть выше среднего крейсера, этот класс часто называют «капитальным кораблём», чтобы обозначить его предполагаемую роль. Построенный непосредственно поверх главного реактора, поистине массивный гамма-лазер, которым он оснащён, является одним из крупнейших известных видов оружия и представляет собой реальную угрозу для любого класса кораблей. Это оружие может даже убить экипаж цели до пробития корпуса, или так говорят, но эта мощь имеет свою цену.

 Прежде всего, это хрупкое оружие: каждый из шести блоков ускорителей частиц, разбросанных по корпусу, может быть уничтожен, снижая общую выходную мощность до восстановления после боя. Кроме того, это просто дорогое оборудование, которое дорого производить, обслуживать и ремонтировать.

 По этим причинам класс «Халкотаври» оснащён вспомогательными двигателями, которые позволяют быстро выйти из боя и отступить, если боевая ситуация ухудшается.",,,
,,,,,
,,,,,
,,,,,
SCY_siren,SHIP," Гордость Инженерного колледжа Скиан, этот класс кораблей является свидетельством их мастерства и нестандартного мышления. Главное орудие, встроенное в нос, может заряжаться различными боеприпасами, включая печально известный миниатюрный одноразовый фазовый телепортатор, покрытый сверхпроводящей магнитной пастой. Если выстрел попадает в корпус, телепортатор активируется, перемещая корабль обратно к Сирене. Будь то для изоляции крейсера от его эскорта или для предотвращения его побега, это уникальное оружие является важным, хотя и нишевым активом флота Скиан. Другой стандартный тип боеприпасов — мощный ЭМИ/кинетический заряд, способный быстро нарушить работу систем цели, даже через её щит при высоком флюксе.

 Основным недостатком его оружия является огромный размер: крейсер Сирена — это едва ли не просто огромное орудие, приваренное к ещё более крупному двигателю, весь корабль должен быть наведён для точных выстрелов на дальние дистанции. В дополнение к этому, остальное вооружение сравнительно слабо для его размера, и для борьбы с любой пойманной целью потребуются другие корабли. Известно, что крейсера Сирена участвуют в специальных операциях. А именно тех, которые направлены на захват высокопоставленных офицеров вместе с их кораблём, не оставляя следов произошедшего. Для содействия абордажу один из оригинальных грузовых отсеков был наспех заменён большим ангаром для шаттлов, также способным обслуживать и перевооружать обычные истребители.",,,
,,,,,
,,,,,
,,,,,
SCY_erymanthianboar,SHIP," Спроектированный для работы в тандеме с крейсерами класса «Корокотта», корабли класса «Эриманфский вепрь» имитируют роль эсминца Герион в большем, более мощном масштабе. Два носовых ракетных узла способны справиться с любым вражеским крейсером, в то время как боковая пусковая установка стреляет залпом ракет средней дальности для борьбы с более лёгкими угрозами. Однако вторичное вооружение ограничено, поэтому окружение часто фатально. Большая радарная решётка позволяет очень рано обнаруживать приближающиеся угрозы и даёт беспрецедентную видимость на поле боя.",,,
,,,,,
,,,,,
,,,,,
# CAPITAL-SHIPS CAPITAL-SHIPS CAPITAL-SHIPS
,,,,,
,,,,,
,,,,,
SCY_nemeanlion,SHIP," Хотя для наступательных операций они полагались на быстрые и манёвренные крейсера, адмиралтейство Скиан осознало необходимость в настоящем капитальном корабле для защиты домашней системы. Разработка была чрезвычайно дорогой из-за ряда неудач и провальных прототипов, но Инженерный колледж Скиан наконец создал этого Титана. Почти неуязвимый для урона от лёгкого оружия, оснащённый чрезвычайно мощной носовой батареей, защищённый несколькими автономными средствами ПРО, это бегемот, который может бросить вызов даже полностью оснащённому «Парагону» и победить.

 Инцидент с пиратами в цикле 197 привёл к уничтожению большей части арьергарда во время Великой Экспедиции, оставив Элизе почти беззащитной на недели. Это событие выявило серьёзные недостатки в доктрине флота и конструкциях кораблей. Чтобы исправить это, Инженерный колледж Скиан получил заказ на прочную платформу тяжёлого вооружения, что оказалось довольно сложной задачей. Хотя их опыт в области стелс-покрытий, поглощающих радиацию, высокоёмких флюкс-приёмников, двигателей увеличенного размера и сверхлёгких сплавов впечатляет, тяжёлое бронирование определённо не их сильная сторона. Первые испытания были полным провалом: толщина брони, требуемая для соответствия спецификациям защиты, была настолько велика, что тяжёлое обслуживание стало невозможным. Кроме того, стандартные орудийные узлы не выдерживали никаких нагрузок, оставляя широкие промежутки в броневой схеме судна. Видя в этом тупик развития, инженеры применили радикально иной подход и придумали две новые концепции для преодоления этой проблемы.

 Во-первых, они значительно сократили количество компонентов корпуса, чтобы повысить его прочность и долговечность без слишком сильного увеличения толщины: вся передняя половина корабля покрыта всего двумя огромными кусками композитной брони! Во-вторых, они решили проблему орудийных узлов, установив эти огромные броневые плиты на гидравлические домкраты, что позволяет им открываться, открывая турели, или закрываться, защищая их. Это также решило проблемы тяжёлого обслуживания, поскольку броня может быть полностью снята, обеспечивая полный доступ к внутренностям корабля и значительно ускоряя ремонт. Самое приятное, что эти двери работают на флюксе, поэтому они автоматически управляются при сбросе или перегрузке реактора.",,,
,,,,,
,,,,,
,,,,,
SCY_keto,SHIP," Как и все военные институты, флот Скиан всегда ищет способы выполнить задачу дешевле, не подвергая свои войска излишней опасности. Для этого истребители — отличный актив, но, к сожалению, сами авианосцам часто не хватает соответствующего оружия для их поддержки без развёртывания других кораблей. Именно по этой причине был разработан осадный авианосец класса «Кето».

 По своей сути «Кето» — это компактный синхротрон, способный разгонять тяжёлые ионные частицы до релятивистских скоростей за считанные секунды. Затем поток конденсируется и направляется на цель с помощью сверхпроводящих электромагнитов, размещённых в «Астрапиосе». При ударе компоненты заряженного плазменного болта нарушают работу щитов и отключают электронные системы. На другой стороне корабля, для балансировки массы, установлены четыре больших истребительных отсека.

 Основным недостатком является то, что со всем этим оборудованием, уже установленным на корпусе, остаётся мало места для обычных орудийных узлов. Тем не менее, с правильным истребительным дополнением этот корабль сам по себе способен выполнять почти любые миссии, что делает его ценным активом флота Скиан.",,,
,,,,,
,,,,,
,,,,,
SCY_xanthus,SHIP," Когда флот Скиан начал строить аванпосты в глубине гиперпространства, он столкнулся с логистической проблемой: юркий грузовик класса «Балий» был просто неспособен перевозить самые крупные части станций. Было решено создать небольшой флот специальных транспортов, модульных для размещения любых грузов и достаточно быстрых, чтобы не отставать от обычных флотов. Результатом стал суб-капитальный грузовик класса «Ксанф». Находясь по массе между крейсерами и линкорами, эти грузовые транспорты жертвуют грузоподъёмностью ради большей скорости.

 Однако они очень дороги, и построено их всего несколько. Поскольку содержание в полёте стоит столько же, сколько и простой в доке, Инженерный колледж Скиан был вынужден найти эффективный способ минимизировать время погрузки и разгрузки. Они придумали крупногабаритные контейнеры, которые могут вместить груз, равный по объёму целому «Балию». Каждый «Ксанф» может нести до трёх таких контейнеров и обменять их за считанные минуты, если команда дока хорошо обучена. Затем корабль может отправиться к следующему пункту назначения, а персонал может спокойно разгружать контейнеры.",,,
,,,,,
,,,,,
,,,,,
# PLANETS PLANETS PLANETS
,,,,,
,,,,,
,,,,,
SCY_miningColony,CUSTOM," Второе по значимости место для колонии в звёздной системе, эта луна лишена атмосферы и находится очень близко к радиационному поясу Ван Аллена, что делает её среду гораздо более суровой, чем на Элизе. Однако чрезвычайное минеральное богатство её коры было слишком заманчивым, чтобы не использовать его, поэтому на протяжении многих циклов колония разрабатывалась сезонно.

 Во время перехода Нации Ски к пиратству этот шахтёрский аванпост был превращён в лагерь для заключённых-каторжников. Позже рабочим была предоставлена частичная автономия: шахтёры обменивали свои ресурсы на продовольствие с Элизе, но в остальном они должны были управлять собой самостоятельно, с минимальным вмешательством Ски. Кроме того, после десяти циклов службы (пяти в случае исключительного поведения) они могли подать заявление на частичное гражданство Ски и перевод в столицу Феникс.

 Это частичное гражданство исключало лишь право голосовать или быть избранным. Чтобы получить полное гражданство, они должны были поступить на службу в армию. Между повседневной жизнью, часто более комфортной, чем та, к которой они привыкли до пленения, и уверенностью в её улучшении в ближайшем будущем, немногие заключённые бунтовали (и каждый раз, когда это происходило, их останавливали их же коллеги, желавшие получить гражданство). Армия заботилась о том, чтобы они получали новостные передачи из Феникса, показывающие тот комфорт, к которому они стремятся.

 После подписания мирного договора и сокращения военной потребности в новых кораблях рабочие были освобождены, а объекты снова переведены на сезонную эксплуатацию. Обширные жилые модули теперь используются военными в качестве учебных полигонов, а основная шахта эксплуатируется сокращённым экипажем.",,"Близлежащая станция «Overwatch» передаёт предупреждение о том, что посадка гражданских судов на планету не разрешена. Вся торговля с шахтой должна осуществляться через гражданскую зону станции. В то же время на сенсорах обнаруживается сторожевой флот, запускающий двигатели и блокирующий ваше приближение.",
,,,,,
,,,,,
,,,,,
SCY_homePlanet,CUSTOM," Луна, выбранная Хранителями для создания нового дома Ски, находится достаточно близко к Тартару, чтобы быть внутри радиационного пояса Ван Аллена, и достаточно велика, чтобы удерживать атмосферу. Более того, на этой луне есть жидкая вода в виде кольцевого океана на экваторе, поддерживаемого в постоянном движении сильными приливными силами газового гиганта.

 То, что она укрыта магнитным полем газового гиганта и нагревается геотермальной активностью, вызванной его гравитацией, казалось бесценным для Хранителей. С другой стороны, её естественная радиоактивность немного высока, и на неё часто падают ледяные астероиды.",,"Крупное соединение кораблей маневрирует, блокируя вашу траекторию. Строгое сообщение предупреждает вас о приближении к Элизе, но также направляет вас к станции Гефест, если вы хотите торговать.",
,,,,,
,,,,,
,,,,,
SCY_star,CUSTOM," Планета Тартар привлекла внимание учёных С.К.о.И. по двум причинам:

 - Во-первых, её широкая, эксцентричная и чрезвычайно наклонённая орбита по сравнению с остальной частью системы (79 градусов) позволяет предположить, что это планета-странник, захваченная главной звездой. Обладая массой, почти в 18 раз превышающей массу Юпитера, возможно, она произошла из соседней нестабильной тройной звёздной системы и была выброшена, не достигнув критической массы, чтобы стать звездой.

 - Во-вторых, в (относительно) недавнем прошлом нестабильность, вызванная массой новой планеты, привела к тому, что главная звезда поглотила своего меньшего компаньона, вызвав светящуюся красную новую. Во время этого события из разрушенных прежних планет образовалось облако обломков, частично захваченное Тартаром.

 Также кажется, что планета получила достаточно энергии от новой звезды, чтобы частично воспламениться. Хотя её масса недостаточна для того, чтобы стать настоящей звездой, в её нижних слоях атмосферы происходят некоторые базовые термоядерные реакции, придающие ей красноватое свечение на тёмной стороне, отсюда и название Тартар. Не будучи очень ярким в видимом и более высоких спектрах, этот гигант излучает значительное количество тепла и света в инфракрасном спектре. Эта особенность особенно заинтересовала астрономов, поскольку они могли наблюдать ускоренный во времени аналог остывающего белого карлика и изучать сложные конвекционные явления, происходящие в его атмосфере.",,"Срабатывает сигнализация радиации и температуры, указывая на «опасный» режим. Хотя условия здесь далеко не так враждебны, как на аналогичном расстоянии от настоящей звезды, задерживаться здесь надолго — не лучшая идея.",
,,,,,
,,,,,
,,,,,
SCY_companionStar,PLANET," В ""недавнем"" прошлом звезда Ахерон пережила событие Светящейся Новой: появление планеты-странника в её двойной системе нарушило хрупкий балет планет и звёзд-близнецов.

 После нескольких всё более нестабильных орбит звезда-компаньон приблизилась достаточно близко к своему более крупному брату и начала поглощаться. Как только они слились, это вызвало взрывную реакцию, сжёгшую окружающие планеты дотла и выбросившую большую часть своей материи в планетарное кольцо. К тому времени планета-странник находилась почти в световом годе, медленно вращаясь по своей сильно эллиптической орбите.

 Однако ей не посчастливилось остаться невредимой: волны радиации и бомбардировка высокоэнергетическими частицами частично воспламенили её снова. К тому времени, когда орбита этого гиганта снова приблизила его к Ахерону, он превратился в коричневого карлика и заменил мёртвую звезду-компаньона в двойной системе.",,,
,,,,,
,,,,,
,,,,,
SCY_burntPlanet,PLANET," Остатки планеты, разрушенной до ядра. Когда центральная звезда стала новой, все внутренние планеты мгновенно испарились. Эта находилась достаточно далеко, чтобы потерять только большую часть своей массы. Хотя сфера из обнажённых металлов обычно была бы привлекательна для добычи ресурсов, высокая скорость вращения, нестабильность грунта и очень высокий уровень радиации делают это предприятие довольно сложным.",,,
,,,,,
,,,,,
,,,,,
SCY_acid,PLANET," Кислотные миры богаты обычными минералами, с большими залежами муравьиной, соляной, гидропонной, азотной, фосфорной и серной кислот. Из космоса они часто выглядят зелёными, а при взгляде с поверхности — зелёными и коричневыми.",,,
,,,,,
,,,,,
,,,,,
SCY_moon,PLANET," Бесплодная луна. Геологически мёртвая и находящаяся под постоянной бомбардировкой настоящей энциклопедией различных типов солнечной радиации. Единственная причина, по которой она потенциально могла бы быть интересна для колонии, — это низкая гравитация, но, несмотря на это, по очевидным причинам остаётся непривлекательной.",,,
,,,,,
,,,,,
,,,,,
SCY_redRock,PLANET," Странно окрашенная планета, скорее всего, из-за чрезвычайно высокой плотности частиц железа и органических соединений в атмосфере. Несмотря на исследования атмосферных условий, так и не удалось окончательно определить, существовала ли на этой планете жизнь в какой-то момент её истории. Даже если это и было так, новая звезда всё равно сожгла её дотла.",,,
,,,,,
,,,,,
,,,,,
SCY_tartarus,PLANET," Гигант-странник, захваченный Ахероном до того, как тот стал новой. Находится достаточно далеко на своей орбите, чтобы остаться в основном невредимым от этого события, за исключением количества полученной энергии, которая частично превратила его в коричневый карлик. Теперь, медленно сжигая свой водород в нижних слоях атмосферы, планета излучает жуткий багровый тусклый свет и выделяет интенсивное тепло. Будучи далёкой от активности настоящей звезды, она действует как миниатюрная звезда для своих сотен лун.",,,
,,,,,
,,,,,
,,,,,
# SHIP-SYSTEMS SHIP-SYSTEMS SHIP-SYSTEMS
,,,,,
,,,,,
,,,,,
SCY_probeDrones,SHIP_SYSTEM,"Запускает дальний разведывательный зонд, предназначенный для барражирования далеко впереди авианосца и обеспечения раннего предупреждения. Поскольку они производятся из компонентов истребителей, их можно строить на стандартной автофабрике полётной палубы.",Дрон,"Развёртывает дальний разведывательный зонд, предназначенный для барражирования далеко впереди авианосца и обеспечения раннего предупреждения. Может быть медленно восстановлен.",
,,,,,
,,,,,
,,,,,
SCY_ciwsDrones,SHIP_SYSTEM,"Запускает пару крупных оборонительных дронов ПРО, оснащённых лёгким миниганом. Они сильно зависят от компьютеров корабля-носителя для получения целеуказаний, поэтому их радиус действия несколько ограничен. Поскольку они производятся из компонентов истребителей, их можно строить на стандартной автофабрике полётной палубы.",Дрон,"Развёртывает два боевых дрона, оснащённых противоистребительным оружием. Радиус действия несколько ограничен, но могут быть медленно восстановлены.",
,,,,,
,,,,,
,,,,,
SCY_ciwsDrones4,SHIP_SYSTEM,"Запускает четыре крупных оборонительных дрона ПРО, оснащённых лёгким миниганом. Они сильно зависят от компьютеров корабля-носителя для получения целеуказаний, поэтому их радиус действия несколько ограничен. Поскольку они производятся из компонентов истребителей, их можно строить на стандартной автофабрике полётной палубы.",Дрон,"Развёртывает четыре боевых дрона, оснащённых противоистребительным оружием. Радиус действия несколько ограничен, но могут быть медленно восстановлены.",
,,,,,
,,,,,
,,,,,
SCY_miningDrones,SHIP_SYSTEM,"Развёртывает четыре шахтёрских дрона, оснащённых базовым щитом и гравитационным молотом. «Гравитационная пушка» используется для отталкивания мелких астероидов, которым грозит столкновение с кораблём-носителем, и для дробления более крупных, чтобы облегчить добычу руды.",Дрон,"Развёртывает четыре шахтёрских дрона, оснащённых базовым щитом и гравитационным молотом. Наносит небольшой урон, но отталкивает любого атакующего.",
,,,,,
,,,,,
,,,,,
SCY_secondaryThrusters,SHIP_SYSTEM,"Активирует дополнительные двигатели для увеличения скорости и ускорения корабля. Полезно как для быстрого сближения с противником, так и для получения некоторой передышки.",Мобильность,"Увеличивает скорость на 100 ед./с, удваивает ускорение, но снижает манёвренность на 75%.",
,,,,,
,,,,,
,,,,,
SCY_engineJumpstart,SHIP_SYSTEM,"Пусковой двигатель на основе взрывчатки, который может повторно зажечь заглохший двигатель. Имеет небольшой шанс отказа, если двигатель получил серьёзные повреждения или у корабля низкий уровень боеготовности (CR).",Особое,"Пусковой двигатель на основе взрывчатки, который может повторно зажечь заглохший двигатель. Имеет небольшой шанс отказа при низком CR.",
,,,,,
,,,,,
,,,,,
SCY_twinShield,SHIP_SYSTEM,"Двуслойный щит концентрирует все излучатели щита в более узкой дуге, чтобы значительно повысить эффективность поглощения урона.",Защита,"Уменьшает дугу щитов вдвое, но удваивает его эффективность и скорость поворота.",
,,,,,
,,,,,
,,,,,
SCY_stasisShield,SHIP_SYSTEM,"Обеспечивает кратковременное усиление излучателя щита: мгновенное развёртывание и полное покрытие за умеренное количество генерируемого флюкса. Система может оставаться активной только одну секунду, а затем требуется некоторое время для перезарядки конденсаторов.",Защита,"Создаёт непроницаемый стазис-пузырь на две секунды, отключает все остальные системы, пока активен, и генерирует флюкс.",
,,,,,
,,,,,
,,,,,
SCY_emp,SHIP_SYSTEM,"Миниатюрный ЭМИ-излучатель с гораздо меньшей дальностью и длительностью, но более высокой скоростью перезарядки. Используется на ракетах и истребителях.",Усиление оружия,"Миниатюрный ЭМИ-излучатель для экстренных ситуаций, с малой дальностью и короткой длительностью, но высокой скоростью перезарядки.",
,,,,,
,,,,,
,,,,,
SCY_ping,SHIP_SYSTEM,"Используя свою радарную решётку размером с фрегат, крейсер класса «Эриманфский вепрь» способен обнаруживать вражеские сигнатуры в большем радиусе, чем другие корабли Скиан. Хрупкие внутренние схемы не могут долго выдерживать требуемую огромную мощность, поэтому система используется только короткими импульсами.",Защита,Мощный радиоимпульс открывает большую часть окрестностей на короткое время.,
,,,,,
,,,,,
,,,,,
SCY_nemeanArmor,SHIP_SYSTEM,"Эта уникальная система, уникальная для боевой крепости класса «Немейский лев», позволяет ему «черепашиться» в своей броне, повышая его живучесть и позволяя поглощать гораздо больше урона. Автоматически закрывается при перегрузке или сбросе, значительно уменьшая воздействие вражеского огня на основной корпус и оружие.",Защита,"Закрывает убирающуюся броню, защищая основной корпус и вооружение от вражеского огня. Повышает способность брони поглощать урон. Отключает основное оружие и имеет небольшой шанс вызвать его неисправность.",
,,,,,
,,,,,
,,,,,
SCY_experimentalTeleporter,SHIP_SYSTEM,"Чрезвычайно передовой фазовый телепортатор неизвестного происхождения, способный черпать энергию из P-пространства и усиливать корабль на несколько секунд после этого.",Мобильность,"Чрезвычайно продвинутый фазовый телепортатор, связанные конденсаторы усиливают двигатели корабля на несколько секунд. Пока они активны, позволяют сделать одно из следующего: усилить урон главного орудия, мгновенно развернуть щит с дополнительной дугой, мгновенно сбросить флюкс, совершить вторую телепортацию.",
,,,,,
,,,,,
,,,,,
SCY_teleport,SHIP_SYSTEM,"Переключает стандартные боеприпасы главного орудия «Сирены» на миниатюрный фазовый телепортатор, способный переместить поражённую цель ближе к стреляющему кораблю, при условии попадания в сам корпус.",Усиление оружия,"Переключает стандартные боеприпасы главного орудия «Сирены» на миниатюрный фазовый телепортатор, способный переместить поражённую цель ближе к стреляющему кораблю, при условии попадания в сам корпус.",
,,,,,
,,,,,
,,,,,
SCY_safeties,SHIP_SYSTEM,"Временно отключает все предохранители оружия и перегружает их. Удваивает скорострельность и уменьшает требуемый флюкс на четверть, но искусственно ограничивает дальность до 500 ед., и всё оружие имеет шанс выйти из строя.",Усиление оружия,"Удваивает скорострельность всего оружия, сокращает потребление флюкса на четверть, но ограничивает их дальность до 500 ед., и они имеют шанс выйти из строя.",
,,,,,
,,,,,
,,,,,
SCY_targeting,SHIP_SYSTEM,"Объединяя все компьютеры наведения для концентрации на одной задаче, корабль способен значительно повысить точность и, следовательно, дальность либо наступательного, либо оборонительного оружия за счёт другого.",Защита,Позволяет обменивать дальность между наступательным и оборонительным оружием.,
,,,,,
,,,,,
,,,,,
# COMMODITY COMMODITY COMMODITY
,,,,,
,,,,,
,,,,,
SCY_intelChip,RESOURCE,"Сильно зашифрованный чип с данными, содержащий ценную разведывательную информацию. Хотя его, как известно, трудно расшифровать, ни одна схема защиты не может держаться вечно против достаточной вычислительной мощности. Эти чипы высоко ценятся любой военной организацией в Секторе, независимо от их происхождения, будь то для изучения секретов соседей или для защиты своих собственных.",,,
,,,,,
,,,,,
,,,,,
# MARKETS MARKETS MARKETS
,,,,,
,,,,,
,,,,,
SCY_hephaistosStation,CUSTOM," Старый крио-ковчег, с которым Скиан прибыли в Сектор, был разрезан пополам, чтобы обеспечить лучший доступ к его встроенной мини-автофабрике. На этой открытой ране быстро выросла большая верфь.

 В отличие от большинства автофабрик Сектора, эта крошечная модель неспособна производить самые крупные компоненты кораблей целиком, поэтому для сборки самых больших крейсеров требуется ручной труд квалифицированных рабочих. Большую часть объёма станции занимают сухие доки, ремонтные отсеки, нефтеперерабатывающие заводы по переработке руды и топлива...",,"

 Пара корветов портовой администрации приближается к вашему кораблю и спрашивает о ваших намерениях. Хотя они не выглядят агрессивными, очевидно, что они не позволят случайным кораблям безнаказанно бродить вокруг их самой ценной станции.",
,,,,,
,,,,,
,,,,,
SCY_overwatchStation,CUSTOM," Эта небольшая военная станция вращается вокруг шахтёрской колонии, которую когда-то эксплуатировала порабощённая рабочая сила. На ней есть казармы морской пехоты, значительная зона развёртывания для малых кораблей и большой набор оружия.

 Яркие отражающие поверхности на некоторых частях станции — это не солнечные батареи, а зеркала, предназначенные для того, чтобы станция была видна с земли, как некогда напоминание о её присутствии порабощённому населению. Ныне выведенное из эксплуатации главное лазерное орудие всегда было готово к стрельбе, но использовалось лишь однажды, в первый год существования колонии, как предупредительный выстрел.

 После этого отношения были на удивление гладкими, вероятно, потому, что армия не присутствовала на земле, а жилые модули были довольно комфортабельны. Кроме того, считаясь рабами, рабочие фактически были автономны и обменивали добытую руду на еду и припасы.

 Несмотря на то, что колония сейчас эксплуатируется обычным персоналом Скиан, станция по-прежнему остаётся главным военным сооружением флота Скиан. Пустующие жилые модули и выкопанные хаотичные области вокруг теперь используются в качестве учебных полигонов для сил морской пехоты.",,Портовая администрация направляет вас в гражданскую зону стыковки станции и рекомендует не пытаться наблюдать за военной секцией.,
,,,,,
,,,,,
,,,,,
SCY_yggdrasillWreckage,CUSTOM," Вторая половина колонии Иггдрасиль после того, как она была разделена для доступа к мини-автофабрике, этот теперь бесполезный остов был отбуксирован и помещён на «гаражную» орбиту высоко над Тартаром.

 Давно уже разграбленный дотла, старый стыковочный отсек не пострадал от контролируемых взрывов. Хотя это гробница, она обладает огромным объёмом для хранения, множеством стыковочных замков и больше никогда не посещается.",,"Автоматический компьютер помощи при стыковке остаётся в мёртвом молчании, но одна из массивных входных дверей уже была взломана. Прожектор освещает неповреждённые стыковочные порты, хотя управлять ими придётся вручную.",
,,,,,
,,,,,
,,,,,
SCY_refinery,CUSTOM," Вращаясь чрезвычайно близко к Тартару, антиматериальный НПЗ выживает только благодаря своему массивному щиту, защищающему от радиации и выбросов плазмы. Там он может захватывать большие количества антивещества, запертого в сильном магнитном поле коричневого карлика.

 Будучи сравнительно очень эффективным в производстве топлива, этот объект требует постоянного ремонта щита и частой ротации персонала из-за высокого риска радиационного отравления и несчастных случаев.

 Находясь так близко к звезде, навигация довольно опасна, но топливо, производимое этим объектом, является спасательным кругом колонии и не может быть получено больше нигде в системе.",,"Видимая невооружённым глазом за несколько сотен километров, защищённая станция вырисовывается резким чёрным силуэтом на фоне раздутых светящихся облаков коричневого карлика. Вечно меняющиеся конвекционные движения начинают гипнотизировать вас, когда сигнал тревоги окружающей среды привлекает ваше внимание к более насущным вопросам. Автоматическая процедура стыковки сопровождается длинными рекомендациями по радиационной защите и прогнозом следующей вероятной вспышки плазмы, которая может ударить по станции.",
,,,,,
,,,,,
,,,,,
SCY_processing,CUSTOM," Простираясь на несколько километров в поперечнике, эта станция гораздо менее плотная, чем обычно бывает на шахтёрских станциях. Это возможно только потому, что она вращается в спокойном поясе астероидного кольца, состоящего в основном из пыли. Это облегчает пассивный сбор руды и снижает опасности, с которыми обычно сталкиваются такие сооружения.

 Обширная стыковочная зона позволяет обслуживать большой флот шахтёрских кораблей, работающих в более плотных областях пояса. Многие рабочие здесь — бывшие рабы, решившие дистанцироваться от скрытой ксенофобии «истинных Скиан». Уже имея опыт такой работы, многие находят здесь спокойное убежище от своих дней в качестве каторжников.",,"Когда ваш корабль медленно приближается, станция появляется из окружающего смога, как очень нетипичная подводная лодка. Вы замечаете, что некоторые местные жители решили украсить внешний корпус, хотя их работа едва заметна на расстоянии. Консоль вашего офицера связи тихо звенит, и вы слышите довольно приветливого портового диспетчера, назначающего вам место для стоянки рядом с рынком и желающего приятного визита.",
,,,,,
,,,,,
,,,,,
SCY_conditioning,CUSTOM," Эта мрачная станция вращается вокруг одной из самых дальних лун от Тартара. Даже потрясающее отражение звезды, видимое на километровой толще чистого льда планеты, не может развеять чувство изоляции и уязвимости.

 Лишь горстка рабочих следит за котлами, которые плавят лёд и извлекают из него драгоценные газы. Ротация персонала происходит довольно быстро, чтобы предотвратить депрессию, но это также ещё больше изолирует каждого человека от его коллег.",,"Портовой администрацией управляет ИИ класса C, и, как и при каждом посещении, вы позволяете ИИ класса B вашего корабля обработать процедуру, прежде чем вы выйдете из себя из-за глупых вопросов и постоянных запросов подтверждения.",
,,,,,
,,,,,
,,,,,
SCY_piratePort,CUSTOM," Когда Нация Ски вышла из изоляции, различные пираты быстро объединились, чтобы занять эту новую территорию. В редком акте сотрудничества им удалось построить станцию из различных незанятых модулей близлежащих пиратских аванпостов.

 К сожалению для них, жёсткий контроль, который флот Скиан поддерживает в этом пространстве, не позволяет пиратам эффективно грабить конвои.

 Изолированные и не имеющие связей для установления транспортных маршрутов, станция увяла так же быстро, как и выросла. Теперь она используется только как ретранслятор для смелых или отчаявшихся, пытающихся добраться до маленьких чёрных рынков периферийных станций на Тартаре.",,,
,,,,,
,,,,,
,,,,,
SCY_prismFreeport,CUSTOM," Первоначально созданная для облегчения передачи военнопленных между Нацией Ски и другими сторонами, станция «Призма» была переименована в Вольный Порт «Призма» и теперь является богатым, хотя и не очень большим, независимым рынком. Благодаря близости Ски и их обширной разведывательной сети, «Призма» славится своими информационными брокерами, шпионскими гильдиями и продавцами фальшивых удостоверений личности.

 Но самой интересной частью станции для фрилансеров, любящих жить на грани закона, является рынок кораблей и оружия. Если не особо заботиться о «происхождении» (и иметь достаточно глубокие карманы, чтобы выдержать огромную наценку), он предлагает уникальный выбор высококлассных предметов, которые вряд ли можно найти за пределами охраняемых военных продавцов.

 Неожиданно, на станции почти полностью отсутствуют пираты. Фактически, её богатство позволяет ей содержать значительные силы частной безопасности, чтобы отпугивать любых нарушителей спокойствия, создавая почти утопическую социальную систему.",,"Довольно крупная эскадрилья безопасности вежливо приветствует вас и напоминает, что станция будет рада торговать с вами, если вы будете соблюдать правило «никакого личного оружия на борту».",
,,,,,
,,,,,
,,,,,
SCY_amityFreeport,CUSTOM," Первоначально созданная для облегчения передачи военнопленных между Нацией Ски и другими сторонами, станция «Дружба» была переименована в Вольный Порт «Дружба» и быстро выросла в богатый и успешный независимый рынок. Благодаря близости Ски и их обширной разведывательной сети, «Дружба» славится своими информационными брокерами, шпионскими гильдиями и продавцами фальшивых удостоверений личности.

 Но самой интересной частью станции для начинающих фрилансеров, желающих отправиться в путешествие среди звёзд, является выставка кораблей и оружия. Если не особо заботиться о «происхождении» и иметь несколько гибкое определение «почти не использовался», этот рынок обеспечивает стабильные поставки прочных корпусов всех цветов и мастей, в основном собранных из обломков, купленных по дешёвке, и продающихся по очень доступным ценам.

 Неожиданно, на станции почти полностью отсутствует пиратская активность. Фактически, предоставляемые ею специфические услуги делают её слишком ценной, чтобы даже самые жалкие пираты рисковали ссориться с её значительными силами обороны. За исключением случаев, когда зарвавшийся warlord, возомнивший о себе слишком много, думает, что может захватить её, — предприятие, которое обычно заканчивается так же быстро, как и начинается.",,"Довольно крупная эскадрилья безопасности вежливо приветствует вас и напоминает, что станция будет рада торговать с вами, если вы будете соблюдать правило «никакого личного оружия на борту».",
,,,,,
,,,,,
,,,,,
# FACTION FACTION FACTION
,,,,,
,,,,,
,,,,,
SCY,FACTION," Нация Ски в буквальном смысле возникла из пепла «Сциентическая Колония Иггдрасиля». До Коллапса С.К.И. была кочевой колонией, построенной внутри астероида, чтобы путешествовать по звёздам и изучать вселенную, по одной системе за раз. Когда произошёл Великий Коллапс и система врат отключилась, колония оказалась зажата в Секторе, а её жители оказались в незавидном центре внимания корпорации Три-Тахион, Гегемонии и Церкви Луддитов, жаждущих заполучить мини-автофабрику Иггдрасиля и его неповреждённую доколлапсную библиотеку УАК. Используя гигантский корабль как крио-ковчег, две трети населения смогли спастись от перекрёстного огня, в то время как остальные были сожжены на кострах фанатиками Людда за поклонение «демонической автофабрике».

 После 150-циклового путешествия в обычном пространстве, чтобы избежать обнаружения, вновь основанная Нация Ски попыталась построить стабильное общество в скрытой системе. Будучи полны решимости сохранить своё существование в тайне, они создали флот скрытных кораблей, чтобы красть то, что не могли произвести локально. Эти охоты происходили в течение коротких периодов каждые несколько циклов, называемых Великими Экспедициями. Во время этих событий почти все корабли отправлялись грабить торговые пути, а затем они залегали на дно, чтобы восстановить свои силы. В отличие от обычных пиратов, они пытались захватывать экипажи своей добычи. Предпочитая возвращать их в качестве рабочей силы для эксплуатации шахт, питающих вечно голодную военную верфь.

 Это продолжалось чуть менее двадцати циклов, пока их наконец не поймали. В отчаянной попытке избежать возмездия они освободили всех своих пленников и стравили различные фракции друг с другом, используя все знания, накопленные за дни шпионажа. Сейчас они признаны как второстепенная, но легитимная фракция, специализирующаяся на сборе разведданных и информационном посредничестве. Хотя большинство их не очень жалует, в настоящее время они слишком полезны, чтобы ссориться с ними.

 Два сокровища Нации Ски, источник их непропорционально сильной военной мощи для такой маленькой фракции (ну, относительной силы, поскольку их могли бы уничтожить за неделю, если бы кто-то из крупных игроков решил это сделать), — это верфь Гефеста и их незашифрованные УАК. Первое — это станция, построенная на обломках их крио-ковчега для быстрого производства кораблей с использованием его маленькой автофабрики. Второе, вероятно, даже более ценно: большинство УАК доступны только для чтения и сильно защищены. По сей день нет зарегистрированных успешных попыток перезаписать содержимое одного из них. Но во время дней исследования Домена С.К.И. Университет получил несколько чистых УАК, которые можно было использовать для проектирования, производства и модификации всего своего оборудования для научных экспериментов. Хотя нынешний Инженерный колледж Скиан не обладает опытом для создания новых технологий уровня Домена с нуля, они вполне способны извлечь содержимое стандартного чертежа УАК, модифицировать его в соответствии со своими потребностями, а затем записать на один из открытых чипов. Конечное количество этих чипов продиктовало необходимость чрезвычайно стандартизированных компонентов и кросс-совместимости: каждый раз, когда появляется новая технология, она должна занять место другой на производственной линии.",,,
,,,,,
,,,,,
SCY_outpost,CUSTOM,"Бывший скрытый военный аванпост, построенный внутри полуразрушенной станции. Теперь используется как небольшая торговая станция и посольство Нации Ски.",,,
,,,,,